solid csg.js
facet normal 0 0 -1
outer loop
vertex 89.42433204999999 -27.506279604967 0
vertex 89.6902706405684 -27.527209520988265 0
vertex 89.9496609404374 -27.589483622298246 0
endloop
endfacet
facet normal 0 0 -1
outer loop
vertex 89.42433204999999 -27.506279604967 0
vertex 89.9496609404374 -27.589483622298246 0
vertex 90.19611589955721 -27.691568608879777 0
endloop
endfacet
facet normal 0 0 -1
outer loop
vertex 89.42433204999999 -27.506279604967 0
vertex 90.19611589955721 -27.691568608879777 0
vertex 90.42356697889713 -27.830950809562545 0
endloop
endfacet
facet normal 0 0 -1
outer loop
vertex 89.42433204999999 -27.506279604967 0
vertex 90.42356697889713 -27.830950809562545 0
vertex 90.62641357801719 -28.004198171982935 0
endloop
endfacet
facet normal 0 0 -1
outer loop
vertex 89.42433204999999 -27.506279604967 0
vertex 90.62641357801719 -28.004198171982935 0
vertex 90.79966094043745 -28.20704477110283 0
endloop
endfacet
facet normal 0 0 -1
outer loop
vertex 89.42433204999999 -27.506279604967 0
vertex 90.79966094043745 -28.20704477110283 0
vertex 90.9390431411202 -28.434495850442715 0
endloop
endfacet
facet normal 0 0 -1
outer loop
vertex 89.42433204999999 -27.506279604967 0
vertex 90.9390431411202 -28.434495850442715 0
vertex 91.04112812770181 -28.680950809562745 0
endloop
endfacet
facet normal 0 0 -1
outer loop
vertex 89.42433204999999 -27.506279604967 0
vertex 91.04112812770181 -28.680950809562745 0
vertex 91.10340222901173 -28.940341109431586 0
endloop
endfacet
facet normal 0 0 -1
outer loop
vertex 89.42433204999999 -27.506279604967 0
vertex 91.10340222901173 -28.940341109431586 0
vertex 91.1243341 -29.20627969999996 0
endloop
endfacet
facet normal 0 0 -1
outer loop
vertex 89.42433204999999 -27.506279604967 0
vertex 91.1243341 -29.20627969999996 0
vertex 91.12433204999999 -32.173279750000205 0
endloop
endfacet
facet normal 0 0 -1
outer loop
vertex 89.42433204999999 -27.506279604967 0
vertex 91.12433204999999 -32.173279750000205 0
vertex 69.72433366135935 -32.173279750000205 0
endloop
endfacet
facet normal 0 0 -1
outer loop
vertex 89.42433204999999 -27.506279604967 0
vertex 69.72433366135935 -32.173279750000205 0
vertex 69.72433205 -29.20627969999996 0
endloop
endfacet
facet normal 0 0 -1
outer loop
vertex 89.42433204999999 -27.506279604967 0
vertex 69.72433205 -29.20627969999996 0
vertex 69.75015886987924 -28.911077797966264 0
endloop
endfacet
facet normal 0 0 -1
outer loop
vertex 89.42433204999999 -27.506279604967 0
vertex 69.75015886987924 -28.911077797966264 0
vertex 69.82685459466396 -28.624845456346343 0
endloop
endfacet
facet normal 0 0 -1
outer loop
vertex 89.42433204999999 -27.506279604967 0
vertex 69.82685459466396 -28.624845456346343 0
vertex 69.95208886356644 -28.3562797 0
endloop
endfacet
facet normal 0 0 -1
outer loop
vertex 89.42433204999999 -27.506279604967 0
vertex 69.95208886356644 -28.3562797 0
vertex 70.12205649669772 -28.11354076353289 0
endloop
endfacet
facet normal 0 0 -1
outer loop
vertex 89.42433204999999 -27.506279604967 0
vertex 70.12205649669772 -28.11354076353289 0
vertex 70.33159311353288 -27.904004146697744 0
endloop
endfacet
facet normal 0 0 -1
outer loop
vertex 89.42433204999999 -27.506279604967 0
vertex 70.33159311353288 -27.904004146697744 0
vertex 70.57433205000004 -27.734036513566437 0
endloop
endfacet
facet normal 0 0 -1
outer loop
vertex 89.42433204999999 -27.506279604967 0
vertex 70.57433205000004 -27.734036513566437 0
vertex 70.84289780634631 -27.608802244663977 0
endloop
endfacet
facet normal 0 0 -1
outer loop
vertex 89.42433204999999 -27.506279604967 0
vertex 70.84289780634631 -27.608802244663977 0
vertex 71.12913014796622 -27.53210651987925 0
endloop
endfacet
facet normal 0 0 -1
outer loop
vertex 89.42433204999999 -27.506279604967 0
vertex 71.12913014796622 -27.53210651987925 0
vertex 71.4243341 -27.506279604967 0
endloop
endfacet
facet normal 0 0 -1
outer loop
vertex 91.12433204999999 -32.173279750000205 0
vertex 91.13952429698777 -32.34692792766691 0
vertex 69.72433375566659 -32.34692792766691 0
endloop
endfacet
facet normal 0 0 -1
outer loop
vertex 91.12433204999999 -32.173279750000205 0
vertex 69.72433375566659 -32.34692792766691 0
vertex 69.72433366135935 -32.173279750000205 0
endloop
endfacet
facet normal 0 0 -1
outer loop
vertex 91.13952429698777 -32.34692792766691 0
vertex 91.18463942921407 -32.515299893325654 0
vertex 69.72433384710837 -32.515299893325654 0
endloop
endfacet
facet normal 0 0 -1
outer loop
vertex 91.13952429698777 -32.34692792766691 0
vertex 69.72433384710837 -32.515299893325654 0
vertex 69.72433375566659 -32.34692792766691 0
endloop
endfacet
facet normal 0 0 -1
outer loop
vertex 91.18463942921407 -32.515299893325654 0
vertex 91.25830664621552 -32.673279749999914 0
vertex 69.72433393290625 -32.673279749999914 0
endloop
endfacet
facet normal 0 0 -1
outer loop
vertex 91.18463942921407 -32.515299893325654 0
vertex 69.72433393290625 -32.673279749999914 0
vertex 69.72433384710837 -32.515299893325654 0
endloop
endfacet
facet normal 0 0 -1
outer loop
vertex 91.25830664621552 -32.673279749999914 0
vertex 91.35828760688105 -32.816067359686556 0
vertex 69.72433401045332 -32.816067359686556 0
endloop
endfacet
facet normal 0 0 -1
outer loop
vertex 91.25830664621552 -32.673279749999914 0
vertex 69.72433401045332 -32.816067359686556 0
vertex 69.72433393290625 -32.673279749999914 0
endloop
endfacet
facet normal 0 0 -1
outer loop
vertex 91.35828760688105 -32.816067359686556 0
vertex 91.48154444031346 -32.93932419311897 0
vertex 69.72433407739334 -32.93932419311897 0
endloop
endfacet
facet normal 0 0 -1
outer loop
vertex 91.35828760688105 -32.816067359686556 0
vertex 69.72433407739334 -32.93932419311897 0
vertex 69.72433401045332 -32.816067359686556 0
endloop
endfacet
facet normal 0 0 -1
outer loop
vertex 91.48154444031346 -32.93932419311897 0
vertex 91.54099211062484 -32.98094990000001 0
vertex 69.72433410000001 -32.98094990000001 0
endloop
endfacet
facet normal 0 0 -1
outer loop
vertex 91.48154444031346 -32.93932419311897 0
vertex 69.72433410000001 -32.98094990000001 0
vertex 69.72433407739334 -32.93932419311897 0
endloop
endfacet
facet normal 0 0 -1
outer loop
vertex 91.54099211062484 -32.98094990000001 0
vertex 91.62433205000002 -33.039305153784454 0
vertex 69.7195130923138 -33.039305153784454 0
endloop
endfacet
facet normal 0 0 -1
outer loop
vertex 91.54099211062484 -32.98094990000001 0
vertex 69.7195130923138 -33.039305153784454 0
vertex 69.72433410000001 -32.98094990000001 0
endloop
endfacet
facet normal 0 0 -1
outer loop
vertex 91.62433205000002 -33.039305153784454 0
vertex 91.78231190667428 -33.11297237078589 0
vertex 69.71342708983155 -33.11297237078589 0
endloop
endfacet
facet normal 0 0 -1
outer loop
vertex 91.62433205000002 -33.039305153784454 0
vertex 69.71342708983155 -33.11297237078589 0
vertex 69.7195130923138 -33.039305153784454 0
endloop
endfacet
facet normal 0 0 -1
outer loop
vertex 91.78231190667428 -33.11297237078589 0
vertex 91.9019764158168 -33.145036379373295 0
vertex 69.71077812813873 -33.145036379373295 0
endloop
endfacet
facet normal 0 0 -1
outer loop
vertex 91.78231190667428 -33.11297237078589 0
vertex 69.71077812813873 -33.145036379373295 0
vertex 69.71342708983155 -33.11297237078589 0
endloop
endfacet
facet normal 0 0 -1
outer loop
vertex 91.9019764158168 -33.145036379373295 0
vertex 91.95068387233304 -33.1580875030122 0
vertex 69.70748383951916 -33.1580875030122 0
endloop
endfacet
facet normal 0 0 -1
outer loop
vertex 91.9019764158168 -33.145036379373295 0
vertex 69.70748383951916 -33.1580875030122 0
vertex 69.71077812813873 -33.145036379373295 0
endloop
endfacet
facet normal 0 0 -1
outer loop
vertex 91.95068387233304 -33.1580875030122 0
vertex 92.12433410000003 -33.173279133986874 0
vertex 69.70364925652545 -33.173279133986874 0
endloop
endfacet
facet normal 0 0 -1
outer loop
vertex 91.95068387233304 -33.1580875030122 0
vertex 69.70364925652545 -33.173279133986874 0
vertex 69.70748383951916 -33.1580875030122 0
endloop
endfacet
facet normal 0 0 -1
outer loop
vertex 92.12433410000003 -33.173279133986874 0
vertex 107.42433204999995 -33.173279133986874 0
vertex 107.69027064056839 -33.19420957098827 0
endloop
endfacet
facet normal 0 0 -1
outer loop
vertex 92.12433410000003 -33.173279133986874 0
vertex 107.69027064056839 -33.19420957098827 0
vertex 107.94966094043741 -33.25648367229824 0
endloop
endfacet
facet normal 0 0 -1
outer loop
vertex 92.12433410000003 -33.173279133986874 0
vertex 107.94966094043741 -33.25648367229824 0
vertex 108.06601594242437 -33.30467949217119 0
endloop
endfacet
facet normal 0 0 -1
outer loop
vertex 92.12433410000003 -33.173279133986874 0
vertex 108.06601594242437 -33.30467949217119 0
vertex 69.67048194379704 -33.30467949217119 0
endloop
endfacet
facet normal 0 0 -1
outer loop
vertex 92.12433410000003 -33.173279133986874 0
vertex 69.67048194379704 -33.30467949217119 0
vertex 69.70364925652545 -33.173279133986874 0
endloop
endfacet
facet normal 0 0 -1
outer loop
vertex 108.06601594242437 -33.30467949217119 0
vertex 108.19611589955724 -33.35856865887978 0
vertex 108.35436920722142 -33.455546410542155 0
endloop
endfacet
facet normal 0 0 -1
outer loop
vertex 108.06601594242437 -33.30467949217119 0
vertex 108.35436920722142 -33.455546410542155 0
vertex 69.60453591262669 -33.455546410542155 0
endloop
endfacet
facet normal 0 0 -1
outer loop
vertex 108.06601594242437 -33.30467949217119 0
vertex 69.60453591262669 -33.455546410542155 0
vertex 69.67048194379704 -33.30467949217119 0
endloop
endfacet
facet normal 0 0 -1
outer loop
vertex 108.35436920722142 -33.455546410542155 0
vertex 108.42356697889721 -33.4979508595626 0
vertex 108.53549588532172 -33.59354717668482 0
endloop
endfacet
facet normal 0 0 -1
outer loop
vertex 108.35436920722142 -33.455546410542155 0
vertex 108.53549588532172 -33.59354717668482 0
vertex 69.51472781423868 -33.59354717668482 0
endloop
endfacet
facet normal 0 0 -1
outer loop
vertex 108.35436920722142 -33.455546410542155 0
vertex 69.51472781423868 -33.59354717668482 0
vertex 69.60453591262669 -33.455546410542155 0
endloop
endfacet
facet normal 0 0 -1
outer loop
vertex 108.53549588532172 -33.59354717668482 0
vertex 108.62641357801719 -33.67119822198292 0
vertex 108.66377312418436 -33.714940630402914 0
endloop
endfacet
facet normal 0 0 -1
outer loop
vertex 108.53549588532172 -33.59354717668482 0
vertex 108.66377312418436 -33.714940630402914 0
vertex 69.40349231906498 -33.714940630402914 0
endloop
endfacet
facet normal 0 0 -1
outer loop
vertex 108.53549588532172 -33.59354717668482 0
vertex 69.40349231906498 -33.714940630402914 0
vertex 69.51472781423868 -33.59354717668482 0
endloop
endfacet
facet normal 0 0 -1
outer loop
vertex 108.66377312418436 -33.714940630402914 0
vertex 108.75045821455895 -33.816435830856435 0
vertex 69.27384498867593 -33.816435830856435 0
endloop
endfacet
facet normal 0 0 -1
outer loop
vertex 108.66377312418436 -33.714940630402914 0
vertex 69.27384498867593 -33.816435830856435 0
vertex 69.40349231906498 -33.714940630402914 0
endloop
endfacet
facet normal 0 0 -1
outer loop
vertex 108.75045821455895 -33.816435830856435 0
vertex 108.79966094043745 -33.874044821102835 0
vertex 108.81267465489825 -33.89528127300151 0
endloop
endfacet
facet normal 0 0 -1
outer loop
vertex 108.75045821455895 -33.816435830856435 0
vertex 108.81267465489825 -33.89528127300151 0
vertex 69.12930052408106 -33.89528127300151 0
endloop
endfacet
facet normal 0 0 -1
outer loop
vertex 108.75045821455895 -33.816435830856435 0
vertex 69.12930052408106 -33.89528127300151 0
vertex 69.27384498867593 -33.816435830856435 0
endloop
endfacet
facet normal 0 0 -1
outer loop
vertex 108.81267465489825 -33.89528127300151 0
vertex 108.84580156680312 -33.949339480082855 0
vertex 68.97377748321811 -33.949339480082855 0
endloop
endfacet
facet normal 0 0 -1
outer loop
vertex 108.81267465489825 -33.89528127300151 0
vertex 68.97377748321811 -33.949339480082855 0
vertex 69.12930052408106 -33.89528127300151 0
endloop
endfacet
facet normal 0 0 -1
outer loop
vertex 108.84580156680312 -33.949339480082855 0
vertex 108.86284078068296 -33.97714495000002 0
vertex 68.81149204999988 -33.97714495000002 0
endloop
endfacet
facet normal 0 0 -1
outer loop
vertex 108.84580156680312 -33.949339480082855 0
vertex 68.81149204999988 -33.97714495000002 0
vertex 68.97377748321811 -33.949339480082855 0
endloop
endfacet
facet normal 0 0 -1
outer loop
vertex 108.86284078068296 -33.97714495000002 0
vertex 108.93904314112024 -34.101495900442806 0
vertex 109.04112812770177 -34.347950859562616 0
endloop
endfacet
facet normal 0 0 -1
outer loop
vertex 108.86284078068296 -33.97714495000002 0
vertex 109.04112812770177 -34.347950859562616 0
vertex 109.10340222901175 -34.607341159431684 0
endloop
endfacet
facet normal 0 0 -1
outer loop
vertex 108.86284078068296 -33.97714495000002 0
vertex 109.10340222901175 -34.607341159431684 0
vertex 109.1243341 -34.87327949999996 0
endloop
endfacet
facet normal 0 0 -1
outer loop
vertex 108.86284078068296 -33.97714495000002 0
vertex 109.1243341 -34.87327949999996 0
vertex 109.12433204999999 -35.006279699999936 0
endloop
endfacet
facet normal 0 0 -1
outer loop
vertex 108.86284078068296 -33.97714495000002 0
vertex 109.12433204999999 -35.006279699999936 0
vertex 57.04842502114828 -35.006279699999936 0
endloop
endfacet
facet normal 0 0 -1
outer loop
vertex 108.86284078068296 -33.97714495000002 0
vertex 57.04842502114828 -35.006279699999936 0
vertex 68.81149204999988 -33.97714495000002 0
endloop
endfacet
facet normal 0 0 -1
outer loop
vertex 109.12433204999999 -35.006279699999936 0
vertex 109.13952429698779 -35.17992787766693 0
vertex 55.06361676029138 -35.17992787766693 0
endloop
endfacet
facet normal 0 0 -1
outer loop
vertex 109.12433204999999 -35.006279699999936 0
vertex 55.06361676029138 -35.17992787766693 0
vertex 57.04842502114828 -35.006279699999936 0
endloop
endfacet
facet normal 0 0 -1
outer loop
vertex 109.13952429698779 -35.17992787766693 0
vertex 109.18463942921407 -35.348299843325634 0
vertex 53.1391158940802 -35.348299843325634 0
endloop
endfacet
facet normal 0 0 -1
outer loop
vertex 109.13952429698779 -35.17992787766693 0
vertex 53.1391158940802 -35.348299843325634 0
vertex 55.06361676029138 -35.17992787766693 0
endloop
endfacet
facet normal 0 0 -1
outer loop
vertex 109.18463942921407 -35.348299843325634 0
vertex 109.25830664621562 -35.50627970000012 0
vertex 51.33339740748696 -35.50627970000012 0
endloop
endfacet
facet normal 0 0 -1
outer loop
vertex 109.18463942921407 -35.348299843325634 0
vertex 51.33339740748696 -35.50627970000012 0
vertex 53.1391158940802 -35.348299843325634 0
endloop
endfacet
facet normal 0 0 -1
outer loop
vertex 109.25830664621562 -35.50627970000012 0
vertex 109.35828760688091 -35.64906730968641 0
vertex 49.701327142995915 -35.64906730968641 0
endloop
endfacet
facet normal 0 0 -1
outer loop
vertex 109.25830664621562 -35.50627970000012 0
vertex 49.701327142995915 -35.64906730968641 0
vertex 51.33339740748696 -35.50627970000012 0
endloop
endfacet
facet normal 0 0 -1
outer loop
vertex 109.35828760688091 -35.64906730968641 0
vertex 109.4815444403135 -35.772324143119 0
vertex 48.49127917618761 -35.772324143119 0
endloop
endfacet
facet normal 0 0 -1
outer loop
vertex 109.35828760688091 -35.64906730968641 0
vertex 48.49127917618761 -35.772324143119 0
vertex 48.68705729999992 -35.73780440000001 0
endloop
endfacet
facet normal 0 0 -1
outer loop
vertex 109.35828760688091 -35.64906730968641 0
vertex 48.68705729999992 -35.73780440000001 0
vertex 49.701327142995915 -35.64906730968641 0
endloop
endfacet
facet normal 0 0 -1
outer loop
vertex 109.4815444403135 -35.772324143119 0
vertex 109.62433204999998 -35.87230510378443 0
vertex 48.167064833222724 -35.87230510378443 0
endloop
endfacet
facet normal 0 0 -1
outer loop
vertex 109.4815444403135 -35.772324143119 0
vertex 48.167064833222724 -35.87230510378443 0
vertex 48.39522632548342 -35.789260252565704 0
endloop
endfacet
facet normal 0 0 -1
outer loop
vertex 109.4815444403135 -35.772324143119 0
vertex 48.39522632548342 -35.789260252565704 0
vertex 48.49127917618761 -35.772324143119 0
endloop
endfacet
facet normal 0 0 -1
outer loop
vertex 109.62433204999998 -35.87230510378443 0
vertex 109.78231190667428 -35.94597232078588 0
vertex 48.02088160013233 -35.94597232078588 0
endloop
endfacet
facet normal 0 0 -1
outer loop
vertex 109.62433204999998 -35.87230510378443 0
vertex 48.02088160013233 -35.94597232078588 0
vertex 48.116768103837316 -35.890611805617475 0
endloop
endfacet
facet normal 0 0 -1
outer loop
vertex 109.62433204999998 -35.87230510378443 0
vertex 48.116768103837316 -35.890611805617475 0
vertex 48.167064833222724 -35.87230510378443 0
endloop
endfacet
facet normal 0 0 -1
outer loop
vertex 109.78231190667428 -35.94597232078588 0
vertex 109.95068387233309 -35.9910874530122 0
vertex 47.942740486737506 -35.9910874530122 0
endloop
endfacet
facet normal 0 0 -1
outer loop
vertex 109.78231190667428 -35.94597232078588 0
vertex 47.942740486737506 -35.9910874530122 0
vertex 48.02088160013233 -35.94597232078588 0
endloop
endfacet
facet normal 0 0 -1
outer loop
vertex 109.95068387233309 -35.9910874530122 0
vertex 110.1243341 -36.0062794 0
vertex 47.91642746062674 -36.0062794 0
endloop
endfacet
facet normal 0 0 -1
outer loop
vertex 109.95068387233309 -35.9910874530122 0
vertex 47.91642746062674 -36.0062794 0
vertex 47.942740486737506 -35.9910874530122 0
endloop
endfacet
facet normal 0 0 -1
outer loop
vertex 110.1243341 -36.0062794 0
vertex 125.42433205000002 -36.0062794 0
vertex 125.69027064056834 -36.027209520988265 0
endloop
endfacet
facet normal 0 0 -1
outer loop
vertex 110.1243341 -36.0062794 0
vertex 125.69027064056834 -36.027209520988265 0
vertex 125.94966094043748 -36.08948362229826 0
endloop
endfacet
facet normal 0 0 -1
outer loop
vertex 110.1243341 -36.0062794 0
vertex 125.94966094043748 -36.08948362229826 0
vertex 126.19611589955716 -36.191568608879734 0
endloop
endfacet
facet normal 0 0 -1
outer loop
vertex 110.1243341 -36.0062794 0
vertex 126.19611589955716 -36.191568608879734 0
vertex 126.42356697889707 -36.33095080956251 0
endloop
endfacet
facet normal 0 0 -1
outer loop
vertex 110.1243341 -36.0062794 0
vertex 126.42356697889707 -36.33095080956251 0
vertex 126.6264135780172 -36.504198171982964 0
endloop
endfacet
facet normal 0 0 -1
outer loop
vertex 110.1243341 -36.0062794 0
vertex 126.6264135780172 -36.504198171982964 0
vertex 126.79966094043739 -36.70704477110277 0
endloop
endfacet
facet normal 0 0 -1
outer loop
vertex 110.1243341 -36.0062794 0
vertex 126.79966094043739 -36.70704477110277 0
vertex 126.93904314112022 -36.934495850442794 0
endloop
endfacet
facet normal 0 0 -1
outer loop
vertex 110.1243341 -36.0062794 0
vertex 126.93904314112022 -36.934495850442794 0
vertex 127.04112812770177 -37.180950809562624 0
endloop
endfacet
facet normal 0 0 -1
outer loop
vertex 110.1243341 -36.0062794 0
vertex 127.04112812770177 -37.180950809562624 0
vertex 127.10340222901175 -37.44034110943167 0
endloop
endfacet
facet normal 0 0 -1
outer loop
vertex 110.1243341 -36.0062794 0
vertex 127.10340222901175 -37.44034110943167 0
vertex 127.12433410000001 -37.7062794 0
endloop
endfacet
facet normal 0 0 -1
outer loop
vertex 110.1243341 -36.0062794 0
vertex 127.12433410000001 -37.7062794 0
vertex 127.12433209160326 -53.18563019999994 0
endloop
endfacet
facet normal 0 0 -1
outer loop
vertex 110.1243341 -36.0062794 0
vertex 127.12433209160326 -53.18563019999994 0
vertex 48.5070507 -53.18563019999994 0
endloop
endfacet
facet normal 0 0 -1
outer loop
vertex 110.1243341 -36.0062794 0
vertex 48.5070507 -53.18563019999994 0
vertex 47.14169365000001 -37.57950220000001 0
endloop
endfacet
facet normal 0 0 -1
outer loop
vertex 110.1243341 -36.0062794 0
vertex 47.14169365000001 -37.57950220000001 0
vertex 47.14169280713871 -37.28317279122043 0
endloop
endfacet
facet normal 0 0 -1
outer loop
vertex 110.1243341 -36.0062794 0
vertex 47.14169280713871 -37.28317279122043 0
vertex 47.19314901882033 -36.9913451421059 0
endloop
endfacet
facet normal 0 0 -1
outer loop
vertex 110.1243341 -36.0062794 0
vertex 47.19314901882033 -36.9913451421059 0
vertex 47.29449881532099 -36.7128862811271 0
endloop
endfacet
facet normal 0 0 -1
outer loop
vertex 110.1243341 -36.0062794 0
vertex 47.29449881532099 -36.7128862811271 0
vertex 47.44266273678212 -36.45625703321174 0
endloop
endfacet
facet normal 0 0 -1
outer loop
vertex 110.1243341 -36.0062794 0
vertex 47.44266273678212 -36.45625703321174 0
vertex 47.63313890096631 -36.22925494206273 0
endloop
endfacet
facet normal 0 0 -1
outer loop
vertex 110.1243341 -36.0062794 0
vertex 47.63313890096631 -36.22925494206273 0
vertex 47.86013979056348 -36.038777345924885 0
endloop
endfacet
facet normal 0 0 -1
outer loop
vertex 110.1243341 -36.0062794 0
vertex 47.86013979056348 -36.038777345924885 0
vertex 47.91642746062674 -36.0062794 0
endloop
endfacet
facet normal 0 0 -1
outer loop
vertex 127.12433209160326 -53.18563019999994 0
vertex 127.12433207149542 -53.340607834590514 0
vertex 48.50855767444129 -53.340607834590514 0
endloop
endfacet
facet normal 0 0 -1
outer loop
vertex 127.12433209160326 -53.18563019999994 0
vertex 48.50855767444129 -53.340607834590514 0
vertex 48.5070507 -53.18563019999994 0
endloop
endfacet
facet normal 0 0 -1
outer loop
vertex 127.12433207149542 -53.340607834590514 0
vertex 127.12433205159891 -53.49395639668393 0
vertex 48.48609495640837 -53.49395639668393 0
endloop
endfacet
facet normal 0 0 -1
outer loop
vertex 127.12433207149542 -53.340607834590514 0
vertex 48.48609495640837 -53.49395639668393 0
vertex 48.50855767444129 -53.340607834590514 0
endloop
endfacet
facet normal 0 0 -1
outer loop
vertex 127.12433205159891 -53.49395639668393 0
vertex 127.12433205 -53.50627970000018 0
vertex 48.48227497643787 -53.50627970000018 0
endloop
endfacet
facet normal 0 0 -1
outer loop
vertex 127.12433205159891 -53.49395639668393 0
vertex 48.48227497643787 -53.50627970000018 0
vertex 48.48609495640837 -53.49395639668393 0
endloop
endfacet
facet normal 0 0 -1
outer loop
vertex 127.12433205 -53.50627970000018 0
vertex 127.13620536394072 -53.64199229934959 0
vertex 48.44020675836713 -53.64199229934959 0
endloop
endfacet
facet normal 0 0 -1
outer loop
vertex 127.12433205 -53.50627970000018 0
vertex 48.44020675836713 -53.64199229934959 0
vertex 48.48227497643787 -53.50627970000018 0
endloop
endfacet
facet normal 0 0 -1
outer loop
vertex 127.13620536394072 -53.64199229934959 0
vertex 127.13952429698779 -53.67992787766699 0
vertex 48.42161303217944 -53.67992787766699 0
endloop
endfacet
facet normal 0 0 -1
outer loop
vertex 127.13620536394072 -53.64199229934959 0
vertex 48.42161303217944 -53.67992787766699 0
vertex 48.44020675836713 -53.64199229934959 0
endloop
endfacet
facet normal 0 0 -1
outer loop
vertex 127.13952429698779 -53.67992787766699 0
vertex 127.16664927335506 -53.78115966762376 0
vertex 48.371995331133796 -53.78115966762376 0
endloop
endfacet
facet normal 0 0 -1
outer loop
vertex 127.13952429698779 -53.67992787766699 0
vertex 48.371995331133796 -53.78115966762376 0
vertex 48.42161303217944 -53.67992787766699 0
endloop
endfacet
facet normal 0 0 -1
outer loop
vertex 127.16664927335506 -53.78115966762376 0
vertex 127.18463942921406 -53.84829984332562 0
vertex 48.32498292679696 -53.84829984332562 0
endloop
endfacet
facet normal 0 0 -1
outer loop
vertex 127.16664927335506 -53.78115966762376 0
vertex 48.32498292679696 -53.84829984332562 0
vertex 48.371995331133796 -53.78115966762376 0
endloop
endfacet
facet normal 0 0 -1
outer loop
vertex 127.18463942921406 -53.84829984332562 0
vertex 127.2125319988255 -53.90811565188813 0
vertex 48.283099137419306 -53.90811565188813 0
endloop
endfacet
facet normal 0 0 -1
outer loop
vertex 127.18463942921406 -53.84829984332562 0
vertex 48.283099137419306 -53.90811565188813 0
vertex 48.32498292679696 -53.84829984332562 0
endloop
endfacet
facet normal 0 0 -1
outer loop
vertex 127.2125319988255 -53.90811565188813 0
vertex 127.25830664621556 -54.006279700000015 0
vertex 48.18866973290795 -54.006279700000015 0
endloop
endfacet
facet normal 0 0 -1
outer loop
vertex 127.2125319988255 -53.90811565188813 0
vertex 48.18866973290795 -54.006279700000015 0
vertex 48.283099137419306 -53.90811565188813 0
endloop
endfacet
facet normal 0 0 -1
outer loop
vertex 127.25830664621556 -54.006279700000015 0
vertex 127.26778117143488 -54.0198107243068 0
vertex 48.17565349537196 -54.0198107243068 0
endloop
endfacet
facet normal 0 0 -1
outer loop
vertex 127.25830664621556 -54.006279700000015 0
vertex 48.17565349537196 -54.0198107243068 0
vertex 48.18866973290795 -54.006279700000015 0
endloop
endfacet
facet normal 0 0 -1
outer loop
vertex 127.26778117143488 -54.0198107243068 0
vertex 127.33342647207365 -54.11356192956605 0
vertex 48.05223928747852 -54.11356192956605 0
endloop
endfacet
facet normal 0 0 -1
outer loop
vertex 127.26778117143488 -54.0198107243068 0
vertex 48.05223928747852 -54.11356192956605 0
vertex 48.17565349537196 -54.0198107243068 0
endloop
endfacet
facet normal 0 0 -1
outer loop
vertex 127.33342647207365 -54.11356192956605 0
vertex 127.358287606881 -54.14906730968653 0
vertex 47.9863898157743 -54.14906730968653 0
endloop
endfacet
facet normal 0 0 -1
outer loop
vertex 127.33342647207365 -54.11356192956605 0
vertex 47.9863898157743 -54.14906730968653 0
vertex 48.05223928747852 -54.11356192956605 0
endloop
endfacet
facet normal 0 0 -1
outer loop
vertex 127.358287606881 -54.14906730968653 0
vertex 127.39633762761002 -54.18711733041554 0
vertex 47.91582096804368 -54.18711733041554 0
endloop
endfacet
facet normal 0 0 -1
outer loop
vertex 127.358287606881 -54.14906730968653 0
vertex 47.91582096804368 -54.18711733041554 0
vertex 47.9863898157743 -54.14906730968653 0
endloop
endfacet
facet normal 0 0 -1
outer loop
vertex 127.39633762761002 -54.18711733041554 0
vertex 127.44793039719447 -54.238710099999984 0
vertex 47.769675353901334 -54.238710099999984 0
endloop
endfacet
facet normal 0 0 -1
outer loop
vertex 127.39633762761002 -54.18711733041554 0
vertex 47.769675353901334 -54.238710099999984 0
vertex 47.91582096804368 -54.18711733041554 0
endloop
endfacet
facet normal 0 0 -1
outer loop
vertex 127.44793039719447 -54.238710099999984 0
vertex 127.48154444031344 -54.272324143118965 0
vertex 47.64422607075814 -54.272324143118965 0
endloop
endfacet
facet normal 0 0 -1
outer loop
vertex 127.44793039719447 -54.238710099999984 0
vertex 47.64422607075814 -54.272324143118965 0
vertex 47.769675353901334 -54.238710099999984 0
endloop
endfacet
facet normal 0 0 -1
outer loop
vertex 127.48154444031344 -54.272324143118965 0
vertex 127.62433204999998 -54.37230510378443 0
vertex 47.271092157381524 -54.37230510378443 0
endloop
endfacet
facet normal 0 0 -1
outer loop
vertex 127.48154444031344 -54.272324143118965 0
vertex 47.271092157381524 -54.37230510378443 0
vertex 47.64422607075814 -54.272324143118965 0
endloop
endfacet
facet normal 0 0 -1
outer loop
vertex 127.62433204999998 -54.37230510378443 0
vertex 127.78231190667432 -54.4459723207859 0
vertex 46.996162442920216 -54.4459723207859 0
endloop
endfacet
facet normal 0 0 -1
outer loop
vertex 127.62433204999998 -54.37230510378443 0
vertex 46.996162442920216 -54.4459723207859 0
vertex 47.271092157381524 -54.37230510378443 0
endloop
endfacet
facet normal 0 0 -1
outer loop
vertex 127.78231190667432 -54.4459723207859 0
vertex 127.78662756771215 -54.44712869867579 0
vertex 127.44821715726339 -54.44712869867579 0
endloop
endfacet
facet normal 0 0 -1
outer loop
vertex 127.78231190667432 -54.4459723207859 0
vertex 127.44821715726339 -54.44712869867579 0
vertex 46.991846783173344 -54.44712869867579 0
endloop
endfacet
facet normal 0 0 -1
outer loop
vertex 127.78231190667432 -54.4459723207859 0
vertex 46.991846783173344 -54.44712869867579 0
vertex 46.996162442920216 -54.4459723207859 0
endloop
endfacet
facet normal 0 0 -1
outer loop
vertex 127.78662756771215 -54.44712869867579 0
vertex 127.95068387233303 -54.49108745301219 0
vertex 127.44821715726339 -54.44712869867579 0
endloop
endfacet
facet normal 0 0 1
outer loop
vertex 127.44821715726339 -54.44712869867579 0
vertex 127.95068387233303 -54.49108745301219 0
vertex 128.12433410000006 -54.50627808849247 0
endloop
endfacet
facet normal 0 0 1
outer loop
vertex 127.44821715726339 -54.44712869867579 0
vertex 128.12433410000006 -54.50627808849247 0
vertex 46.77109832117381 -54.50627808849247 0
endloop
endfacet
facet normal 0 0 1
outer loop
vertex 127.44821715726339 -54.44712869867579 0
vertex 46.77109832117381 -54.50627808849247 0
vertex 46.991846783173344 -54.44712869867579 0
endloop
endfacet
facet normal 0 0 -1
outer loop
vertex 128.12433410000006 -54.50627808849247 0
vertex 146.55863205 -54.50627808849247 0
vertex 146.9406580408672 -54.53970264337314 0
endloop
endfacet
facet normal 0 0 -1
outer loop
vertex 128.12433410000006 -54.50627808849247 0
vertex 146.9406580408672 -54.53970264337314 0
vertex 147.31107636531652 -54.638955934271024 0
endloop
endfacet
facet normal 0 0 -1
outer loop
vertex 128.12433410000006 -54.50627808849247 0
vertex 147.31107636531652 -54.638955934271024 0
vertex 147.65863205000005 -54.80102381167426 0
endloop
endfacet
facet normal 0 0 -1
outer loop
vertex 128.12433410000006 -54.50627808849247 0
vertex 147.65863205000005 -54.80102381167426 0
vertex 147.97276479131034 -55.0209819251382 0
endloop
endfacet
facet normal 0 0 -1
outer loop
vertex 128.12433410000006 -54.50627808849247 0
vertex 147.97276479131034 -55.0209819251382 0
vertex 148.24392982486165 -55.29214695868953 0
endloop
endfacet
facet normal 0 0 -1
outer loop
vertex 128.12433410000006 -54.50627808849247 0
vertex 148.24392982486165 -55.29214695868953 0
vertex 148.46388793832577 -55.60627970000004 0
endloop
endfacet
facet normal 0 0 -1
outer loop
vertex 128.12433410000006 -54.50627808849247 0
vertex 148.46388793832577 -55.60627970000004 0
vertex 148.62595581572893 -55.95383538468343 0
endloop
endfacet
facet normal 0 0 -1
outer loop
vertex 128.12433410000006 -54.50627808849247 0
vertex 148.62595581572893 -55.95383538468343 0
vertex 148.72520910662686 -56.32425370913282 0
endloop
endfacet
facet normal 0 0 -1
outer loop
vertex 128.12433410000006 -54.50627808849247 0
vertex 148.72520910662686 -56.32425370913282 0
vertex 148.75863409999997 -56.70627940000048 0
endloop
endfacet
facet normal 0 0 -1
outer loop
vertex 128.12433410000006 -54.50627808849247 0
vertex 148.75863409999997 -56.70627940000048 0
vertex 148.75863095000003 -89.57698384999956 0
endloop
endfacet
facet normal 0 0 -1
outer loop
vertex 128.12433410000006 -54.50627808849247 0
vertex 148.75863095000003 -89.57698384999956 0
vertex 148.7454849801147 -89.81712188894214 0
endloop
endfacet
facet normal 0 0 -1
outer loop
vertex 128.12433410000006 -54.50627808849247 0
vertex 148.7454849801147 -89.81712188894214 0
vertex 148.70620561014601 -90.05439014506919 0
endloop
endfacet
facet normal 0 0 -1
outer loop
vertex 128.12433410000006 -54.50627808849247 0
vertex 148.70620561014601 -90.05439014506919 0
vertex 148.64126223744552 -90.28595320907819 0
endloop
endfacet
facet normal 0 0 -1
outer loop
vertex 128.12433410000006 -54.50627808849247 0
vertex 148.64126223744552 -90.28595320907819 0
vertex 148.5514318999998 -90.50904770000045 0
endloop
endfacet
facet normal 0 0 -1
outer loop
vertex 128.12433410000006 -54.50627808849247 0
vertex 148.5514318999998 -90.50904770000045 0
vertex 142.0990114000136 -104.3045271999708 0
endloop
endfacet
facet normal 0 0 -1
outer loop
vertex 128.12433410000006 -54.50627808849247 0
vertex 142.0990114000136 -104.3045271999708 0
vertex 35.52080131749468 -104.3045271999708 0
endloop
endfacet
facet normal 0 0 -1
outer loop
vertex 128.12433410000006 -54.50627808849247 0
vertex 35.52080131749468 -104.3045271999708 0
vertex 24.26486100000001 -62.29677550000003 0
endloop
endfacet
facet normal 0 0 -1
outer loop
vertex 128.12433410000006 -54.50627808849247 0
vertex 24.26486100000001 -62.29677550000003 0
vertex 24.213404976543984 -62.00494868544517 0
endloop
endfacet
facet normal 0 0 -1
outer loop
vertex 128.12433410000006 -54.50627808849247 0
vertex 24.213404976543984 -62.00494868544517 0
vertex 24.213405710322462 -61.70862013123113 0
endloop
endfacet
facet normal 0 0 -1
outer loop
vertex 128.12433410000006 -54.50627808849247 0
vertex 24.213405710322462 -61.70862013123113 0
vertex 24.264863179040105 -61.416793571513935 0
endloop
endfacet
facet normal 0 0 -1
outer loop
vertex 128.12433410000006 -54.50627808849247 0
vertex 24.264863179040105 -61.416793571513935 0
vertex 24.36621388379639 -61.138335950522 0
endloop
endfacet
facet normal 0 0 -1
outer loop
vertex 128.12433410000006 -54.50627808849247 0
vertex 24.36621388379639 -61.138335950522 0
vertex 24.51437835489739 -60.88170800670749 0
endloop
endfacet
facet normal 0 0 -1
outer loop
vertex 128.12433410000006 -54.50627808849247 0
vertex 24.51437835489739 -60.88170800670749 0
vertex 24.7048547193707 -60.65470719917543 0
endloop
endfacet
facet normal 0 0 -1
outer loop
vertex 128.12433410000006 -54.50627808849247 0
vertex 24.7048547193707 -60.65470719917543 0
vertex 24.931855487200934 -60.464230787387436 0
endloop
endfacet
facet normal 0 0 -1
outer loop
vertex 128.12433410000006 -54.50627808849247 0
vertex 24.931855487200934 -60.464230787387436 0
vertex 25.188483400132966 -60.31606626279638 0
endloop
endfacet
facet normal 0 0 -1
outer loop
vertex 128.12433410000006 -54.50627808849247 0
vertex 25.188483400132966 -60.31606626279638 0
vertex 25.466942000000003 -60.214710999999994 0
endloop
endfacet
facet normal 0 0 -1
outer loop
vertex 128.12433410000006 -54.50627808849247 0
vertex 25.466942000000003 -60.214710999999994 0
vertex 46.77109832117381 -54.50627808849247 0
endloop
endfacet
facet normal 0 0 -1
outer loop
vertex 142.0990114000136 -104.3045271999708 0
vertex 140.29396192827562 -108.17546964999998 0
vertex 56.8354833 -108.17546964999998 0
endloop
endfacet
facet normal 0 0 -1
outer loop
vertex 142.0990114000136 -104.3045271999708 0
vertex 56.8354833 -108.17546964999998 0
vertex 36.558016960483144 -108.17546964999998 0
endloop
endfacet
facet normal 0 0 -1
outer loop
vertex 142.0990114000136 -104.3045271999708 0
vertex 36.558016960483144 -108.17546964999998 0
vertex 35.52080131749468 -104.3045271999708 0
endloop
endfacet
facet normal 0 0 -1
outer loop
vertex 56.8354833 -108.17546964999998 0
vertex 56.73480039693395 -108.17647430549374 0
vertex 36.558286157043774 -108.17647430549374 0
endloop
endfacet
facet normal 0 0 -1
outer loop
vertex 56.8354833 -108.17546964999998 0
vertex 36.558286157043774 -108.17647430549374 0
vertex 36.558016960483144 -108.17546964999998 0
endloop
endfacet
facet normal 0 0 -1
outer loop
vertex 56.73480039693395 -108.17647430549374 0
vertex 56.63472888673233 -108.18759856494998 0
vertex 36.56126689263301 -108.18759856494998 0
endloop
endfacet
facet normal 0 0 -1
outer loop
vertex 56.73480039693395 -108.17647430549374 0
vertex 36.56126689263301 -108.18759856494998 0
vertex 36.558286157043774 -108.17647430549374 0
endloop
endfacet
facet normal 0 0 -1
outer loop
vertex 56.63472888673233 -108.18759856494998 0
vertex 56.53628660000035 -108.20872929999992 0
vertex 36.5669288546034 -108.20872929999992 0
endloop
endfacet
facet normal 0 0 -1
outer loop
vertex 56.63472888673233 -108.18759856494998 0
vertex 36.5669288546034 -108.20872929999992 0
vertex 36.56126689263301 -108.18759856494998 0
endloop
endfacet
facet normal 0 0 -1
outer loop
vertex 140.29396192827562 -108.17546964999998 0
vertex 139.5025760227958 -109.87260280000001 0
vertex 98.83519460000004 -109.87260280000001 0
endloop
endfacet
facet normal 0 0 -1
outer loop
vertex 140.29396192827562 -108.17546964999998 0
vertex 98.83519460000004 -109.87260280000001 0
vertex 56.8354833 -108.17546964999998 0
endloop
endfacet
facet normal 0 0 -1
outer loop
vertex 139.5025760227958 -109.87260280000001 0
vertex 139.50026651623006 -109.87755555456097 0
vertex 98.90207353242347 -109.87755555456097 0
endloop
endfacet
facet normal 0 0 -1
outer loop
vertex 139.5025760227958 -109.87260280000001 0
vertex 98.90207353242347 -109.87755555456097 0
vertex 98.83519460000004 -109.87260280000001 0
endloop
endfacet
facet normal 0 0 -1
outer loop
vertex 139.50026651623006 -109.87755555456097 0
vertex 139.49587117386838 -109.8869813999999 0
vertex 98.9684722999995 -109.8869813999999 0
endloop
endfacet
facet normal 0 0 -1
outer loop
vertex 139.50026651623006 -109.87755555456097 0
vertex 98.9684722999995 -109.8869813999999 0
vertex 98.90207353242347 -109.87755555456097 0
endloop
endfacet
facet normal 0 0 -1
outer loop
vertex 56.53628660000035 -108.20872929999992 0
vertex 39.546695849999935 -112.76107710000002 0
vertex 39.25486903544515 -112.81253312345603 0
endloop
endfacet
facet normal 0 0 -1
outer loop
vertex 56.53628660000035 -108.20872929999992 0
vertex 39.25486903544515 -112.81253312345603 0
vertex 38.958540481231196 -112.81253312345603 0
endloop
endfacet
facet normal 0 0 -1
outer loop
vertex 56.53628660000035 -108.20872929999992 0
vertex 38.958540481231196 -112.81253312345603 0
vertex 38.666713921513946 -112.76107492095991 0
endloop
endfacet
facet normal 0 0 -1
outer loop
vertex 56.53628660000035 -108.20872929999992 0
vertex 38.666713921513946 -112.76107492095991 0
vertex 38.38825630052201 -112.65972421620361 0
endloop
endfacet
facet normal 0 0 -1
outer loop
vertex 56.53628660000035 -108.20872929999992 0
vertex 38.38825630052201 -112.65972421620361 0
vertex 38.13162835670738 -112.51155974510255 0
endloop
endfacet
facet normal 0 0 -1
outer loop
vertex 56.53628660000035 -108.20872929999992 0
vertex 38.13162835670738 -112.51155974510255 0
vertex 37.904627549175466 -112.32108338062936 0
endloop
endfacet
facet normal 0 0 -1
outer loop
vertex 56.53628660000035 -108.20872929999992 0
vertex 37.904627549175466 -112.32108338062936 0
vertex 37.71415113738739 -112.09408261279901 0
endloop
endfacet
facet normal 0 0 -1
outer loop
vertex 56.53628660000035 -108.20872929999992 0
vertex 37.71415113738739 -112.09408261279901 0
vertex 37.5659866127964 -111.8374546998671 0
endloop
endfacet
facet normal 0 0 -1
outer loop
vertex 56.53628660000035 -108.20872929999992 0
vertex 37.5659866127964 -111.8374546998671 0
vertex 37.46462955740783 -111.55899477410573 0
endloop
endfacet
facet normal 0 0 -1
outer loop
vertex 56.53628660000035 -108.20872929999992 0
vertex 37.46462955740783 -111.55899477410573 0
vertex 36.5669288546034 -108.20872929999992 0
endloop
endfacet
facet normal 0 0 -1
outer loop
vertex 139.49587117386838 -109.8869813999999 0
vertex 138.06205844726315 -112.9618038 0
vertex 116.4066619999999 -112.9618038 0
endloop
endfacet
facet normal 0 0 -1
outer loop
vertex 139.49587117386838 -109.8869813999999 0
vertex 116.4066619999999 -112.9618038 0
vertex 98.9684722999995 -109.8869813999999 0
endloop
endfacet
facet normal 0 0 -1
outer loop
vertex 138.06205844726315 -112.9618038 0
vertex 138.05670136688443 -112.97329210000004 0
vertex 116.4430983000001 -112.97329210000004 0
endloop
endfacet
facet normal 0 0 -1
outer loop
vertex 138.06205844726315 -112.9618038 0
vertex 116.4430983000001 -112.97329210000004 0
vertex 116.4066619999999 -112.9618038 0
endloop
endfacet
facet normal 0 0 -1
outer loop
vertex 138.05670136688443 -112.97329210000004 0
vertex 134.91483185 -119.71105539999994 0
vertex 134.78347314569888 -119.94323396729314 0
endloop
endfacet
facet normal 0 0 -1
outer loop
vertex 138.05670136688443 -112.97329210000004 0
vertex 134.78347314569888 -119.94323396729314 0
vertex 134.6174108153795 -120.15200489140582 0
endloop
endfacet
facet normal 0 0 -1
outer loop
vertex 138.05670136688443 -112.97329210000004 0
vertex 134.6174108153795 -120.15200489140582 0
vertex 134.4207338995044 -120.33222749561467 0
endloop
endfacet
facet normal 0 0 -1
outer loop
vertex 138.05670136688443 -112.97329210000004 0
vertex 134.4207338995044 -120.33222749561467 0
vertex 134.19828527764463 -120.47946406355479 0
endloop
endfacet
facet normal 0 0 -1
outer loop
vertex 138.05670136688443 -112.97329210000004 0
vertex 134.19828527764463 -120.47946406355479 0
vertex 133.95554241969938 -120.59008911145288 0
endloop
endfacet
facet normal 0 0 -1
outer loop
vertex 138.05670136688443 -112.97329210000004 0
vertex 133.95554241969938 -120.59008911145288 0
vertex 133.6984825112601 -120.66137866033 0
endloop
endfacet
facet normal 0 0 -1
outer loop
vertex 138.05670136688443 -112.97329210000004 0
vertex 133.6984825112601 -120.66137866033 0
vertex 133.4334352742139 -120.69157730997375 0
endloop
endfacet
facet normal 0 0 -1
outer loop
vertex 138.05670136688443 -112.97329210000004 0
vertex 133.4334352742139 -120.69157730997375 0
vertex 133.1669271066598 -120.67994146308497 0
endloop
endfacet
facet normal 0 0 -1
outer loop
vertex 138.05670136688443 -112.97329210000004 0
vertex 133.1669271066598 -120.67994146308497 0
vertex 132.9055203799586 -120.62675763526686 0
endloop
endfacet
facet normal 0 0 -1
outer loop
vertex 138.05670136688443 -112.97329210000004 0
vertex 132.9055203799586 -120.62675763526686 0
vertex 132.65565370000007 -120.53333080000004 0
endloop
endfacet
facet normal 0 0 -1
outer loop
vertex 138.05670136688443 -112.97329210000004 0
vertex 132.65565370000007 -120.53333080000004 0
vertex 116.4430983000001 -112.97329210000004 0
endloop
endfacet
facet normal 0 0 1
outer loop
vertex 133.41768276812383 -119.49070383877985 1.6
vertex 133.5035137824532 -119.47556946851759 1.6
vertex 133.58541287817428 -119.44576149999735 1.6
endloop
endfacet
facet normal 0 0 1
outer loop
vertex 133.41768276812383 -119.49070383877985 1.6
vertex 133.58541287817428 -119.44576149999735 1.6
vertex 133.6608916326846 -119.40218457091075 1.6
endloop
endfacet
facet normal 0 0 1
outer loop
vertex 133.41768276812383 -119.49070383877985 1.6
vertex 133.6608916326846 -119.40218457091075 1.6
vertex 133.72765669902645 -119.34616290174554 1.6
endloop
endfacet
facet normal 0 0 1
outer loop
vertex 133.41768276812383 -119.49070383877985 1.6
vertex 133.72765669902645 -119.34616290174554 1.6
vertex 133.7836794870406 -119.27939877422553 1.6
endloop
endfacet
facet normal 0 0 1
outer loop
vertex 133.41768276812383 -119.49070383877985 1.6
vertex 133.7836794870406 -119.27939877422553 1.6
vertex 133.82725780000044 -119.2039207499979 1.6
endloop
endfacet
facet normal 0 0 1
outer loop
vertex 133.41768276812383 -119.49070383877985 1.6
vertex 133.82725780000044 -119.2039207499979 1.6
vertex 137.25528914400152 -111.85248270000564 1.6
endloop
endfacet
facet normal 0 0 1
outer loop
vertex 133.41768276812383 -119.49070383877985 1.6
vertex 137.25528914400152 -111.85248270000564 1.6
vertex 116.87895670001186 -111.85248270000564 1.6
endloop
endfacet
facet normal 0 0 1
outer loop
vertex 133.41768276812383 -119.49070383877985 1.6
vertex 116.87895670001186 -111.85248270000564 1.6
vertex 133.16279559999404 -119.44576149999735 1.6
endloop
endfacet
facet normal 0 0 1
outer loop
vertex 133.41768276812383 -119.49070383877985 1.6
vertex 133.16279559999404 -119.44576149999735 1.6
vertex 133.2446967731418 -119.47556946851759 1.6
endloop
endfacet
facet normal 0 0 1
outer loop
vertex 133.41768276812383 -119.49070383877985 1.6
vertex 133.2446967731418 -119.47556946851759 1.6
vertex 133.33052772523422 -119.49070383877985 1.6
endloop
endfacet
facet normal 0 0 1
outer loop
vertex 137.25528914400152 -111.85248270000564 1.6
vertex 137.28270360024644 -111.79369219999712 1.6
vertex 116.69249679998488 -111.79369219999712 1.6
endloop
endfacet
facet normal 0 0 1
outer loop
vertex 137.25528914400152 -111.85248270000564 1.6
vertex 116.69249679998488 -111.79369219999712 1.6
vertex 116.87895670001186 -111.85248270000564 1.6
endloop
endfacet
facet normal 0 0 1
outer loop
vertex 137.28270360024644 -111.79369219999712 1.6
vertex 138.7294132388483 -108.69121289999886 1.6
vertex 99.09746384999436 -108.69121289999886 1.6
endloop
endfacet
facet normal 0 0 1
outer loop
vertex 137.28270360024644 -111.79369219999712 1.6
vertex 99.09746384999436 -108.69121289999886 1.6
vertex 116.69249679998488 -111.79369219999712 1.6
endloop
endfacet
facet normal 0 0 1
outer loop
vertex 138.7294132388483 -108.69121289999886 1.6
vertex 138.73380858209686 -108.68178705456232 1.6
vertex 99.03106508243526 -108.68178705456232 1.6
endloop
endfacet
facet normal 0 0 1
outer loop
vertex 138.7294132388483 -108.69121289999886 1.6
vertex 99.03106508243526 -108.68178705456232 1.6
vertex 99.09746384999436 -108.69121289999886 1.6
endloop
endfacet
facet normal 0 0 1
outer loop
vertex 138.73380858209686 -108.68178705456232 1.6
vertex 138.73611738966773 -108.67683580000148 1.6
vertex 98.96418770001384 -108.67683580000148 1.6
endloop
endfacet
facet normal 0 0 1
outer loop
vertex 138.73380858209686 -108.68178705456232 1.6
vertex 98.96418770001384 -108.67683580000148 1.6
vertex 99.03106508243526 -108.68178705456232 1.6
endloop
endfacet
facet normal 0 0 1
outer loop
vertex 39.15029004749399 -111.61709198315013 1.6
vertex 39.236121350001135 -111.60195569999969 1.6
vertex 56.40218190000243 -107.00233109999934 1.6
endloop
endfacet
facet normal 0 0 1
outer loop
vertex 39.15029004749399 -111.61709198315013 1.6
vertex 56.40218190000243 -107.00233109999934 1.6
vertex 37.4860117727604 -107.00233109999934 1.6
endloop
endfacet
facet normal 0 0 1
outer loop
vertex 39.15029004749399 -111.61709198315013 1.6
vertex 37.4860117727604 -107.00233109999934 1.6
vertex 38.62374577749305 -111.24841057537478 1.6
endloop
endfacet
facet normal 0 0 1
outer loop
vertex 39.15029004749399 -111.61709198315013 1.6
vertex 38.62374577749305 -111.24841057537478 1.6
vertex 38.65355215796845 -111.33031463336538 1.6
endloop
endfacet
facet normal 0 0 1
outer loop
vertex 39.15029004749399 -111.61709198315013 1.6
vertex 38.65355215796845 -111.33031463336538 1.6
vertex 38.69713166988748 -111.40579274740095 1.6
endloop
endfacet
facet normal 0 0 1
outer loop
vertex 39.15029004749399 -111.61709198315013 1.6
vertex 38.69713166988748 -111.40579274740095 1.6
vertex 38.75315574502897 -111.47255667899944 1.6
endloop
endfacet
facet normal 0 0 1
outer loop
vertex 39.15029004749399 -111.61709198315013 1.6
vertex 38.75315574502897 -111.47255667899944 1.6
vertex 38.81992212109879 -111.52857784093115 1.6
endloop
endfacet
facet normal 0 0 1
outer loop
vertex 39.15029004749399 -111.61709198315013 1.6
vertex 38.81992212109879 -111.52857784093115 1.6
vertex 38.89540213659967 -111.57215405942323 1.6
endloop
endfacet
facet normal 0 0 1
outer loop
vertex 39.15029004749399 -111.61709198315013 1.6
vertex 38.89540213659967 -111.57215405942323 1.6
vertex 38.977302370642825 -111.60196129381234 1.6
endloop
endfacet
facet normal 0 0 1
outer loop
vertex 39.15029004749399 -111.61709198315013 1.6
vertex 38.977302370642825 -111.60196129381234 1.6
vertex 39.06313432734258 -111.61709386683239 1.6
endloop
endfacet
facet normal 0 0 1
outer loop
vertex 56.40218190000243 -107.00233109999934 1.6
vertex 56.50062653673136 -106.98119946495004 1.6
vertex 37.48034956603285 -106.98119946495004 1.6
endloop
endfacet
facet normal 0 0 1
outer loop
vertex 56.40218190000243 -107.00233109999934 1.6
vertex 37.48034956603285 -106.98119946495004 1.6
vertex 37.4860117727604 -107.00233109999934 1.6
endloop
endfacet
facet normal 0 0 1
outer loop
vertex 56.50062653673136 -106.98119946495004 1.6
vertex 56.60069804693218 -106.9700752054939 1.6
vertex 37.477368828546865 -106.9700752054939 1.6
endloop
endfacet
facet normal 0 0 1
outer loop
vertex 56.50062653673136 -106.98119946495004 1.6
vertex 37.477368828546865 -106.9700752054939 1.6
vertex 37.48034956603285 -106.98119946495004 1.6
endloop
endfacet
facet normal 0 0 1
outer loop
vertex 56.60069804693218 -106.9700752054939 1.6
vertex 56.70138095000113 -106.96907055000011 1.6
vertex 37.47709963181492 -106.96907055000011 1.6
endloop
endfacet
facet normal 0 0 1
outer loop
vertex 56.60069804693218 -106.9700752054939 1.6
vertex 37.47709963181492 -106.96907055000011 1.6
vertex 37.477368828546865 -106.9700752054939 1.6
endloop
endfacet
facet normal 0 0 1
outer loop
vertex 138.73611738966773 -108.67683580000148 1.6
vertex 139.5324612839357 -106.96907055000011 1.6
vertex 56.70138095000113 -106.96907055000011 1.6
endloop
endfacet
facet normal 0 0 1
outer loop
vertex 138.73611738966773 -108.67683580000148 1.6
vertex 56.70138095000113 -106.96907055000011 1.6
vertex 98.96418770001384 -108.67683580000148 1.6
endloop
endfacet
facet normal 0 7.000375908513182e-17 1
outer loop
vertex 56.70138095000113 -106.96907055000011 1.6
vertex 139.5324612839357 -106.96907055000011 1.6
vertex 141.01154020000007 -103.79717510000003 1.5999999999999999
endloop
endfacet
facet normal 0 7.000375908513182e-17 1
outer loop
vertex 56.70138095000113 -106.96907055000011 1.6
vertex 141.01154020000007 -103.79717510000003 1.5999999999999999
vertex 141.01178494582106 -103.79664748018314 1.6
endloop
endfacet
facet normal 0 7.000375908513182e-17 1
outer loop
vertex 56.70138095000113 -106.96907055000011 1.6
vertex 141.01178494582106 -103.79664748018314 1.6
vertex 141.01202510000022 -103.79611755000009 1.6
endloop
endfacet
facet normal 0 7.000375908513182e-17 1
outer loop
vertex 56.70138095000113 -106.96907055000011 1.6
vertex 141.01202510000022 -103.79611755000009 1.6
vertex 141.01475386370757 -103.79028337489875 1.6
endloop
endfacet
facet normal 0 7.000375908513182e-17 1
outer loop
vertex 56.70138095000113 -106.96907055000011 1.6
vertex 141.01475386370757 -103.79028337489875 1.6
vertex 36.625345847201395 -103.79028337489875 1.6
endloop
endfacet
facet normal 0 7.000375908513182e-17 1
outer loop
vertex 56.70138095000113 -106.96907055000011 1.6
vertex 36.625345847201395 -103.79028337489875 1.6
vertex 37.47709963181492 -106.96907055000011 1.6
endloop
endfacet
facet normal 0 0 1
outer loop
vertex 141.01475386370757 -103.79028337489875 1.6
vertex 146.84183706435064 -91.33181229999983 1.6
vertex 52.67114400000189 -91.33181229999983 1.6
endloop
endfacet
facet normal 0 0 1
outer loop
vertex 141.01475386370757 -103.79028337489875 1.6
vertex 52.67114400000189 -91.33181229999983 1.6
vertex 33.287107297712794 -91.33181229999983 1.6
endloop
endfacet
facet normal 0 0 1
outer loop
vertex 141.01475386370757 -103.79028337489875 1.6
vertex 33.287107297712794 -91.33181229999983 1.6
vertex 36.625345847201395 -103.79028337489875 1.6
endloop
endfacet
facet normal 0 0 1
outer loop
vertex 52.67114400000189 -91.33181229999983 1.6
vertex 52.085873033949454 -91.27416814120988 1.6
vertex 33.27166158596626 -91.27416814120988 1.6
endloop
endfacet
facet normal 0 0 1
outer loop
vertex 52.67114400000189 -91.33181229999983 1.6
vertex 33.27166158596626 -91.27416814120988 1.6
vertex 33.287107297712794 -91.33181229999983 1.6
endloop
endfacet
facet normal 0 0 1
outer loop
vertex 146.84183706435064 -91.33181229999983 1.6
vertex 146.86879842319482 -91.27416814120988 1.6
vertex 53.25641496604813 -91.27416814120988 1.6
endloop
endfacet
facet normal 0 0 1
outer loop
vertex 146.84183706435064 -91.33181229999983 1.6
vertex 53.25641496604813 -91.27416814120988 1.6
vertex 52.67114400000189 -91.33181229999983 1.6
endloop
endfacet
facet normal 0 0 1
outer loop
vertex 52.085873033949454 -91.27416814120988 1.6
vertex 51.52309370290324 -91.10345089753417 1.6
vertex 33.22591802076676 -91.10345089753417 1.6
endloop
endfacet
facet normal 0 0 1
outer loop
vertex 52.085873033949454 -91.27416814120988 1.6
vertex 33.22591802076676 -91.10345089753417 1.6
vertex 33.27166158596626 -91.27416814120988 1.6
endloop
endfacet
facet normal 0 0 1
outer loop
vertex 146.86879842319482 -91.27416814120988 1.6
vertex 146.9486463898275 -91.10345089753417 1.6
vertex 53.8191942970946 -91.10345089753417 1.6
endloop
endfacet
facet normal 0 0 1
outer loop
vertex 146.86879842319482 -91.27416814120988 1.6
vertex 53.8191942970946 -91.10345089753417 1.6
vertex 53.25641496604813 -91.27416814120988 1.6
endloop
endfacet
facet normal 0 0 1
outer loop
vertex 51.52309370290324 -91.10345089753417 1.6
vertex 51.00443330094432 -90.82622113690762 1.6
vertex 33.15163450167157 -90.82622113690762 1.6
endloop
endfacet
facet normal 0 0 1
outer loop
vertex 51.52309370290324 -91.10345089753417 1.6
vertex 33.15163450167157 -90.82622113690762 1.6
vertex 33.22591802076676 -91.10345089753417 1.6
endloop
endfacet
facet normal 0 0 1
outer loop
vertex 146.9486463898275 -91.10345089753417 1.6
vertex 147.07831245167037 -90.82622113690762 1.6
vertex 54.33785469905875 -90.82622113690762 1.6
endloop
endfacet
facet normal 0 0 1
outer loop
vertex 146.9486463898275 -91.10345089753417 1.6
vertex 54.33785469905875 -90.82622113690762 1.6
vertex 53.8191942970946 -91.10345089753417 1.6
endloop
endfacet
facet normal 0 0 1
outer loop
vertex 51.00443330094432 -90.82622113690762 1.6
vertex 50.54982365643808 -90.45313264356032 1.6
vertex 33.051665702661246 -90.45313264356032 1.6
endloop
endfacet
facet normal 0 0 1
outer loop
vertex 51.00443330094432 -90.82622113690762 1.6
vertex 33.051665702661246 -90.45313264356032 1.6
vertex 33.15163450167157 -90.82622113690762 1.6
endloop
endfacet
facet normal 0 0 1
outer loop
vertex 147.07831245167037 -90.82622113690762 1.6
vertex 147.25281361468365 -90.45313264356032 1.6
vertex 54.79246434355875 -90.45313264356032 1.6
endloop
endfacet
facet normal 0 0 1
outer loop
vertex 147.07831245167037 -90.82622113690762 1.6
vertex 54.79246434355875 -90.45313264356032 1.6
vertex 54.33785469905875 -90.82622113690762 1.6
endloop
endfacet
facet normal 0 0 1
outer loop
vertex 50.54982365643808 -90.45313264356032 1.6
vertex 50.17673516309025 -89.99852299905604 1.6
vertex 32.929853368617216 -89.99852299905604 1.6
endloop
endfacet
facet normal 0 0 1
outer loop
vertex 50.54982365643808 -90.45313264356032 1.6
vertex 32.929853368617216 -89.99852299905604 1.6
vertex 33.051665702661246 -90.45313264356032 1.6
endloop
endfacet
facet normal 0 0 1
outer loop
vertex 147.25281361468365 -90.45313264356032 1.6
vertex 147.46445130000092 -90.00064519999803 1.6
vertex 147.46530579589626 -89.99852299905604 1.6
endloop
endfacet
facet normal 0 0 1
outer loop
vertex 147.25281361468365 -90.45313264356032 1.6
vertex 147.46530579589626 -89.99852299905604 1.6
vertex 55.16555283690958 -89.99852299905604 1.6
endloop
endfacet
facet normal 0 0 1
outer loop
vertex 147.25281361468365 -90.45313264356032 1.6
vertex 55.16555283690958 -89.99852299905604 1.6
vertex 54.79246434355875 -90.45313264356032 1.6
endloop
endfacet
facet normal 0 0 1
outer loop
vertex 50.17673516309025 -89.99852299905604 1.6
vertex 49.899505402466886 -89.47986259709708 1.6
vertex 32.79087867922687 -89.47986259709708 1.6
endloop
endfacet
facet normal 0 0 1
outer loop
vertex 50.17673516309025 -89.99852299905604 1.6
vertex 32.79087867922687 -89.47986259709708 1.6
vertex 32.929853368617216 -89.99852299905604 1.6
endloop
endfacet
facet normal 0 0 1
outer loop
vertex 147.46530579589626 -89.99852299905604 1.6
vertex 147.50528229267397 -89.89923854423196 1.6
vertex 147.5348014429461 -89.79398349524385 1.6
endloop
endfacet
facet normal 0 0 1
outer loop
vertex 147.46530579589626 -89.99852299905604 1.6
vertex 147.5348014429461 -89.79398349524385 1.6
vertex 147.55265534680495 -89.68613525146193 1.6
endloop
endfacet
facet normal 0 0 1
outer loop
vertex 147.46530579589626 -89.99852299905604 1.6
vertex 147.55265534680495 -89.68613525146193 1.6
vertex 147.5586306500001 -89.57698260000521 1.6
endloop
endfacet
facet normal 0 0 1
outer loop
vertex 147.46530579589626 -89.99852299905604 1.6
vertex 147.5586306500001 -89.57698260000521 1.6
vertex 147.5586306601935 -89.47986259709708 1.6
endloop
endfacet
facet normal 0 0 1
outer loop
vertex 147.46530579589626 -89.99852299905604 1.6
vertex 147.5586306601935 -89.47986259709708 1.6
vertex 55.44278259753335 -89.47986259709708 1.6
endloop
endfacet
facet normal 0 0 1
outer loop
vertex 147.46530579589626 -89.99852299905604 1.6
vertex 55.44278259753335 -89.47986259709708 1.6
vertex 55.16555283690958 -89.99852299905604 1.6
endloop
endfacet
facet normal 0 0 1
outer loop
vertex 49.899505402466886 -89.47986259709708 1.6
vertex 49.72878815879098 -88.91708326605115 1.6
vertex 32.64008235386251 -88.91708326605115 1.6
endloop
endfacet
facet normal 0 0 1
outer loop
vertex 49.899505402466886 -89.47986259709708 1.6
vertex 32.64008235386251 -88.91708326605115 1.6
vertex 32.79087867922687 -89.47986259709708 1.6
endloop
endfacet
facet normal 0 0 1
outer loop
vertex 147.5586306601935 -89.47986259709708 1.6
vertex 147.55863071926095 -88.91708326605115 1.6
vertex 55.61349984120929 -88.91708326605115 1.6
endloop
endfacet
facet normal 0 0 1
outer loop
vertex 147.5586306601935 -89.47986259709708 1.6
vertex 55.61349984120929 -88.91708326605115 1.6
vertex 55.44278259753335 -89.47986259709708 1.6
endloop
endfacet
facet normal 0 0 1
outer loop
vertex 49.72878815879098 -88.91708326605115 1.6
vertex 49.671144000000005 -88.33181229999651 1.6
vertex 32.48325941073938 -88.33181229999651 1.6
endloop
endfacet
facet normal 0 0 1
outer loop
vertex 49.72878815879098 -88.91708326605115 1.6
vertex 32.48325941073938 -88.33181229999651 1.6
vertex 32.64008235386251 -88.91708326605115 1.6
endloop
endfacet
facet normal 0 0 1
outer loop
vertex 147.55863071926095 -88.91708326605115 1.6
vertex 147.55863078068904 -88.33181229999651 1.6
vertex 55.67114400000009 -88.33181229999651 1.6
endloop
endfacet
facet normal 0 0 1
outer loop
vertex 147.55863071926095 -88.91708326605115 1.6
vertex 55.67114400000009 -88.33181229999651 1.6
vertex 55.61349984120929 -88.91708326605115 1.6
endloop
endfacet
facet normal 0 0 1
outer loop
vertex 49.671144000000005 -88.33181229999651 1.6
vertex 49.72878815878966 -87.74654133395441 1.6
vertex 32.32643646761961 -87.74654133395441 1.6
endloop
endfacet
facet normal 0 0 1
outer loop
vertex 49.671144000000005 -88.33181229999651 1.6
vertex 32.32643646761961 -87.74654133395441 1.6
vertex 32.48325941073938 -88.33181229999651 1.6
endloop
endfacet
facet normal 0 0 1
outer loop
vertex 147.55863078068904 -88.33181229999651 1.6
vertex 147.55863084211717 -87.74654133395441 1.6
vertex 55.61349984121039 -87.74654133395441 1.6
endloop
endfacet
facet normal 0 0 1
outer loop
vertex 147.55863078068904 -88.33181229999651 1.6
vertex 55.61349984121039 -87.74654133395441 1.6
vertex 55.67114400000009 -88.33181229999651 1.6
endloop
endfacet
facet normal 0 0 1
outer loop
vertex 49.72878815878966 -87.74654133395441 1.6
vertex 49.89950540246603 -87.18376200290162 1.6
vertex 32.175640142253414 -87.18376200290162 1.6
endloop
endfacet
facet normal 0 0 1
outer loop
vertex 49.72878815878966 -87.74654133395441 1.6
vertex 32.175640142253414 -87.18376200290162 1.6
vertex 32.32643646761961 -87.74654133395441 1.6
endloop
endfacet
facet normal 0 0 1
outer loop
vertex 147.55863084211717 -87.74654133395441 1.6
vertex 147.5586309011846 -87.18376200290162 1.6
vertex 55.44278259753277 -87.18376200290162 1.6
endloop
endfacet
facet normal 0 0 1
outer loop
vertex 147.55863084211717 -87.74654133395441 1.6
vertex 55.44278259753277 -87.18376200290162 1.6
vertex 55.61349984121039 -87.74654133395441 1.6
endloop
endfacet
facet normal 0 0 1
outer loop
vertex 49.89950540246603 -87.18376200290162 1.6
vertex 50.17673516309386 -86.66510160094208 1.6
vertex 32.03666545286291 -86.66510160094208 1.6
endloop
endfacet
facet normal 0 0 1
outer loop
vertex 49.89950540246603 -87.18376200290162 1.6
vertex 32.03666545286291 -86.66510160094208 1.6
vertex 32.175640142253414 -87.18376200290162 1.6
endloop
endfacet
facet normal 0 0 1
outer loop
vertex 147.5586309011846 -87.18376200290162 1.6
vertex 147.55863095562148 -86.66510160094208 1.6
vertex 55.16555283690868 -86.66510160094208 1.6
endloop
endfacet
facet normal 0 0 1
outer loop
vertex 147.5586309011846 -87.18376200290162 1.6
vertex 55.16555283690868 -86.66510160094208 1.6
vertex 55.44278259753277 -87.18376200290162 1.6
endloop
endfacet
facet normal 0 0 1
outer loop
vertex 50.17673516309386 -86.66510160094208 1.6
vertex 50.549823656440196 -86.21049195644143 1.6
vertex 31.914853118819853 -86.21049195644143 1.6
endloop
endfacet
facet normal 0 0 1
outer loop
vertex 50.17673516309386 -86.66510160094208 1.6
vertex 31.914853118819853 -86.21049195644143 1.6
vertex 32.03666545286291 -86.66510160094208 1.6
endloop
endfacet
facet normal 0 0 1
outer loop
vertex 147.55863095562148 -86.66510160094208 1.6
vertex 147.5586310033358 -86.21049195644143 1.6
vertex 54.792464343560844 -86.21049195644143 1.6
endloop
endfacet
facet normal 0 0 1
outer loop
vertex 147.55863095562148 -86.66510160094208 1.6
vertex 54.792464343560844 -86.21049195644143 1.6
vertex 55.16555283690868 -86.66510160094208 1.6
endloop
endfacet
facet normal 0 0 1
outer loop
vertex 50.549823656440196 -86.21049195644143 1.6
vertex 51.004433300940576 -85.83740346309241 1.6
vertex 31.814884319809064 -85.83740346309241 1.6
endloop
endfacet
facet normal 0 0 1
outer loop
vertex 50.549823656440196 -86.21049195644143 1.6
vertex 31.814884319809064 -85.83740346309241 1.6
vertex 31.914853118819853 -86.21049195644143 1.6
endloop
endfacet
facet normal 0 0 1
outer loop
vertex 147.5586310033358 -86.21049195644143 1.6
vertex 147.55863104249394 -85.83740346309241 1.6
vertex 54.337854699058745 -85.83740346309241 1.6
endloop
endfacet
facet normal 0 0 1
outer loop
vertex 147.5586310033358 -86.21049195644143 1.6
vertex 54.337854699058745 -85.83740346309241 1.6
vertex 54.792464343560844 -86.21049195644143 1.6
endloop
endfacet
facet normal 0 0 1
outer loop
vertex 51.004433300940576 -85.83740346309241 1.6
vertex 51.52309370290455 -85.5601737024668 1.6
vertex 31.74060080071413 -85.5601737024668 1.6
endloop
endfacet
facet normal 0 0 1
outer loop
vertex 51.004433300940576 -85.83740346309241 1.6
vertex 31.74060080071413 -85.5601737024668 1.6
vertex 31.814884319809064 -85.83740346309241 1.6
endloop
endfacet
facet normal 0 0 1
outer loop
vertex 147.55863104249394 -85.83740346309241 1.6
vertex 147.55863107159104 -85.5601737024668 1.6
vertex 53.81919429709637 -85.5601737024668 1.6
endloop
endfacet
facet normal 0 0 1
outer loop
vertex 147.55863104249394 -85.83740346309241 1.6
vertex 53.81919429709637 -85.5601737024668 1.6
vertex 54.337854699058745 -85.83740346309241 1.6
endloop
endfacet
facet normal 0 0 1
outer loop
vertex 51.52309370290455 -85.5601737024668 1.6
vertex 52.08587303395137 -85.38945645878933 1.6
vertex 31.694857235514164 -85.38945645878933 1.6
endloop
endfacet
facet normal 0 0 1
outer loop
vertex 51.52309370290455 -85.5601737024668 1.6
vertex 31.694857235514164 -85.38945645878933 1.6
vertex 31.74060080071413 -85.5601737024668 1.6
endloop
endfacet
facet normal 0 0 1
outer loop
vertex 147.55863107159104 -85.5601737024668 1.6
vertex 147.55863108950896 -85.38945645878933 1.6
vertex 53.25641496604405 -85.38945645878933 1.6
endloop
endfacet
facet normal 0 0 1
outer loop
vertex 147.55863107159104 -85.5601737024668 1.6
vertex 53.25641496604405 -85.38945645878933 1.6
vertex 53.81919429709637 -85.5601737024668 1.6
endloop
endfacet
facet normal 0 0 1
outer loop
vertex 52.08587303395137 -85.38945645878933 1.6
vertex 52.67114400000387 -85.33181229999981 1.6
vertex 31.67941152376774 -85.33181229999981 1.6
endloop
endfacet
facet normal 0 0 1
outer loop
vertex 52.08587303395137 -85.38945645878933 1.6
vertex 31.67941152376774 -85.33181229999981 1.6
vertex 31.694857235514164 -85.38945645878933 1.6
endloop
endfacet
facet normal 0 0 1
outer loop
vertex 147.55863108950896 -85.38945645878933 1.6
vertex 147.5586310955591 -85.33181229999981 1.6
vertex 52.67114400000387 -85.33181229999981 1.6
endloop
endfacet
facet normal 0 0 1
outer loop
vertex 147.55863108950896 -85.38945645878933 1.6
vertex 52.67114400000387 -85.33181229999981 1.6
vertex 53.25641496604405 -85.38945645878933 1.6
endloop
endfacet
facet normal 0 0 1
outer loop
vertex 52.67114400000387 -85.33181229999981 1.6
vertex 147.5586310955591 -85.33181229999981 1.6
vertex 147.5586321892853 -74.91107330000003 1.6
endloop
endfacet
facet normal 0 0 1
outer loop
vertex 52.67114400000387 -85.33181229999981 1.6
vertex 147.5586321892853 -74.91107330000003 1.6
vertex 48.27122020000239 -74.91107330000003 1.6
endloop
endfacet
facet normal 0 0 1
outer loop
vertex 52.67114400000387 -85.33181229999981 1.6
vertex 48.27122020000239 -74.91107330000003 1.6
vertex 28.887181848487078 -74.91107330000003 1.6
endloop
endfacet
facet normal 0 0 1
outer loop
vertex 52.67114400000387 -85.33181229999981 1.6
vertex 28.887181848487078 -74.91107330000003 1.6
vertex 31.67941152376774 -85.33181229999981 1.6
endloop
endfacet
facet normal 0 0 1
outer loop
vertex 48.27122020000239 -74.91107330000003 1.6
vertex 47.68594923395094 -74.85342914120942 1.6
vertex 28.871736136740363 -74.85342914120942 1.6
endloop
endfacet
facet normal 0 0 1
outer loop
vertex 48.27122020000239 -74.91107330000003 1.6
vertex 28.871736136740363 -74.85342914120942 1.6
vertex 28.887181848487078 -74.91107330000003 1.6
endloop
endfacet
facet normal 0 0 1
outer loop
vertex 147.5586321892853 -74.91107330000003 1.6
vertex 147.55863219533543 -74.85342914120942 1.6
vertex 48.85649116605376 -74.85342914120942 1.6
endloop
endfacet
facet normal 0 0 1
outer loop
vertex 147.5586321892853 -74.91107330000003 1.6
vertex 48.85649116605376 -74.85342914120942 1.6
vertex 48.27122020000239 -74.91107330000003 1.6
endloop
endfacet
facet normal 0 0 1
outer loop
vertex 47.68594923395094 -74.85342914120942 1.6
vertex 47.12316990290351 -74.68271189753342 1.6
vertex 28.82599257154079 -74.68271189753342 1.6
endloop
endfacet
facet normal 0 0 1
outer loop
vertex 47.68594923395094 -74.85342914120942 1.6
vertex 28.82599257154079 -74.68271189753342 1.6
vertex 28.871736136740363 -74.85342914120942 1.6
endloop
endfacet
facet normal 0 0 1
outer loop
vertex 147.55863219533543 -74.85342914120942 1.6
vertex 147.55863221325336 -74.68271189753342 1.6
vertex 49.41927049709568 -74.68271189753342 1.6
endloop
endfacet
facet normal 0 0 1
outer loop
vertex 147.55863219533543 -74.85342914120942 1.6
vertex 49.41927049709568 -74.68271189753342 1.6
vertex 48.85649116605376 -74.85342914120942 1.6
endloop
endfacet
facet normal 0 0 1
outer loop
vertex 47.12316990290351 -74.68271189753342 1.6
vertex 46.60450950094155 -74.40548213690803 1.6
vertex 28.751709052445918 -74.40548213690803 1.6
endloop
endfacet
facet normal 0 0 1
outer loop
vertex 47.12316990290351 -74.68271189753342 1.6
vertex 28.751709052445918 -74.40548213690803 1.6
vertex 28.82599257154079 -74.68271189753342 1.6
endloop
endfacet
facet normal 0 0 1
outer loop
vertex 147.55863221325336 -74.68271189753342 1.6
vertex 147.55863224235048 -74.40548213690803 1.6
vertex 49.93793089905743 -74.40548213690803 1.6
endloop
endfacet
facet normal 0 0 1
outer loop
vertex 147.55863221325336 -74.68271189753342 1.6
vertex 49.93793089905743 -74.40548213690803 1.6
vertex 49.41927049709568 -74.68271189753342 1.6
endloop
endfacet
facet normal 0 0 1
outer loop
vertex 46.60450950094155 -74.40548213690803 1.6
vertex 46.149899856441415 -74.03239364356062 1.6
vertex 28.65174025343556 -74.03239364356062 1.6
endloop
endfacet
facet normal 0 0 1
outer loop
vertex 46.60450950094155 -74.40548213690803 1.6
vertex 28.65174025343556 -74.03239364356062 1.6
vertex 28.751709052445918 -74.40548213690803 1.6
endloop
endfacet
facet normal 0 0 1
outer loop
vertex 147.55863224235048 -74.40548213690803 1.6
vertex 147.5586322815086 -74.03239364356062 1.6
vertex 50.392540543558404 -74.03239364356062 1.6
endloop
endfacet
facet normal 0 0 1
outer loop
vertex 147.55863224235048 -74.40548213690803 1.6
vertex 50.392540543558404 -74.03239364356062 1.6
vertex 49.93793089905743 -74.40548213690803 1.6
endloop
endfacet
facet normal 0 0 1
outer loop
vertex 46.149899856441415 -74.03239364356062 1.6
vertex 45.77681136308977 -73.57778399905534 1.6
vertex 28.52992791939126 -73.57778399905534 1.6
endloop
endfacet
facet normal 0 0 1
outer loop
vertex 46.149899856441415 -74.03239364356062 1.6
vertex 28.52992791939126 -73.57778399905534 1.6
vertex 28.65174025343556 -74.03239364356062 1.6
endloop
endfacet
facet normal 0 0 1
outer loop
vertex 147.5586322815086 -74.03239364356062 1.6
vertex 147.55863232922292 -73.57778399905534 1.6
vertex 50.765629036910724 -73.57778399905534 1.6
endloop
endfacet
facet normal 0 0 1
outer loop
vertex 147.5586322815086 -74.03239364356062 1.6
vertex 50.765629036910724 -73.57778399905534 1.6
vertex 50.392540543558404 -74.03239364356062 1.6
endloop
endfacet
facet normal 0 0 1
outer loop
vertex 45.77681136308977 -73.57778399905534 1.6
vertex 45.49958160246757 -73.05912359709932 1.6
vertex 28.390953230001703 -73.05912359709932 1.6
endloop
endfacet
facet normal 0 0 1
outer loop
vertex 45.77681136308977 -73.57778399905534 1.6
vertex 28.390953230001703 -73.05912359709932 1.6
vertex 28.52992791939126 -73.57778399905534 1.6
endloop
endfacet
facet normal 0 0 1
outer loop
vertex 147.55863232922292 -73.57778399905534 1.6
vertex 147.5586323836598 -73.05912359709932 1.6
vertex 51.04285879753173 -73.05912359709932 1.6
endloop
endfacet
facet normal 0 0 1
outer loop
vertex 147.55863232922292 -73.57778399905534 1.6
vertex 51.04285879753173 -73.05912359709932 1.6
vertex 50.765629036910724 -73.57778399905534 1.6
endloop
endfacet
facet normal 0 0 1
outer loop
vertex 45.49958160246757 -73.05912359709932 1.6
vertex 45.328864358790604 -72.49634426604871 1.6
vertex 28.240156904636088 -72.49634426604871 1.6
endloop
endfacet
facet normal 0 0 1
outer loop
vertex 45.49958160246757 -73.05912359709932 1.6
vertex 28.240156904636088 -72.49634426604871 1.6
vertex 28.390953230001703 -73.05912359709932 1.6
endloop
endfacet
facet normal 0 0 1
outer loop
vertex 147.5586323836598 -73.05912359709932 1.6
vertex 147.55863244272726 -72.49634426604871 1.6
vertex 51.21357604120932 -72.49634426604871 1.6
endloop
endfacet
facet normal 0 0 1
outer loop
vertex 147.5586323836598 -73.05912359709932 1.6
vertex 51.21357604120932 -72.49634426604871 1.6
vertex 51.04285879753173 -73.05912359709932 1.6
endloop
endfacet
facet normal 0 0 1
outer loop
vertex 45.328864358790604 -72.49634426604871 1.6
vertex 45.27122020000002 -71.91107329999754 1.6
vertex 28.08333396151389 -71.91107329999754 1.6
endloop
endfacet
facet normal 0 0 1
outer loop
vertex 45.328864358790604 -72.49634426604871 1.6
vertex 28.08333396151389 -71.91107329999754 1.6
vertex 28.240156904636088 -72.49634426604871 1.6
endloop
endfacet
facet normal 0 0 1
outer loop
vertex 147.55863244272726 -72.49634426604871 1.6
vertex 147.55863250415536 -71.91107329999754 1.6
vertex 51.27122020000002 -71.91107329999754 1.6
endloop
endfacet
facet normal 0 0 1
outer loop
vertex 147.55863244272726 -72.49634426604871 1.6
vertex 51.27122020000002 -71.91107329999754 1.6
vertex 51.21357604120932 -72.49634426604871 1.6
endloop
endfacet
facet normal 0 0 1
outer loop
vertex 45.27122020000002 -71.91107329999754 1.6
vertex 45.32886435878995 -71.32580233395355 1.6
vertex 27.92651101839361 -71.32580233395355 1.6
endloop
endfacet
facet normal 0 0 1
outer loop
vertex 45.27122020000002 -71.91107329999754 1.6
vertex 27.92651101839361 -71.32580233395355 1.6
vertex 28.08333396151389 -71.91107329999754 1.6
endloop
endfacet
facet normal 0 0 1
outer loop
vertex 147.55863250415536 -71.91107329999754 1.6
vertex 147.55863256558345 -71.32580233395355 1.6
vertex 51.213576041210146 -71.32580233395355 1.6
endloop
endfacet
facet normal 0 0 1
outer loop
vertex 147.55863250415536 -71.91107329999754 1.6
vertex 51.213576041210146 -71.32580233395355 1.6
vertex 51.27122020000002 -71.91107329999754 1.6
endloop
endfacet
facet normal 0 0 1
outer loop
vertex 45.32886435878995 -71.32580233395355 1.6
vertex 45.499581602465916 -70.76302300290237 1.6
vertex 27.775714693027847 -70.76302300290237 1.6
endloop
endfacet
facet normal 0 0 1
outer loop
vertex 45.32886435878995 -71.32580233395355 1.6
vertex 27.775714693027847 -70.76302300290237 1.6
vertex 27.92651101839361 -71.32580233395355 1.6
endloop
endfacet
facet normal 0 0 1
outer loop
vertex 147.55863256558345 -71.32580233395355 1.6
vertex 147.5586326246509 -70.76302300290237 1.6
vertex 51.042858797533015 -70.76302300290237 1.6
endloop
endfacet
facet normal 0 0 1
outer loop
vertex 147.55863256558345 -71.32580233395355 1.6
vertex 51.042858797533015 -70.76302300290237 1.6
vertex 51.213576041210146 -71.32580233395355 1.6
endloop
endfacet
facet normal 0 0 1
outer loop
vertex 147.5586326246509 -70.76302300290237 1.6
vertex 147.5586326655571 -70.37327950000034 1.6
vertex 107.42433410000066 -70.37327950000034 1.6
endloop
endfacet
facet normal 0 0 1
outer loop
vertex 147.5586326246509 -70.76302300290237 1.6
vertex 107.42433410000066 -70.37327950000034 1.6
vertex 50.83453655506741 -70.37327950000034 1.6
endloop
endfacet
facet normal 0 0 1
outer loop
vertex 147.5586326246509 -70.76302300290237 1.6
vertex 50.83453655506741 -70.37327950000034 1.6
vertex 51.042858797533015 -70.76302300290237 1.6
endloop
endfacet
facet normal 0 0 1
outer loop
vertex 107.42433410000066 -70.37327950000034 1.6
vertex 106.83906313395116 -70.31563534120991 1.6
vertex 50.803725110271415 -70.31563534120991 1.6
endloop
endfacet
facet normal 0 0 1
outer loop
vertex 107.42433410000066 -70.37327950000034 1.6
vertex 50.803725110271415 -70.31563534120991 1.6
vertex 50.83453655506741 -70.37327950000034 1.6
endloop
endfacet
facet normal 0 0 1
outer loop
vertex 147.5586326655571 -70.37327950000034 1.6
vertex 147.55863267160723 -70.31563534120991 1.6
vertex 108.00960506605013 -70.31563534120991 1.6
endloop
endfacet
facet normal 0 0 1
outer loop
vertex 147.5586326655571 -70.37327950000034 1.6
vertex 108.00960506605013 -70.31563534120991 1.6
vertex 107.42433410000066 -70.37327950000034 1.6
endloop
endfacet
facet normal 0 0 1
outer loop
vertex 45.499581602465916 -70.76302300290237 1.6
vertex 45.7768113630933 -70.24436260094306 1.6
vertex 27.63674000363741 -70.24436260094306 1.6
endloop
endfacet
facet normal 0 0 1
outer loop
vertex 45.499581602465916 -70.76302300290237 1.6
vertex 27.63674000363741 -70.24436260094306 1.6
vertex 27.775714693027847 -70.76302300290237 1.6
endloop
endfacet
facet normal 0 0 1
outer loop
vertex 106.83906313395116 -70.31563534120991 1.6
vertex 106.60410839695092 -70.24436260094306 1.6
vertex 50.765629036909054 -70.24436260094306 1.6
endloop
endfacet
facet normal 0 0 1
outer loop
vertex 106.83906313395116 -70.31563534120991 1.6
vertex 50.765629036909054 -70.24436260094306 1.6
vertex 50.803725110271415 -70.31563534120991 1.6
endloop
endfacet
facet normal 0 0 1
outer loop
vertex 106.60410839695092 -70.24436260094306 1.6
vertex 106.27628380290528 -70.14491809753484 1.6
vertex 50.684017042097445 -70.14491809753484 1.6
endloop
endfacet
facet normal 0 0 1
outer loop
vertex 106.60410839695092 -70.24436260094306 1.6
vertex 50.684017042097445 -70.14491809753484 1.6
vertex 50.765629036909054 -70.24436260094306 1.6
endloop
endfacet
facet normal 0 0 1
outer loop
vertex 147.55863267160723 -70.31563534120991 1.6
vertex 147.55863268952515 -70.14491809753484 1.6
vertex 108.5723843970934 -70.14491809753484 1.6
endloop
endfacet
facet normal 0 0 1
outer loop
vertex 147.55863267160723 -70.31563534120991 1.6
vertex 108.5723843970934 -70.14491809753484 1.6
vertex 108.00960506605013 -70.31563534120991 1.6
endloop
endfacet
facet normal 0 0 1
outer loop
vertex 106.27628380290528 -70.14491809753484 1.6
vertex 105.7576234009432 -69.8676883369083 1.6
vertex 50.45650045736474 -69.8676883369083 1.6
endloop
endfacet
facet normal 0 0 1
outer loop
vertex 106.27628380290528 -70.14491809753484 1.6
vertex 50.45650045736474 -69.8676883369083 1.6
vertex 50.684017042097445 -70.14491809753484 1.6
endloop
endfacet
facet normal 0 0 1
outer loop
vertex 147.55863268952515 -70.14491809753484 1.6
vertex 147.55863271862228 -69.8676883369083 1.6
vertex 109.09104479905754 -69.8676883369083 1.6
endloop
endfacet
facet normal 0 0 1
outer loop
vertex 147.55863268952515 -70.14491809753484 1.6
vertex 109.09104479905754 -69.8676883369083 1.6
vertex 108.5723843970934 -70.14491809753484 1.6
endloop
endfacet
facet normal 0 0 1
outer loop
vertex 45.7768113630933 -70.24436260094306 1.6
vertex 46.149899856440484 -69.78975295643976 1.6
vertex 27.51492766959364 -69.78975295643976 1.6
endloop
endfacet
facet normal 0 0 1
outer loop
vertex 45.7768113630933 -70.24436260094306 1.6
vertex 27.51492766959364 -69.78975295643976 1.6
vertex 27.63674000363741 -70.24436260094306 1.6
endloop
endfacet
facet normal 0 0 1
outer loop
vertex 105.7576234009432 -69.8676883369083 1.6
vertex 105.66265886507654 -69.78975295643976 1.6
vertex 50.39254054355904 -69.78975295643976 1.6
endloop
endfacet
facet normal 0 0 1
outer loop
vertex 105.7576234009432 -69.8676883369083 1.6
vertex 50.39254054355904 -69.78975295643976 1.6
vertex 50.45650045736474 -69.8676883369083 1.6
endloop
endfacet
facet normal 0 0 1
outer loop
vertex 105.66265886507654 -69.78975295643976 1.6
vertex 105.30301375644353 -69.49459984355813 1.6
vertex 50.03289543492452 -69.49459984355813 1.6
endloop
endfacet
facet normal 0 0 1
outer loop
vertex 105.66265886507654 -69.78975295643976 1.6
vertex 50.03289543492452 -69.49459984355813 1.6
vertex 50.39254054355904 -69.78975295643976 1.6
endloop
endfacet
facet normal 0 0 1
outer loop
vertex 147.55863271862228 -69.8676883369083 1.6
vertex 147.5586327577804 -69.49459984355813 1.6
vertex 109.54565444356102 -69.49459984355813 1.6
endloop
endfacet
facet normal 0 0 1
outer loop
vertex 147.55863271862228 -69.8676883369083 1.6
vertex 109.54565444356102 -69.49459984355813 1.6
vertex 109.09104479905754 -69.8676883369083 1.6
endloop
endfacet
facet normal 0 0 1
outer loop
vertex 46.149899856440484 -69.78975295643976 1.6
vertex 46.604509500940416 -69.4166644630928 1.6
vertex 27.4149588705834 -69.4166644630928 1.6
endloop
endfacet
facet normal 0 0 1
outer loop
vertex 46.149899856440484 -69.78975295643976 1.6
vertex 27.4149588705834 -69.4166644630928 1.6
vertex 27.51492766959364 -69.78975295643976 1.6
endloop
endfacet
facet normal 0 0 1
outer loop
vertex 105.30301375644353 -69.49459984355813 1.6
vertex 105.23905384263396 -69.4166644630928 1.6
vertex 49.93793089905947 -69.4166644630928 1.6
endloop
endfacet
facet normal 0 0 1
outer loop
vertex 105.30301375644353 -69.49459984355813 1.6
vertex 49.93793089905947 -69.4166644630928 1.6
vertex 50.03289543492452 -69.49459984355813 1.6
endloop
endfacet
facet normal 0 0 1
outer loop
vertex 46.604509500940416 -69.4166644630928 1.6
vertex 47.12316990290526 -69.1394347024669 1.6
vertex 27.340675351488393 -69.1394347024669 1.6
endloop
endfacet
facet normal 0 0 1
outer loop
vertex 46.604509500940416 -69.4166644630928 1.6
vertex 27.340675351488393 -69.1394347024669 1.6
vertex 27.4149588705834 -69.4166644630928 1.6
endloop
endfacet
facet normal 0 0 1
outer loop
vertex 105.23905384263396 -69.4166644630928 1.6
vertex 105.01153725790113 -69.1394347024669 1.6
vertex 49.41927049709655 -69.1394347024669 1.6
endloop
endfacet
facet normal 0 0 1
outer loop
vertex 105.23905384263396 -69.4166644630928 1.6
vertex 49.41927049709655 -69.1394347024669 1.6
vertex 49.93793089905947 -69.4166644630928 1.6
endloop
endfacet
facet normal 0 0 1
outer loop
vertex 105.01153725790113 -69.1394347024669 1.6
vertex 104.9299252630901 -69.03999019905967 1.6
vertex 49.09144590305564 -69.03999019905967 1.6
endloop
endfacet
facet normal 0 0 1
outer loop
vertex 105.01153725790113 -69.1394347024669 1.6
vertex 49.09144590305564 -69.03999019905967 1.6
vertex 49.41927049709655 -69.1394347024669 1.6
endloop
endfacet
facet normal 0 0 1
outer loop
vertex 147.5586327577804 -69.49459984355813 1.6
vertex 147.5586328054947 -69.03999019905967 1.6
vertex 109.91874293690707 -69.03999019905967 1.6
endloop
endfacet
facet normal 0 0 1
outer loop
vertex 147.5586327577804 -69.49459984355813 1.6
vertex 109.91874293690707 -69.03999019905967 1.6
vertex 109.54565444356102 -69.49459984355813 1.6
endloop
endfacet
facet normal 0 0 1
outer loop
vertex 47.12316990290526 -69.1394347024669 1.6
vertex 47.685949233951575 -68.9687174587901 1.6
vertex 27.2949317862886 -68.9687174587901 1.6
endloop
endfacet
facet normal 0 0 1
outer loop
vertex 47.12316990290526 -69.1394347024669 1.6
vertex 27.2949317862886 -68.9687174587901 1.6
vertex 27.340675351488393 -69.1394347024669 1.6
endloop
endfacet
facet normal 0 0 1
outer loop
vertex 104.9299252630901 -69.03999019905967 1.6
vertex 104.89182918972855 -68.9687174587901 1.6
vertex 48.856491166046425 -68.9687174587901 1.6
endloop
endfacet
facet normal 0 0 1
outer loop
vertex 104.9299252630901 -69.03999019905967 1.6
vertex 48.856491166046425 -68.9687174587901 1.6
vertex 49.09144590305564 -69.03999019905967 1.6
endloop
endfacet
facet normal 0 0 1
outer loop
vertex 47.685949233951575 -68.9687174587901 1.6
vertex 48.27122020000082 -68.91107330000006 1.6
vertex 27.27948607454204 -68.91107330000006 1.6
endloop
endfacet
facet normal 0 0 1
outer loop
vertex 47.685949233951575 -68.9687174587901 1.6
vertex 27.27948607454204 -68.91107330000006 1.6
vertex 27.2949317862886 -68.9687174587901 1.6
endloop
endfacet
facet normal 0 0 1
outer loop
vertex 104.89182918972855 -68.9687174587901 1.6
vertex 104.86101774493275 -68.91107330000006 1.6
vertex 48.27122020000082 -68.91107330000006 1.6
endloop
endfacet
facet normal 0 0 1
outer loop
vertex 104.89182918972855 -68.9687174587901 1.6
vertex 48.27122020000082 -68.91107330000006 1.6
vertex 48.856491166046425 -68.9687174587901 1.6
endloop
endfacet
facet normal 0 0 1
outer loop
vertex 48.27122020000082 -68.91107330000006 1.6
vertex 104.86101774493275 -68.91107330000006 1.6
vertex 104.65269550246501 -68.52132979709413 1.6
endloop
endfacet
facet normal 0 0 1
outer loop
vertex 48.27122020000082 -68.91107330000006 1.6
vertex 104.65269550246501 -68.52132979709413 1.6
vertex 27.175054577451306 -68.52132979709413 1.6
endloop
endfacet
facet normal 0 0 1
outer loop
vertex 48.27122020000082 -68.91107330000006 1.6
vertex 27.175054577451306 -68.52132979709413 1.6
vertex 27.27948607454204 -68.91107330000006 1.6
endloop
endfacet
facet normal 0 0 1
outer loop
vertex 147.5586328054947 -69.03999019905967 1.6
vertex 147.55863285993158 -68.52132979709413 1.6
vertex 110.19597269753437 -68.52132979709413 1.6
endloop
endfacet
facet normal 0 0 1
outer loop
vertex 147.5586328054947 -69.03999019905967 1.6
vertex 110.19597269753437 -68.52132979709413 1.6
vertex 109.91874293690707 -69.03999019905967 1.6
endloop
endfacet
facet normal 0 0 1
outer loop
vertex 104.65269550246501 -68.52132979709413 1.6
vertex 104.48197825879014 -67.95855046604854 1.6
vertex 27.024258252087037 -67.95855046604854 1.6
endloop
endfacet
facet normal 0 0 1
outer loop
vertex 104.65269550246501 -68.52132979709413 1.6
vertex 27.024258252087037 -67.95855046604854 1.6
vertex 27.175054577451306 -68.52132979709413 1.6
endloop
endfacet
facet normal 0 0 1
outer loop
vertex 147.55863285993158 -68.52132979709413 1.6
vertex 147.55863291899905 -67.95855046604854 1.6
vertex 110.36668994120978 -67.95855046604854 1.6
endloop
endfacet
facet normal 0 0 1
outer loop
vertex 147.55863285993158 -68.52132979709413 1.6
vertex 110.36668994120978 -67.95855046604854 1.6
vertex 110.19597269753437 -68.52132979709413 1.6
endloop
endfacet
facet normal 0 0 1
outer loop
vertex 104.48197825879014 -67.95855046604854 1.6
vertex 104.42433410000001 -67.37327950000144 1.6
vertex 26.86743530896593 -67.37327950000144 1.6
endloop
endfacet
facet normal 0 0 1
outer loop
vertex 104.48197825879014 -67.95855046604854 1.6
vertex 26.86743530896593 -67.37327950000144 1.6
vertex 27.024258252087037 -67.95855046604854 1.6
endloop
endfacet
facet normal 0 0 1
outer loop
vertex 147.55863291899905 -67.95855046604854 1.6
vertex 147.55863298042715 -67.37327950000144 1.6
vertex 110.42433409999997 -67.37327950000144 1.6
endloop
endfacet
facet normal 0 0 1
outer loop
vertex 147.55863291899905 -67.95855046604854 1.6
vertex 110.42433409999997 -67.37327950000144 1.6
vertex 110.36668994120978 -67.95855046604854 1.6
endloop
endfacet
facet normal 0 0 1
outer loop
vertex 104.42433410000001 -67.37327950000144 1.6
vertex 104.48197825879066 -66.78800853395308 1.6
vertex 26.71061236584448 -66.78800853395308 1.6
endloop
endfacet
facet normal 0 0 1
outer loop
vertex 104.42433410000001 -67.37327950000144 1.6
vertex 26.71061236584448 -66.78800853395308 1.6
vertex 26.86743530896593 -67.37327950000144 1.6
endloop
endfacet
facet normal 0 0 1
outer loop
vertex 147.55863298042715 -67.37327950000144 1.6
vertex 147.55863304185524 -66.78800853395308 1.6
vertex 110.36668994120966 -66.78800853395308 1.6
endloop
endfacet
facet normal 0 0 1
outer loop
vertex 147.55863298042715 -67.37327950000144 1.6
vertex 110.36668994120966 -66.78800853395308 1.6
vertex 110.42433409999997 -67.37327950000144 1.6
endloop
endfacet
facet normal 0 0 1
outer loop
vertex 104.48197825879066 -66.78800853395308 1.6
vertex 104.6526955024666 -66.22522920290659 1.6
vertex 26.559816040479973 -66.22522920290659 1.6
endloop
endfacet
facet normal 0 0 1
outer loop
vertex 104.48197825879066 -66.78800853395308 1.6
vertex 26.559816040479973 -66.22522920290659 1.6
vertex 26.71061236584448 -66.78800853395308 1.6
endloop
endfacet
facet normal 0 0 1
outer loop
vertex 147.55863304185524 -66.78800853395308 1.6
vertex 147.5586331009227 -66.22522920290659 1.6
vertex 110.19597269753396 -66.22522920290659 1.6
endloop
endfacet
facet normal 0 0 1
outer loop
vertex 147.55863304185524 -66.78800853395308 1.6
vertex 110.19597269753396 -66.22522920290659 1.6
vertex 110.36668994120966 -66.78800853395308 1.6
endloop
endfacet
facet normal 0 0 1
outer loop
vertex 104.6526955024666 -66.22522920290659 1.6
vertex 104.92992526309182 -65.70656880094255 1.6
vertex 26.420841351088267 -65.70656880094255 1.6
endloop
endfacet
facet normal 0 0 1
outer loop
vertex 104.6526955024666 -66.22522920290659 1.6
vertex 26.420841351088267 -65.70656880094255 1.6
vertex 26.559816040479973 -66.22522920290659 1.6
endloop
endfacet
facet normal 0 0 1
outer loop
vertex 147.5586331009227 -66.22522920290659 1.6
vertex 147.55863315535956 -65.70656880094255 1.6
vertex 109.91874293690748 -65.70656880094255 1.6
endloop
endfacet
facet normal 0 0 1
outer loop
vertex 147.5586331009227 -66.22522920290659 1.6
vertex 109.91874293690748 -65.70656880094255 1.6
vertex 110.19597269753396 -66.22522920290659 1.6
endloop
endfacet
facet normal 0 0 1
outer loop
vertex 104.92992526309182 -65.70656880094255 1.6
vertex 105.30301375644179 -65.25195915643529 1.6
vertex 26.299029017043438 -65.25195915643529 1.6
endloop
endfacet
facet normal 0 0 1
outer loop
vertex 104.92992526309182 -65.70656880094255 1.6
vertex 26.299029017043438 -65.25195915643529 1.6
vertex 26.420841351088267 -65.70656880094255 1.6
endloop
endfacet
facet normal 0 0 1
outer loop
vertex 147.55863315535956 -65.70656880094255 1.6
vertex 147.5586332030739 -65.25195915643529 1.6
vertex 109.54565444355421 -65.25195915643529 1.6
endloop
endfacet
facet normal 0 0 1
outer loop
vertex 147.55863315535956 -65.70656880094255 1.6
vertex 109.54565444355421 -65.25195915643529 1.6
vertex 109.91874293690748 -65.70656880094255 1.6
endloop
endfacet
facet normal 0 0 1
outer loop
vertex 105.30301375644179 -65.25195915643529 1.6
vertex 105.75762340093891 -64.87887066309152 1.6
vertex 26.199060218034052 -64.87887066309152 1.6
endloop
endfacet
facet normal 0 0 1
outer loop
vertex 105.30301375644179 -65.25195915643529 1.6
vertex 26.199060218034052 -64.87887066309152 1.6
vertex 26.299029017043438 -65.25195915643529 1.6
endloop
endfacet
facet normal 0 0 1
outer loop
vertex 147.5586332030739 -65.25195915643529 1.6
vertex 147.55863324223202 -64.87887066309152 1.6
vertex 109.09104479905851 -64.87887066309152 1.6
endloop
endfacet
facet normal 0 0 1
outer loop
vertex 147.5586332030739 -65.25195915643529 1.6
vertex 109.09104479905851 -64.87887066309152 1.6
vertex 109.54565444355421 -65.25195915643529 1.6
endloop
endfacet
facet normal 0 0 1
outer loop
vertex 105.75762340093891 -64.87887066309152 1.6
vertex 106.27628380290422 -64.60164090246565 1.6
vertex 26.12477669893905 -64.60164090246565 1.6
endloop
endfacet
facet normal 0 0 1
outer loop
vertex 105.75762340093891 -64.87887066309152 1.6
vertex 26.12477669893905 -64.60164090246565 1.6
vertex 26.199060218034052 -64.87887066309152 1.6
endloop
endfacet
facet normal 0 0 1
outer loop
vertex 147.55863324223202 -64.87887066309152 1.6
vertex 147.55863327132914 -64.60164090246565 1.6
vertex 108.57238439709562 -64.60164090246565 1.6
endloop
endfacet
facet normal 0 0 1
outer loop
vertex 147.55863324223202 -64.87887066309152 1.6
vertex 108.57238439709562 -64.60164090246565 1.6
vertex 109.09104479905851 -64.87887066309152 1.6
endloop
endfacet
facet normal 0 0 1
outer loop
vertex 106.27628380290422 -64.60164090246565 1.6
vertex 106.83906313395168 -64.43092365879096 1.6
vertex 26.079033133739827 -64.43092365879096 1.6
endloop
endfacet
facet normal 0 0 1
outer loop
vertex 106.27628380290422 -64.60164090246565 1.6
vertex 26.079033133739827 -64.43092365879096 1.6
vertex 26.12477669893905 -64.60164090246565 1.6
endloop
endfacet
facet normal 0 0 1
outer loop
vertex 147.55863327132914 -64.60164090246565 1.6
vertex 147.55863328924704 -64.43092365879096 1.6
vertex 108.00960506605249 -64.43092365879096 1.6
endloop
endfacet
facet normal 0 0 1
outer loop
vertex 147.55863327132914 -64.60164090246565 1.6
vertex 108.00960506605249 -64.43092365879096 1.6
vertex 108.57238439709562 -64.60164090246565 1.6
endloop
endfacet
facet normal 0 0 1
outer loop
vertex 106.83906313395168 -64.43092365879096 1.6
vertex 107.42433410000078 -64.37327950000032 1.6
vertex 26.063587421993105 -64.37327950000032 1.6
endloop
endfacet
facet normal 0 0 1
outer loop
vertex 106.83906313395168 -64.43092365879096 1.6
vertex 26.063587421993105 -64.37327950000032 1.6
vertex 26.079033133739827 -64.43092365879096 1.6
endloop
endfacet
facet normal 0 0 1
outer loop
vertex 147.55863328924704 -64.43092365879096 1.6
vertex 147.5586332952972 -64.37327950000032 1.6
vertex 107.42433410000078 -64.37327950000032 1.6
endloop
endfacet
facet normal 0 0 1
outer loop
vertex 147.55863328924704 -64.43092365879096 1.6
vertex 107.42433410000078 -64.37327950000032 1.6
vertex 108.00960506605249 -64.43092365879096 1.6
endloop
endfacet
facet normal 0 0 1
outer loop
vertex 107.42433410000078 -64.37327950000032 1.6
vertex 147.5586332952972 -64.37327950000032 1.6
vertex 147.5586341000001 -56.70627940000671 1.6
endloop
endfacet
facet normal 0 0 1
outer loop
vertex 107.42433410000078 -64.37327950000032 1.6
vertex 147.5586341000001 -56.70627940000671 1.6
vertex 147.5434398030115 -56.53263152233052 1.6
endloop
endfacet
facet normal 0 0 1
outer loop
vertex 107.42433410000078 -64.37327950000032 1.6
vertex 147.5434398030115 -56.53263152233052 1.6
vertex 147.49832467078622 -56.364259556675584 1.6
endloop
endfacet
facet normal 0 0 1
outer loop
vertex 107.42433410000078 -64.37327950000032 1.6
vertex 147.49832467078622 -56.364259556675584 1.6
vertex 147.4246574537828 -56.206279699997026 1.6
endloop
endfacet
facet normal 0 0 1
outer loop
vertex 107.42433410000078 -64.37327950000032 1.6
vertex 147.4246574537828 -56.206279699997026 1.6
vertex 147.3246764931254 -56.063492090322 1.6
endloop
endfacet
facet normal 0 0 1
outer loop
vertex 107.42433410000078 -64.37327950000032 1.6
vertex 147.3246764931254 -56.063492090322 1.6
vertex 147.20141965967622 -55.9402352568728 1.6
endloop
endfacet
facet normal 0 0 1
outer loop
vertex 107.42433410000078 -64.37327950000032 1.6
vertex 147.20141965967622 -55.9402352568728 1.6
vertex 147.05863204999707 -55.840254296212514 1.6
endloop
endfacet
facet normal 0 0 1
outer loop
vertex 107.42433410000078 -64.37327950000032 1.6
vertex 147.05863204999707 -55.840254296212514 1.6
vertex 146.90065219333192 -55.766587079215334 1.6
endloop
endfacet
facet normal 0 0 1
outer loop
vertex 107.42433410000078 -64.37327950000032 1.6
vertex 146.90065219333192 -55.766587079215334 1.6
vertex 146.7322802276672 -55.72147194698742 1.6
endloop
endfacet
facet normal 0 0 1
outer loop
vertex 107.42433410000078 -64.37327950000032 1.6
vertex 146.7322802276672 -55.72147194698742 1.6
vertex 146.5586320500014 -55.70627822360688 1.6
endloop
endfacet
facet normal 0 0 1
outer loop
vertex 107.42433410000078 -64.37327950000032 1.6
vertex 146.5586320500014 -55.70627822360688 1.6
vertex 126.92433409999771 -55.70627822360688 1.6
endloop
endfacet
facet normal 0 0 1
outer loop
vertex 107.42433410000078 -64.37327950000032 1.6
vertex 126.92433409999771 -55.70627822360688 1.6
vertex 46.92908635552058 -55.70627822360688 1.6
endloop
endfacet
facet normal 0 0 1
outer loop
vertex 107.42433410000078 -64.37327950000032 1.6
vertex 46.92908635552058 -55.70627822360688 1.6
vertex 25.777524799997575 -61.37382200000063 1.6
endloop
endfacet
facet normal 0 0 1
outer loop
vertex 107.42433410000078 -64.37327950000032 1.6
vertex 25.777524799997575 -61.37382200000063 1.6
vertex 25.695628666027492 -61.40363400535739 1.6
endloop
endfacet
facet normal 0 0 1
outer loop
vertex 107.42433410000078 -64.37327950000032 1.6
vertex 25.695628666027492 -61.40363400535739 1.6
vertex 25.620150161430175 -61.44721054897428 1.6
endloop
endfacet
facet normal 0 0 1
outer loop
vertex 107.42433410000078 -64.37327950000032 1.6
vertex 25.620150161430175 -61.44721054897428 1.6
vertex 25.553385200882186 -61.50323161512636 1.6
endloop
endfacet
facet normal 0 0 1
outer loop
vertex 107.42433410000078 -64.37327950000032 1.6
vertex 25.553385200882186 -61.50323161512636 1.6
vertex 25.49736234952862 -61.56999507770957 1.6
endloop
endfacet
facet normal 0 0 1
outer loop
vertex 107.42433410000078 -64.37327950000032 1.6
vertex 25.49736234952862 -61.56999507770957 1.6
vertex 25.45378378771548 -61.64547241709156 1.6
endloop
endfacet
facet normal 0 0 1
outer loop
vertex 107.42433410000078 -64.37327950000032 1.6
vertex 25.45378378771548 -61.64547241709156 1.6
vertex 25.42397359248743 -61.727370354000435 1.6
endloop
endfacet
facet normal 0 0 1
outer loop
vertex 107.42433410000078 -64.37327950000032 1.6
vertex 25.42397359248743 -61.727370354000435 1.6
vertex 25.408837507252297 -61.81320052779763 1.6
endloop
endfacet
facet normal 0 0 1
outer loop
vertex 107.42433410000078 -64.37327950000032 1.6
vertex 25.408837507252297 -61.81320052779763 1.6
vertex 25.408835421970448 -61.90035510200303 1.6
endloop
endfacet
facet normal 0 0 1
outer loop
vertex 107.42433410000078 -64.37327950000032 1.6
vertex 25.408835421970448 -61.90035510200303 1.6
vertex 25.423967400001636 -61.986186000008324 1.6
endloop
endfacet
facet normal 0 0 1
outer loop
vertex 107.42433410000078 -64.37327950000032 1.6
vertex 25.423967400001636 -61.986186000008324 1.6
vertex 26.063587421993105 -64.37327950000032 1.6
endloop
endfacet
facet normal 0 0 1
outer loop
vertex 126.58231209796904 -55.645972320784274 1.6
vertex 126.23499980568315 -55.645972320784274 1.6
vertex 126.75068387233306 -55.691087453012166 1.6
endloop
endfacet
facet normal 0 0 1
outer loop
vertex 126.58231209796904 -55.645972320784274 1.6
vertex 126.42433224194812 -55.572305103787976 1.6
vertex 125.39295395181006 -55.572305103787976 1.6
endloop
endfacet
facet normal 0 0 1
outer loop
vertex 126.58231209796904 -55.645972320784274 1.6
vertex 125.39295395181006 -55.572305103787976 1.6
vertex 126.23499980568315 -55.645972320784274 1.6
endloop
endfacet
facet normal 0 0 1
outer loop
vertex 126.42433224194812 -55.572305103787976 1.6
vertex 126.28154463011106 -55.47232414311392 1.6
vertex 124.25013144765514 -55.47232414311392 1.6
endloop
endfacet
facet normal 0 0 1
outer loop
vertex 126.42433224194812 -55.572305103787976 1.6
vertex 124.25013144765514 -55.47232414311392 1.6
vertex 125.39295395181006 -55.572305103787976 1.6
endloop
endfacet
facet normal 0 0 -1
outer loop
vertex 126.92433409999771 -55.70627822360688 1.6
vertex 126.75068387233306 -55.691087453012166 1.6
vertex 126.23499980568315 -55.645972320784274 1.6
endloop
endfacet
facet normal 0 0 -1
outer loop
vertex 126.92433409999771 -55.70627822360688 1.6
vertex 126.23499980568315 -55.645972320784274 1.6
vertex 125.39295395181006 -55.572305103787976 1.6
endloop
endfacet
facet normal 0 0 -1
outer loop
vertex 126.92433409999771 -55.70627822360688 1.6
vertex 125.39295395181006 -55.572305103787976 1.6
vertex 124.25013144765514 -55.47232414311392 1.6
endloop
endfacet
facet normal 0 0 -1
outer loop
vertex 126.92433409999771 -55.70627822360688 1.6
vertex 124.25013144765514 -55.47232414311392 1.6
vertex 122.84126513414213 -55.349067309693034 1.6
endloop
endfacet
facet normal 0 0 -1
outer loop
vertex 126.92433409999771 -55.70627822360688 1.6
vertex 122.84126513414213 -55.349067309693034 1.6
vertex 48.26221556103429 -55.349067309693034 1.6
endloop
endfacet
facet normal 0 0 -1
outer loop
vertex 126.92433409999771 -55.70627822360688 1.6
vertex 48.26221556103429 -55.349067309693034 1.6
vertex 46.92908635552058 -55.70627822360688 1.6
endloop
endfacet
facet normal 0 0 1
outer loop
vertex 126.28154463011106 -55.47232414311392 1.6
vertex 126.15828779291868 -55.349067309693034 1.6
vertex 122.84126513414213 -55.349067309693034 1.6
endloop
endfacet
facet normal 0 0 1
outer loop
vertex 126.28154463011106 -55.47232414311392 1.6
vertex 122.84126513414213 -55.349067309693034 1.6
vertex 124.25013144765514 -55.47232414311392 1.6
endloop
endfacet
facet normal 0 0 1
outer loop
vertex 122.84126513414213 -55.349067309693034 1.6
vertex 126.15828779291868 -55.349067309693034 1.6
vertex 126.05830682651178 -55.20627969999955 1.6
endloop
endfacet
facet normal 0 0 1
outer loop
vertex 122.84126513414213 -55.349067309693034 1.6
vertex 126.05830682651178 -55.20627969999955 1.6
vertex 48.79510614542945 -55.20627969999955 1.6
endloop
endfacet
facet normal 0 0 1
outer loop
vertex 122.84126513414213 -55.349067309693034 1.6
vertex 48.79510614542945 -55.20627969999955 1.6
vertex 48.26221556103429 -55.349067309693034 1.6
endloop
endfacet
facet normal 0 0 1
outer loop
vertex 126.05830682651178 -55.20627969999955 1.6
vertex 125.98463960025973 -55.04829984332712 1.6
vertex 49.38469496427411 -55.04829984332712 1.6
endloop
endfacet
facet normal 0 0 1
outer loop
vertex 126.05830682651178 -55.20627969999955 1.6
vertex 49.38469496427411 -55.04829984332712 1.6
vertex 48.79510614542945 -55.20627969999955 1.6
endloop
endfacet
facet normal 0 0 1
outer loop
vertex 125.98463960025973 -55.04829984332712 1.6
vertex 125.95027183504504 -54.920037799999996 1.6
vertex 49.86337539999982 -54.920037799999996 1.6
endloop
endfacet
facet normal 0 0 1
outer loop
vertex 125.98463960025973 -55.04829984332712 1.6
vertex 49.86337539999982 -54.920037799999996 1.6
vertex 49.38469496427411 -55.04829984332712 1.6
endloop
endfacet
facet normal 0 0 1
outer loop
vertex 125.95027183504504 -54.920037799999996 1.6
vertex 125.9395244502601 -54.879927877666155 1.6
vertex 49.859866242352645 -54.879927877666155 1.6
endloop
endfacet
facet normal 0 0 1
outer loop
vertex 125.95027183504504 -54.920037799999996 1.6
vertex 49.859866242352645 -54.879927877666155 1.6
vertex 49.86337539999982 -54.920037799999996 1.6
endloop
endfacet
facet normal 0 0 1
outer loop
vertex 125.9395244502601 -54.879927877666155 1.6
vertex 125.92433202241652 -54.7062782222702 1.6
vertex 49.8446738914154 -54.7062782222702 1.6
endloop
endfacet
facet normal 0 0 1
outer loop
vertex 125.9395244502601 -54.879927877666155 1.6
vertex 49.8446738914154 -54.7062782222702 1.6
vertex 49.859866242352645 -54.879927877666155 1.6
endloop
endfacet
facet normal 0 0 1
outer loop
vertex 125.92433202241652 -54.7062782222702 1.6
vertex 125.9243321853234 -53.37327950000014 1.6
vertex 107.42433409999745 -53.37327950000014 1.6
endloop
endfacet
facet normal 0 0 1
outer loop
vertex 125.92433202241652 -54.7062782222702 1.6
vertex 107.42433409999745 -53.37327950000014 1.6
vertex 49.728051400834204 -53.37327950000014 1.6
endloop
endfacet
facet normal 0 0 1
outer loop
vertex 125.92433202241652 -54.7062782222702 1.6
vertex 49.728051400834204 -53.37327950000014 1.6
vertex 49.81874489999993 -54.409908000000016 1.6
endloop
endfacet
facet normal 0 0 1
outer loop
vertex 125.92433202241652 -54.7062782222702 1.6
vertex 49.81874489999993 -54.409908000000016 1.6
vertex 49.8446738914154 -54.7062782222702 1.6
endloop
endfacet
facet normal 0 0 1
outer loop
vertex 107.42433409999745 -53.37327950000014 1.6
vertex 106.83906313395434 -53.315635341210346 1.6
vertex 49.72300818117225 -53.315635341210346 1.6
endloop
endfacet
facet normal 0 0 1
outer loop
vertex 107.42433409999745 -53.37327950000014 1.6
vertex 49.72300818117225 -53.315635341210346 1.6
vertex 49.728051400834204 -53.37327950000014 1.6
endloop
endfacet
facet normal 0 0 1
outer loop
vertex 125.9243321853234 -53.37327950000014 1.6
vertex 125.92433219236813 -53.315635341210346 1.6
vertex 108.00960506604063 -53.315635341210346 1.6
endloop
endfacet
facet normal 0 0 1
outer loop
vertex 125.9243321853234 -53.37327950000014 1.6
vertex 108.00960506604063 -53.315635341210346 1.6
vertex 107.42433409999745 -53.37327950000014 1.6
endloop
endfacet
facet normal 0 0 1
outer loop
vertex 106.83906313395434 -53.315635341210346 1.6
vertex 106.27628380290156 -53.144918097532724 1.6
vertex 49.708072330289404 -53.144918097532724 1.6
endloop
endfacet
facet normal 0 0 1
outer loop
vertex 106.83906313395434 -53.315635341210346 1.6
vertex 49.708072330289404 -53.144918097532724 1.6
vertex 49.72300818117225 -53.315635341210346 1.6
endloop
endfacet
facet normal 0 0 1
outer loop
vertex 125.92433219236813 -53.315635341210346 1.6
vertex 125.92433221323162 -53.144918097532724 1.6
vertex 108.5723843971012 -53.144918097532724 1.6
endloop
endfacet
facet normal 0 0 1
outer loop
vertex 125.92433219236813 -53.315635341210346 1.6
vertex 108.5723843971012 -53.144918097532724 1.6
vertex 108.00960506604063 -53.315635341210346 1.6
endloop
endfacet
facet normal 0 0 1
outer loop
vertex 106.27628380290156 -53.144918097532724 1.6
vertex 105.75762340094202 -52.86768833690864 1.6
vertex 49.68381782455954 -52.86768833690864 1.6
endloop
endfacet
facet normal 0 0 1
outer loop
vertex 106.27628380290156 -53.144918097532724 1.6
vertex 49.68381782455954 -52.86768833690864 1.6
vertex 49.708072330289404 -53.144918097532724 1.6
endloop
endfacet
facet normal 0 0 1
outer loop
vertex 125.92433221323162 -53.144918097532724 1.6
vertex 125.92433224711209 -52.86768833690864 1.6
vertex 109.09104479905751 -52.86768833690864 1.6
endloop
endfacet
facet normal 0 0 1
outer loop
vertex 125.92433221323162 -53.144918097532724 1.6
vertex 109.09104479905751 -52.86768833690864 1.6
vertex 108.5723843971012 -53.144918097532724 1.6
endloop
endfacet
facet normal 0 0 1
outer loop
vertex 105.75762340094202 -52.86768833690864 1.6
vertex 105.3030137564427 -52.49459984356188 1.6
vertex 49.65117675103534 -52.49459984356188 1.6
endloop
endfacet
facet normal 0 0 1
outer loop
vertex 105.75762340094202 -52.86768833690864 1.6
vertex 49.65117675103534 -52.49459984356188 1.6
vertex 49.68381782455954 -52.86768833690864 1.6
endloop
endfacet
facet normal 0 0 1
outer loop
vertex 125.92433224711209 -52.86768833690864 1.6
vertex 125.92433229270755 -52.49459984356188 1.6
vertex 109.54565444355522 -52.49459984356188 1.6
endloop
endfacet
facet normal 0 0 1
outer loop
vertex 125.92433224711209 -52.86768833690864 1.6
vertex 109.54565444355522 -52.49459984356188 1.6
vertex 109.09104479905751 -52.86768833690864 1.6
endloop
endfacet
facet normal 0 0 1
outer loop
vertex 105.3030137564427 -52.49459984356188 1.6
vertex 104.92992526309197 -52.039990199057726 1.6
vertex 49.611403487866696 -52.039990199057726 1.6
endloop
endfacet
facet normal 0 0 1
outer loop
vertex 105.3030137564427 -52.49459984356188 1.6
vertex 49.611403487866696 -52.039990199057726 1.6
vertex 49.65117675103534 -52.49459984356188 1.6
endloop
endfacet
facet normal 0 0 1
outer loop
vertex 125.92433229270755 -52.49459984356188 1.6
vertex 125.92433234826576 -52.039990199057726 1.6
vertex 109.91874293690971 -52.039990199057726 1.6
endloop
endfacet
facet normal 0 0 1
outer loop
vertex 125.92433229270755 -52.49459984356188 1.6
vertex 109.91874293690971 -52.039990199057726 1.6
vertex 109.54565444355522 -52.49459984356188 1.6
endloop
endfacet
facet normal 0 0 1
outer loop
vertex 104.92992526309197 -52.039990199057726 1.6
vertex 104.65269550246506 -51.52132979709292 1.6
vertex 49.56602649925266 -51.52132979709292 1.6
endloop
endfacet
facet normal 0 0 1
outer loop
vertex 104.92992526309197 -52.039990199057726 1.6
vertex 49.56602649925266 -51.52132979709292 1.6
vertex 49.611403487866696 -52.039990199057726 1.6
endloop
endfacet
facet normal 0 0 1
outer loop
vertex 125.92433234826576 -52.039990199057726 1.6
vertex 125.92433241165168 -51.52132979709292 1.6
vertex 110.19597269753581 -51.52132979709292 1.6
endloop
endfacet
facet normal 0 0 1
outer loop
vertex 125.92433234826576 -52.039990199057726 1.6
vertex 110.19597269753581 -51.52132979709292 1.6
vertex 109.91874293690971 -52.039990199057726 1.6
endloop
endfacet
facet normal 0 0 1
outer loop
vertex 104.65269550246506 -51.52132979709292 1.6
vertex 104.4819782587903 -50.95855046604952 1.6
vertex 49.51678959741818 -50.95855046604952 1.6
endloop
endfacet
facet normal 0 0 1
outer loop
vertex 104.65269550246506 -51.52132979709292 1.6
vertex 49.51678959741818 -50.95855046604952 1.6
vertex 49.56602649925266 -51.52132979709292 1.6
endloop
endfacet
facet normal 0 0 1
outer loop
vertex 125.92433241165168 -51.52132979709292 1.6
vertex 125.9243324804294 -50.95855046604952 1.6
vertex 110.36668994121048 -50.95855046604952 1.6
endloop
endfacet
facet normal 0 0 1
outer loop
vertex 125.92433241165168 -51.52132979709292 1.6
vertex 110.36668994121048 -50.95855046604952 1.6
vertex 110.19597269753581 -51.52132979709292 1.6
endloop
endfacet
facet normal 0 0 1
outer loop
vertex 104.4819782587903 -50.95855046604952 1.6
vertex 104.42433409999998 -50.37327950000267 1.6
vertex 49.465584928887814 -50.37327950000267 1.6
endloop
endfacet
facet normal 0 0 1
outer loop
vertex 104.4819782587903 -50.95855046604952 1.6
vertex 49.465584928887814 -50.37327950000267 1.6
vertex 49.51678959741818 -50.95855046604952 1.6
endloop
endfacet
facet normal 0 0 1
outer loop
vertex 125.9243324804294 -50.95855046604952 1.6
vertex 125.92433255195584 -50.37327950000267 1.6
vertex 110.42433410000028 -50.37327950000267 1.6
endloop
endfacet
facet normal 0 0 1
outer loop
vertex 125.9243324804294 -50.95855046604952 1.6
vertex 110.42433410000028 -50.37327950000267 1.6
vertex 110.36668994121048 -50.95855046604952 1.6
endloop
endfacet
facet normal 0 0 1
outer loop
vertex 104.42433409999998 -50.37327950000267 1.6
vertex 104.48197825879038 -49.788008533953686 1.6
vertex 49.414380260357255 -49.788008533953686 1.6
endloop
endfacet
facet normal 0 0 1
outer loop
vertex 104.42433409999998 -50.37327950000267 1.6
vertex 49.414380260357255 -49.788008533953686 1.6
vertex 49.465584928887814 -50.37327950000267 1.6
endloop
endfacet
facet normal 0 0 1
outer loop
vertex 125.92433255195584 -50.37327950000267 1.6
vertex 125.92433262348229 -49.788008533953686 1.6
vertex 110.36668994120993 -49.788008533953686 1.6
endloop
endfacet
facet normal 0 0 1
outer loop
vertex 125.92433255195584 -50.37327950000267 1.6
vertex 110.36668994120993 -49.788008533953686 1.6
vertex 110.42433410000028 -50.37327950000267 1.6
endloop
endfacet
facet normal 0 0 1
outer loop
vertex 104.48197825879038 -49.788008533953686 1.6
vertex 104.65269550246573 -49.225229202906675 1.6
vertex 49.36514335852246 -49.225229202906675 1.6
endloop
endfacet
facet normal 0 0 1
outer loop
vertex 104.48197825879038 -49.788008533953686 1.6
vertex 49.36514335852246 -49.225229202906675 1.6
vertex 49.414380260357255 -49.788008533953686 1.6
endloop
endfacet
facet normal 0 0 1
outer loop
vertex 125.92433262348229 -49.788008533953686 1.6
vertex 125.92433269226001 -49.225229202906675 1.6
vertex 110.19597269753406 -49.225229202906675 1.6
endloop
endfacet
facet normal 0 0 1
outer loop
vertex 125.92433262348229 -49.788008533953686 1.6
vertex 110.19597269753406 -49.225229202906675 1.6
vertex 110.36668994120993 -49.788008533953686 1.6
endloop
endfacet
facet normal 0 0 1
outer loop
vertex 104.65269550246573 -49.225229202906675 1.6
vertex 104.92992526309406 -48.70656880093374 1.6
vertex 49.31976636990771 -48.70656880093374 1.6
endloop
endfacet
facet normal 0 0 1
outer loop
vertex 104.65269550246573 -49.225229202906675 1.6
vertex 49.31976636990771 -48.70656880093374 1.6
vertex 49.36514335852246 -49.225229202906675 1.6
endloop
endfacet
facet normal 0 0 1
outer loop
vertex 125.92433269226001 -49.225229202906675 1.6
vertex 125.92433275564592 -48.70656880093374 1.6
vertex 109.91874293690283 -48.70656880093374 1.6
endloop
endfacet
facet normal 0 0 1
outer loop
vertex 125.92433269226001 -49.225229202906675 1.6
vertex 109.91874293690283 -48.70656880093374 1.6
vertex 110.19597269753406 -49.225229202906675 1.6
endloop
endfacet
facet normal 0 0 1
outer loop
vertex 104.92992526309406 -48.70656880093374 1.6
vertex 105.30301375644002 -48.251959156443924 1.6
vertex 49.27999310674033 -48.251959156443924 1.6
endloop
endfacet
facet normal 0 0 1
outer loop
vertex 104.92992526309406 -48.70656880093374 1.6
vertex 49.27999310674033 -48.251959156443924 1.6
vertex 49.31976636990771 -48.70656880093374 1.6
endloop
endfacet
facet normal 0 0 1
outer loop
vertex 125.92433275564592 -48.70656880093374 1.6
vertex 125.92433281120414 -48.251959156443924 1.6
vertex 109.54565444356388 -48.251959156443924 1.6
endloop
endfacet
facet normal 0 0 1
outer loop
vertex 125.92433275564592 -48.70656880093374 1.6
vertex 109.54565444356388 -48.251959156443924 1.6
vertex 109.91874293690283 -48.70656880093374 1.6
endloop
endfacet
facet normal 0 0 1
outer loop
vertex 105.30301375644002 -48.251959156443924 1.6
vertex 105.75762340093978 -47.87887066309645 1.6
vertex 49.24735203321607 -47.87887066309645 1.6
endloop
endfacet
facet normal 0 0 1
outer loop
vertex 105.30301375644002 -48.251959156443924 1.6
vertex 49.24735203321607 -47.87887066309645 1.6
vertex 49.27999310674033 -48.251959156443924 1.6
endloop
endfacet
facet normal 0 0 1
outer loop
vertex 125.92433281120414 -48.251959156443924 1.6
vertex 125.9243328567996 -47.87887066309645 1.6
vertex 109.09104479906368 -47.87887066309645 1.6
endloop
endfacet
facet normal 0 0 1
outer loop
vertex 125.92433281120414 -48.251959156443924 1.6
vertex 109.09104479906368 -47.87887066309645 1.6
vertex 109.54565444356388 -48.251959156443924 1.6
endloop
endfacet
facet normal 0 0 1
outer loop
vertex 105.75762340093978 -47.87887066309645 1.6
vertex 106.27628380290547 -47.60164090246478 1.6
vertex 49.223097527485535 -47.60164090246478 1.6
endloop
endfacet
facet normal 0 0 1
outer loop
vertex 105.75762340093978 -47.87887066309645 1.6
vertex 49.223097527485535 -47.60164090246478 1.6
vertex 49.24735203321607 -47.87887066309645 1.6
endloop
endfacet
facet normal 0 0 1
outer loop
vertex 125.9243328567996 -47.87887066309645 1.6
vertex 125.92433289068006 -47.60164090246478 1.6
vertex 108.57238439708995 -47.60164090246478 1.6
endloop
endfacet
facet normal 0 0 1
outer loop
vertex 125.9243328567996 -47.87887066309645 1.6
vertex 108.57238439708995 -47.60164090246478 1.6
vertex 109.09104479906368 -47.87887066309645 1.6
endloop
endfacet
facet normal 0 0 1
outer loop
vertex 106.27628380290547 -47.60164090246478 1.6
vertex 106.83906313395403 -47.43092365879104 1.6
vertex 49.208161676603034 -47.43092365879104 1.6
endloop
endfacet
facet normal 0 0 1
outer loop
vertex 106.27628380290547 -47.60164090246478 1.6
vertex 49.208161676603034 -47.43092365879104 1.6
vertex 49.223097527485535 -47.60164090246478 1.6
endloop
endfacet
facet normal 0 0 1
outer loop
vertex 125.92433289068006 -47.60164090246478 1.6
vertex 125.92433291154356 -47.43092365879104 1.6
vertex 108.00960506604996 -47.43092365879104 1.6
endloop
endfacet
facet normal 0 0 1
outer loop
vertex 125.92433289068006 -47.60164090246478 1.6
vertex 108.00960506604996 -47.43092365879104 1.6
vertex 108.57238439708995 -47.60164090246478 1.6
endloop
endfacet
facet normal 0 0 1
outer loop
vertex 106.83906313395403 -47.43092365879104 1.6
vertex 107.42433409999542 -47.373279500000116 1.6
vertex 49.20311845694097 -47.373279500000116 1.6
endloop
endfacet
facet normal 0 0 1
outer loop
vertex 106.83906313395403 -47.43092365879104 1.6
vertex 49.20311845694097 -47.373279500000116 1.6
vertex 49.208161676603034 -47.43092365879104 1.6
endloop
endfacet
facet normal 0 0 1
outer loop
vertex 125.92433291154356 -47.43092365879104 1.6
vertex 125.92433291858829 -47.373279500000116 1.6
vertex 107.42433409999542 -47.373279500000116 1.6
endloop
endfacet
facet normal 0 0 1
outer loop
vertex 125.92433291154356 -47.43092365879104 1.6
vertex 107.42433409999542 -47.373279500000116 1.6
vertex 108.00960506604996 -47.43092365879104 1.6
endloop
endfacet
facet normal 0 0 1
outer loop
vertex 107.42433409999542 -47.373279500000116 1.6
vertex 125.92433291858829 -47.373279500000116 1.6
vertex 125.9243341000003 -37.70627940000053 1.6
endloop
endfacet
facet normal 0 0 1
outer loop
vertex 107.42433409999542 -47.373279500000116 1.6
vertex 125.9243341000003 -37.70627940000053 1.6
vertex 125.9167359265066 -37.61945561116941 1.6
endloop
endfacet
facet normal 0 0 1
outer loop
vertex 107.42433409999542 -47.373279500000116 1.6
vertex 125.9167359265066 -37.61945561116941 1.6
vertex 125.89417836039246 -37.53526962833632 1.6
endloop
endfacet
facet normal 0 0 1
outer loop
vertex 107.42433409999542 -47.373279500000116 1.6
vertex 125.89417836039246 -37.53526962833632 1.6
vertex 125.85734475189119 -37.45627969999801 1.6
endloop
endfacet
facet normal 0 0 1
outer loop
vertex 107.42433409999542 -47.373279500000116 1.6
vertex 125.85734475189119 -37.45627969999801 1.6
vertex 125.80735427156243 -37.38488589516041 1.6
endloop
endfacet
facet normal 0 0 1
outer loop
vertex 107.42433409999542 -47.373279500000116 1.6
vertex 125.80735427156243 -37.38488589516041 1.6
vertex 125.74572585484117 -37.323257478439146 1.6
endloop
endfacet
facet normal 0 0 1
outer loop
vertex 107.42433409999542 -47.373279500000116 1.6
vertex 125.74572585484117 -37.323257478439146 1.6
vertex 125.67433204999737 -37.273266998106045 1.6
endloop
endfacet
facet normal 0 0 1
outer loop
vertex 107.42433409999542 -47.373279500000116 1.6
vertex 125.67433204999737 -37.273266998106045 1.6
vertex 125.5953421216651 -37.23643338960759 1.6
endloop
endfacet
facet normal 0 0 1
outer loop
vertex 107.42433409999542 -47.373279500000116 1.6
vertex 125.5953421216651 -37.23643338960759 1.6
vertex 125.51115613883765 -37.21387582349495 1.6
endloop
endfacet
facet normal 0 0 1
outer loop
vertex 107.42433409999542 -47.373279500000116 1.6
vertex 125.51115613883765 -37.21387582349495 1.6
vertex 125.42433204999517 -37.206279641073685 1.6
endloop
endfacet
facet normal 0 0 1
outer loop
vertex 107.42433409999542 -47.373279500000116 1.6
vertex 125.42433204999517 -37.206279641073685 1.6
vertex 108.92433410000307 -37.206279641073685 1.6
endloop
endfacet
facet normal 0 0 1
outer loop
vertex 107.42433409999542 -47.373279500000116 1.6
vertex 108.92433410000307 -37.206279641073685 1.6
vertex 48.390447821748296 -37.206279641073685 1.6
endloop
endfacet
facet normal 0 0 1
outer loop
vertex 107.42433409999542 -47.373279500000116 1.6
vertex 48.390447821748296 -37.206279641073685 1.6
vertex 48.371625979410695 -37.24403093412205 1.6
endloop
endfacet
facet normal 0 0 1
outer loop
vertex 107.42433409999542 -47.373279500000116 1.6
vertex 48.371625979410695 -37.24403093412205 1.6
vertex 48.34803319910906 -37.31885939695411 1.6
endloop
endfacet
facet normal 0 0 1
outer loop
vertex 107.42433409999542 -47.373279500000116 1.6
vertex 48.34803319910906 -37.31885939695411 1.6
vertex 48.33643672336545 -37.39645733431058 1.6
endloop
endfacet
facet normal 0 0 1
outer loop
vertex 107.42433409999542 -47.373279500000116 1.6
vertex 48.33643672336545 -37.39645733431058 1.6
vertex 48.33712210000008 -37.47491400000172 1.6
endloop
endfacet
facet normal 0 0 1
outer loop
vertex 107.42433409999542 -47.373279500000116 1.6
vertex 48.33712210000008 -37.47491400000172 1.6
vertex 49.20311845694097 -47.373279500000116 1.6
endloop
endfacet
facet normal 0 0 1
outer loop
vertex 108.92433410000307 -37.206279641073685 1.6
vertex 108.7506811293564 -37.191087453012166 1.6
vertex 48.3980222634526 -37.191087453012166 1.6
endloop
endfacet
facet normal 0 0 1
outer loop
vertex 108.92433410000307 -37.206279641073685 1.6
vertex 48.3980222634526 -37.191087453012166 1.6
vertex 48.390447821748296 -37.206279641073685 1.6
endloop
endfacet
facet normal 0 0 1
outer loop
vertex 108.7506811293564 -37.191087453012166 1.6
vertex 108.58231190201091 -37.14597232078449 1.6
vertex 48.42649357244502 -37.14597232078449 1.6
endloop
endfacet
facet normal 0 0 1
outer loop
vertex 108.7506811293564 -37.191087453012166 1.6
vertex 48.42649357244502 -37.14597232078449 1.6
vertex 48.40663412337356 -37.17381449738243 1.6
endloop
endfacet
facet normal 0 0 1
outer loop
vertex 108.7506811293564 -37.191087453012166 1.6
vertex 48.40663412337356 -37.17381449738243 1.6
vertex 48.3980222634526 -37.191087453012166 1.6
endloop
endfacet
facet normal 0 0 1
outer loop
vertex 108.58231190201091 -37.14597232078449 1.6
vertex 108.42433204936314 -37.07230510378776 1.6
vertex 48.489178163009264 -37.07230510378776 1.6
endloop
endfacet
facet normal 0 0 1
outer loop
vertex 108.58231190201091 -37.14597232078449 1.6
vertex 48.489178163009264 -37.07230510378776 1.6
vertex 48.452195601924046 -37.1099390732807 1.6
endloop
endfacet
facet normal 0 0 1
outer loop
vertex 108.58231190201091 -37.14597232078449 1.6
vertex 48.452195601924046 -37.1099390732807 1.6
vertex 48.42649357244502 -37.14597232078449 1.6
endloop
endfacet
facet normal 0 0 1
outer loop
vertex 108.42433204936314 -37.07230510378776 1.6
vertex 108.28154444031227 -36.97232414311797 1.6
vertex 48.63746155639141 -36.97232414311797 1.6
endloop
endfacet
facet normal 0 0 1
outer loop
vertex 108.42433204936314 -37.07230510378776 1.6
vertex 48.63746155639141 -36.97232414311797 1.6
vertex 48.570258762300305 -37.00730778478711 1.6
endloop
endfacet
facet normal 0 0 1
outer loop
vertex 108.42433204936314 -37.07230510378776 1.6
vertex 48.570258762300305 -37.00730778478711 1.6
vertex 48.50718852413576 -37.05397750934049 1.6
endloop
endfacet
facet normal 0 0 1
outer loop
vertex 108.42433204936314 -37.07230510378776 1.6
vertex 48.50718852413576 -37.05397750934049 1.6
vertex 48.489178163009264 -37.07230510378776 1.6
endloop
endfacet
facet normal 0 0 1
outer loop
vertex 108.28154444031227 -36.97232414311797 1.6
vertex 108.15828760688102 -36.8490673096867 1.6
vertex 49.75372051436079 -36.8490673096867 1.6
endloop
endfacet
facet normal 0 0 1
outer loop
vertex 108.28154444031227 -36.97232414311797 1.6
vertex 49.75372051436079 -36.8490673096867 1.6
vertex 48.79164419999844 -36.93323800000023 1.6
endloop
endfacet
facet normal 0 0 1
outer loop
vertex 108.28154444031227 -36.97232414311797 1.6
vertex 48.79164419999844 -36.93323800000023 1.6
vertex 48.71425845081753 -36.94618347765594 1.6
endloop
endfacet
facet normal 0 0 1
outer loop
vertex 108.28154444031227 -36.97232414311797 1.6
vertex 48.71425845081753 -36.94618347765594 1.6
vertex 48.63985329552948 -36.971079079633576 1.6
endloop
endfacet
facet normal 0 0 1
outer loop
vertex 108.28154444031227 -36.97232414311797 1.6
vertex 48.63985329552948 -36.971079079633576 1.6
vertex 48.63746155639141 -36.97232414311797 1.6
endloop
endfacet
facet normal 0 0 1
outer loop
vertex 108.15828760688102 -36.8490673096867 1.6
vertex 108.05830664621709 -36.70627970000236 1.6
vertex 51.38579192484847 -36.70627970000236 1.6
endloop
endfacet
facet normal 0 0 1
outer loop
vertex 108.15828760688102 -36.8490673096867 1.6
vertex 51.38579192484847 -36.70627970000236 1.6
vertex 49.75372051436079 -36.8490673096867 1.6
endloop
endfacet
facet normal 0 0 1
outer loop
vertex 108.05830664621709 -36.70627970000236 1.6
vertex 107.98463942921272 -36.54829984332182 1.6
vertex 53.191511679463346 -36.54829984332182 1.6
endloop
endfacet
facet normal 0 0 1
outer loop
vertex 108.05830664621709 -36.70627970000236 1.6
vertex 53.191511679463346 -36.54829984332182 1.6
vertex 51.38579192484847 -36.70627970000236 1.6
endloop
endfacet
facet normal 0 0 1
outer loop
vertex 107.98463942921272 -36.54829984332182 1.6
vertex 107.93952429698788 -36.37992787766853 1.6
vertex 55.11601389697251 -36.37992787766853 1.6
endloop
endfacet
facet normal 0 0 1
outer loop
vertex 107.98463942921272 -36.54829984332182 1.6
vertex 55.11601389697251 -36.37992787766853 1.6
vertex 53.191511679463346 -36.54829984332182 1.6
endloop
endfacet
facet normal 0 0 1
outer loop
vertex 107.93952429698788 -36.37992787766853 1.6
vertex 107.92433202216264 -36.20627937066 1.6
vertex 57.10082731593099 -36.20627937066 1.6
endloop
endfacet
facet normal 0 0 1
outer loop
vertex 107.93952429698788 -36.37992787766853 1.6
vertex 57.10082731593099 -36.20627937066 1.6
vertex 55.11601389697251 -36.37992787766853 1.6
endloop
endfacet
facet normal 0 0 1
outer loop
vertex 107.92433202216264 -36.20627937066 1.6
vertex 107.92433378709592 -35.07674365000018 1.6
vertex 70.01149204999886 -35.07674365000018 1.6
endloop
endfacet
facet normal 0 0 1
outer loop
vertex 107.92433202216264 -36.20627937066 1.6
vertex 70.01149204999886 -35.07674365000018 1.6
vertex 57.10082731593099 -36.20627937066 1.6
endloop
endfacet
facet normal 0 0 1
outer loop
vertex 107.92433378709592 -35.07674365000018 1.6
vertex 107.92433382985752 -35.04893818008295 1.6
vertex 70.17377748321752 -35.04893818008295 1.6
endloop
endfacet
facet normal 0 0 1
outer loop
vertex 107.92433378709592 -35.07674365000018 1.6
vertex 70.17377748321752 -35.04893818008295 1.6
vertex 70.01149204999886 -35.07674365000018 1.6
endloop
endfacet
facet normal 0 0 1
outer loop
vertex 107.92433382985752 -35.04893818008295 1.6
vertex 107.92433391299278 -34.99487997300142 1.6
vertex 70.32930052408099 -34.99487997300142 1.6
endloop
endfacet
facet normal 0 0 1
outer loop
vertex 107.92433382985752 -35.04893818008295 1.6
vertex 70.32930052408099 -34.99487997300142 1.6
vertex 70.17377748321752 -35.04893818008295 1.6
endloop
endfacet
facet normal 0 0 1
outer loop
vertex 107.92433391299278 -34.99487997300142 1.6
vertex 107.92433403424793 -34.91603453085604 1.6
vertex 70.47384498867643 -34.91603453085604 1.6
endloop
endfacet
facet normal 0 0 1
outer loop
vertex 107.92433391299278 -34.99487997300142 1.6
vertex 70.47384498867643 -34.91603453085604 1.6
vertex 70.32930052408099 -34.99487997300142 1.6
endloop
endfacet
facet normal 0 0 1
outer loop
vertex 107.92433403424793 -34.91603453085604 1.6
vertex 107.92433410000022 -34.87327950000929 1.6
vertex 107.9191935993529 -34.814539330403285 1.6
endloop
endfacet
facet normal 0 0 1
outer loop
vertex 107.92433403424793 -34.91603453085604 1.6
vertex 107.9191935993529 -34.814539330403285 1.6
vertex 70.6034923190645 -34.814539330403285 1.6
endloop
endfacet
facet normal 0 0 1
outer loop
vertex 107.92433403424793 -34.91603453085604 1.6
vertex 70.6034923190645 -34.814539330403285 1.6
vertex 70.47384498867643 -34.91603453085604 1.6
endloop
endfacet
facet normal 0 0 1
outer loop
vertex 107.9191935993529 -34.814539330403285 1.6
vertex 107.91673592650524 -34.7864556611633 1.6
vertex 107.8941783603935 -34.702269678339164 1.6
endloop
endfacet
facet normal 0 0 1
outer loop
vertex 107.9191935993529 -34.814539330403285 1.6
vertex 107.8941783603935 -34.702269678339164 1.6
vertex 107.88992386181042 -34.69314587668444 1.6
endloop
endfacet
facet normal 0 0 1
outer loop
vertex 107.9191935993529 -34.814539330403285 1.6
vertex 107.88992386181042 -34.69314587668444 1.6
vertex 70.71472781423888 -34.69314587668444 1.6
endloop
endfacet
facet normal 0 0 1
outer loop
vertex 107.9191935993529 -34.814539330403285 1.6
vertex 70.71472781423888 -34.69314587668444 1.6
vertex 70.6034923190645 -34.814539330403285 1.6
endloop
endfacet
facet normal 0 0 1
outer loop
vertex 107.88992386181042 -34.69314587668444 1.6
vertex 107.8573447518905 -34.62327974999715 1.6
vertex 107.80963636373116 -34.55514511054253 1.6
endloop
endfacet
facet normal 0 0 1
outer loop
vertex 107.88992386181042 -34.69314587668444 1.6
vertex 107.80963636373116 -34.55514511054253 1.6
vertex 70.8045359126264 -34.55514511054253 1.6
endloop
endfacet
facet normal 0 0 1
outer loop
vertex 107.88992386181042 -34.69314587668444 1.6
vertex 70.8045359126264 -34.55514511054253 1.6
vertex 70.71472781423888 -34.69314587668444 1.6
endloop
endfacet
facet normal 0 0 1
outer loop
vertex 107.80963636373116 -34.55514511054253 1.6
vertex 107.80735427156212 -34.55188594516012 1.6
vertex 107.74572585484107 -34.490257528439074 1.6
endloop
endfacet
facet normal 0 0 1
outer loop
vertex 107.80963636373116 -34.55514511054253 1.6
vertex 107.74572585484107 -34.490257528439074 1.6
vertex 107.67433204999861 -34.44026704810691 1.6
endloop
endfacet
facet normal 0 0 1
outer loop
vertex 107.80963636373116 -34.55514511054253 1.6
vertex 107.67433204999861 -34.44026704810691 1.6
vertex 107.59715369938334 -34.40427819217124 1.6
endloop
endfacet
facet normal 0 0 1
outer loop
vertex 107.80963636373116 -34.55514511054253 1.6
vertex 107.59715369938334 -34.40427819217124 1.6
vertex 70.87048194308625 -34.40427819217124 1.6
endloop
endfacet
facet normal 0 0 1
outer loop
vertex 107.80963636373116 -34.55514511054253 1.6
vertex 70.87048194308625 -34.40427819217124 1.6
vertex 70.8045359126264 -34.55514511054253 1.6
endloop
endfacet
facet normal 0 0 1
outer loop
vertex 107.59715369938334 -34.40427819217124 1.6
vertex 107.59534212166376 -34.403433439607255 1.6
vertex 107.51115613883671 -34.38087587349472 1.6
endloop
endfacet
facet normal 0 0 1
outer loop
vertex 107.59715369938334 -34.40427819217124 1.6
vertex 107.51115613883671 -34.38087587349472 1.6
vertex 107.42433204999017 -34.3732796887182 1.6
endloop
endfacet
facet normal 0 0 1
outer loop
vertex 107.59715369938334 -34.40427819217124 1.6
vertex 107.42433204999017 -34.3732796887182 1.6
vertex 90.92433410000231 -34.3732796887182 1.6
endloop
endfacet
facet normal 0 0 1
outer loop
vertex 107.59715369938334 -34.40427819217124 1.6
vertex 90.92433410000231 -34.3732796887182 1.6
vertex 70.87830640484367 -34.3732796887182 1.6
endloop
endfacet
facet normal 0 0 1
outer loop
vertex 107.59715369938334 -34.40427819217124 1.6
vertex 70.87830640484367 -34.3732796887182 1.6
vertex 70.87048194308625 -34.40427819217124 1.6
endloop
endfacet
facet normal 0 0 1
outer loop
vertex 90.92433410000231 -34.3732796887182 1.6
vertex 90.75068177052681 -34.35808750301154 1.6
vertex 70.8821411279055 -34.35808750301154 1.6
endloop
endfacet
facet normal 0 0 1
outer loop
vertex 90.92433410000231 -34.3732796887182 1.6
vertex 70.8821411279055 -34.35808750301154 1.6
vertex 70.87830640484367 -34.3732796887182 1.6
endloop
endfacet
facet normal 0 0 1
outer loop
vertex 90.75068177052681 -34.35808750301154 1.6
vertex 90.58231194850731 -34.31297237078442 1.6
vertex 70.89352882690608 -34.31297237078442 1.6
endloop
endfacet
facet normal 0 0 1
outer loop
vertex 90.75068177052681 -34.35808750301154 1.6
vertex 70.89352882690608 -34.31297237078442 1.6
vertex 70.8821411279055 -34.35808750301154 1.6
endloop
endfacet
facet normal 0 0 1
outer loop
vertex 90.58231194850731 -34.31297237078442 1.6
vertex 90.43576215399533 -34.24463507937199 1.6
vertex 70.91077812812064 -34.24463507937199 1.6
endloop
endfacet
facet normal 0 0 1
outer loop
vertex 90.58231194850731 -34.31297237078442 1.6
vertex 70.91077812812064 -34.24463507937199 1.6
vertex 70.89352882690608 -34.31297237078442 1.6
endloop
endfacet
facet normal 0 0 1
outer loop
vertex 90.43576215399533 -34.24463507937199 1.6
vertex 90.42433209494489 -34.2393051537874 1.6
vertex 70.91121845537488 -34.2393051537874 1.6
endloop
endfacet
facet normal 0 0 1
outer loop
vertex 90.43576215399533 -34.24463507937199 1.6
vertex 70.91121845537488 -34.2393051537874 1.6
vertex 70.91077812812064 -34.24463507937199 1.6
endloop
endfacet
facet normal 0 0 1
outer loop
vertex 90.42433209494489 -34.2393051537874 1.6
vertex 90.28154448593872 -34.13932419311992 1.6
vertex 70.91947829712835 -34.13932419311992 1.6
endloop
endfacet
facet normal 0 0 1
outer loop
vertex 90.42433209494489 -34.2393051537874 1.6
vertex 70.91947829712835 -34.13932419311992 1.6
vertex 70.91121845537488 -34.2393051537874 1.6
endloop
endfacet
facet normal 0 0 1
outer loop
vertex 90.28154448593872 -34.13932419311992 1.6
vertex 90.2227675688109 -34.080547300002976 1.6
vertex 70.92433409999987 -34.080547300002976 1.6
endloop
endfacet
facet normal 0 0 1
outer loop
vertex 90.28154448593872 -34.13932419311992 1.6
vertex 70.92433409999987 -34.080547300002976 1.6
vertex 70.91947829712835 -34.13932419311992 1.6
endloop
endfacet
facet normal 0 0 1
outer loop
vertex 90.2227675688109 -34.080547300002976 1.6
vertex 90.1582876522052 -34.01606735968719 1.6
vertex 70.92433407288114 -34.01606735968719 1.6
endloop
endfacet
facet normal 0 0 1
outer loop
vertex 90.2227675688109 -34.080547300002976 1.6
vertex 70.92433407288114 -34.01606735968719 1.6
vertex 70.92433409999987 -34.080547300002976 1.6
endloop
endfacet
facet normal 0 0 1
outer loop
vertex 90.1582876522052 -34.01606735968719 1.6
vertex 90.05830669048453 -33.87327975000037 1.6
vertex 70.92433401282811 -33.87327975000037 1.6
endloop
endfacet
facet normal 0 0 1
outer loop
vertex 90.1582876522052 -34.01606735968719 1.6
vertex 70.92433401282811 -33.87327975000037 1.6
vertex 70.92433407288114 -34.01606735968719 1.6
endloop
endfacet
facet normal 0 0 1
outer loop
vertex 90.05830669048453 -33.87327975000037 1.6
vertex 89.98463947140617 -33.715299893322126 1.6
vertex 70.92433394638557 -33.715299893322126 1.6
endloop
endfacet
facet normal 0 0 1
outer loop
vertex 90.05830669048453 -33.87327975000037 1.6
vertex 70.92433394638557 -33.715299893322126 1.6
vertex 70.92433401282811 -33.87327975000037 1.6
endloop
endfacet
facet normal 0 0 1
outer loop
vertex 89.98463947140617 -33.715299893322126 1.6
vertex 89.93952433489858 -33.54692792766695 1.6
vertex 70.92433387557236 -33.54692792766695 1.6
endloop
endfacet
facet normal 0 0 1
outer loop
vertex 89.98463947140617 -33.715299893322126 1.6
vertex 70.92433387557236 -33.54692792766695 1.6
vertex 70.92433394638557 -33.715299893322126 1.6
endloop
endfacet
facet normal 0 0 1
outer loop
vertex 89.93952433489858 -33.54692792766695 1.6
vertex 89.92433202680226 -33.373279196969655 1.6
vertex 70.92433380253988 -33.373279196969655 1.6
endloop
endfacet
facet normal 0 0 1
outer loop
vertex 89.93952433489858 -33.54692792766695 1.6
vertex 70.92433380253988 -33.373279196969655 1.6
vertex 70.92433387557236 -33.54692792766695 1.6
endloop
endfacet
facet normal 0 0 1
outer loop
vertex 89.92433202680226 -33.373279196969655 1.6
vertex 89.92433409999985 -29.206279700002085 1.6
vertex 89.91673592650618 -29.11945561116602 1.6
endloop
endfacet
facet normal 0 0 1
outer loop
vertex 89.92433202680226 -33.373279196969655 1.6
vertex 89.91673592650618 -29.11945561116602 1.6
vertex 89.89417836039233 -29.035269628336458 1.6
endloop
endfacet
facet normal 0 0 1
outer loop
vertex 89.92433202680226 -33.373279196969655 1.6
vertex 89.89417836039233 -29.035269628336458 1.6
vertex 89.85734475189321 -28.956279700000852 1.6
endloop
endfacet
facet normal 0 0 1
outer loop
vertex 89.92433202680226 -33.373279196969655 1.6
vertex 89.85734475189321 -28.956279700000852 1.6
vertex 89.80735427156037 -28.884885895156415 1.6
endloop
endfacet
facet normal 0 0 1
outer loop
vertex 89.92433202680226 -33.373279196969655 1.6
vertex 89.80735427156037 -28.884885895156415 1.6
vertex 89.74572585484314 -28.82325747844053 1.6
endloop
endfacet
facet normal 0 0 1
outer loop
vertex 89.92433202680226 -33.373279196969655 1.6
vertex 89.74572585484314 -28.82325747844053 1.6
vertex 89.67433205000086 -28.773266998107683 1.6
endloop
endfacet
facet normal 0 0 1
outer loop
vertex 89.92433202680226 -33.373279196969655 1.6
vertex 89.67433205000086 -28.773266998107683 1.6
vertex 89.59534212166164 -28.73643338960705 1.6
endloop
endfacet
facet normal 0 0 1
outer loop
vertex 89.92433202680226 -33.373279196969655 1.6
vertex 89.59534212166164 -28.73643338960705 1.6
vertex 89.51115613883252 -28.71387582349411 1.6
endloop
endfacet
facet normal 0 0 1
outer loop
vertex 89.92433202680226 -33.373279196969655 1.6
vertex 89.51115613883252 -28.71387582349411 1.6
vertex 89.42433205000151 -28.706279581796508 1.6
endloop
endfacet
facet normal 0 0 1
outer loop
vertex 89.92433202680226 -33.373279196969655 1.6
vertex 89.42433205000151 -28.706279581796508 1.6
vertex 71.42433410000251 -28.706279581796508 1.6
endloop
endfacet
facet normal 0 0 1
outer loop
vertex 89.92433202680226 -33.373279196969655 1.6
vertex 71.42433410000251 -28.706279581796508 1.6
vertex 71.33750796116564 -28.71387582349411 1.6
endloop
endfacet
facet normal 0 0 1
outer loop
vertex 89.92433202680226 -33.373279196969655 1.6
vertex 71.33750796116564 -28.71387582349411 1.6
vertex 71.25332197833706 -28.73643338960705 1.6
endloop
endfacet
facet normal 0 0 1
outer loop
vertex 89.92433202680226 -33.373279196969655 1.6
vertex 71.25332197833706 -28.73643338960705 1.6
vertex 71.1743320500001 -28.773266998107683 1.6
endloop
endfacet
facet normal 0 0 1
outer loop
vertex 89.92433202680226 -33.373279196969655 1.6
vertex 71.1743320500001 -28.773266998107683 1.6
vertex 71.10293824515666 -28.82325747844053 1.6
endloop
endfacet
facet normal 0 0 1
outer loop
vertex 89.92433202680226 -33.373279196969655 1.6
vertex 71.10293824515666 -28.82325747844053 1.6
vertex 71.04130982844079 -28.884885895156415 1.6
endloop
endfacet
facet normal 0 0 1
outer loop
vertex 89.92433202680226 -33.373279196969655 1.6
vertex 71.04130982844079 -28.884885895156415 1.6
vertex 70.99131934810723 -28.956279700000852 1.6
endloop
endfacet
facet normal 0 0 1
outer loop
vertex 89.92433202680226 -33.373279196969655 1.6
vertex 70.99131934810723 -28.956279700000852 1.6
vertex 70.95448573960722 -29.035269628336458 1.6
endloop
endfacet
facet normal 0 0 1
outer loop
vertex 89.92433202680226 -33.373279196969655 1.6
vertex 70.95448573960722 -29.035269628336458 1.6
vertex 70.93192817349401 -29.11945561116602 1.6
endloop
endfacet
facet normal 0 0 1
outer loop
vertex 89.92433202680226 -33.373279196969655 1.6
vertex 70.93192817349401 -29.11945561116602 1.6
vertex 70.92433204999989 -29.206279700002085 1.6
endloop
endfacet
facet normal 0 0 1
outer loop
vertex 89.92433202680226 -33.373279196969655 1.6
vertex 70.92433204999989 -29.206279700002085 1.6
vertex 70.92433380253988 -33.373279196969655 1.6
endloop
endfacet
facet normal 0 0 1
outer loop
vertex 133.69848251126012 -120.66137866033 5.05
vertex 133.9555424196993 -120.59008911145291 5.05
vertex 134.19828527764474 -120.47946406355472 5.05
endloop
endfacet
facet normal 0 0 1
outer loop
vertex 133.69848251126012 -120.66137866033 5.05
vertex 134.19828527764474 -120.47946406355472 5.05
vertex 134.42073389950428 -120.33222749561475 5.05
endloop
endfacet
facet normal 0 0 1
outer loop
vertex 133.69848251126012 -120.66137866033 5.05
vertex 134.42073389950428 -120.33222749561475 5.05
vertex 134.61741081537946 -120.15200489140582 5.05
endloop
endfacet
facet normal 0 0 1
outer loop
vertex 133.69848251126012 -120.66137866033 5.05
vertex 134.61741081537946 -120.15200489140582 5.05
vertex 134.78347314569885 -119.94323396729314 5.05
endloop
endfacet
facet normal 0 0 1
outer loop
vertex 133.69848251126012 -120.66137866033 5.05
vertex 134.78347314569885 -119.94323396729314 5.05
vertex 134.91483185000013 -119.71105539999968 5.05
endloop
endfacet
facet normal 0 0 1
outer loop
vertex 133.69848251126012 -120.66137866033 5.05
vertex 134.91483185000013 -119.71105539999968 5.05
vertex 135.01758181660867 -119.49070730776647 5.05
endloop
endfacet
facet normal 0 0 1
outer loop
vertex 133.69848251126012 -120.66137866033 5.05
vertex 135.01758181660867 -119.49070730776647 5.05
vertex 133.4176827681207 -119.49070383877954 5.05
endloop
endfacet
facet normal 0 0 1
outer loop
vertex 133.69848251126012 -120.66137866033 5.05
vertex 133.4176827681207 -119.49070383877954 5.05
vertex 133.33052772523314 -119.49070383877954 5.05
endloop
endfacet
facet normal 0 0 1
outer loop
vertex 133.69848251126012 -120.66137866033 5.05
vertex 133.33052772523314 -119.49070383877954 5.05
vertex 130.41973295394342 -119.49070383877954 5.05
endloop
endfacet
facet normal 0 0 1
outer loop
vertex 133.69848251126012 -120.66137866033 5.05
vertex 130.41973295394342 -119.49070383877954 5.05
vertex 132.65565370000007 -120.53333080000004 5.05
endloop
endfacet
facet normal 0 0 1
outer loop
vertex 133.69848251126012 -120.66137866033 5.05
vertex 132.65565370000007 -120.53333080000004 5.05
vertex 132.90552037995866 -120.62675763526688 5.05
endloop
endfacet
facet normal 0 0 1
outer loop
vertex 133.69848251126012 -120.66137866033 5.05
vertex 132.90552037995866 -120.62675763526688 5.05
vertex 133.16692710665964 -120.67994146308494 5.05
endloop
endfacet
facet normal 0 0 1
outer loop
vertex 133.69848251126012 -120.66137866033 5.05
vertex 133.16692710665964 -120.67994146308494 5.05
vertex 133.43343527421405 -120.69157730997374 5.05
endloop
endfacet
facet normal 0 0 1
outer loop
vertex 133.33052772523314 -119.49070383877954 5.05
vertex 133.2446967731385 -119.47556946851688 5.05
vertex 130.38727719200037 -119.47556946851688 5.05
endloop
endfacet
facet normal 0 0 1
outer loop
vertex 133.33052772523314 -119.49070383877954 5.05
vertex 130.38727719200037 -119.47556946851688 5.05
vertex 130.41973295394342 -119.49070383877954 5.05
endloop
endfacet
facet normal 0 0 1
outer loop
vertex 135.02464070448764 -119.47556946851688 5.05
vertex 133.50351583437745 -119.47556946851688 5.05
vertex 133.4176827681207 -119.49070383877954 5.05
endloop
endfacet
facet normal 0 0 1
outer loop
vertex 135.02464070448764 -119.47556946851688 5.05
vertex 133.4176827681207 -119.49070383877954 5.05
vertex 135.01758181660867 -119.49070730776647 5.05
endloop
endfacet
facet normal 0 0 1
outer loop
vertex 133.2446967731385 -119.47556946851688 5.05
vertex 133.16279559999998 -119.44576149999999 5.05
vertex 130.32335379688053 -119.44576149999999 5.05
endloop
endfacet
facet normal 0 0 1
outer loop
vertex 133.2446967731385 -119.47556946851688 5.05
vertex 130.32335379688053 -119.44576149999999 5.05
vertex 130.38727719200037 -119.47556946851688 5.05
endloop
endfacet
facet normal 0 0 1
outer loop
vertex 135.02464070448764 -119.47556946851688 5.05
vertex 135.03854038357602 -119.44576149999999 5.05
vertex 133.5854118153505 -119.44576149999999 5.05
endloop
endfacet
facet normal 0 0 1
outer loop
vertex 135.02464070448764 -119.47556946851688 5.05
vertex 133.5854118153505 -119.44576149999999 5.05
vertex 133.50351583437745 -119.47556946851688 5.05
endloop
endfacet
facet normal 0 0 1
outer loop
vertex 135.03854038357602 -119.44576149999999 5.05
vertex 135.05886063215706 -119.4021845709135 5.05
vertex 133.66089143957623 -119.4021845709135 5.05
endloop
endfacet
facet normal 0 0 1
outer loop
vertex 135.03854038357602 -119.44576149999999 5.05
vertex 133.66089143957623 -119.4021845709135 5.05
vertex 133.5854118153505 -119.44576149999999 5.05
endloop
endfacet
facet normal 0 0 1
outer loop
vertex 135.05886063215706 -119.4021845709135 5.05
vertex 135.08498395629456 -119.34616290174435 5.05
vertex 133.72765669902748 -119.34616290174435 5.05
endloop
endfacet
facet normal 0 0 1
outer loop
vertex 135.05886063215706 -119.4021845709135 5.05
vertex 133.72765669902748 -119.34616290174435 5.05
vertex 133.66089143957623 -119.4021845709135 5.05
endloop
endfacet
facet normal 0 0 1
outer loop
vertex 135.08498395629456 -119.34616290174435 5.05
vertex 135.11611656926144 -119.27939877422281 5.05
vertex 133.7836794870429 -119.27939877422281 5.05
endloop
endfacet
facet normal 0 0 1
outer loop
vertex 135.08498395629456 -119.34616290174435 5.05
vertex 133.7836794870429 -119.27939877422281 5.05
vertex 133.72765669902748 -119.34616290174435 5.05
endloop
endfacet
facet normal 0 0 1
outer loop
vertex 135.11611656926144 -119.27939877422281 5.05
vertex 135.15131253755854 -119.20392075000005 5.05
vertex 133.82725779999996 -119.20392075000005 5.05
endloop
endfacet
facet normal 0 0 1
outer loop
vertex 135.11611656926144 -119.27939877422281 5.05
vertex 133.82725779999996 -119.20392075000005 5.05
vertex 133.7836794870429 -119.27939877422281 5.05
endloop
endfacet
facet normal 0 0 1
outer loop
vertex 133.16279559999998 -119.44576149999999 5.05
vertex 119.28254020956456 -112.97329210000002 5.05
vertex 116.44309830000006 -112.97329210000002 5.05
endloop
endfacet
facet normal 0 0 1
outer loop
vertex 133.16279559999998 -119.44576149999999 5.05
vertex 116.44309830000006 -112.97329210000002 5.05
vertex 130.32335379688053 -119.44576149999999 5.05
endloop
endfacet
facet normal 0 0 1
outer loop
vertex 119.28254020956456 -112.97329210000002 5.05
vertex 119.25790347076402 -112.9618038 5.05
vertex 116.40666199999998 -112.9618038 5.05
endloop
endfacet
facet normal 0 0 1
outer loop
vertex 119.28254020956456 -112.97329210000002 5.05
vertex 116.40666199999998 -112.9618038 5.05
vertex 116.44309830000006 -112.97329210000002 5.05
endloop
endfacet
facet normal 0 0 1
outer loop
vertex 39.25486903544516 -112.81253238967756 5.05
vertex 39.54669585000036 -112.76107709999994 5.05
vertex 43.81609876257438 -111.61709386683289 5.05
endloop
endfacet
facet normal 0 0 1
outer loop
vertex 39.25486903544516 -112.81253238967756 5.05
vertex 43.81609876257438 -111.61709386683289 5.05
vertex 39.17963424751888 -111.61709134893925 5.05
endloop
endfacet
facet normal 0 0 1
outer loop
vertex 39.25486903544516 -112.81253238967756 5.05
vertex 39.17963424751888 -111.61709134893925 5.05
vertex 39.150290047491865 -111.61709134893925 5.05
endloop
endfacet
facet normal 0 0 1
outer loop
vertex 39.25486903544516 -112.81253238967756 5.05
vertex 39.150290047491865 -111.61709134893925 5.05
vertex 39.063134327344855 -111.61709386683289 5.05
endloop
endfacet
facet normal 0 0 1
outer loop
vertex 39.25486903544516 -112.81253238967756 5.05
vertex 39.063134327344855 -111.61709386683289 5.05
vertex 37.485777135262964 -111.61709386683289 5.05
endloop
endfacet
facet normal 0 0 1
outer loop
vertex 39.25486903544516 -112.81253238967756 5.05
vertex 37.485777135262964 -111.61709386683289 5.05
vertex 37.56598661279641 -111.83745469986711 5.05
endloop
endfacet
facet normal 0 0 1
outer loop
vertex 39.25486903544516 -112.81253238967756 5.05
vertex 37.56598661279641 -111.83745469986711 5.05
vertex 37.71415113738737 -112.09408261279899 5.05
endloop
endfacet
facet normal 0 0 1
outer loop
vertex 39.25486903544516 -112.81253238967756 5.05
vertex 37.71415113738737 -112.09408261279899 5.05
vertex 37.90462754917549 -112.32108338062937 5.05
endloop
endfacet
facet normal 0 0 1
outer loop
vertex 39.25486903544516 -112.81253238967756 5.05
vertex 37.90462754917549 -112.32108338062937 5.05
vertex 38.13162835670743 -112.51155974510259 5.05
endloop
endfacet
facet normal 0 0 1
outer loop
vertex 39.25486903544516 -112.81253238967756 5.05
vertex 38.13162835670743 -112.51155974510259 5.05
vertex 38.38825630052201 -112.65972421620361 5.05
endloop
endfacet
facet normal 0 0 1
outer loop
vertex 39.25486903544516 -112.81253238967756 5.05
vertex 38.38825630052201 -112.65972421620361 5.05
vertex 38.6667139215139 -112.7610749209599 5.05
endloop
endfacet
facet normal 0 0 1
outer loop
vertex 39.25486903544516 -112.81253238967756 5.05
vertex 38.6667139215139 -112.7610749209599 5.05
vertex 38.958540481231246 -112.81253238967756 5.05
endloop
endfacet
facet normal 0 0 1
outer loop
vertex 39.17963424751888 -111.61709134893925 5.05
vertex 43.81609876257438 -111.61709386683289 5.05
vertex 43.816108159479946 -111.61709134893925 5.05
endloop
endfacet
facet normal 0 0 1
outer loop
vertex 39.17963424751888 -111.61709134893925 5.05
vertex 43.816108159479946 -111.61709134893925 5.05
vertex 39.17963424751888 -111.61709134893925 5.05
endloop
endfacet
facet normal 0 0 1
outer loop
vertex 39.17963424751888 -111.61709134893925 5.05
vertex 39.17963424751888 -111.61709134893925 5.05
vertex 39.063134327344855 -111.61709386683289 5.05
endloop
endfacet
facet normal 0 0 1
outer loop
vertex 39.063134327344855 -111.61709386683289 5.05
vertex 38.977302370640935 -111.60196129381208 5.05
vertex 37.48026900680373 -111.60196129381208 5.05
endloop
endfacet
facet normal 0 0 1
outer loop
vertex 39.063134327344855 -111.61709386683289 5.05
vertex 37.48026900680373 -111.60196129381208 5.05
vertex 37.485777135262964 -111.61709386683289 5.05
endloop
endfacet
facet normal 0 0 1
outer loop
vertex 39.17963424751888 -111.61709134893925 5.05
vertex 43.816108159479946 -111.61709134893925 5.05
vertex 43.87259516190395 -111.6019557 5.05
endloop
endfacet
facet normal 0 0 1
outer loop
vertex 39.17963424751888 -111.61709134893925 5.05
vertex 43.87259516190395 -111.6019557 5.05
vertex 39.23612134999996 -111.6019557 5.05
endloop
endfacet
facet normal 0 0 1
outer loop
vertex 39.17963424751888 -111.61709134893925 5.05
vertex 39.23612134999996 -111.6019557 5.05
vertex 39.150290047491865 -111.61709134893925 5.05
endloop
endfacet
facet normal 0 0 1
outer loop
vertex 38.977302370640935 -111.60196129381208 5.05
vertex 38.895402136599834 -111.57215405942374 5.05
vertex 37.46941942585014 -111.57215405942374 5.05
endloop
endfacet
facet normal 0 0 1
outer loop
vertex 38.977302370640935 -111.60196129381208 5.05
vertex 37.46941942585014 -111.57215405942374 5.05
vertex 37.48026900680373 -111.60196129381208 5.05
endloop
endfacet
facet normal 0 0 1
outer loop
vertex 38.895402136599834 -111.57215405942374 5.05
vertex 38.81992212109997 -111.52857784093226 5.05
vertex 37.45647936677429 -111.52857784093226 5.05
endloop
endfacet
facet normal 0 0 1
outer loop
vertex 38.895402136599834 -111.57215405942374 5.05
vertex 37.45647936677429 -111.52857784093226 5.05
vertex 37.464629557407875 -111.55899477410584 5.05
endloop
endfacet
facet normal 0 0 1
outer loop
vertex 38.895402136599834 -111.57215405942374 5.05
vertex 37.464629557407875 -111.55899477410584 5.05
vertex 37.46941942585014 -111.57215405942374 5.05
endloop
endfacet
facet normal 0 0 1
outer loop
vertex 38.81992212109997 -111.52857784093226 5.05
vertex 38.75315574502924 -111.47255667899978 5.05
vertex 37.441468545444636 -111.47255667899978 5.05
endloop
endfacet
facet normal 0 0 1
outer loop
vertex 38.81992212109997 -111.52857784093226 5.05
vertex 37.441468545444636 -111.47255667899978 5.05
vertex 37.45647936677429 -111.52857784093226 5.05
endloop
endfacet
facet normal 0 0 1
outer loop
vertex 38.75315574502924 -111.47255667899978 5.05
vertex 38.69713166988805 -111.40579274740165 5.05
vertex 37.42357920838139 -111.40579274740165 5.05
endloop
endfacet
facet normal 0 0 1
outer loop
vertex 38.75315574502924 -111.47255667899978 5.05
vertex 37.42357920838139 -111.40579274740165 5.05
vertex 37.441468545444636 -111.47255667899978 5.05
endloop
endfacet
facet normal 0 0 1
outer loop
vertex 38.69713166988805 -111.40579274740165 5.05
vertex 38.65355215796791 -111.33031463336414 5.05
vertex 37.40335491375713 -111.33031463336414 5.05
endloop
endfacet
facet normal 0 0 1
outer loop
vertex 38.69713166988805 -111.40579274740165 5.05
vertex 37.40335491375713 -111.33031463336414 5.05
vertex 37.42357920838139 -111.40579274740165 5.05
endloop
endfacet
facet normal 0 0 1
outer loop
vertex 38.65355215796791 -111.33031463336414 5.05
vertex 38.62374577749738 -111.24841057538694 5.05
vertex 37.38140879307596 -111.24841057538694 5.05
endloop
endfacet
facet normal 0 0 1
outer loop
vertex 38.65355215796791 -111.33031463336414 5.05
vertex 37.38140879307596 -111.24841057538694 5.05
vertex 37.40335491375713 -111.33031463336414 5.05
endloop
endfacet
facet normal 0 0 1
outer loop
vertex 119.25790347076402 -112.9618038 5.05
vertex 116.87895669999993 -111.85248269999997 5.05
vertex 116.6924968000001 -111.79369220000002 5.05
endloop
endfacet
facet normal 0 0 1
outer loop
vertex 119.25790347076402 -112.9618038 5.05
vertex 116.6924968000001 -111.79369220000002 5.05
vertex 105.8790034264514 -109.88698139999994 5.05
endloop
endfacet
facet normal 0 0 1
outer loop
vertex 119.25790347076402 -112.9618038 5.05
vertex 105.8790034264514 -109.88698139999994 5.05
vertex 98.96847229999973 -109.88698139999994 5.05
endloop
endfacet
facet normal 0 0 1
outer loop
vertex 119.25790347076402 -112.9618038 5.05
vertex 98.96847229999973 -109.88698139999994 5.05
vertex 116.40666199999998 -112.9618038 5.05
endloop
endfacet
facet normal 0 0 1
outer loop
vertex 105.8790034264514 -109.88698139999994 5.05
vertex 105.82554680513576 -109.877555554561 5.05
vertex 98.90207353242373 -109.877555554561 5.05
endloop
endfacet
facet normal 0 0 1
outer loop
vertex 105.8790034264514 -109.88698139999994 5.05
vertex 98.90207353242373 -109.877555554561 5.05
vertex 98.96847229999973 -109.88698139999994 5.05
endloop
endfacet
facet normal 0 0 1
outer loop
vertex 105.82554680513576 -109.877555554561 5.05
vertex 105.79745834063114 -109.87260279999998 5.05
vertex 98.83519459999982 -109.87260279999998 5.05
endloop
endfacet
facet normal 0 0 1
outer loop
vertex 105.82554680513576 -109.877555554561 5.05
vertex 98.83519459999982 -109.87260279999998 5.05
vertex 98.90207353242373 -109.877555554561 5.05
endloop
endfacet
facet normal 0 0 1
outer loop
vertex 43.87259516190395 -111.6019557 5.05
vertex 56.53628660000038 -108.20872929999992 5.05
vertex 51.899835219662364 -108.20872929999992 5.05
endloop
endfacet
facet normal 0 0 1
outer loop
vertex 43.87259516190395 -111.6019557 5.05
vertex 51.899835219662364 -108.20872929999992 5.05
vertex 39.23612134999996 -111.6019557 5.05
endloop
endfacet
facet normal 0 0 1
outer loop
vertex 56.53628660000038 -108.20872929999992 5.05
vertex 56.63472888673219 -108.18759856495001 5.05
vertex 51.97869632439964 -108.18759856495001 5.05
endloop
endfacet
facet normal 0 0 1
outer loop
vertex 56.53628660000038 -108.20872929999992 5.05
vertex 51.97869632439964 -108.18759856495001 5.05
vertex 51.899835219662364 -108.20872929999992 5.05
endloop
endfacet
facet normal 0 0 1
outer loop
vertex 56.63472888673219 -108.18759856495001 5.05
vertex 56.73480039693415 -108.17647430549374 5.05
vertex 52.02021269323552 -108.17647430549374 5.05
endloop
endfacet
facet normal 0 0 1
outer loop
vertex 56.63472888673219 -108.18759856495001 5.05
vertex 52.02021269323552 -108.17647430549374 5.05
vertex 51.97869632439964 -108.18759856495001 5.05
endloop
endfacet
facet normal 0 0 1
outer loop
vertex 56.73480039693415 -108.17647430549374 5.05
vertex 56.83548330000016 -108.17546964999998 5.05
vertex 52.02396212466472 -108.17546964999998 5.05
endloop
endfacet
facet normal 0 0 1
outer loop
vertex 56.73480039693415 -108.17647430549374 5.05
vertex 52.02396212466472 -108.17546964999998 5.05
vertex 52.02021269323552 -108.17647430549374 5.05
endloop
endfacet
facet normal 0 0 1
outer loop
vertex 105.79745834063114 -109.87260279999998 5.05
vertex 99.09746385000055 -108.6912129000001 5.05
vertex 99.03106508242357 -108.68178705456101 5.05
endloop
endfacet
facet normal 0 0 1
outer loop
vertex 105.79745834063114 -109.87260279999998 5.05
vertex 99.03106508242357 -108.68178705456101 5.05
vertex 98.96418769999988 -108.6768358 5.05
endloop
endfacet
facet normal 0 0 1
outer loop
vertex 105.79745834063114 -109.87260279999998 5.05
vertex 98.96418769999988 -108.6768358 5.05
vertex 86.55666230478383 -108.17546964999998 5.05
endloop
endfacet
facet normal 0 0 1
outer loop
vertex 105.79745834063114 -109.87260279999998 5.05
vertex 86.55666230478383 -108.17546964999998 5.05
vertex 56.83548330000016 -108.17546964999998 5.05
endloop
endfacet
facet normal 0 0 1
outer loop
vertex 105.79745834063114 -109.87260279999998 5.05
vertex 56.83548330000016 -108.17546964999998 5.05
vertex 98.83519459999982 -109.87260279999998 5.05
endloop
endfacet
facet normal 0 0 1
outer loop
vertex 56.83548330000016 -108.17546964999998 5.05
vertex 86.55666230478383 -108.17546964999998 5.05
vertex 56.701380950000065 -106.96907055 5.05
endloop
endfacet
facet normal 0 0 1
outer loop
vertex 56.83548330000016 -108.17546964999998 5.05
vertex 56.701380950000065 -106.96907055 5.05
vertex 56.60069804693387 -106.97007520549376 5.05
endloop
endfacet
facet normal 0 0 1
outer loop
vertex 56.83548330000016 -108.17546964999998 5.05
vertex 56.60069804693387 -106.97007520549376 5.05
vertex 56.50062653673267 -106.98119946494994 5.05
endloop
endfacet
facet normal 0 0 1
outer loop
vertex 56.83548330000016 -108.17546964999998 5.05
vertex 56.50062653673267 -106.98119946494994 5.05
vertex 56.402181899999896 -107.00233110000005 5.05
endloop
endfacet
facet normal 0 0 1
outer loop
vertex 56.83548330000016 -108.17546964999998 5.05
vertex 56.402181899999896 -107.00233110000005 5.05
vertex 52.02396212466472 -108.17546964999998 5.05
endloop
endfacet
facet normal 0 0 1
outer loop
vertex 135.15131253755854 -119.20392075000005 5.05
vertex 142.09901140000414 -104.30452719999113 5.05
vertex 140.77495806608457 -104.30452719999113 5.05
endloop
endfacet
facet normal 0 0 1
outer loop
vertex 135.15131253755854 -119.20392075000005 5.05
vertex 140.77495806608457 -104.30452719999113 5.05
vertex 133.82725779999996 -119.20392075000005 5.05
endloop
endfacet
facet normal 0 0 1
outer loop
vertex 142.09901140000414 -104.30452719999113 5.05
vertex 148.5514319 -90.50904769999994 5.05
vertex 148.6412622374456 -90.28595320907796 5.05
endloop
endfacet
facet normal 0 0 1
outer loop
vertex 142.09901140000414 -104.30452719999113 5.05
vertex 148.6412622374456 -90.28595320907796 5.05
vertex 148.70620561014596 -90.05439014506943 5.05
endloop
endfacet
facet normal 0 0 1
outer loop
vertex 142.09901140000414 -104.30452719999113 5.05
vertex 148.70620561014596 -90.05439014506943 5.05
vertex 148.715102997499 -90.00064519999968 5.05
endloop
endfacet
facet normal 0 0 1
outer loop
vertex 142.09901140000414 -104.30452719999113 5.05
vertex 148.715102997499 -90.00064519999968 5.05
vertex 147.46445130000012 -90.00064519999968 5.05
endloop
endfacet
facet normal 0 0 1
outer loop
vertex 142.09901140000414 -104.30452719999113 5.05
vertex 147.46445130000012 -90.00064519999968 5.05
vertex 141.01475386374852 -103.79028337481138 5.05
endloop
endfacet
facet normal 0 0 1
outer loop
vertex 142.09901140000414 -104.30452719999113 5.05
vertex 141.01475386374852 -103.79028337481138 5.05
vertex 141.01202510000022 -103.79611755000009 5.05
endloop
endfacet
facet normal 0 0 1
outer loop
vertex 142.09901140000414 -104.30452719999113 5.05
vertex 141.01202510000022 -103.79611755000009 5.05
vertex 141.01178494582106 -103.79664748018314 5.05
endloop
endfacet
facet normal 0 0 1
outer loop
vertex 142.09901140000414 -104.30452719999113 5.05
vertex 141.01178494582106 -103.79664748018314 5.05
vertex 141.01154020000007 -103.79717510000003 5.05
endloop
endfacet
facet normal 0 0 1
outer loop
vertex 142.09901140000414 -104.30452719999113 5.05
vertex 141.01154020000007 -103.79717510000003 5.05
vertex 140.77495806608457 -104.30452719999113 5.05
endloop
endfacet
facet normal 0 0 1
outer loop
vertex 148.715102997499 -90.00064519999968 5.05
vertex 148.73189070274967 -89.89923854423157 5.05
vertex 147.50528229267402 -89.89923854423157 5.05
endloop
endfacet
facet normal 0 0 1
outer loop
vertex 148.715102997499 -90.00064519999968 5.05
vertex 147.50528229267402 -89.89923854423157 5.05
vertex 147.46445130000012 -90.00064519999968 5.05
endloop
endfacet
facet normal 0 0 1
outer loop
vertex 148.73189070274967 -89.89923854423157 5.05
vertex 148.74548498011475 -89.81712188894174 5.05
vertex 148.74675165418302 -89.79398349524516 5.05
endloop
endfacet
facet normal 0 0 1
outer loop
vertex 148.73189070274967 -89.89923854423157 5.05
vertex 148.74675165418302 -89.79398349524516 5.05
vertex 147.53480144294568 -89.79398349524516 5.05
endloop
endfacet
facet normal 0 0 1
outer loop
vertex 148.73189070274967 -89.89923854423157 5.05
vertex 147.53480144294568 -89.79398349524516 5.05
vertex 147.50528229267402 -89.89923854423157 5.05
endloop
endfacet
facet normal 0 0 1
outer loop
vertex 148.74675165418302 -89.79398349524516 5.05
vertex 148.7526556324581 -89.68613525146327 5.05
vertex 147.55265534680453 -89.68613525146327 5.05
endloop
endfacet
facet normal 0 0 1
outer loop
vertex 148.74675165418302 -89.79398349524516 5.05
vertex 147.55265534680453 -89.68613525146327 5.05
vertex 147.53480144294568 -89.79398349524516 5.05
endloop
endfacet
facet normal 0 0 1
outer loop
vertex 148.7526556324581 -89.68613525146327 5.05
vertex 148.75863095 -89.57698385000045 5.05
vertex 147.55863058157172 -89.57698385000045 5.05
endloop
endfacet
facet normal 0 0 1
outer loop
vertex 148.7526556324581 -89.68613525146327 5.05
vertex 147.55863058157172 -89.57698385000045 5.05
vertex 147.55265534680453 -89.68613525146327 5.05
endloop
endfacet
facet normal 0 0 1
outer loop
vertex 38.62374577749738 -111.24841057538694 5.05
vertex 25.423967400000002 -61.98618600000001 5.05
vertex 24.21340502300476 -61.98618600000001 5.05
endloop
endfacet
facet normal 0 0 1
outer loop
vertex 38.62374577749738 -111.24841057538694 5.05
vertex 24.21340502300476 -61.98618600000001 5.05
vertex 24.213404976543984 -62.00494868544514 5.05
endloop
endfacet
facet normal 0 0 1
outer loop
vertex 38.62374577749738 -111.24841057538694 5.05
vertex 24.213404976543984 -62.00494868544514 5.05
vertex 24.26486100000001 -62.29677550000004 5.05
endloop
endfacet
facet normal 0 0 1
outer loop
vertex 38.62374577749738 -111.24841057538694 5.05
vertex 24.26486100000001 -62.29677550000004 5.05
vertex 37.38140879307596 -111.24841057538694 5.05
endloop
endfacet
facet normal 0 0 1
outer loop
vertex 25.423967400000002 -61.98618600000001 5.05
vertex 25.408835421970537 -61.900355102004475 5.05
vertex 24.213405235542044 -61.900355102004475 5.05
endloop
endfacet
facet normal 0 0 1
outer loop
vertex 25.423967400000002 -61.98618600000001 5.05
vertex 24.213405235542044 -61.900355102004475 5.05
vertex 24.21340502300476 -61.98618600000001 5.05
endloop
endfacet
facet normal 0 0 1
outer loop
vertex 25.408835421970537 -61.900355102004475 5.05
vertex 25.408837507252386 -61.81320052779611 5.05
vertex 24.213405451357055 -61.81320052779611 5.05
endloop
endfacet
facet normal 0 0 1
outer loop
vertex 25.408835421970537 -61.900355102004475 5.05
vertex 24.213405451357055 -61.81320052779611 5.05
vertex 24.213405235542044 -61.900355102004475 5.05
endloop
endfacet
facet normal 0 0 1
outer loop
vertex 25.408837507252386 -61.81320052779611 5.05
vertex 25.423973592487016 -61.727370354001756 5.05
vertex 24.213405663892544 -61.727370354001756 5.05
endloop
endfacet
facet normal 0 0 1
outer loop
vertex 25.408837507252386 -61.81320052779611 5.05
vertex 24.213405663892544 -61.727370354001756 5.05
vertex 24.213405451357055 -61.81320052779611 5.05
endloop
endfacet
facet normal 0 0 1
outer loop
vertex 25.423973592487016 -61.727370354001756 5.05
vertex 25.45378378771572 -61.645472417091085 5.05
vertex 24.224540479988736 -61.645472417091085 5.05
endloop
endfacet
facet normal 0 0 1
outer loop
vertex 25.423973592487016 -61.727370354001756 5.05
vertex 24.224540479988736 -61.645472417091085 5.05
vertex 24.213405710322462 -61.708620131231136 5.05
endloop
endfacet
facet normal 0 0 1
outer loop
vertex 25.423973592487016 -61.727370354001756 5.05
vertex 24.213405710322462 -61.708620131231136 5.05
vertex 24.213405663892544 -61.727370354001756 5.05
endloop
endfacet
facet normal 0 0 1
outer loop
vertex 25.45378378771572 -61.645472417091085 5.05
vertex 25.497362349528622 -61.56999507770951 5.05
vertex 24.23784931943735 -61.56999507770951 5.05
endloop
endfacet
facet normal 0 0 1
outer loop
vertex 25.45378378771572 -61.645472417091085 5.05
vertex 24.23784931943735 -61.56999507770951 5.05
vertex 24.224540479988736 -61.645472417091085 5.05
endloop
endfacet
facet normal 0 0 1
outer loop
vertex 25.497362349528622 -61.56999507770951 5.05
vertex 25.55338520088187 -61.50323161512668 5.05
vertex 24.249621650203494 -61.50323161512668 5.05
endloop
endfacet
facet normal 0 0 1
outer loop
vertex 25.497362349528622 -61.56999507770951 5.05
vertex 24.249621650203494 -61.50323161512668 5.05
vertex 24.23784931943735 -61.56999507770951 5.05
endloop
endfacet
facet normal 0 0 1
outer loop
vertex 25.55338520088187 -61.50323161512668 5.05
vertex 25.62015016142987 -61.447210548974596 5.05
vertex 24.259499785565275 -61.447210548974596 5.05
endloop
endfacet
facet normal 0 0 1
outer loop
vertex 25.55338520088187 -61.50323161512668 5.05
vertex 24.259499785565275 -61.447210548974596 5.05
vertex 24.249621650203494 -61.50323161512668 5.05
endloop
endfacet
facet normal 0 0 1
outer loop
vertex 25.62015016142987 -61.447210548974596 5.05
vertex 25.695628666026884 -61.40363400535787 5.05
vertex 24.269652889228148 -61.40363400535787 5.05
endloop
endfacet
facet normal 0 0 1
outer loop
vertex 25.62015016142987 -61.447210548974596 5.05
vertex 24.269652889228148 -61.40363400535787 5.05
vertex 24.26486317904009 -61.41679357151396 5.05
endloop
endfacet
facet normal 0 0 1
outer loop
vertex 25.62015016142987 -61.447210548974596 5.05
vertex 24.26486317904009 -61.41679357151396 5.05
vertex 24.259499785565275 -61.447210548974596 5.05
endloop
endfacet
facet normal 0 0 1
outer loop
vertex 25.695628666026884 -61.40363400535787 5.05
vertex 25.777524800000066 -61.37382199999998 5.05
vertex 24.280503616683397 -61.37382199999998 5.05
endloop
endfacet
facet normal 0 0 1
outer loop
vertex 25.695628666026884 -61.40363400535787 5.05
vertex 24.280503616683397 -61.37382199999998 5.05
vertex 24.269652889228148 -61.40363400535787 5.05
endloop
endfacet
facet normal 0 0 1
outer loop
vertex 148.75863095 -89.57698385000045 5.05
vertex 148.75863409999997 -56.70627939999979 5.05
vertex 147.55863410000003 -56.70627939999979 5.05
endloop
endfacet
facet normal 0 0 1
outer loop
vertex 148.75863095 -89.57698385000045 5.05
vertex 147.55863410000003 -56.70627939999979 5.05
vertex 147.55863058157172 -89.57698385000045 5.05
endloop
endfacet
facet normal 0 0 1
outer loop
vertex 148.75863409999997 -56.70627939999979 5.05
vertex 148.74344093551125 -56.53263152233321 5.05
vertex 147.54343980301226 -56.53263152233321 5.05
endloop
endfacet
facet normal 0 0 1
outer loop
vertex 148.75863409999997 -56.70627939999979 5.05
vertex 147.54343980301226 -56.53263152233321 5.05
vertex 147.55863410000003 -56.70627939999979 5.05
endloop
endfacet
facet normal 0 0 1
outer loop
vertex 148.74344093551125 -56.53263152233321 5.05
vertex 148.72870938218668 -56.36425955667431 5.05
vertex 147.49832467078588 -56.36425955667431 5.05
endloop
endfacet
facet normal 0 0 1
outer loop
vertex 148.74344093551125 -56.53263152233321 5.05
vertex 147.49832467078588 -56.36425955667431 5.05
vertex 147.54343980301226 -56.53263152233321 5.05
endloop
endfacet
facet normal 0 0 1
outer loop
vertex 148.72870938218668 -56.36425955667431 5.05
vertex 148.72520910662686 -56.324253709132755 5.05
vertex 148.69359806615185 -56.20627969999995 5.05
endloop
endfacet
facet normal 0 0 1
outer loop
vertex 148.72870938218668 -56.36425955667431 5.05
vertex 148.69359806615185 -56.20627969999995 5.05
vertex 147.42465745378442 -56.20627969999995 5.05
endloop
endfacet
facet normal 0 0 1
outer loop
vertex 148.72870938218668 -56.36425955667431 5.05
vertex 147.42465745378442 -56.20627969999995 5.05
vertex 147.49832467078588 -56.36425955667431 5.05
endloop
endfacet
facet normal 0 0 1
outer loop
vertex 148.69359806615185 -56.20627969999995 5.05
vertex 148.65533824144717 -56.063492090313424 5.05
vertex 147.3246765125579 -56.063492090313424 5.05
endloop
endfacet
facet normal 0 0 1
outer loop
vertex 148.69359806615185 -56.20627969999995 5.05
vertex 147.3246765125579 -56.063492090313424 5.05
vertex 147.42465745378442 -56.20627969999995 5.05
endloop
endfacet
facet normal 0 0 1
outer loop
vertex 148.65533824144717 -56.063492090313424 5.05
vertex 148.625955815729 -55.95383538468357 5.05
vertex 148.61961397198277 -55.94023525688104 5.05
endloop
endfacet
facet normal 0 0 1
outer loop
vertex 148.65533824144717 -56.063492090313424 5.05
vertex 148.61961397198277 -55.94023525688104 5.05
vertex 147.20141968524698 -55.94023525688104 5.05
endloop
endfacet
facet normal 0 0 1
outer loop
vertex 148.65533824144717 -56.063492090313424 5.05
vertex 147.20141968524698 -55.94023525688104 5.05
vertex 147.3246765125579 -56.063492090313424 5.05
endloop
endfacet
facet normal 0 0 1
outer loop
vertex 148.61961397198277 -55.94023525688104 5.05
vertex 148.57299208435475 -55.84025429621552 5.05
vertex 147.05863208116088 -55.84025429621552 5.05
endloop
endfacet
facet normal 0 0 1
outer loop
vertex 148.61961397198277 -55.94023525688104 5.05
vertex 147.05863208116088 -55.84025429621552 5.05
vertex 147.20141968524698 -55.94023525688104 5.05
endloop
endfacet
facet normal 0 0 1
outer loop
vertex 148.57299208435475 -55.84025429621552 5.05
vertex 148.53864049691205 -55.7665870792141 5.05
vertex 146.90065222854432 -55.7665870792141 5.05
endloop
endfacet
facet normal 0 0 1
outer loop
vertex 148.57299208435475 -55.84025429621552 5.05
vertex 146.90065222854432 -55.7665870792141 5.05
vertex 147.05863208116088 -55.84025429621552 5.05
endloop
endfacet
facet normal 0 0 1
outer loop
vertex 148.53864049691205 -55.7665870792141 5.05
vertex 148.51760296525623 -55.72147194698779 5.05
vertex 146.73228026304628 -55.72147194698779 5.05
endloop
endfacet
facet normal 0 0 1
outer loop
vertex 148.53864049691205 -55.7665870792141 5.05
vertex 146.73228026304628 -55.72147194698779 5.05
vertex 146.90065222854432 -55.7665870792141 5.05
endloop
endfacet
facet normal 0 0 1
outer loop
vertex 146.55863205000006 -55.70627817772182 5.05
vertex 143.884522056658 -55.47232414311894 5.05
vertex 126.28154444031343 -55.47232414311894 5.05
endloop
endfacet
facet normal 0 0 1
outer loop
vertex 146.55863205000006 -55.70627817772182 5.05
vertex 126.28154444031343 -55.47232414311894 5.05
vertex 126.42433205000005 -55.57230510378446 5.05
endloop
endfacet
facet normal 0 0 1
outer loop
vertex 146.55863205000006 -55.70627817772182 5.05
vertex 126.42433205000005 -55.57230510378446 5.05
vertex 126.58231190667429 -55.64597232078589 5.05
endloop
endfacet
facet normal 0 0 1
outer loop
vertex 146.55863205000006 -55.70627817772182 5.05
vertex 126.58231190667429 -55.64597232078589 5.05
vertex 126.7506838723331 -55.6910874530122 5.05
endloop
endfacet
facet normal 0 0 1
outer loop
vertex 146.55863205000006 -55.70627817772182 5.05
vertex 126.7506838723331 -55.6910874530122 5.05
vertex 126.92433410000008 -55.70627817772182 5.05
endloop
endfacet
facet normal 0 0 1
outer loop
vertex 148.51760296525623 -55.72147194698779 5.05
vertex 148.46388793832574 -55.60627969999995 5.05
vertex 148.37009124761258 -55.47232414311894 5.05
endloop
endfacet
facet normal 0 0 1
outer loop
vertex 148.51760296525623 -55.72147194698779 5.05
vertex 148.37009124761258 -55.47232414311894 5.05
vertex 143.884522056658 -55.47232414311894 5.05
endloop
endfacet
facet normal 0 0 1
outer loop
vertex 148.51760296525623 -55.72147194698779 5.05
vertex 143.884522056658 -55.47232414311894 5.05
vertex 146.55863205000006 -55.70627817772182 5.05
endloop
endfacet
facet normal 0 0 1
outer loop
vertex 148.51760296525623 -55.72147194698779 5.05
vertex 146.55863205000006 -55.70627817772182 5.05
vertex 146.73228026304628 -55.72147194698779 5.05
endloop
endfacet
facet normal 0 0 1
outer loop
vertex 143.884522056658 -55.47232414311894 5.05
vertex 148.37009124761258 -55.47232414311894 5.05
vertex 148.24392982486177 -55.29214695868964 5.05
endloop
endfacet
facet normal 0 0 1
outer loop
vertex 143.884522056658 -55.47232414311894 5.05
vertex 148.24392982486177 -55.29214695868964 5.05
vertex 147.97276479131037 -55.02098192513823 5.05
endloop
endfacet
facet normal 0 0 1
outer loop
vertex 143.884522056658 -55.47232414311894 5.05
vertex 147.97276479131037 -55.02098192513823 5.05
vertex 147.65863205 -54.80102381167423 5.05
endloop
endfacet
facet normal 0 0 1
outer loop
vertex 143.884522056658 -55.47232414311894 5.05
vertex 147.65863205 -54.80102381167423 5.05
vertex 147.31107636531655 -54.638955934271024 5.05
endloop
endfacet
facet normal 0 0 1
outer loop
vertex 143.884522056658 -55.47232414311894 5.05
vertex 147.31107636531655 -54.638955934271024 5.05
vertex 146.94065804086725 -54.53970264337315 5.05
endloop
endfacet
facet normal 0 0 1
outer loop
vertex 143.884522056658 -55.47232414311894 5.05
vertex 146.94065804086725 -54.53970264337315 5.05
vertex 146.55863204999991 -54.50627936419713 5.05
endloop
endfacet
facet normal 0 0 1
outer loop
vertex 143.884522056658 -55.47232414311894 5.05
vertex 146.55863204999991 -54.50627936419713 5.05
vertex 128.1243341 -54.50627936419713 5.05
endloop
endfacet
facet normal 0 0 1
outer loop
vertex 143.884522056658 -55.47232414311894 5.05
vertex 128.1243341 -54.50627936419713 5.05
vertex 125.92433207411769 -54.50627936419713 5.05
endloop
endfacet
facet normal 0 0 1
outer loop
vertex 143.884522056658 -55.47232414311894 5.05
vertex 125.92433207411769 -54.50627936419713 5.05
vertex 125.92433205 -54.70627970000007 5.05
endloop
endfacet
facet normal 0 0 1
outer loop
vertex 143.884522056658 -55.47232414311894 5.05
vertex 125.92433205 -54.70627970000007 5.05
vertex 125.9395242969878 -54.87992787766696 5.05
endloop
endfacet
facet normal 0 0 1
outer loop
vertex 143.884522056658 -55.47232414311894 5.05
vertex 125.9395242969878 -54.87992787766696 5.05
vertex 125.98463942921408 -55.04829984332562 5.05
endloop
endfacet
facet normal 0 0 1
outer loop
vertex 143.884522056658 -55.47232414311894 5.05
vertex 125.98463942921408 -55.04829984332562 5.05
vertex 126.05830664621558 -55.2062797 5.05
endloop
endfacet
facet normal 0 0 1
outer loop
vertex 143.884522056658 -55.47232414311894 5.05
vertex 126.05830664621558 -55.2062797 5.05
vertex 126.15828760688107 -55.34906730968658 5.05
endloop
endfacet
facet normal 0 0 1
outer loop
vertex 143.884522056658 -55.47232414311894 5.05
vertex 126.15828760688107 -55.34906730968658 5.05
vertex 126.28154444031343 -55.47232414311894 5.05
endloop
endfacet
facet normal 0 0 1
outer loop
vertex 128.1243341 -54.50627936419713 5.05
vertex 127.95068424927244 -54.49108745301219 5.05
vertex 125.92433207594966 -54.49108745301219 5.05
endloop
endfacet
facet normal 0 0 1
outer loop
vertex 128.1243341 -54.50627936419713 5.05
vertex 125.92433207594966 -54.49108745301219 5.05
vertex 125.92433207411769 -54.50627936419713 5.05
endloop
endfacet
facet normal 0 0 1
outer loop
vertex 127.95068424927244 -54.49108745301219 5.05
vertex 127.7823119066743 -54.445972320785884 5.05
vertex 125.92433208139002 -54.445972320785884 5.05
endloop
endfacet
facet normal 0 0 1
outer loop
vertex 127.95068424927244 -54.49108745301219 5.05
vertex 125.92433208139002 -54.445972320785884 5.05
vertex 125.92433207594966 -54.49108745301219 5.05
endloop
endfacet
facet normal 0 0 1
outer loop
vertex 127.7823119066743 -54.445972320785884 5.05
vertex 127.62433204999998 -54.37230510378443 5.05
vertex 125.92433209027342 -54.37230510378443 5.05
endloop
endfacet
facet normal 0 0 1
outer loop
vertex 127.7823119066743 -54.445972320785884 5.05
vertex 125.92433209027342 -54.37230510378443 5.05
vertex 125.92433208139002 -54.445972320785884 5.05
endloop
endfacet
facet normal 0 0 1
outer loop
vertex 127.62433204999998 -54.37230510378443 5.05
vertex 127.4815444403135 -54.272324143119 5.05
vertex 125.92433210232994 -54.272324143119 5.05
endloop
endfacet
facet normal 0 0 1
outer loop
vertex 127.62433204999998 -54.37230510378443 5.05
vertex 125.92433210232994 -54.272324143119 5.05
vertex 125.92433209027342 -54.37230510378443 5.05
endloop
endfacet
facet normal 0 0 1
outer loop
vertex 25.777524800000066 -61.37382199999998 5.05
vertex 49.8633754 -54.920037799999996 5.05
vertex 49.81874489999993 -54.409908000000016 5.05
endloop
endfacet
facet normal 0 0 1
outer loop
vertex 25.777524800000066 -61.37382199999998 5.05
vertex 49.81874489999993 -54.409908000000016 5.05
vertex 49.80376689199604 -54.23871009999999 5.05
endloop
endfacet
facet normal 0 0 1
outer loop
vertex 25.777524800000066 -61.37382199999998 5.05
vertex 49.80376689199604 -54.23871009999999 5.05
vertex 47.76967535000002 -54.23871009999999 5.05
endloop
endfacet
facet normal 0 0 1
outer loop
vertex 25.777524800000066 -61.37382199999998 5.05
vertex 47.76967535000002 -54.23871009999999 5.05
vertex 25.466942000000202 -60.21471099999993 5.05
endloop
endfacet
facet normal 0 0 1
outer loop
vertex 25.777524800000066 -61.37382199999998 5.05
vertex 25.466942000000202 -60.21471099999993 5.05
vertex 25.188483400132867 -60.316066262796426 5.05
endloop
endfacet
facet normal 0 0 1
outer loop
vertex 25.777524800000066 -61.37382199999998 5.05
vertex 25.188483400132867 -60.316066262796426 5.05
vertex 24.93185548720099 -60.464230787387386 5.05
endloop
endfacet
facet normal 0 0 1
outer loop
vertex 25.777524800000066 -61.37382199999998 5.05
vertex 24.93185548720099 -60.464230787387386 5.05
vertex 24.704854719370687 -60.65470719917544 5.05
endloop
endfacet
facet normal 0 0 1
outer loop
vertex 25.777524800000066 -61.37382199999998 5.05
vertex 24.704854719370687 -60.65470719917544 5.05
vertex 24.51437835489741 -60.88170800670746 5.05
endloop
endfacet
facet normal 0 0 1
outer loop
vertex 25.777524800000066 -61.37382199999998 5.05
vertex 24.51437835489741 -60.88170800670746 5.05
vertex 24.366213883796412 -61.13833595052196 5.05
endloop
endfacet
facet normal 0 0 1
outer loop
vertex 25.777524800000066 -61.37382199999998 5.05
vertex 24.366213883796412 -61.13833595052196 5.05
vertex 24.280503616683397 -61.37382199999998 5.05
endloop
endfacet
facet normal 0 0 1
outer loop
vertex 49.80376689199604 -54.23871009999999 5.05
vertex 49.79925310179231 -54.1871173304155 5.05
vertex 47.91582096684888 -54.1871173304155 5.05
endloop
endfacet
facet normal 0 0 1
outer loop
vertex 49.80376689199604 -54.23871009999999 5.05
vertex 47.91582096684888 -54.1871173304155 5.05
vertex 47.76967535000002 -54.23871009999999 5.05
endloop
endfacet
facet normal 0 0 1
outer loop
vertex 127.4815444403135 -54.272324143119 5.05
vertex 127.35828760688102 -54.14906730968654 5.05
vertex 125.92433211719326 -54.14906730968654 5.05
endloop
endfacet
facet normal 0 0 1
outer loop
vertex 127.4815444403135 -54.272324143119 5.05
vertex 125.92433211719326 -54.14906730968654 5.05
vertex 125.92433210232994 -54.272324143119 5.05
endloop
endfacet
facet normal 0 0 1
outer loop
vertex 49.79925310179231 -54.1871173304155 5.05
vertex 49.792817827034646 -54.1135619295661 5.05
vertex 48.052239287478464 -54.1135619295661 5.05
endloop
endfacet
facet normal 0 0 1
outer loop
vertex 49.79925310179231 -54.1871173304155 5.05
vertex 48.052239287478464 -54.1135619295661 5.05
vertex 47.91582096684888 -54.1871173304155 5.05
endloop
endfacet
facet normal 0 0 1
outer loop
vertex 49.792817827034646 -54.1135619295661 5.05
vertex 49.7846156453085 -54.019810724306815 5.05
vertex 48.175653495371954 -54.019810724306815 5.05
endloop
endfacet
facet normal 0 0 1
outer loop
vertex 49.792817827034646 -54.1135619295661 5.05
vertex 48.175653495371954 -54.019810724306815 5.05
vertex 48.052239287478464 -54.1135619295661 5.05
endloop
endfacet
facet normal 0 0 1
outer loop
vertex 127.35828760688102 -54.14906730968654 5.05
vertex 127.25830664621557 -54.006279700000015 5.05
vertex 125.92433213441177 -54.006279700000015 5.05
endloop
endfacet
facet normal 0 0 1
outer loop
vertex 127.35828760688102 -54.14906730968654 5.05
vertex 125.92433213441177 -54.006279700000015 5.05
vertex 125.92433211719326 -54.14906730968654 5.05
endloop
endfacet
facet normal 0 0 1
outer loop
vertex 49.7846156453085 -54.019810724306815 5.05
vertex 49.77484357593234 -53.90811565188818 5.05
vertex 48.28309913741927 -53.90811565188818 5.05
endloop
endfacet
facet normal 0 0 1
outer loop
vertex 49.7846156453085 -54.019810724306815 5.05
vertex 48.28309913741927 -53.90811565188818 5.05
vertex 48.175653495371954 -54.019810724306815 5.05
endloop
endfacet
facet normal 0 0 1
outer loop
vertex 127.25830664621557 -54.006279700000015 5.05
vertex 127.18463942921407 -53.84829984332563 5.05
vertex 125.92433215346227 -53.84829984332563 5.05
endloop
endfacet
facet normal 0 0 1
outer loop
vertex 127.25830664621557 -54.006279700000015 5.05
vertex 125.92433215346227 -53.84829984332563 5.05
vertex 125.92433213441177 -54.006279700000015 5.05
endloop
endfacet
facet normal 0 0 1
outer loop
vertex 49.77484357593234 -53.90811565188818 5.05
vertex 49.763736347483615 -53.78115966762376 5.05
vertex 48.371995331133796 -53.78115966762376 5.05
endloop
endfacet
facet normal 0 0 1
outer loop
vertex 49.77484357593234 -53.90811565188818 5.05
vertex 48.371995331133796 -53.78115966762376 5.05
vertex 48.28309913741927 -53.90811565188818 5.05
endloop
endfacet
facet normal 0 0 1
outer loop
vertex 127.18463942921407 -53.84829984332563 5.05
vertex 127.1395242969878 -53.67992787766698 5.05
vertex 125.92433217376596 -53.67992787766698 5.05
endloop
endfacet
facet normal 0 0 1
outer loop
vertex 127.18463942921407 -53.84829984332563 5.05
vertex 125.92433217376596 -53.67992787766698 5.05
vertex 125.92433215346227 -53.84829984332563 5.05
endloop
endfacet
facet normal 0 0 1
outer loop
vertex 49.763736347483615 -53.78115966762376 5.05
vertex 49.75156075953489 -53.6419922993496 5.05
vertex 48.440206758367125 -53.6419922993496 5.05
endloop
endfacet
facet normal 0 0 1
outer loop
vertex 49.763736347483615 -53.78115966762376 5.05
vertex 48.440206758367125 -53.6419922993496 5.05
vertex 48.371995331133796 -53.78115966762376 5.05
endloop
endfacet
facet normal 0 0 1
outer loop
vertex 127.1395242969878 -53.67992787766698 5.05
vertex 127.12433204999999 -53.50627969999992 5.05
vertex 125.92433219470588 -53.50627969999992 5.05
endloop
endfacet
facet normal 0 0 1
outer loop
vertex 127.1395242969878 -53.67992787766698 5.05
vertex 125.92433219470588 -53.50627969999992 5.05
vertex 125.92433217376596 -53.67992787766698 5.05
endloop
endfacet
facet normal 0 0 1
outer loop
vertex 49.75156075953489 -53.6419922993496 5.05
vertex 49.73860927403345 -53.49395639668392 5.05
vertex 48.48609495640837 -53.49395639668392 5.05
endloop
endfacet
facet normal 0 0 1
outer loop
vertex 49.75156075953489 -53.6419922993496 5.05
vertex 48.48609495640837 -53.49395639668392 5.05
vertex 48.440206758367125 -53.6419922993496 5.05
endloop
endfacet
facet normal 0 0 1
outer loop
vertex 49.73860927403345 -53.49395639668392 5.05
vertex 49.72519299026138 -53.34060783459055 5.05
vertex 48.508557674441285 -53.34060783459055 5.05
endloop
endfacet
facet normal 0 0 1
outer loop
vertex 49.73860927403345 -53.49395639668392 5.05
vertex 48.508557674441285 -53.34060783459055 5.05
vertex 48.48609495640837 -53.49395639668392 5.05
endloop
endfacet
facet normal 0 0 1
outer loop
vertex 49.72519299026138 -53.34060783459055 5.05
vertex 49.711634180869176 -53.18563019999991 5.05
vertex 48.50705069999999 -53.18563019999991 5.05
endloop
endfacet
facet normal 0 0 1
outer loop
vertex 49.72519299026138 -53.34060783459055 5.05
vertex 48.50705069999999 -53.18563019999991 5.05
vertex 48.508557674441285 -53.34060783459055 5.05
endloop
endfacet
facet normal 0 0 1
outer loop
vertex 127.12433204999999 -53.50627969999992 5.05
vertex 127.12433410000001 -37.70627940000025 5.05
vertex 125.9243341 -37.70627940000025 5.05
endloop
endfacet
facet normal 0 0 1
outer loop
vertex 127.12433204999999 -53.50627969999992 5.05
vertex 125.9243341 -37.70627940000025 5.05
vertex 125.92433219470588 -53.50627969999992 5.05
endloop
endfacet
facet normal 0 0 1
outer loop
vertex 127.12433410000001 -37.70627940000025 5.05
vertex 127.11750024263146 -37.61945561116654 5.05
vertex 125.91673592650609 -37.61945561116654 5.05
endloop
endfacet
facet normal 0 0 1
outer loop
vertex 127.12433410000001 -37.70627940000025 5.05
vertex 125.91673592650609 -37.61945561116654 5.05
vertex 125.9243341 -37.70627940000025 5.05
endloop
endfacet
facet normal 0 0 1
outer loop
vertex 127.11750024263146 -37.61945561116654 5.05
vertex 127.11087400566561 -37.535269628337225 5.05
vertex 125.89417836039297 -37.535269628337225 5.05
endloop
endfacet
facet normal 0 0 1
outer loop
vertex 127.11750024263146 -37.61945561116654 5.05
vertex 125.89417836039297 -37.535269628337225 5.05
vertex 125.91673592650609 -37.61945561116654 5.05
endloop
endfacet
facet normal 0 0 1
outer loop
vertex 49.711634180869176 -53.18563019999991 5.05
vertex 48.33712210000001 -37.47491400000012 5.05
vertex 47.1416933525157 -37.47491400000012 5.05
endloop
endfacet
facet normal 0 0 1
outer loop
vertex 49.711634180869176 -53.18563019999991 5.05
vertex 47.1416933525157 -37.47491400000012 5.05
vertex 47.14169365000001 -37.57950220000004 5.05
endloop
endfacet
facet normal 0 0 1
outer loop
vertex 49.711634180869176 -53.18563019999991 5.05
vertex 47.14169365000001 -37.57950220000004 5.05
vertex 48.50705069999999 -53.18563019999991 5.05
endloop
endfacet
facet normal 0 0 1
outer loop
vertex 127.11087400566561 -37.535269628337225 5.05
vertex 127.1046567475724 -37.456279699999875 5.05
vertex 125.85734476004355 -37.456279699999875 5.05
endloop
endfacet
facet normal 0 0 1
outer loop
vertex 127.11087400566561 -37.535269628337225 5.05
vertex 125.85734476004355 -37.456279699999875 5.05
vertex 125.89417836039297 -37.535269628337225 5.05
endloop
endfacet
facet normal 0 0 1
outer loop
vertex 48.33712210000001 -37.47491400000012 5.05
vertex 48.3364367233654 -37.39645733431189 5.05
vertex 47.14169312935835 -37.39645733431189 5.05
endloop
endfacet
facet normal 0 0 1
outer loop
vertex 48.33712210000001 -37.47491400000012 5.05
vertex 47.14169312935835 -37.39645733431189 5.05
vertex 47.1416933525157 -37.47491400000012 5.05
endloop
endfacet
facet normal 0 0 1
outer loop
vertex 127.1046567475724 -37.456279699999875 5.05
vertex 127.10340222901173 -37.44034110943161 5.05
vertex 127.09008860998411 -37.38488589515676 5.05
endloop
endfacet
facet normal 0 0 1
outer loop
vertex 127.1046567475724 -37.456279699999875 5.05
vertex 127.09008860998411 -37.38488589515676 5.05
vertex 125.80735428299596 -37.38488589515676 5.05
endloop
endfacet
facet normal 0 0 1
outer loop
vertex 127.1046567475724 -37.456279699999875 5.05
vertex 125.80735428299596 -37.38488589515676 5.05
vertex 125.85734476004355 -37.456279699999875 5.05
endloop
endfacet
facet normal 0 0 1
outer loop
vertex 127.09008860998411 -37.38488589515676 5.05
vertex 127.0752929361748 -37.32325747844053 5.05
vertex 125.74572586931004 -37.32325747844053 5.05
endloop
endfacet
facet normal 0 0 1
outer loop
vertex 127.09008860998411 -37.38488589515676 5.05
vertex 125.74572586931004 -37.32325747844053 5.05
vertex 125.80735428299596 -37.38488589515676 5.05
endloop
endfacet
facet normal 0 0 1
outer loop
vertex 48.3364367233654 -37.39645733431189 5.05
vertex 48.348033199109345 -37.31885939695316 5.05
vertex 47.141692908643506 -37.31885939695316 5.05
endloop
endfacet
facet normal 0 0 1
outer loop
vertex 48.3364367233654 -37.39645733431189 5.05
vertex 47.141692908643506 -37.31885939695316 5.05
vertex 47.14169312935835 -37.39645733431189 5.05
endloop
endfacet
facet normal 0 0 1
outer loop
vertex 127.0752929361748 -37.32325747844053 5.05
vertex 127.0632912836907 -37.2732669981078 5.05
vertex 125.674332066944 -37.2732669981078 5.05
endloop
endfacet
facet normal 0 0 1
outer loop
vertex 127.0752929361748 -37.32325747844053 5.05
vertex 125.674332066944 -37.2732669981078 5.05
vertex 125.74572586931004 -37.32325747844053 5.05
endloop
endfacet
facet normal 0 0 1
outer loop
vertex 48.348033199109345 -37.31885939695316 5.05
vertex 48.3716259794107 -37.24403093412196 5.05
vertex 47.1485944550483 -37.24403093412196 5.05
endloop
endfacet
facet normal 0 0 1
outer loop
vertex 48.348033199109345 -37.31885939695316 5.05
vertex 47.1485944550483 -37.24403093412196 5.05
vertex 47.1416928071387 -37.283172791220466 5.05
endloop
endfacet
facet normal 0 0 1
outer loop
vertex 48.348033199109345 -37.31885939695316 5.05
vertex 47.1416928071387 -37.283172791220466 5.05
vertex 47.141692908643506 -37.31885939695316 5.05
endloop
endfacet
facet normal 0 0 1
outer loop
vertex 127.0632912836907 -37.2732669981078 5.05
vertex 127.0544483166694 -37.236433389607036 5.05
vertex 125.59534214003973 -37.236433389607036 5.05
endloop
endfacet
facet normal 0 0 1
outer loop
vertex 127.0632912836907 -37.2732669981078 5.05
vertex 125.59534214003973 -37.236433389607036 5.05
vertex 125.674332066944 -37.2732669981078 5.05
endloop
endfacet
facet normal 0 0 1
outer loop
vertex 127.0544483166694 -37.236433389607036 5.05
vertex 127.04903272418909 -37.21387582349389 5.05
vertex 125.51115615638514 -37.21387582349389 5.05
endloop
endfacet
facet normal 0 0 1
outer loop
vertex 127.0544483166694 -37.236433389607036 5.05
vertex 125.51115615638514 -37.21387582349389 5.05
vertex 125.59534214003973 -37.236433389607036 5.05
endloop
endfacet
facet normal 0 0 1
outer loop
vertex 127.04903272418909 -37.21387582349389 5.05
vertex 127.0472089886381 -37.20627941822267 5.05
vertex 125.42432882927044 -37.20627941822267 5.05
endloop
endfacet
facet normal 0 0 1
outer loop
vertex 127.04903272418909 -37.21387582349389 5.05
vertex 125.42432882927044 -37.20627941822267 5.05
vertex 125.51115615638514 -37.21387582349389 5.05
endloop
endfacet
facet normal 0 0 1
outer loop
vertex 48.3716259794107 -37.24403093412196 5.05
vertex 48.40663412337325 -37.173814497382956 5.05
vertex 47.16097529642276 -37.173814497382956 5.05
endloop
endfacet
facet normal 0 0 1
outer loop
vertex 48.3716259794107 -37.24403093412196 5.05
vertex 47.16097529642276 -37.173814497382956 5.05
vertex 47.1485944550483 -37.24403093412196 5.05
endloop
endfacet
facet normal 0 0 1
outer loop
vertex 48.40663412337325 -37.173814497382956 5.05
vertex 48.452195601924196 -37.10993907328059 5.05
vertex 47.17223806523112 -37.10993907328059 5.05
endloop
endfacet
facet normal 0 0 1
outer loop
vertex 48.40663412337325 -37.173814497382956 5.05
vertex 47.17223806523112 -37.10993907328059 5.05
vertex 47.16097529642276 -37.173814497382956 5.05
endloop
endfacet
facet normal 0 0 1
outer loop
vertex 48.452195601924196 -37.10993907328059 5.05
vertex 48.507188524135984 -37.053977509340314 5.05
vertex 47.182105430742524 -37.053977509340314 5.05
endloop
endfacet
facet normal 0 0 1
outer loop
vertex 48.452195601924196 -37.10993907328059 5.05
vertex 47.182105430742524 -37.053977509340314 5.05
vertex 47.17223806523112 -37.10993907328059 5.05
endloop
endfacet
facet normal 0 0 1
outer loop
vertex 48.507188524135984 -37.053977509340314 5.05
vertex 48.57025876230046 -37.007307784786974 5.05
vertex 47.19033442217985 -37.007307784786974 5.05
endloop
endfacet
facet normal 0 0 1
outer loop
vertex 48.507188524135984 -37.053977509340314 5.05
vertex 47.19033442217985 -37.007307784786974 5.05
vertex 47.182105430742524 -37.053977509340314 5.05
endloop
endfacet
facet normal 0 0 1
outer loop
vertex 48.57025876230046 -37.007307784786974 5.05
vertex 48.63985329552706 -36.97107907963478 5.05
vertex 47.20052519388654 -36.97107907963478 5.05
endloop
endfacet
facet normal 0 0 1
outer loop
vertex 48.57025876230046 -37.007307784786974 5.05
vertex 47.20052519388654 -36.97107907963478 5.05
vertex 47.19314901882032 -36.991345142105914 5.05
endloop
endfacet
facet normal 0 0 1
outer loop
vertex 48.57025876230046 -37.007307784786974 5.05
vertex 47.19314901882032 -36.991345142105914 5.05
vertex 47.19033442217985 -37.007307784786974 5.05
endloop
endfacet
facet normal 0 0 1
outer loop
vertex 48.63985329552706 -36.97107907963478 5.05
vertex 48.71425845081966 -36.94618347765562 5.05
vertex 47.209586367897955 -36.94618347765562 5.05
endloop
endfacet
facet normal 0 0 1
outer loop
vertex 48.63985329552706 -36.97107907963478 5.05
vertex 47.209586367897955 -36.94618347765562 5.05
vertex 47.20052519388654 -36.97107907963478 5.05
endloop
endfacet
facet normal 0 0 1
outer loop
vertex 48.71425845081966 -36.94618347765562 5.05
vertex 48.791644200000064 -36.933237999999996 5.05
vertex 47.21429809271572 -36.933237999999996 5.05
endloop
endfacet
facet normal 0 0 1
outer loop
vertex 48.71425845081966 -36.94618347765562 5.05
vertex 47.21429809271572 -36.933237999999996 5.05
vertex 47.209586367897955 -36.94618347765562 5.05
endloop
endfacet
facet normal 0 0 1
outer loop
vertex 125.42432882927044 -37.20627941822267 5.05
vertex 127.0472089886381 -37.20627941822267 5.05
vertex 127.04112812770177 -37.18095080956261 5.05
endloop
endfacet
facet normal 0 0 1
outer loop
vertex 125.42432882927044 -37.20627941822267 5.05
vertex 127.04112812770177 -37.18095080956261 5.05
vertex 126.93904314112022 -36.93449585044277 5.05
endloop
endfacet
facet normal 0 0 1
outer loop
vertex 125.42432882927044 -37.20627941822267 5.05
vertex 126.93904314112022 -36.93449585044277 5.05
vertex 126.79966094043743 -36.707044771102815 5.05
endloop
endfacet
facet normal 0 0 1
outer loop
vertex 125.42432882927044 -37.20627941822267 5.05
vertex 126.79966094043743 -36.707044771102815 5.05
vertex 126.62641357801724 -36.50419817198299 5.05
endloop
endfacet
facet normal 0 0 1
outer loop
vertex 125.42432882927044 -37.20627941822267 5.05
vertex 126.62641357801724 -36.50419817198299 5.05
vertex 126.42356697889707 -36.33095080956251 5.05
endloop
endfacet
facet normal 0 0 1
outer loop
vertex 125.42432882927044 -37.20627941822267 5.05
vertex 126.42356697889707 -36.33095080956251 5.05
vertex 126.19611589955721 -36.19156860887978 5.05
endloop
endfacet
facet normal 0 0 1
outer loop
vertex 125.42432882927044 -37.20627941822267 5.05
vertex 126.19611589955721 -36.19156860887978 5.05
vertex 125.9496609404374 -36.08948362229824 5.05
endloop
endfacet
facet normal 0 0 1
outer loop
vertex 125.42432882927044 -37.20627941822267 5.05
vertex 125.9496609404374 -36.08948362229824 5.05
vertex 125.69027064056837 -36.027209520988265 5.05
endloop
endfacet
facet normal 0 0 1
outer loop
vertex 125.42432882927044 -37.20627941822267 5.05
vertex 125.69027064056837 -36.027209520988265 5.05
vertex 125.42433205000003 -36.0062793568627 5.05
endloop
endfacet
facet normal 0 0 1
outer loop
vertex 125.42432882927044 -37.20627941822267 5.05
vertex 125.42433205000003 -36.0062793568627 5.05
vertex 110.12433409999993 -36.0062793568627 5.05
endloop
endfacet
facet normal 0 0 1
outer loop
vertex 125.42432882927044 -37.20627941822267 5.05
vertex 110.12433409999993 -36.0062793568627 5.05
vertex 107.92433235757738 -36.0062793568627 5.05
endloop
endfacet
facet normal 0 0 1
outer loop
vertex 125.42432882927044 -37.20627941822267 5.05
vertex 107.92433235757738 -36.0062793568627 5.05
vertex 107.92433205000002 -36.206279700000124 5.05
endloop
endfacet
facet normal 0 0 1
outer loop
vertex 125.42432882927044 -37.20627941822267 5.05
vertex 107.92433205000002 -36.206279700000124 5.05
vertex 107.93952429698778 -36.379927877666894 5.05
endloop
endfacet
facet normal 0 0 1
outer loop
vertex 125.42432882927044 -37.20627941822267 5.05
vertex 107.93952429698778 -36.379927877666894 5.05
vertex 107.98463942921411 -36.548299843325715 5.05
endloop
endfacet
facet normal 0 0 1
outer loop
vertex 125.42432882927044 -37.20627941822267 5.05
vertex 107.98463942921411 -36.548299843325715 5.05
vertex 108.05830664621551 -36.70627969999992 5.05
endloop
endfacet
facet normal 0 0 1
outer loop
vertex 125.42432882927044 -37.20627941822267 5.05
vertex 108.05830664621551 -36.70627969999992 5.05
vertex 108.15828760688106 -36.84906730968657 5.05
endloop
endfacet
facet normal 0 0 1
outer loop
vertex 125.42432882927044 -37.20627941822267 5.05
vertex 108.15828760688106 -36.84906730968657 5.05
vertex 108.28154444031347 -36.97232414311898 5.05
endloop
endfacet
facet normal 0 0 1
outer loop
vertex 125.42432882927044 -37.20627941822267 5.05
vertex 108.28154444031347 -36.97232414311898 5.05
vertex 108.42433204999996 -37.072305103784416 5.05
endloop
endfacet
facet normal 0 0 1
outer loop
vertex 125.42432882927044 -37.20627941822267 5.05
vertex 108.42433204999996 -37.072305103784416 5.05
vertex 108.58231190667436 -37.14597232078591 5.05
endloop
endfacet
facet normal 0 0 1
outer loop
vertex 125.42432882927044 -37.20627941822267 5.05
vertex 108.58231190667436 -37.14597232078591 5.05
vertex 108.75068387233308 -37.19108745301221 5.05
endloop
endfacet
facet normal 0 0 1
outer loop
vertex 125.42432882927044 -37.20627941822267 5.05
vertex 108.75068387233308 -37.19108745301221 5.05
vertex 108.92433409999997 -37.20627941822267 5.05
endloop
endfacet
facet normal 0 0 1
outer loop
vertex 110.12433409999993 -36.0062793568627 5.05
vertex 109.95068432649082 -35.991087453012206 5.05
vertex 107.92433238094078 -35.991087453012206 5.05
endloop
endfacet
facet normal 0 0 1
outer loop
vertex 110.12433409999993 -36.0062793568627 5.05
vertex 107.92433238094078 -35.991087453012206 5.05
vertex 107.92433235757738 -36.0062793568627 5.05
endloop
endfacet
facet normal 0 0 1
outer loop
vertex 109.95068432649082 -35.991087453012206 5.05
vertex 109.78231190667427 -35.94597232078588 5.05
vertex 107.92433245032264 -35.94597232078588 5.05
endloop
endfacet
facet normal 0 0 1
outer loop
vertex 109.95068432649082 -35.991087453012206 5.05
vertex 107.92433245032264 -35.94597232078588 5.05
vertex 107.92433238094078 -35.991087453012206 5.05
endloop
endfacet
facet normal 0 0 1
outer loop
vertex 109.78231190667427 -35.94597232078588 5.05
vertex 109.62433204999996 -35.87230510378442 5.05
vertex 107.92433256361429 -35.87230510378442 5.05
endloop
endfacet
facet normal 0 0 1
outer loop
vertex 109.78231190667427 -35.94597232078588 5.05
vertex 107.92433256361429 -35.87230510378442 5.05
vertex 107.92433245032264 -35.94597232078588 5.05
endloop
endfacet
facet normal 0 0 1
outer loop
vertex 109.62433204999996 -35.87230510378442 5.05
vertex 109.48154444031348 -35.77232414311899 5.05
vertex 107.92433271737342 -35.77232414311899 5.05
endloop
endfacet
facet normal 0 0 1
outer loop
vertex 109.62433204999996 -35.87230510378442 5.05
vertex 107.92433271737342 -35.77232414311899 5.05
vertex 107.92433256361429 -35.87230510378442 5.05
endloop
endfacet
facet normal 0 0 1
outer loop
vertex 109.48154444031348 -35.77232414311899 5.05
vertex 109.358287606881 -35.64906730968652 5.05
vertex 107.92433290692817 -35.64906730968652 5.05
endloop
endfacet
facet normal 0 0 1
outer loop
vertex 109.48154444031348 -35.77232414311899 5.05
vertex 107.92433290692817 -35.64906730968652 5.05
vertex 107.92433271737342 -35.77232414311899 5.05
endloop
endfacet
facet normal 0 0 1
outer loop
vertex 109.358287606881 -35.64906730968652 5.05
vertex 109.2583066462156 -35.506279700000064 5.05
vertex 107.92433312651899 -35.506279700000064 5.05
endloop
endfacet
facet normal 0 0 1
outer loop
vertex 109.358287606881 -35.64906730968652 5.05
vertex 107.92433312651899 -35.506279700000064 5.05
vertex 107.92433290692817 -35.64906730968652 5.05
endloop
endfacet
facet normal 0 0 1
outer loop
vertex 109.2583066462156 -35.506279700000064 5.05
vertex 109.18463942921407 -35.3482998433256 5.05
vertex 107.9243333694737 -35.3482998433256 5.05
endloop
endfacet
facet normal 0 0 1
outer loop
vertex 109.2583066462156 -35.506279700000064 5.05
vertex 107.9243333694737 -35.3482998433256 5.05
vertex 107.92433312651899 -35.506279700000064 5.05
endloop
endfacet
facet normal 0 0 1
outer loop
vertex 109.18463942921407 -35.3482998433256 5.05
vertex 109.13952429698777 -35.17992787766686 5.05
vertex 107.9243336284103 -35.17992787766686 5.05
endloop
endfacet
facet normal 0 0 1
outer loop
vertex 109.18463942921407 -35.3482998433256 5.05
vertex 107.9243336284103 -35.17992787766686 5.05
vertex 107.9243333694737 -35.3482998433256 5.05
endloop
endfacet
facet normal 0 0 1
outer loop
vertex 109.13952429698777 -35.17992787766686 5.05
vertex 109.12433204999998 -35.00627969999997 5.05
vertex 107.92433389546109 -35.00627969999997 5.05
endloop
endfacet
facet normal 0 0 1
outer loop
vertex 109.13952429698777 -35.17992787766686 5.05
vertex 107.92433389546109 -35.00627969999997 5.05
vertex 107.9243336284103 -35.17992787766686 5.05
endloop
endfacet
facet normal 0 0 1
outer loop
vertex 109.12433204999998 -35.00627969999997 5.05
vertex 109.12433409999998 -34.87327950000007 5.05
vertex 107.9243341 -34.87327950000007 5.05
endloop
endfacet
facet normal 0 0 1
outer loop
vertex 109.12433204999998 -35.00627969999997 5.05
vertex 107.9243341 -34.87327950000007 5.05
vertex 107.92433389546109 -35.00627969999997 5.05
endloop
endfacet
facet normal 0 0 1
outer loop
vertex 109.12433409999998 -34.87327950000007 5.05
vertex 109.11750023998084 -34.78645566116652 5.05
vertex 107.9167359265061 -34.78645566116652 5.05
endloop
endfacet
facet normal 0 0 1
outer loop
vertex 109.12433409999998 -34.87327950000007 5.05
vertex 107.9167359265061 -34.78645566116652 5.05
vertex 107.9243341 -34.87327950000007 5.05
endloop
endfacet
facet normal 0 0 1
outer loop
vertex 109.11750023998084 -34.78645566116652 5.05
vertex 109.11087400426081 -34.702269678337146 5.05
vertex 107.89417836039294 -34.702269678337146 5.05
endloop
endfacet
facet normal 0 0 1
outer loop
vertex 109.11750023998084 -34.78645566116652 5.05
vertex 107.89417836039294 -34.702269678337146 5.05
vertex 107.9167359265061 -34.78645566116652 5.05
endloop
endfacet
facet normal 0 0 1
outer loop
vertex 109.11087400426081 -34.702269678337146 5.05
vertex 109.10465674733655 -34.62327974999995 5.05
vertex 107.85734475189219 -34.62327974999995 5.05
endloop
endfacet
facet normal 0 0 1
outer loop
vertex 109.11087400426081 -34.702269678337146 5.05
vertex 107.85734475189219 -34.62327974999995 5.05
vertex 107.89417836039294 -34.702269678337146 5.05
endloop
endfacet
facet normal 0 0 1
outer loop
vertex 109.10465674733655 -34.62327974999995 5.05
vertex 109.10340222901176 -34.60734115943182 5.05
vertex 109.09008860998412 -34.55188594515682 5.05
endloop
endfacet
facet normal 0 0 1
outer loop
vertex 109.10465674733655 -34.62327974999995 5.05
vertex 109.09008860998412 -34.55188594515682 5.05
vertex 107.80735428108991 -34.55188594515682 5.05
endloop
endfacet
facet normal 0 0 1
outer loop
vertex 109.10465674733655 -34.62327974999995 5.05
vertex 107.80735428108991 -34.55188594515682 5.05
vertex 107.85734475189219 -34.62327974999995 5.05
endloop
endfacet
facet normal 0 0 1
outer loop
vertex 109.09008860998412 -34.55188594515682 5.05
vertex 109.07529293617479 -34.49025752844047 5.05
vertex 107.74572586689884 -34.49025752844047 5.05
endloop
endfacet
facet normal 0 0 1
outer loop
vertex 109.09008860998412 -34.55188594515682 5.05
vertex 107.74572586689884 -34.49025752844047 5.05
vertex 107.80735428108991 -34.55188594515682 5.05
endloop
endfacet
facet normal 0 0 1
outer loop
vertex 109.07529293617479 -34.49025752844047 5.05
vertex 109.0632912836907 -34.440267048107785 5.05
vertex 107.67433206411998 -34.440267048107785 5.05
endloop
endfacet
facet normal 0 0 1
outer loop
vertex 109.07529293617479 -34.49025752844047 5.05
vertex 107.67433206411998 -34.440267048107785 5.05
vertex 107.74572586689884 -34.49025752844047 5.05
endloop
endfacet
facet normal 0 0 1
outer loop
vertex 109.0632912836907 -34.440267048107785 5.05
vertex 109.0544483166694 -34.40343343960705 5.05
vertex 107.59534212166285 -34.40343343960705 5.05
endloop
endfacet
facet normal 0 0 1
outer loop
vertex 109.0632912836907 -34.440267048107785 5.05
vertex 107.59534212166285 -34.40343343960705 5.05
vertex 107.67433206411998 -34.440267048107785 5.05
endloop
endfacet
facet normal 0 0 1
outer loop
vertex 109.0544483166694 -34.40343343960705 5.05
vertex 109.04903272418909 -34.380875873493906 5.05
vertex 107.5111561388335 -34.380875873493906 5.05
endloop
endfacet
facet normal 0 0 1
outer loop
vertex 109.0544483166694 -34.40343343960705 5.05
vertex 107.5111561388335 -34.380875873493906 5.05
vertex 107.59534212166285 -34.40343343960705 5.05
endloop
endfacet
facet normal 0 0 1
outer loop
vertex 109.04903272418909 -34.380875873493906 5.05
vertex 109.04720904351397 -34.37327969679713 5.05
vertex 107.42433144188836 -34.37327969679713 5.05
endloop
endfacet
facet normal 0 0 1
outer loop
vertex 109.04903272418909 -34.380875873493906 5.05
vertex 107.42433144188836 -34.37327969679713 5.05
vertex 107.5111561388335 -34.380875873493906 5.05
endloop
endfacet
facet normal 0 0 1
outer loop
vertex 48.791644200000064 -36.933237999999996 5.05
vertex 70.01149205000004 -35.076743650000004 5.05
vertex 70.17377748321805 -35.04893818008288 5.05
endloop
endfacet
facet normal 0 0 1
outer loop
vertex 48.791644200000064 -36.933237999999996 5.05
vertex 70.17377748321805 -35.04893818008288 5.05
vertex 70.32930052408098 -34.99487997300154 5.05
endloop
endfacet
facet normal 0 0 1
outer loop
vertex 48.791644200000064 -36.933237999999996 5.05
vertex 70.32930052408098 -34.99487997300154 5.05
vertex 70.473844988676 -34.916034530856386 5.05
endloop
endfacet
facet normal 0 0 1
outer loop
vertex 48.791644200000064 -36.933237999999996 5.05
vertex 70.473844988676 -34.916034530856386 5.05
vertex 70.60349231906501 -34.8145393304029 5.05
endloop
endfacet
facet normal 0 0 1
outer loop
vertex 48.791644200000064 -36.933237999999996 5.05
vertex 70.60349231906501 -34.8145393304029 5.05
vertex 70.71472781423867 -34.69314587668483 5.05
endloop
endfacet
facet normal 0 0 1
outer loop
vertex 48.791644200000064 -36.933237999999996 5.05
vertex 70.71472781423867 -34.69314587668483 5.05
vertex 70.80453591262668 -34.55514511054217 5.05
endloop
endfacet
facet normal 0 0 1
outer loop
vertex 48.791644200000064 -36.933237999999996 5.05
vertex 70.80453591262668 -34.55514511054217 5.05
vertex 70.87048194308636 -34.404278192171205 5.05
endloop
endfacet
facet normal 0 0 1
outer loop
vertex 48.791644200000064 -36.933237999999996 5.05
vertex 70.87048194308636 -34.404278192171205 5.05
vertex 70.91077812812038 -34.24463507937345 5.05
endloop
endfacet
facet normal 0 0 1
outer loop
vertex 48.791644200000064 -36.933237999999996 5.05
vertex 70.91077812812038 -34.24463507937345 5.05
vertex 70.9243341 -34.0805473 5.05
endloop
endfacet
facet normal 0 0 1
outer loop
vertex 48.791644200000064 -36.933237999999996 5.05
vertex 70.9243341 -34.0805473 5.05
vertex 70.92433405651146 -33.97714495 5.05
endloop
endfacet
facet normal 0 0 1
outer loop
vertex 48.791644200000064 -36.933237999999996 5.05
vertex 70.92433405651146 -33.97714495 5.05
vertex 68.81149204999996 -33.97714495 5.05
endloop
endfacet
facet normal 0 0 1
outer loop
vertex 48.791644200000064 -36.933237999999996 5.05
vertex 68.81149204999996 -33.97714495 5.05
vertex 48.6870573 -35.7378044 5.05
endloop
endfacet
facet normal 0 0 1
outer loop
vertex 48.791644200000064 -36.933237999999996 5.05
vertex 48.6870573 -35.7378044 5.05
vertex 48.39522632548344 -35.789260252565704 5.05
endloop
endfacet
facet normal 0 0 1
outer loop
vertex 48.791644200000064 -36.933237999999996 5.05
vertex 48.39522632548344 -35.789260252565704 5.05
vertex 48.116768103837316 -35.890611805617475 5.05
endloop
endfacet
facet normal 0 0 1
outer loop
vertex 48.791644200000064 -36.933237999999996 5.05
vertex 48.116768103837316 -35.890611805617475 5.05
vertex 47.86013979056346 -36.03877734592489 5.05
endloop
endfacet
facet normal 0 0 1
outer loop
vertex 48.791644200000064 -36.933237999999996 5.05
vertex 47.86013979056346 -36.03877734592489 5.05
vertex 47.63313890096635 -36.22925494206268 5.05
endloop
endfacet
facet normal 0 0 1
outer loop
vertex 48.791644200000064 -36.933237999999996 5.05
vertex 47.63313890096635 -36.22925494206268 5.05
vertex 47.442662736782125 -36.456257033211735 5.05
endloop
endfacet
facet normal 0 0 1
outer loop
vertex 48.791644200000064 -36.933237999999996 5.05
vertex 47.442662736782125 -36.456257033211735 5.05
vertex 47.29449881532099 -36.71288628112709 5.05
endloop
endfacet
facet normal 0 0 1
outer loop
vertex 48.791644200000064 -36.933237999999996 5.05
vertex 47.29449881532099 -36.71288628112709 5.05
vertex 47.21429809271572 -36.933237999999996 5.05
endloop
endfacet
facet normal 0 0 1
outer loop
vertex 70.92433405651146 -33.97714495 5.05
vertex 70.92433404481714 -33.949339480082855 5.05
vertex 68.97377748321811 -33.949339480082855 5.05
endloop
endfacet
facet normal 0 0 1
outer loop
vertex 70.92433405651146 -33.97714495 5.05
vertex 68.97377748321811 -33.949339480082855 5.05
vertex 68.81149204999996 -33.97714495 5.05
endloop
endfacet
facet normal 0 0 1
outer loop
vertex 70.92433404481714 -33.949339480082855 5.05
vertex 70.92433402208157 -33.895281273001515 5.05
vertex 69.12930052408105 -33.895281273001515 5.05
endloop
endfacet
facet normal 0 0 1
outer loop
vertex 70.92433404481714 -33.949339480082855 5.05
vertex 69.12930052408105 -33.895281273001515 5.05
vertex 68.97377748321811 -33.949339480082855 5.05
endloop
endfacet
facet normal 0 0 1
outer loop
vertex 70.92433402208157 -33.895281273001515 5.05
vertex 70.92433398892105 -33.81643583085642 5.05
vertex 69.27384498867596 -33.81643583085642 5.05
endloop
endfacet
facet normal 0 0 1
outer loop
vertex 70.92433402208157 -33.895281273001515 5.05
vertex 69.27384498867596 -33.81643583085642 5.05
vertex 69.12930052408105 -33.895281273001515 5.05
endloop
endfacet
facet normal 0 0 1
outer loop
vertex 70.92433398892105 -33.81643583085642 5.05
vertex 70.92433394623458 -33.71494063040289 5.05
vertex 69.40349231906502 -33.71494063040289 5.05
endloop
endfacet
facet normal 0 0 1
outer loop
vertex 70.92433398892105 -33.81643583085642 5.05
vertex 69.40349231906502 -33.71494063040289 5.05
vertex 69.27384498867596 -33.81643583085642 5.05
endloop
endfacet
facet normal 0 0 1
outer loop
vertex 70.92433394623458 -33.71494063040289 5.05
vertex 70.92433389517937 -33.59354717668488 5.05
vertex 69.51472781423864 -33.59354717668488 5.05
endloop
endfacet
facet normal 0 0 1
outer loop
vertex 70.92433394623458 -33.71494063040289 5.05
vertex 69.51472781423864 -33.59354717668488 5.05
vertex 69.40349231906502 -33.71494063040289 5.05
endloop
endfacet
facet normal 0 0 1
outer loop
vertex 70.92433389517937 -33.59354717668488 5.05
vertex 70.92433383713954 -33.45554641054215 5.05
vertex 69.60453591262669 -33.45554641054215 5.05
endloop
endfacet
facet normal 0 0 1
outer loop
vertex 70.92433389517937 -33.59354717668488 5.05
vertex 69.60453591262669 -33.45554641054215 5.05
vertex 69.51472781423864 -33.59354717668488 5.05
endloop
endfacet
facet normal 0 0 1
outer loop
vertex 70.92433383713954 -33.45554641054215 5.05
vertex 70.9243337736885 -33.304679492171196 5.05
vertex 69.67048194308637 -33.304679492171196 5.05
endloop
endfacet
facet normal 0 0 1
outer loop
vertex 70.92433383713954 -33.45554641054215 5.05
vertex 69.67048194308637 -33.304679492171196 5.05
vertex 69.60453591262669 -33.45554641054215 5.05
endloop
endfacet
facet normal 0 0 1
outer loop
vertex 107.42433144188836 -34.37327969679713 5.05
vertex 109.04720904351397 -34.37327969679713 5.05
vertex 109.04112812770173 -34.34795085956246 5.05
endloop
endfacet
facet normal 0 0 1
outer loop
vertex 107.42433144188836 -34.37327969679713 5.05
vertex 109.04112812770173 -34.34795085956246 5.05
vertex 108.93904314112025 -34.10149590044279 5.05
endloop
endfacet
facet normal 0 0 1
outer loop
vertex 107.42433144188836 -34.37327969679713 5.05
vertex 108.93904314112025 -34.10149590044279 5.05
vertex 108.79966094043742 -33.874044821102785 5.05
endloop
endfacet
facet normal 0 0 1
outer loop
vertex 107.42433144188836 -34.37327969679713 5.05
vertex 108.79966094043742 -33.874044821102785 5.05
vertex 108.62641357801725 -33.67119822198298 5.05
endloop
endfacet
facet normal 0 0 1
outer loop
vertex 107.42433144188836 -34.37327969679713 5.05
vertex 108.62641357801725 -33.67119822198298 5.05
vertex 108.4235669788972 -33.497950859562586 5.05
endloop
endfacet
facet normal 0 0 1
outer loop
vertex 107.42433144188836 -34.37327969679713 5.05
vertex 108.4235669788972 -33.497950859562586 5.05
vertex 108.19611589955719 -33.35856865887976 5.05
endloop
endfacet
facet normal 0 0 1
outer loop
vertex 107.42433144188836 -34.37327969679713 5.05
vertex 108.19611589955719 -33.35856865887976 5.05
vertex 107.9496609404374 -33.25648367229823 5.05
endloop
endfacet
facet normal 0 0 1
outer loop
vertex 107.42433144188836 -34.37327969679713 5.05
vertex 107.9496609404374 -33.25648367229823 5.05
vertex 107.69027064056846 -33.19420957098828 5.05
endloop
endfacet
facet normal 0 0 1
outer loop
vertex 107.42433144188836 -34.37327969679713 5.05
vertex 107.69027064056846 -33.19420957098828 5.05
vertex 107.42433204999999 -33.17327946405224 5.05
endloop
endfacet
facet normal 0 0 1
outer loop
vertex 107.42433144188836 -34.37327969679713 5.05
vertex 107.42433204999999 -33.17327946405224 5.05
vertex 92.12433409999996 -33.17327946405224 5.05
endloop
endfacet
facet normal 0 0 1
outer loop
vertex 107.42433144188836 -34.37327969679713 5.05
vertex 92.12433409999996 -33.17327946405224 5.05
vertex 89.92433214839227 -33.17327946405224 5.05
endloop
endfacet
facet normal 0 0 1
outer loop
vertex 107.42433144188836 -34.37327969679713 5.05
vertex 89.92433214839227 -33.17327946405224 5.05
vertex 89.92433205 -33.373279750000094 5.05
endloop
endfacet
facet normal 0 0 1
outer loop
vertex 107.42433144188836 -34.37327969679713 5.05
vertex 89.92433205 -33.373279750000094 5.05
vertex 89.93952429698781 -33.54692792766701 5.05
endloop
endfacet
facet normal 0 0 1
outer loop
vertex 107.42433144188836 -34.37327969679713 5.05
vertex 89.93952429698781 -33.54692792766701 5.05
vertex 89.98463942921407 -33.715299893325614 5.05
endloop
endfacet
facet normal 0 0 1
outer loop
vertex 107.42433144188836 -34.37327969679713 5.05
vertex 89.98463942921407 -33.715299893325614 5.05
vertex 90.05830664621557 -33.87327975000001 5.05
endloop
endfacet
facet normal 0 0 1
outer loop
vertex 107.42433144188836 -34.37327969679713 5.05
vertex 90.05830664621557 -33.87327975000001 5.05
vertex 90.15828760688102 -34.01606735968653 5.05
endloop
endfacet
facet normal 0 0 1
outer loop
vertex 107.42433144188836 -34.37327969679713 5.05
vertex 90.15828760688102 -34.01606735968653 5.05
vertex 90.28154444031348 -34.139324193118995 5.05
endloop
endfacet
facet normal 0 0 1
outer loop
vertex 107.42433144188836 -34.37327969679713 5.05
vertex 90.28154444031348 -34.139324193118995 5.05
vertex 90.42433205 -34.23930515378444 5.05
endloop
endfacet
facet normal 0 0 1
outer loop
vertex 107.42433144188836 -34.37327969679713 5.05
vertex 90.42433205 -34.23930515378444 5.05
vertex 90.58231190667436 -34.31297237078592 5.05
endloop
endfacet
facet normal 0 0 1
outer loop
vertex 107.42433144188836 -34.37327969679713 5.05
vertex 90.58231190667436 -34.31297237078592 5.05
vertex 90.75068387233304 -34.35808750301221 5.05
endloop
endfacet
facet normal 0 0 1
outer loop
vertex 107.42433144188836 -34.37327969679713 5.05
vertex 90.75068387233304 -34.35808750301221 5.05
vertex 90.9243341 -34.37327969679713 5.05
endloop
endfacet
facet normal 0 0 1
outer loop
vertex 92.12433409999996 -33.17327946405224 5.05
vertex 91.95068425079656 -33.1580875030122 5.05
vertex 89.92433215586611 -33.1580875030122 5.05
endloop
endfacet
facet normal 0 0 1
outer loop
vertex 92.12433409999996 -33.17327946405224 5.05
vertex 89.92433215586611 -33.1580875030122 5.05
vertex 89.92433214839227 -33.17327946405224 5.05
endloop
endfacet
facet normal 0 0 1
outer loop
vertex 70.9243337736885 -33.304679492171196 5.05
vertex 70.92433370654643 -33.14503637937316 5.05
vertex 69.71077812812045 -33.14503637937316 5.05
endloop
endfacet
facet normal 0 0 1
outer loop
vertex 70.9243337736885 -33.304679492171196 5.05
vertex 69.71077812812045 -33.14503637937316 5.05
vertex 69.67048194308637 -33.304679492171196 5.05
endloop
endfacet
facet normal 0 0 1
outer loop
vertex 91.95068425079656 -33.1580875030122 5.05
vertex 91.78231190667428 -33.11297237078589 5.05
vertex 89.92433217806098 -33.11297237078589 5.05
endloop
endfacet
facet normal 0 0 1
outer loop
vertex 91.95068425079656 -33.1580875030122 5.05
vertex 89.92433217806098 -33.11297237078589 5.05
vertex 89.92433215586611 -33.1580875030122 5.05
endloop
endfacet
facet normal 0 0 1
outer loop
vertex 91.78231190667428 -33.11297237078589 5.05
vertex 91.62433205000002 -33.03930515378446 5.05
vertex 89.92433221430235 -33.03930515378446 5.05
endloop
endfacet
facet normal 0 0 1
outer loop
vertex 91.78231190667428 -33.11297237078589 5.05
vertex 89.92433221430235 -33.03930515378446 5.05
vertex 89.92433217806098 -33.11297237078589 5.05
endloop
endfacet
facet normal 0 0 1
outer loop
vertex 70.92433370654643 -33.14503637937316 5.05
vertex 70.92433363753561 -32.980949899999864 5.05
vertex 69.72433410000002 -32.980949899999864 5.05
endloop
endfacet
facet normal 0 0 1
outer loop
vertex 70.92433370654643 -33.14503637937316 5.05
vertex 69.72433410000002 -32.980949899999864 5.05
vertex 69.71077812812045 -33.14503637937316 5.05
endloop
endfacet
facet normal 0 0 1
outer loop
vertex 91.62433205000002 -33.03930515378446 5.05
vertex 91.48154444031344 -32.93932419311896 5.05
vertex 89.92433226348903 -32.93932419311896 5.05
endloop
endfacet
facet normal 0 0 1
outer loop
vertex 91.62433205000002 -33.03930515378446 5.05
vertex 89.92433226348903 -32.93932419311896 5.05
vertex 89.92433221430235 -33.03930515378446 5.05
endloop
endfacet
facet normal 0 0 1
outer loop
vertex 91.48154444031344 -32.93932419311896 5.05
vertex 91.35828760688106 -32.81606735968658 5.05
vertex 89.92433232412654 -32.81606735968658 5.05
endloop
endfacet
facet normal 0 0 1
outer loop
vertex 91.48154444031344 -32.93932419311896 5.05
vertex 89.92433232412654 -32.81606735968658 5.05
vertex 89.92433226348903 -32.93932419311896 5.05
endloop
endfacet
facet normal 0 0 1
outer loop
vertex 91.35828760688106 -32.81606735968658 5.05
vertex 91.25830664621556 -32.673279749999985 5.05
vertex 89.92433239437243 -32.673279749999985 5.05
endloop
endfacet
facet normal 0 0 1
outer loop
vertex 91.35828760688106 -32.81606735968658 5.05
vertex 89.92433239437243 -32.673279749999985 5.05
vertex 89.92433232412654 -32.81606735968658 5.05
endloop
endfacet
facet normal 0 0 1
outer loop
vertex 91.25830664621556 -32.673279749999985 5.05
vertex 91.18463942921406 -32.51529989332559 5.05
vertex 89.92433247209229 -32.51529989332559 5.05
endloop
endfacet
facet normal 0 0 1
outer loop
vertex 91.25830664621556 -32.673279749999985 5.05
vertex 89.92433247209229 -32.51529989332559 5.05
vertex 89.92433239437243 -32.673279749999985 5.05
endloop
endfacet
facet normal 0 0 1
outer loop
vertex 91.18463942921406 -32.51529989332559 5.05
vertex 91.1395242969878 -32.34692792766701 5.05
vertex 89.92433255492466 -32.34692792766701 5.05
endloop
endfacet
facet normal 0 0 1
outer loop
vertex 91.18463942921406 -32.51529989332559 5.05
vertex 89.92433255492466 -32.34692792766701 5.05
vertex 89.92433247209229 -32.51529989332559 5.05
endloop
endfacet
facet normal 0 0 1
outer loop
vertex 91.1395242969878 -32.34692792766701 5.05
vertex 91.12433204999999 -32.173279749999885 5.05
vertex 89.92433264035273 -32.173279749999885 5.05
endloop
endfacet
facet normal 0 0 1
outer loop
vertex 91.1395242969878 -32.34692792766701 5.05
vertex 89.92433264035273 -32.173279749999885 5.05
vertex 89.92433255492466 -32.34692792766701 5.05
endloop
endfacet
facet normal 0 0 1
outer loop
vertex 70.92433363753561 -32.980949899999864 5.05
vertex 70.92433205 -29.206279399999914 5.05
vertex 69.72433205 -29.206279399999914 5.05
endloop
endfacet
facet normal 0 0 1
outer loop
vertex 70.92433363753561 -32.980949899999864 5.05
vertex 69.72433205 -29.206279399999914 5.05
vertex 69.72433410000002 -32.980949899999864 5.05
endloop
endfacet
facet normal 0 0 1
outer loop
vertex 91.12433204999999 -32.173279749999885 5.05
vertex 91.12433410000001 -29.206279399999914 5.05
vertex 89.92433409999998 -29.206279399999914 5.05
endloop
endfacet
facet normal 0 0 1
outer loop
vertex 91.12433204999999 -32.173279749999885 5.05
vertex 89.92433409999998 -29.206279399999914 5.05
vertex 89.92433264035273 -32.173279749999885 5.05
endloop
endfacet
facet normal 0 0 1
outer loop
vertex 70.92433205 -29.206279399999914 5.05
vertex 70.93192817349389 -29.119455611166558 5.05
vertex 69.7319281734939 -29.119455611166558 5.05
endloop
endfacet
facet normal 0 0 1
outer loop
vertex 70.92433205 -29.206279399999914 5.05
vertex 69.7319281734939 -29.119455611166558 5.05
vertex 69.72433205 -29.206279399999914 5.05
endloop
endfacet
facet normal 0 0 1
outer loop
vertex 91.12433410000001 -29.206279399999914 5.05
vertex 91.1175002426315 -29.119455611166558 5.05
vertex 89.9167359265061 -29.119455611166558 5.05
endloop
endfacet
facet normal 0 0 1
outer loop
vertex 91.12433410000001 -29.206279399999914 5.05
vertex 89.9167359265061 -29.119455611166558 5.05
vertex 89.92433409999998 -29.206279399999914 5.05
endloop
endfacet
facet normal 0 0 1
outer loop
vertex 70.93192817349389 -29.119455611166558 5.05
vertex 70.95448573960705 -29.03526962833714 5.05
vertex 69.73929349261927 -29.03526962833714 5.05
endloop
endfacet
facet normal 0 0 1
outer loop
vertex 70.93192817349389 -29.119455611166558 5.05
vertex 69.73929349261927 -29.03526962833714 5.05
vertex 69.7319281734939 -29.119455611166558 5.05
endloop
endfacet
facet normal 0 0 1
outer loop
vertex 91.1175002426315 -29.119455611166558 5.05
vertex 91.11087400566561 -29.03526962833714 5.05
vertex 89.89417836039294 -29.03526962833714 5.05
endloop
endfacet
facet normal 0 0 1
outer loop
vertex 91.1175002426315 -29.119455611166558 5.05
vertex 89.89417836039294 -29.03526962833714 5.05
vertex 89.9167359265061 -29.119455611166558 5.05
endloop
endfacet
facet normal 0 0 1
outer loop
vertex 70.95448573960705 -29.03526962833714 5.05
vertex 70.99131934810781 -28.956279699999982 5.05
vertex 69.74620421588149 -28.956279699999982 5.05
endloop
endfacet
facet normal 0 0 1
outer loop
vertex 70.95448573960705 -29.03526962833714 5.05
vertex 69.74620421588149 -28.956279699999982 5.05
vertex 69.73929349261927 -29.03526962833714 5.05
endloop
endfacet
facet normal 0 0 1
outer loop
vertex 91.11087400566561 -29.03526962833714 5.05
vertex 91.10465674757242 -28.956279699999982 5.05
vertex 89.85734475189221 -28.956279699999982 5.05
endloop
endfacet
facet normal 0 0 1
outer loop
vertex 91.11087400566561 -29.03526962833714 5.05
vertex 89.85734475189221 -28.956279699999982 5.05
vertex 89.89417836039294 -29.03526962833714 5.05
endloop
endfacet
facet normal 0 0 1
outer loop
vertex 70.99131934810781 -28.956279699999982 5.05
vertex 71.04130982844052 -28.884885895156714 5.05
vertex 69.7571769690853 -28.884885895156714 5.05
endloop
endfacet
facet normal 0 0 1
outer loop
vertex 70.99131934810781 -28.956279699999982 5.05
vertex 69.7571769690853 -28.884885895156714 5.05
vertex 69.75015886987926 -28.911077797966193 5.05
endloop
endfacet
facet normal 0 0 1
outer loop
vertex 70.99131934810781 -28.956279699999982 5.05
vertex 69.75015886987926 -28.911077797966193 5.05
vertex 69.74620421588149 -28.956279699999982 5.05
endloop
endfacet
facet normal 0 0 1
outer loop
vertex 91.10465674757242 -28.956279699999982 5.05
vertex 91.10340222901173 -28.940341109431543 5.05
vertex 91.09008860998411 -28.884885895156714 5.05
endloop
endfacet
facet normal 0 0 1
outer loop
vertex 91.10465674757242 -28.956279699999982 5.05
vertex 91.09008860998411 -28.884885895156714 5.05
vertex 89.80735427155948 -28.884885895156714 5.05
endloop
endfacet
facet normal 0 0 1
outer loop
vertex 91.10465674757242 -28.956279699999982 5.05
vertex 89.80735427155948 -28.884885895156714 5.05
vertex 89.85734475189221 -28.956279699999982 5.05
endloop
endfacet
facet normal 0 0 1
outer loop
vertex 71.04130982844052 -28.884885895156714 5.05
vertex 71.10293824515675 -28.82325747844051 5.05
vertex 69.77369026440948 -28.82325747844051 5.05
endloop
endfacet
facet normal 0 0 1
outer loop
vertex 71.04130982844052 -28.884885895156714 5.05
vertex 69.77369026440948 -28.82325747844051 5.05
vertex 69.7571769690853 -28.884885895156714 5.05
endloop
endfacet
facet normal 0 0 1
outer loop
vertex 91.09008860998411 -28.884885895156714 5.05
vertex 91.07529293617482 -28.82325747844051 5.05
vertex 89.74572585484327 -28.82325747844051 5.05
endloop
endfacet
facet normal 0 0 1
outer loop
vertex 91.09008860998411 -28.884885895156714 5.05
vertex 89.74572585484327 -28.82325747844051 5.05
vertex 89.80735427155948 -28.884885895156714 5.05
endloop
endfacet
facet normal 0 0 1
outer loop
vertex 71.10293824515675 -28.82325747844051 5.05
vertex 71.17433204999998 -28.773266998107786 5.05
vertex 69.7870851925214 -28.773266998107786 5.05
endloop
endfacet
facet normal 0 0 1
outer loop
vertex 71.10293824515675 -28.82325747844051 5.05
vertex 69.7870851925214 -28.773266998107786 5.05
vertex 69.77369026440948 -28.82325747844051 5.05
endloop
endfacet
facet normal 0 0 1
outer loop
vertex 91.07529293617482 -28.82325747844051 5.05
vertex 91.06329128369072 -28.773266998107786 5.05
vertex 89.67433205000002 -28.773266998107786 5.05
endloop
endfacet
facet normal 0 0 1
outer loop
vertex 91.07529293617482 -28.82325747844051 5.05
vertex 89.67433205000002 -28.773266998107786 5.05
vertex 89.74572585484327 -28.82325747844051 5.05
endloop
endfacet
facet normal 0 0 1
outer loop
vertex 71.17433204999998 -28.773266998107786 5.05
vertex 71.25332197833718 -28.736433389607043 5.05
vertex 69.79695474237741 -28.736433389607043 5.05
endloop
endfacet
facet normal 0 0 1
outer loop
vertex 71.17433204999998 -28.773266998107786 5.05
vertex 69.79695474237741 -28.736433389607043 5.05
vertex 69.7870851925214 -28.773266998107786 5.05
endloop
endfacet
facet normal 0 0 1
outer loop
vertex 91.06329128369072 -28.773266998107786 5.05
vertex 91.05444831666942 -28.736433389607043 5.05
vertex 89.59534212166284 -28.736433389607043 5.05
endloop
endfacet
facet normal 0 0 1
outer loop
vertex 91.06329128369072 -28.773266998107786 5.05
vertex 89.59534212166284 -28.736433389607043 5.05
vertex 89.67433205000002 -28.773266998107786 5.05
endloop
endfacet
facet normal 0 0 1
outer loop
vertex 71.25332197833718 -28.736433389607043 5.05
vertex 71.33750796116648 -28.713875823493908 5.05
vertex 69.80299903269938 -28.713875823493908 5.05
endloop
endfacet
facet normal 0 0 1
outer loop
vertex 71.25332197833718 -28.736433389607043 5.05
vertex 69.80299903269938 -28.713875823493908 5.05
vertex 69.79695474237741 -28.736433389607043 5.05
endloop
endfacet
facet normal 0 0 1
outer loop
vertex 91.05444831666942 -28.736433389607043 5.05
vertex 91.04903272418912 -28.713875823493908 5.05
vertex 89.51115613883351 -28.713875823493908 5.05
endloop
endfacet
facet normal 0 0 1
outer loop
vertex 91.05444831666942 -28.736433389607043 5.05
vertex 89.51115613883351 -28.713875823493908 5.05
vertex 89.59534212166284 -28.736433389607043 5.05
endloop
endfacet
facet normal 0 0 1
outer loop
vertex 71.33750796116648 -28.713875823493908 5.05
vertex 71.42433410000007 -28.706279581796593 5.05
vertex 69.80503444245697 -28.706279581796593 5.05
endloop
endfacet
facet normal 0 0 1
outer loop
vertex 71.33750796116648 -28.713875823493908 5.05
vertex 69.80503444245697 -28.706279581796593 5.05
vertex 69.80299903269938 -28.713875823493908 5.05
endloop
endfacet
facet normal 0 0 1
outer loop
vertex 91.04903272418912 -28.713875823493908 5.05
vertex 91.04720902790875 -28.706279581796593 5.05
vertex 89.42433069892886 -28.706279581796593 5.05
endloop
endfacet
facet normal 0 0 1
outer loop
vertex 91.04903272418912 -28.713875823493908 5.05
vertex 89.42433069892886 -28.706279581796593 5.05
vertex 89.51115613883351 -28.713875823493908 5.05
endloop
endfacet
facet normal 0 0 1
outer loop
vertex 71.42433410000007 -28.706279581796593 5.05
vertex 89.42433069892886 -28.706279581796593 5.05
vertex 91.04720902790875 -28.706279581796593 5.05
endloop
endfacet
facet normal 0 0 1
outer loop
vertex 71.42433410000007 -28.706279581796593 5.05
vertex 91.04720902790875 -28.706279581796593 5.05
vertex 91.04112812770182 -28.680950809562745 5.05
endloop
endfacet
facet normal 0 0 1
outer loop
vertex 71.42433410000007 -28.706279581796593 5.05
vertex 91.04112812770182 -28.680950809562745 5.05
vertex 90.93904314112021 -28.434495850442744 5.05
endloop
endfacet
facet normal 0 0 1
outer loop
vertex 71.42433410000007 -28.706279581796593 5.05
vertex 90.93904314112021 -28.434495850442744 5.05
vertex 90.79966094043743 -28.207044771102815 5.05
endloop
endfacet
facet normal 0 0 1
outer loop
vertex 71.42433410000007 -28.706279581796593 5.05
vertex 90.79966094043743 -28.207044771102815 5.05
vertex 90.62641357801719 -28.004198171982935 5.05
endloop
endfacet
facet normal 0 0 1
outer loop
vertex 71.42433410000007 -28.706279581796593 5.05
vertex 90.62641357801719 -28.004198171982935 5.05
vertex 90.42356697889713 -27.830950809562538 5.05
endloop
endfacet
facet normal 0 0 1
outer loop
vertex 71.42433410000007 -28.706279581796593 5.05
vertex 90.42356697889713 -27.830950809562538 5.05
vertex 90.19611589955723 -27.69156860887977 5.05
endloop
endfacet
facet normal 0 0 1
outer loop
vertex 71.42433410000007 -28.706279581796593 5.05
vertex 90.19611589955723 -27.69156860887977 5.05
vertex 89.94966094043743 -27.589483622298246 5.05
endloop
endfacet
facet normal 0 0 1
outer loop
vertex 71.42433410000007 -28.706279581796593 5.05
vertex 89.94966094043743 -27.589483622298246 5.05
vertex 89.69027064056841 -27.527209520988272 5.05
endloop
endfacet
facet normal 0 0 1
outer loop
vertex 71.42433410000007 -28.706279581796593 5.05
vertex 89.69027064056841 -27.527209520988272 5.05
vertex 89.42433204999998 -27.506279538906455 5.05
endloop
endfacet
facet normal 0 0 1
outer loop
vertex 71.42433410000007 -28.706279581796593 5.05
vertex 89.42433204999998 -27.506279538906455 5.05
vertex 71.42433410000005 -27.506279538906455 5.05
endloop
endfacet
facet normal 0 0 1
outer loop
vertex 71.42433410000007 -28.706279581796593 5.05
vertex 71.42433410000005 -27.506279538906455 5.05
vertex 71.12913014796621 -27.532106519879257 5.05
endloop
endfacet
facet normal 0 0 1
outer loop
vertex 71.42433410000007 -28.706279581796593 5.05
vertex 71.12913014796621 -27.532106519879257 5.05
vertex 70.8428978063463 -27.608802244663984 5.05
endloop
endfacet
facet normal 0 0 1
outer loop
vertex 71.42433410000007 -28.706279581796593 5.05
vertex 70.8428978063463 -27.608802244663984 5.05
vertex 70.57433205000001 -27.73403651356645 5.05
endloop
endfacet
facet normal 0 0 1
outer loop
vertex 71.42433410000007 -28.706279581796593 5.05
vertex 70.57433205000001 -27.73403651356645 5.05
vertex 70.33159311353289 -27.904004146697737 5.05
endloop
endfacet
facet normal 0 0 1
outer loop
vertex 71.42433410000007 -28.706279581796593 5.05
vertex 70.33159311353289 -27.904004146697737 5.05
vertex 70.12205649669771 -28.11354076353291 5.05
endloop
endfacet
facet normal 0 0 1
outer loop
vertex 71.42433410000007 -28.706279581796593 5.05
vertex 70.12205649669771 -28.11354076353291 5.05
vertex 69.95208886356647 -28.356279699999973 5.05
endloop
endfacet
facet normal 0 0 1
outer loop
vertex 71.42433410000007 -28.706279581796593 5.05
vertex 69.95208886356647 -28.356279699999973 5.05
vertex 69.82685459466393 -28.62484545634642 5.05
endloop
endfacet
facet normal 0 0 1
outer loop
vertex 71.42433410000007 -28.706279581796593 5.05
vertex 69.82685459466393 -28.62484545634642 5.05
vertex 69.80503444245697 -28.706279581796593 5.05
endloop
endfacet
facet normal 0 0 1
outer loop
vertex 56.53628660000038 -108.20872929999992 5.05
vertex 43.87259516190395 -111.6019557 5.05
vertex 43.816108159479946 -111.61709134893925 5.05
endloop
endfacet
facet normal 0 0 1
outer loop
vertex 56.53628660000038 -108.20872929999992 5.05
vertex 43.816108159479946 -111.61709134893925 5.05
vertex 43.81609876257438 -111.61709386683289 5.05
endloop
endfacet
facet normal 0 0 1
outer loop
vertex 56.53628660000038 -108.20872929999992 5.05
vertex 43.81609876257438 -111.61709386683289 5.05
vertex 39.54669585000036 -112.76107709999994 5.05
endloop
endfacet
facet normal 0 0 1
outer loop
vertex 56.53628660000038 -108.20872929999992 5.05
vertex 39.54669585000036 -112.76107709999994 5.05
vertex 39.546695849999935 -112.76107710000002 0
endloop
endfacet
facet normal 0 0 1
outer loop
vertex 56.53628660000038 -108.20872929999992 5.05
vertex 39.546695849999935 -112.76107710000002 0
vertex 56.53628660000035 -108.20872929999992 0
endloop
endfacet
facet normal 0.20987054440598749 -0.9777291826424812 0
outer loop
vertex 56.63472888673219 -108.18759856495001 5.05
vertex 56.53628660000038 -108.20872929999992 5.05
vertex 56.53628660000035 -108.20872929999992 0
endloop
endfacet
facet normal 0.20987054440598749 -0.9777291826424812 0
outer loop
vertex 56.63472888673219 -108.18759856495001 5.05
vertex 56.53628660000035 -108.20872929999992 0
vertex 56.63472888673233 -108.18759856494998 0
endloop
endfacet
facet normal 0.11048256799085714 -0.9938780620227743 0
outer loop
vertex 56.73480039693415 -108.17647430549374 5.05
vertex 56.63472888673219 -108.18759856495001 5.05
vertex 56.63472888673233 -108.18759856494998 0
endloop
endfacet
facet normal 0.11048256799085714 -0.9938780620227743 0
outer loop
vertex 56.73480039693415 -108.17647430549374 5.05
vertex 56.63472888673233 -108.18759856494998 0
vertex 56.73480039693395 -108.17647430549374 0
endloop
endfacet
facet normal 0.00997791532401493 -0.9999502193638377 0
outer loop
vertex 56.83548330000016 -108.17546964999998 5.05
vertex 56.73480039693415 -108.17647430549374 5.05
vertex 56.73480039693395 -108.17647430549374 0
endloop
endfacet
facet normal 0.00997791532401493 -0.9999502193638377 0
outer loop
vertex 56.83548330000016 -108.17546964999998 5.05
vertex 56.73480039693395 -108.17647430549374 0
vertex 56.8354833 -108.17546964999998 0
endloop
endfacet
facet normal -0.040375260510217004 -0.9991845867199576 0
outer loop
vertex 98.83519459999982 -109.87260279999998 5.05
vertex 56.83548330000016 -108.17546964999998 5.05
vertex 56.8354833 -108.17546964999998 0
endloop
endfacet
facet normal -0.040375260510217004 -0.9991845867199576 0
outer loop
vertex 98.83519459999982 -109.87260279999998 5.05
vertex 56.8354833 -108.17546964999998 0
vertex 98.83519460000004 -109.87260280000001 0
endloop
endfacet
facet normal -0.07385328964569736 -0.9972691169431191 0
outer loop
vertex 98.90207353242373 -109.877555554561 5.05
vertex 98.83519459999982 -109.87260279999998 5.05
vertex 98.83519460000004 -109.87260280000001 0
endloop
endfacet
facet normal -0.07385328964569736 -0.9972691169431191 0
outer loop
vertex 98.90207353242373 -109.877555554561 5.05
vertex 98.83519460000004 -109.87260280000001 0
vertex 98.90207353242347 -109.87755555456097 0
endloop
endfacet
facet normal -0.1405490222898037 -0.9900737206558815 0
outer loop
vertex 98.96847229999973 -109.88698139999994 5.05
vertex 98.90207353242373 -109.877555554561 5.05
vertex 98.90207353242347 -109.87755555456097 0
endloop
endfacet
facet normal -0.1405490222898037 -0.9900737206558815 0
outer loop
vertex 98.96847229999973 -109.88698139999994 5.05
vertex 98.90207353242347 -109.87755555456097 0
vertex 98.9684722999995 -109.8869813999999 0
endloop
endfacet
facet normal -0.1736481262464335 -0.9848077620790276 0
outer loop
vertex 116.40666199999998 -112.9618038 5.05
vertex 98.96847229999973 -109.88698139999994 5.05
vertex 98.9684722999995 -109.8869813999999 0
endloop
endfacet
facet normal -0.1736481262464335 -0.9848077620790276 0
outer loop
vertex 116.40666199999998 -112.9618038 5.05
vertex 98.9684722999995 -109.8869813999999 0
vertex 116.4066619999999 -112.9618038 0
endloop
endfacet
facet normal -0.30070529331507645 -0.9537171103489199 0
outer loop
vertex 116.44309830000006 -112.97329210000002 5.05
vertex 116.40666199999998 -112.9618038 5.05
vertex 116.4066619999999 -112.9618038 0
endloop
endfacet
facet normal -0.30070529331507645 -0.9537171103489199 0
outer loop
vertex 116.44309830000006 -112.97329210000002 5.05
vertex 116.4066619999999 -112.9618038 0
vertex 116.4430983000001 -112.97329210000004 0
endloop
endfacet
facet normal 0 0 1
outer loop
vertex 132.65565370000007 -120.53333080000004 5.05
vertex 130.41973295394342 -119.49070383877954 5.05
vertex 130.38727719200037 -119.47556946851688 5.05
endloop
endfacet
facet normal 0 0 1
outer loop
vertex 132.65565370000007 -120.53333080000004 5.05
vertex 130.38727719200037 -119.47556946851688 5.05
vertex 130.32335379688053 -119.44576149999999 5.05
endloop
endfacet
facet normal 0 0 1
outer loop
vertex 132.65565370000007 -120.53333080000004 5.05
vertex 130.32335379688053 -119.44576149999999 5.05
vertex 116.44309830000006 -112.97329210000002 5.05
endloop
endfacet
facet normal 0 0 1
outer loop
vertex 132.65565370000007 -120.53333080000004 5.05
vertex 116.44309830000006 -112.97329210000002 5.05
vertex 116.4430983000001 -112.97329210000004 0
endloop
endfacet
facet normal 0 0 1
outer loop
vertex 132.65565370000007 -120.53333080000004 5.05
vertex 116.4430983000001 -112.97329210000004 0
vertex 132.65565370000007 -120.53333080000004 0
endloop
endfacet
facet normal -0.3502255087086041 -0.9366654114729547 0
outer loop
vertex 132.90552037995866 -120.62675763526688 5.05
vertex 132.65565370000007 -120.53333080000004 5.05
vertex 132.65565370000007 -120.53333080000004 0
endloop
endfacet
facet normal -0.3502255087086041 -0.9366654114729547 0
outer loop
vertex 132.90552037995866 -120.62675763526688 5.05
vertex 132.65565370000007 -120.53333080000004 0
vertex 132.9055203799586 -120.62675763526686 0
endloop
endfacet
facet normal -0.19936803587691512 -0.9799246839786113 0
outer loop
vertex 133.16692710665964 -120.67994146308494 5.05
vertex 132.90552037995866 -120.62675763526688 5.05
vertex 132.9055203799586 -120.62675763526686 0
endloop
endfacet
facet normal -0.19936803587691512 -0.9799246839786113 0
outer loop
vertex 133.16692710665964 -120.67994146308494 5.05
vertex 132.9055203799586 -120.62675763526686 0
vertex 133.1669271066598 -120.67994146308497 0
endloop
endfacet
facet normal -0.04361882239687987 -0.9990482462487533 0
outer loop
vertex 133.43343527421405 -120.69157730997374 5.05
vertex 133.16692710665964 -120.67994146308494 5.05
vertex 133.1669271066598 -120.67994146308497 0
endloop
endfacet
facet normal -0.04361882239687987 -0.9990482462487533 0
outer loop
vertex 133.43343527421405 -120.69157730997374 5.05
vertex 133.1669271066598 -120.67994146308497 0
vertex 133.4334352742139 -120.69157730997375 0
endloop
endfacet
facet normal 0.11320444038358338 -0.9935717159206173 0
outer loop
vertex 133.69848251126012 -120.66137866033 5.05
vertex 133.43343527421405 -120.69157730997374 5.05
vertex 133.4334352742139 -120.69157730997375 0
endloop
endfacet
facet normal 0.11320444038358338 -0.9935717159206173 0
outer loop
vertex 133.69848251126012 -120.66137866033 5.05
vertex 133.4334352742139 -120.69157730997375 0
vertex 133.6984825112601 -120.66137866033 0
endloop
endfacet
facet normal 0.26724021044145807 -0.9636299444928044 0
outer loop
vertex 133.9555424196993 -120.59008911145291 5.05
vertex 133.69848251126012 -120.66137866033 5.05
vertex 133.6984825112601 -120.66137866033 0
endloop
endfacet
facet normal 0.26724021044145807 -0.9636299444928044 0
outer loop
vertex 133.9555424196993 -120.59008911145291 5.05
vertex 133.6984825112601 -120.66137866033 0
vertex 133.95554241969938 -120.59008911145288 0
endloop
endfacet
facet normal 0.4146955836591242 -0.9099602040164275 0
outer loop
vertex 134.19828527764474 -120.47946406355472 5.05
vertex 133.9555424196993 -120.59008911145291 5.05
vertex 133.95554241969938 -120.59008911145288 0
endloop
endfacet
facet normal 0.4146955836591242 -0.9099602040164275 0
outer loop
vertex 134.19828527764474 -120.47946406355472 5.05
vertex 133.95554241969938 -120.59008911145288 0
vertex 134.19828527764463 -120.47946406355479 0
endloop
endfacet
facet normal 0.5519396885056524 -0.833884032856058 0
outer loop
vertex 134.42073389950428 -120.33222749561475 5.05
vertex 134.19828527764474 -120.47946406355472 5.05
vertex 134.19828527764463 -120.47946406355479 0
endloop
endfacet
facet normal 0.5519396885056524 -0.833884032856058 0
outer loop
vertex 134.42073389950428 -120.33222749561475 5.05
vertex 134.19828527764463 -120.47946406355479 0
vertex 134.4207338995044 -120.33222749561467 0
endloop
endfacet
facet normal 0.6755930909042714 -0.7372746947525141 0
outer loop
vertex 134.61741081537946 -120.15200489140582 5.05
vertex 134.42073389950428 -120.33222749561475 5.05
vertex 134.4207338995044 -120.33222749561467 0
endloop
endfacet
facet normal 0.6755930909042714 -0.7372746947525141 0
outer loop
vertex 134.61741081537946 -120.15200489140582 5.05
vertex 134.4207338995044 -120.33222749561467 0
vertex 134.6174108153795 -120.15200489140582 0
endloop
endfacet
facet normal 0.7826110078221521 -0.6225110524605931 0
outer loop
vertex 134.78347314569885 -119.94323396729314 5.05
vertex 134.61741081537946 -120.15200489140582 5.05
vertex 134.6174108153795 -120.15200489140582 0
endloop
endfacet
facet normal 0.7826110078221521 -0.6225110524605931 0
outer loop
vertex 134.78347314569885 -119.94323396729314 5.05
vertex 134.6174108153795 -120.15200489140582 0
vertex 134.78347314569888 -119.94323396729314 0
endloop
endfacet
facet normal 0.8703582805713332 -0.49241899175490017 0
outer loop
vertex 134.91483185000013 -119.71105539999968 5.05
vertex 134.78347314569885 -119.94323396729314 5.05
vertex 134.78347314569888 -119.94323396729314 0
endloop
endfacet
facet normal 0.8703582805713332 -0.49241899175490017 0
outer loop
vertex 134.91483185000013 -119.71105539999968 5.05
vertex 134.78347314569888 -119.94323396729314 0
vertex 134.91483185 -119.71105539999994 0
endloop
endfacet
facet normal 0 0 -1
outer loop
vertex 142.09901140000414 -104.30452719999113 5.05
vertex 135.15131253755854 -119.20392075000005 5.05
vertex 135.11611656926144 -119.27939877422281 5.05
endloop
endfacet
facet normal 0 0 -1
outer loop
vertex 142.09901140000414 -104.30452719999113 5.05
vertex 135.11611656926144 -119.27939877422281 5.05
vertex 135.08498395629456 -119.34616290174435 5.05
endloop
endfacet
facet normal 0 0 -1
outer loop
vertex 142.09901140000414 -104.30452719999113 5.05
vertex 135.08498395629456 -119.34616290174435 5.05
vertex 135.05886063215706 -119.4021845709135 5.05
endloop
endfacet
facet normal 0 0 -1
outer loop
vertex 142.09901140000414 -104.30452719999113 5.05
vertex 135.05886063215706 -119.4021845709135 5.05
vertex 135.03854038357602 -119.44576149999999 5.05
endloop
endfacet
facet normal 0 0 -1
outer loop
vertex 142.09901140000414 -104.30452719999113 5.05
vertex 135.03854038357602 -119.44576149999999 5.05
vertex 135.02464070448764 -119.47556946851688 5.05
endloop
endfacet
facet normal 0 0 -1
outer loop
vertex 142.09901140000414 -104.30452719999113 5.05
vertex 135.02464070448764 -119.47556946851688 5.05
vertex 135.01758181660867 -119.49070730776647 5.05
endloop
endfacet
facet normal 0 0 -1
outer loop
vertex 142.09901140000414 -104.30452719999113 5.05
vertex 135.01758181660867 -119.49070730776647 5.05
vertex 134.91483185000013 -119.71105539999968 5.05
endloop
endfacet
facet normal 0 0 -1
outer loop
vertex 142.09901140000414 -104.30452719999113 5.05
vertex 134.91483185000013 -119.71105539999968 5.05
vertex 134.91483185 -119.71105539999994 0
endloop
endfacet
facet normal 0 0 -1
outer loop
vertex 142.09901140000414 -104.30452719999113 5.05
vertex 134.91483185 -119.71105539999994 0
vertex 138.05670136688443 -112.97329210000004 0
endloop
endfacet
facet normal 0 0 -1
outer loop
vertex 142.09901140000414 -104.30452719999113 5.05
vertex 138.05670136688443 -112.97329210000004 0
vertex 138.06205844726315 -112.9618038 0
endloop
endfacet
facet normal 0 0 -1
outer loop
vertex 142.09901140000414 -104.30452719999113 5.05
vertex 138.06205844726315 -112.9618038 0
vertex 139.49587117386838 -109.8869813999999 0
endloop
endfacet
facet normal 0 0 -1
outer loop
vertex 142.09901140000414 -104.30452719999113 5.05
vertex 139.49587117386838 -109.8869813999999 0
vertex 139.50026651623006 -109.87755555456097 0
endloop
endfacet
facet normal 0 0 -1
outer loop
vertex 142.09901140000414 -104.30452719999113 5.05
vertex 139.50026651623006 -109.87755555456097 0
vertex 139.5025760227958 -109.87260280000001 0
endloop
endfacet
facet normal 0 0 -1
outer loop
vertex 142.09901140000414 -104.30452719999113 5.05
vertex 139.5025760227958 -109.87260280000001 0
vertex 140.29396192827562 -108.17546964999998 0
endloop
endfacet
facet normal 0 0 -1
outer loop
vertex 142.09901140000414 -104.30452719999113 5.05
vertex 140.29396192827562 -108.17546964999998 0
vertex 142.0990114000136 -104.3045271999708 0
endloop
endfacet
facet normal 0.9058171980394609 -0.4236687429300632 0
outer loop
vertex 148.5514319 -90.50904769999994 5.05
vertex 142.09901140000414 -104.30452719999113 5.05
vertex 142.0990114000136 -104.3045271999708 0
endloop
endfacet
facet normal 0.9058171980394609 -0.4236687429300632 0
outer loop
vertex 148.5514319 -90.50904769999994 5.05
vertex 142.0990114000136 -104.3045271999708 0
vertex 148.5514318999998 -90.50904770000045 0
endloop
endfacet
facet normal 0.9276246822657808 -0.3735136528312044 0
outer loop
vertex 148.6412622374456 -90.28595320907796 5.05
vertex 148.5514319 -90.50904769999994 5.05
vertex 148.5514318999998 -90.50904770000045 0
endloop
endfacet
facet normal 0.9276246822657808 -0.3735136528312044 0
outer loop
vertex 148.6412622374456 -90.28595320907796 5.05
vertex 148.5514318999998 -90.50904770000045 0
vertex 148.64126223744552 -90.28595320907819 0
endloop
endfacet
facet normal 0.9628498025801638 -0.2700375116004061 0
outer loop
vertex 148.70620561014596 -90.05439014506943 5.05
vertex 148.6412622374456 -90.28595320907796 5.05
vertex 148.64126223744552 -90.28595320907819 0
endloop
endfacet
facet normal 0.9628498025801638 -0.2700375116004061 0
outer loop
vertex 148.70620561014596 -90.05439014506943 5.05
vertex 148.64126223744552 -90.28595320907819 0
vertex 148.70620561014601 -90.05439014506919 0
endloop
endfacet
facet normal 0 0 1
outer loop
vertex 148.74548498011475 -89.81712188894174 5.05
vertex 148.73189070274967 -89.89923854423157 5.05
vertex 148.715102997499 -90.00064519999968 5.05
endloop
endfacet
facet normal 0 0 1
outer loop
vertex 148.74548498011475 -89.81712188894174 5.05
vertex 148.715102997499 -90.00064519999968 5.05
vertex 148.70620561014596 -90.05439014506943 5.05
endloop
endfacet
facet normal 0 0 1
outer loop
vertex 148.74548498011475 -89.81712188894174 5.05
vertex 148.70620561014596 -90.05439014506943 5.05
vertex 148.70620561014601 -90.05439014506919 0
endloop
endfacet
facet normal 0 0 1
outer loop
vertex 148.74548498011475 -89.81712188894174 5.05
vertex 148.70620561014601 -90.05439014506919 0
vertex 148.7454849801147 -89.81712188894214 0
endloop
endfacet
facet normal 0 0 1
outer loop
vertex 148.75863095 -89.57698385000045 5.05
vertex 148.7526556324581 -89.68613525146327 5.05
vertex 148.74675165418302 -89.79398349524516 5.05
endloop
endfacet
facet normal 0 0 1
outer loop
vertex 148.75863095 -89.57698385000045 5.05
vertex 148.74675165418302 -89.79398349524516 5.05
vertex 148.74548498011475 -89.81712188894174 5.05
endloop
endfacet
facet normal 0 0 1
outer loop
vertex 148.75863095 -89.57698385000045 5.05
vertex 148.74548498011475 -89.81712188894174 5.05
vertex 148.7454849801147 -89.81712188894214 0
endloop
endfacet
facet normal 0 0 1
outer loop
vertex 148.75863095 -89.57698385000045 5.05
vertex 148.7454849801147 -89.81712188894214 0
vertex 148.75863095000003 -89.57698384999956 0
endloop
endfacet
facet normal 0.9999999999999954 -9.583004612068179e-8 0
outer loop
vertex 148.75863409999997 -56.70627939999979 5.05
vertex 148.75863095 -89.57698385000045 5.05
vertex 148.75863095000003 -89.57698384999956 0
endloop
endfacet
facet normal 0.9999999999999954 -9.583004612068179e-8 0
outer loop
vertex 148.75863409999997 -56.70627939999979 5.05
vertex 148.75863095000003 -89.57698384999956 0
vertex 148.75863409999997 -56.70627940000048 0
endloop
endfacet
facet normal 0 0 -1
outer loop
vertex 148.72520910662686 -56.324253709132755 5.05
vertex 148.72870938218668 -56.36425955667431 5.05
vertex 148.74344093551125 -56.53263152233321 5.05
endloop
endfacet
facet normal 0 0 -1
outer loop
vertex 148.72520910662686 -56.324253709132755 5.05
vertex 148.74344093551125 -56.53263152233321 5.05
vertex 148.75863409999997 -56.70627939999979 5.05
endloop
endfacet
facet normal 0 0 -1
outer loop
vertex 148.72520910662686 -56.324253709132755 5.05
vertex 148.75863409999997 -56.70627939999979 5.05
vertex 148.75863409999997 -56.70627940000048 0
endloop
endfacet
facet normal 0 0 -1
outer loop
vertex 148.72520910662686 -56.324253709132755 5.05
vertex 148.75863409999997 -56.70627940000048 0
vertex 148.72520910662686 -56.32425370913282 0
endloop
endfacet
facet normal 0 0 -1
outer loop
vertex 148.625955815729 -55.95383538468357 5.05
vertex 148.65533824144717 -56.063492090313424 5.05
vertex 148.69359806615185 -56.20627969999995 5.05
endloop
endfacet
facet normal 0 0 -1
outer loop
vertex 148.625955815729 -55.95383538468357 5.05
vertex 148.69359806615185 -56.20627969999995 5.05
vertex 148.72520910662686 -56.324253709132755 5.05
endloop
endfacet
facet normal 0 0 -1
outer loop
vertex 148.625955815729 -55.95383538468357 5.05
vertex 148.72520910662686 -56.324253709132755 5.05
vertex 148.72520910662686 -56.32425370913282 0
endloop
endfacet
facet normal 0 0 -1
outer loop
vertex 148.625955815729 -55.95383538468357 5.05
vertex 148.72520910662686 -56.32425370913282 0
vertex 148.62595581572893 -55.95383538468343 0
endloop
endfacet
facet normal 0 0 1
outer loop
vertex 148.46388793832574 -55.60627969999995 5.05
vertex 148.51760296525623 -55.72147194698779 5.05
vertex 148.53864049691205 -55.7665870792141 5.05
endloop
endfacet
facet normal 0 0 1
outer loop
vertex 148.46388793832574 -55.60627969999995 5.05
vertex 148.53864049691205 -55.7665870792141 5.05
vertex 148.57299208435475 -55.84025429621552 5.05
endloop
endfacet
facet normal 0 0 1
outer loop
vertex 148.46388793832574 -55.60627969999995 5.05
vertex 148.57299208435475 -55.84025429621552 5.05
vertex 148.61961397198277 -55.94023525688104 5.05
endloop
endfacet
facet normal 0 0 1
outer loop
vertex 148.46388793832574 -55.60627969999995 5.05
vertex 148.61961397198277 -55.94023525688104 5.05
vertex 148.625955815729 -55.95383538468357 5.05
endloop
endfacet
facet normal 0 0 1
outer loop
vertex 148.46388793832574 -55.60627969999995 5.05
vertex 148.625955815729 -55.95383538468357 5.05
vertex 148.62595581572893 -55.95383538468343 0
endloop
endfacet
facet normal 0 0 1
outer loop
vertex 148.46388793832574 -55.60627969999995 5.05
vertex 148.62595581572893 -55.95383538468343 0
vertex 148.46388793832577 -55.60627970000004 0
endloop
endfacet
facet normal 0 0 -1
outer loop
vertex 148.24392982486177 -55.29214695868964 5.05
vertex 148.37009124761258 -55.47232414311894 5.05
vertex 148.46388793832574 -55.60627969999995 5.05
endloop
endfacet
facet normal 0 0 -1
outer loop
vertex 148.24392982486177 -55.29214695868964 5.05
vertex 148.46388793832574 -55.60627969999995 5.05
vertex 148.46388793832577 -55.60627970000004 0
endloop
endfacet
facet normal 0 0 -1
outer loop
vertex 148.24392982486177 -55.29214695868964 5.05
vertex 148.46388793832577 -55.60627970000004 0
vertex 148.24392982486165 -55.29214695868953 0
endloop
endfacet
facet normal 0.7071067811865759 0.707106781186519 0
outer loop
vertex 147.97276479131037 -55.02098192513823 5.05
vertex 148.24392982486177 -55.29214695868964 5.05
vertex 148.24392982486165 -55.29214695868953 0
endloop
endfacet
facet normal 0.7071067811865759 0.707106781186519 0
outer loop
vertex 147.97276479131037 -55.02098192513823 5.05
vertex 148.24392982486165 -55.29214695868953 0
vertex 147.97276479131034 -55.0209819251382 0
endloop
endfacet
facet normal 0.5735764363510115 0.819152044289016 0
outer loop
vertex 147.65863205 -54.80102381167423 5.05
vertex 147.97276479131037 -55.02098192513823 5.05
vertex 147.97276479131034 -55.0209819251382 0
endloop
endfacet
facet normal 0.5735764363510115 0.819152044289016 0
outer loop
vertex 147.65863205 -54.80102381167423 5.05
vertex 147.97276479131034 -55.0209819251382 0
vertex 147.65863205000005 -54.80102381167426 0
endloop
endfacet
facet normal 0.4226182617407054 0.9063077870366473 0
outer loop
vertex 147.31107636531655 -54.638955934271024 5.05
vertex 147.65863205 -54.80102381167423 5.05
vertex 147.65863205000005 -54.80102381167426 0
endloop
endfacet
facet normal 0.4226182617407054 0.9063077870366473 0
outer loop
vertex 147.31107636531655 -54.638955934271024 5.05
vertex 147.65863205000005 -54.80102381167426 0
vertex 147.31107636531652 -54.638955934271024 0
endloop
endfacet
facet normal 0.2588190451025145 0.96592582628907 0
outer loop
vertex 146.94065804086725 -54.53970264337315 5.05
vertex 147.31107636531655 -54.638955934271024 5.05
vertex 147.31107636531652 -54.638955934271024 0
endloop
endfacet
facet normal 0.2588190451025145 0.96592582628907 0
outer loop
vertex 146.94065804086725 -54.53970264337315 5.05
vertex 147.31107636531652 -54.638955934271024 0
vertex 146.9406580408672 -54.53970264337314 0
endloop
endfacet
facet normal 0.08715574274766877 0.9961946980917447 0
outer loop
vertex 146.55863204999991 -54.50627936419713 5.05
vertex 146.94065804086725 -54.53970264337315 5.05
vertex 146.9406580408672 -54.53970264337314 0
endloop
endfacet
facet normal 0.08715574274766877 0.9961946980917447 0
outer loop
vertex 146.55863204999991 -54.50627936419713 5.05
vertex 146.9406580408672 -54.53970264337314 0
vertex 146.55863205 -54.50627808849247 0
endloop
endfacet
facet normal 1.627401502446446e-8 1 0
outer loop
vertex 128.1243341 -54.50627936419713 5.05
vertex 146.55863204999991 -54.50627936419713 5.05
vertex 146.55863205 -54.50627808849247 0
endloop
endfacet
facet normal 1.627401502446446e-8 1 0
outer loop
vertex 128.1243341 -54.50627936419713 5.05
vertex 146.55863205 -54.50627808849247 0
vertex 128.12433410000006 -54.50627808849247 0
endloop
endfacet
facet normal 0.08715301369572616 0.9961949368490852 0
outer loop
vertex 127.95068424927244 -54.49108745301219 5.05
vertex 128.1243341 -54.50627936419713 5.05
vertex 128.12433410000006 -54.50627808849247 0
endloop
endfacet
facet normal 0.08715301369572616 0.9961949368490852 0
outer loop
vertex 127.95068424927244 -54.49108745301219 5.05
vertex 128.12433410000006 -54.50627808849247 0
vertex 127.95068387233303 -54.49108745301219 0
endloop
endfacet
facet normal 0.25881850449181437 0.9659259711451081 -1.9318593010538686e-8
outer loop
vertex 127.7823119066743 -54.445972320785884 5.05
vertex 127.95068424927244 -54.49108745301219 5.05
vertex 127.95068387233303 -54.49108745301219 0
endloop
endfacet
facet normal 0.25881850449181437 0.9659259711451081 -1.9318593010538686e-8
outer loop
vertex 127.7823119066743 -54.445972320785884 5.05
vertex 127.95068387233303 -54.49108745301219 0
vertex 127.78662756771215 -54.44712869867579 0
endloop
endfacet
facet normal 0.25881850449181437 0.9659259711451081 -1.9318593010538686e-8
outer loop
vertex 127.7823119066743 -54.445972320785884 5.05
vertex 127.78662756771215 -54.44712869867579 0
vertex 127.78231190667432 -54.4459723207859 0
endloop
endfacet
facet normal 0.42261826174067185 0.9063077870366629 0
outer loop
vertex 127.62433204999998 -54.37230510378443 5.05
vertex 127.7823119066743 -54.445972320785884 5.05
vertex 127.78231190667432 -54.4459723207859 0
endloop
endfacet
facet normal 0.42261826174067185 0.9063077870366629 0
outer loop
vertex 127.62433204999998 -54.37230510378443 5.05
vertex 127.78231190667432 -54.4459723207859 0
vertex 127.62433204999998 -54.37230510378443 0
endloop
endfacet
facet normal 0.573576436351068 0.8191520442889765 0
outer loop
vertex 127.4815444403135 -54.272324143119 5.05
vertex 127.62433204999998 -54.37230510378443 5.05
vertex 127.62433204999998 -54.37230510378443 0
endloop
endfacet
facet normal 0.573576436351068 0.8191520442889765 0
outer loop
vertex 127.4815444403135 -54.272324143119 5.05
vertex 127.62433204999998 -54.37230510378443 0
vertex 127.48154444031344 -54.272324143118965 0
endloop
endfacet
facet normal 0.7071067811865067 0.7071067811865882 -2.985557958582648e-15
outer loop
vertex 127.35828760688102 -54.14906730968654 5.05
vertex 127.4815444403135 -54.272324143119 5.05
vertex 127.48154444031344 -54.272324143118965 0
endloop
endfacet
facet normal 0.7071067811865067 0.7071067811865882 -2.985557958582648e-15
outer loop
vertex 127.35828760688102 -54.14906730968654 5.05
vertex 127.48154444031344 -54.272324143118965 0
vertex 127.44793039719447 -54.238710099999984 0
endloop
endfacet
facet normal 0.7071067811865067 0.7071067811865882 -2.985557958582648e-15
outer loop
vertex 127.35828760688102 -54.14906730968654 5.05
vertex 127.44793039719447 -54.238710099999984 0
vertex 127.39633762761002 -54.18711733041554 0
endloop
endfacet
facet normal 0.7071067811865067 0.7071067811865882 -2.985557958582648e-15
outer loop
vertex 127.35828760688102 -54.14906730968654 5.05
vertex 127.39633762761002 -54.18711733041554 0
vertex 127.358287606881 -54.14906730968653 0
endloop
endfacet
facet normal 0.8191520442889928 0.5735764363510445 -1.4977056425898927e-15
outer loop
vertex 127.25830664621557 -54.006279700000015 5.05
vertex 127.35828760688102 -54.14906730968654 5.05
vertex 127.358287606881 -54.14906730968653 0
endloop
endfacet
facet normal 0.8191520442889928 0.5735764363510445 -1.4977056425898927e-15
outer loop
vertex 127.25830664621557 -54.006279700000015 5.05
vertex 127.358287606881 -54.14906730968653 0
vertex 127.33342647207365 -54.11356192956605 0
endloop
endfacet
facet normal 0.8191520442889928 0.5735764363510445 -1.4977056425898927e-15
outer loop
vertex 127.25830664621557 -54.006279700000015 5.05
vertex 127.33342647207365 -54.11356192956605 0
vertex 127.26778117143488 -54.0198107243068 0
endloop
endfacet
facet normal 0.8191520442889928 0.5735764363510445 -1.4977056425898927e-15
outer loop
vertex 127.25830664621557 -54.006279700000015 5.05
vertex 127.26778117143488 -54.0198107243068 0
vertex 127.25830664621556 -54.006279700000015 0
endloop
endfacet
facet normal 0.9063077870366415 0.42261826174071754 -2.5500409230399664e-15
outer loop
vertex 127.18463942921407 -53.84829984332563 5.05
vertex 127.25830664621557 -54.006279700000015 5.05
vertex 127.25830664621556 -54.006279700000015 0
endloop
endfacet
facet normal 0.9063077870366415 0.42261826174071754 -2.5500409230399664e-15
outer loop
vertex 127.18463942921407 -53.84829984332563 5.05
vertex 127.25830664621556 -54.006279700000015 0
vertex 127.2125319988255 -53.90811565188813 0
endloop
endfacet
facet normal 0.9063077870366415 0.42261826174071754 -2.5500409230399664e-15
outer loop
vertex 127.18463942921407 -53.84829984332563 5.05
vertex 127.2125319988255 -53.90811565188813 0
vertex 127.18463942921406 -53.84829984332562 0
endloop
endfacet
facet normal 0.9659258262890746 0.2588190451024973 -2.3539597237820435e-15
outer loop
vertex 127.1395242969878 -53.67992787766698 5.05
vertex 127.18463942921407 -53.84829984332563 5.05
vertex 127.18463942921406 -53.84829984332562 0
endloop
endfacet
facet normal 0.9659258262890746 0.2588190451024973 -2.3539597237820435e-15
outer loop
vertex 127.1395242969878 -53.67992787766698 5.05
vertex 127.18463942921406 -53.84829984332562 0
vertex 127.16664927335506 -53.78115966762376 0
endloop
endfacet
facet normal 0.9659258262890746 0.2588190451024973 -2.3539597237820435e-15
outer loop
vertex 127.1395242969878 -53.67992787766698 5.05
vertex 127.16664927335506 -53.78115966762376 0
vertex 127.13952429698779 -53.67992787766699 0
endloop
endfacet
facet normal 0.9961946980917425 0.08715574274769204 -3.0486192487955474e-15
outer loop
vertex 127.12433204999999 -53.50627969999992 5.05
vertex 127.1395242969878 -53.67992787766698 5.05
vertex 127.13952429698779 -53.67992787766699 0
endloop
endfacet
facet normal 0.9961946980917425 0.08715574274769204 -3.0486192487955474e-15
outer loop
vertex 127.12433204999999 -53.50627969999992 5.05
vertex 127.13952429698779 -53.67992787766699 0
vertex 127.13620536394072 -53.64199229934959 0
endloop
endfacet
facet normal 0.9961946980917425 0.08715574274769204 -3.0486192487955474e-15
outer loop
vertex 127.12433204999999 -53.50627969999992 5.05
vertex 127.13620536394072 -53.64199229934959 0
vertex 127.12433205 -53.50627970000018 0
endloop
endfacet
facet normal 0.9999999999999917 -1.2974683427087096e-7 2.8140372414587355e-15
outer loop
vertex 127.12433410000001 -37.70627940000025 5.05
vertex 127.12433204999999 -53.50627969999992 5.05
vertex 127.12433205 -53.50627970000018 0
endloop
endfacet
facet normal 0.9999999999999917 -1.2974683427087096e-7 2.8140372414587355e-15
outer loop
vertex 127.12433410000001 -37.70627940000025 5.05
vertex 127.12433205 -53.50627970000018 0
vertex 127.12433205159891 -53.49395639668393 0
endloop
endfacet
facet normal 0.9999999999999917 -1.2974683427087096e-7 2.8140372414587355e-15
outer loop
vertex 127.12433410000001 -37.70627940000025 5.05
vertex 127.12433205159891 -53.49395639668393 0
vertex 127.12433207149542 -53.340607834590514 0
endloop
endfacet
facet normal 0.9999999999999917 -1.2974683427087096e-7 2.8140372414587355e-15
outer loop
vertex 127.12433410000001 -37.70627940000025 5.05
vertex 127.12433207149542 -53.340607834590514 0
vertex 127.12433209160326 -53.18563019999994 0
endloop
endfacet
facet normal 0.9999999999999917 -1.2974683427087096e-7 2.8140372414587355e-15
outer loop
vertex 127.12433410000001 -37.70627940000025 5.05
vertex 127.12433209160326 -53.18563019999994 0
vertex 127.12433410000001 -37.7062794 0
endloop
endfacet
facet normal 0 0 -1
outer loop
vertex 127.10340222901173 -37.44034110943161 5.05
vertex 127.1046567475724 -37.456279699999875 5.05
vertex 127.11087400566561 -37.535269628337225 5.05
endloop
endfacet
facet normal 0 0 -1
outer loop
vertex 127.10340222901173 -37.44034110943161 5.05
vertex 127.11087400566561 -37.535269628337225 5.05
vertex 127.11750024263146 -37.61945561116654 5.05
endloop
endfacet
facet normal 0 0 -1
outer loop
vertex 127.10340222901173 -37.44034110943161 5.05
vertex 127.11750024263146 -37.61945561116654 5.05
vertex 127.12433410000001 -37.70627940000025 5.05
endloop
endfacet
facet normal 0 0 -1
outer loop
vertex 127.10340222901173 -37.44034110943161 5.05
vertex 127.12433410000001 -37.70627940000025 5.05
vertex 127.12433410000001 -37.7062794 0
endloop
endfacet
facet normal 0 0 -1
outer loop
vertex 127.10340222901173 -37.44034110943161 5.05
vertex 127.12433410000001 -37.7062794 0
vertex 127.10340222901175 -37.44034110943167 0
endloop
endfacet
facet normal 0 0 -1
outer loop
vertex 127.04112812770177 -37.18095080956261 5.05
vertex 127.0472089886381 -37.20627941822267 5.05
vertex 127.04903272418909 -37.21387582349389 5.05
endloop
endfacet
facet normal 0 0 -1
outer loop
vertex 127.04112812770177 -37.18095080956261 5.05
vertex 127.04903272418909 -37.21387582349389 5.05
vertex 127.0544483166694 -37.236433389607036 5.05
endloop
endfacet
facet normal 0 0 -1
outer loop
vertex 127.04112812770177 -37.18095080956261 5.05
vertex 127.0544483166694 -37.236433389607036 5.05
vertex 127.0632912836907 -37.2732669981078 5.05
endloop
endfacet
facet normal 0 0 -1
outer loop
vertex 127.04112812770177 -37.18095080956261 5.05
vertex 127.0632912836907 -37.2732669981078 5.05
vertex 127.0752929361748 -37.32325747844053 5.05
endloop
endfacet
facet normal 0 0 -1
outer loop
vertex 127.04112812770177 -37.18095080956261 5.05
vertex 127.0752929361748 -37.32325747844053 5.05
vertex 127.09008860998411 -37.38488589515676 5.05
endloop
endfacet
facet normal 0 0 -1
outer loop
vertex 127.04112812770177 -37.18095080956261 5.05
vertex 127.09008860998411 -37.38488589515676 5.05
vertex 127.10340222901173 -37.44034110943161 5.05
endloop
endfacet
facet normal 0 0 -1
outer loop
vertex 127.04112812770177 -37.18095080956261 5.05
vertex 127.10340222901173 -37.44034110943161 5.05
vertex 127.10340222901175 -37.44034110943167 0
endloop
endfacet
facet normal 0 0 -1
outer loop
vertex 127.04112812770177 -37.18095080956261 5.05
vertex 127.10340222901175 -37.44034110943167 0
vertex 127.04112812770177 -37.180950809562624 0
endloop
endfacet
facet normal 0.9238795325112714 0.38268343236512675 0
outer loop
vertex 126.93904314112022 -36.93449585044277 5.05
vertex 127.04112812770177 -37.18095080956261 5.05
vertex 127.04112812770177 -37.180950809562624 0
endloop
endfacet
facet normal 0.9238795325112714 0.38268343236512675 0
outer loop
vertex 126.93904314112022 -36.93449585044277 5.05
vertex 127.04112812770177 -37.180950809562624 0
vertex 126.93904314112022 -36.934495850442794 0
endloop
endfacet
facet normal 0.8526401643541205 0.522498564715903 0
outer loop
vertex 126.79966094043743 -36.707044771102815 5.05
vertex 126.93904314112022 -36.93449585044277 5.05
vertex 126.93904314112022 -36.934495850442794 0
endloop
endfacet
facet normal 0.8526401643541205 0.522498564715903 0
outer loop
vertex 126.79966094043743 -36.707044771102815 5.05
vertex 126.93904314112022 -36.934495850442794 0
vertex 126.79966094043739 -36.70704477110277 0
endloop
endfacet
facet normal 0.7604059656000421 0.6494480483301708 0
outer loop
vertex 126.62641357801724 -36.50419817198299 5.05
vertex 126.79966094043743 -36.707044771102815 5.05
vertex 126.79966094043739 -36.70704477110277 0
endloop
endfacet
facet normal 0.7604059656000421 0.6494480483301708 0
outer loop
vertex 126.62641357801724 -36.50419817198299 5.05
vertex 126.79966094043739 -36.70704477110277 0
vertex 126.6264135780172 -36.504198171982964 0
endloop
endfacet
facet normal 0.6494480483301859 0.760405965600029 0
outer loop
vertex 126.42356697889707 -36.33095080956251 5.05
vertex 126.62641357801724 -36.50419817198299 5.05
vertex 126.6264135780172 -36.504198171982964 0
endloop
endfacet
facet normal 0.6494480483301859 0.760405965600029 0
outer loop
vertex 126.42356697889707 -36.33095080956251 5.05
vertex 126.6264135780172 -36.504198171982964 0
vertex 126.42356697889707 -36.33095080956251 0
endloop
endfacet
facet normal 0.5224985647159315 0.8526401643541028 0
outer loop
vertex 126.19611589955721 -36.19156860887978 5.05
vertex 126.42356697889707 -36.33095080956251 5.05
vertex 126.42356697889707 -36.33095080956251 0
endloop
endfacet
facet normal 0.5224985647159315 0.8526401643541028 0
outer loop
vertex 126.19611589955721 -36.19156860887978 5.05
vertex 126.42356697889707 -36.33095080956251 0
vertex 126.19611589955716 -36.191568608879734 0
endloop
endfacet
facet normal 0.3826834323650948 0.9238795325112847 0
outer loop
vertex 125.9496609404374 -36.08948362229824 5.05
vertex 126.19611589955721 -36.19156860887978 5.05
vertex 126.19611589955716 -36.191568608879734 0
endloop
endfacet
facet normal 0.3826834323650948 0.9238795325112847 0
outer loop
vertex 125.9496609404374 -36.08948362229824 5.05
vertex 126.19611589955716 -36.191568608879734 0
vertex 125.94966094043748 -36.08948362229826 0
endloop
endfacet
facet normal 0.23344536385589176 0.9723699203976799 0
outer loop
vertex 125.69027064056837 -36.027209520988265 5.05
vertex 125.9496609404374 -36.08948362229824 5.05
vertex 125.94966094043748 -36.08948362229826 0
endloop
endfacet
facet normal 0.23344536385589176 0.9723699203976799 0
outer loop
vertex 125.69027064056837 -36.027209520988265 5.05
vertex 125.94966094043748 -36.08948362229826 0
vertex 125.69027064056834 -36.027209520988265 0
endloop
endfacet
facet normal 0.07845909572786526 0.9969173337331265 0
outer loop
vertex 125.42433205000003 -36.0062793568627 5.05
vertex 125.69027064056837 -36.027209520988265 5.05
vertex 125.69027064056834 -36.027209520988265 0
endloop
endfacet
facet normal 0.07845909572786526 0.9969173337331265 0
outer loop
vertex 125.42433205000003 -36.0062793568627 5.05
vertex 125.69027064056834 -36.027209520988265 0
vertex 125.42433205000002 -36.0062794 0
endloop
endfacet
facet normal 1.9607846013514063e-8 0.9999999999999998 0
outer loop
vertex 110.12433409999993 -36.0062793568627 5.05
vertex 125.42433205000003 -36.0062793568627 5.05
vertex 125.42433205000002 -36.0062794 0
endloop
endfacet
facet normal 1.9607846013514063e-8 0.9999999999999998 0
outer loop
vertex 110.12433409999993 -36.0062793568627 5.05
vertex 125.42433205000002 -36.0062794 0
vertex 110.1243341 -36.0062794 0
endloop
endfacet
facet normal 0.08715301369574036 0.9961949368490839 0
outer loop
vertex 109.95068432649082 -35.991087453012206 5.05
vertex 110.12433409999993 -36.0062793568627 5.05
vertex 110.1243341 -36.0062794 0
endloop
endfacet
facet normal 0.08715301369574036 0.9961949368490839 0
outer loop
vertex 109.95068432649082 -35.991087453012206 5.05
vertex 110.1243341 -36.0062794 0
vertex 109.95068387233309 -35.9910874530122 0
endloop
endfacet
facet normal 0.25881904510252696 0.9659258262890666 0
outer loop
vertex 109.78231190667427 -35.94597232078588 5.05
vertex 109.95068432649082 -35.991087453012206 5.05
vertex 109.95068387233309 -35.9910874530122 0
endloop
endfacet
facet normal 0.25881904510252696 0.9659258262890666 0
outer loop
vertex 109.78231190667427 -35.94597232078588 5.05
vertex 109.95068387233309 -35.9910874530122 0
vertex 109.78231190667428 -35.94597232078588 0
endloop
endfacet
facet normal 0.42261826174067735 0.9063077870366604 0
outer loop
vertex 109.62433204999996 -35.87230510378442 5.05
vertex 109.78231190667427 -35.94597232078588 5.05
vertex 109.78231190667428 -35.94597232078588 0
endloop
endfacet
facet normal 0.42261826174067735 0.9063077870366604 0
outer loop
vertex 109.62433204999996 -35.87230510378442 5.05
vertex 109.78231190667428 -35.94597232078588 0
vertex 109.62433204999998 -35.87230510378443 0
endloop
endfacet
facet normal 0.5735764363510616 0.819152044288981 0
outer loop
vertex 109.48154444031348 -35.77232414311899 5.05
vertex 109.62433204999996 -35.87230510378442 5.05
vertex 109.62433204999998 -35.87230510378443 0
endloop
endfacet
facet normal 0.5735764363510616 0.819152044288981 0
outer loop
vertex 109.48154444031348 -35.77232414311899 5.05
vertex 109.62433204999998 -35.87230510378443 0
vertex 109.4815444403135 -35.772324143119 0
endloop
endfacet
facet normal 0.7071067811865689 0.7071067811865263 0
outer loop
vertex 109.358287606881 -35.64906730968652 5.05
vertex 109.48154444031348 -35.77232414311899 5.05
vertex 109.4815444403135 -35.772324143119 0
endloop
endfacet
facet normal 0.7071067811865689 0.7071067811865263 0
outer loop
vertex 109.358287606881 -35.64906730968652 5.05
vertex 109.4815444403135 -35.772324143119 0
vertex 109.35828760688091 -35.64906730968641 0
endloop
endfacet
facet normal 0.8191520442889821 0.5735764363510599 0
outer loop
vertex 109.2583066462156 -35.506279700000064 5.05
vertex 109.358287606881 -35.64906730968652 5.05
vertex 109.35828760688091 -35.64906730968641 0
endloop
endfacet
facet normal 0.8191520442889821 0.5735764363510599 0
outer loop
vertex 109.2583066462156 -35.506279700000064 5.05
vertex 109.35828760688091 -35.64906730968641 0
vertex 109.25830664621562 -35.50627970000012 0
endloop
endfacet
facet normal 0.9063077870366456 0.42261826174070904 0
outer loop
vertex 109.18463942921407 -35.3482998433256 5.05
vertex 109.2583066462156 -35.506279700000064 5.05
vertex 109.25830664621562 -35.50627970000012 0
endloop
endfacet
facet normal 0.9063077870366456 0.42261826174070904 0
outer loop
vertex 109.18463942921407 -35.3482998433256 5.05
vertex 109.25830664621562 -35.50627970000012 0
vertex 109.18463942921407 -35.348299843325634 0
endloop
endfacet
facet normal 0.9659258262890666 0.2588190451025271 0
outer loop
vertex 109.13952429698777 -35.17992787766686 5.05
vertex 109.18463942921407 -35.3482998433256 5.05
vertex 109.18463942921407 -35.348299843325634 0
endloop
endfacet
facet normal 0.9659258262890666 0.2588190451025271 0
outer loop
vertex 109.13952429698777 -35.17992787766686 5.05
vertex 109.18463942921407 -35.348299843325634 0
vertex 109.13952429698779 -35.17992787766693 0
endloop
endfacet
facet normal 0.9961946980917459 0.08715574274765463 0
outer loop
vertex 109.12433204999998 -35.00627969999997 5.05
vertex 109.13952429698777 -35.17992787766686 5.05
vertex 109.13952429698779 -35.17992787766693 0
endloop
endfacet
facet normal 0.9961946980917459 0.08715574274765463 0
outer loop
vertex 109.12433204999998 -35.00627969999997 5.05
vertex 109.13952429698779 -35.17992787766693 0
vertex 109.12433204999999 -35.006279699999936 0
endloop
endfacet
facet normal 0.9999999998812119 -0.000015413510695339028 0
outer loop
vertex 109.12433409999998 -34.87327950000007 5.05
vertex 109.12433204999998 -35.00627969999997 5.05
vertex 109.12433204999999 -35.006279699999936 0
endloop
endfacet
facet normal 0.9999999998812119 -0.000015413510695339028 0
outer loop
vertex 109.12433409999998 -34.87327950000007 5.05
vertex 109.12433204999999 -35.006279699999936 0
vertex 109.1243341 -34.87327949999996 0
endloop
endfacet
facet normal 0 0 1
outer loop
vertex 109.10340222901176 -34.60734115943182 5.05
vertex 109.10465674733655 -34.62327974999995 5.05
vertex 109.11087400426081 -34.702269678337146 5.05
endloop
endfacet
facet normal 0 0 1
outer loop
vertex 109.10340222901176 -34.60734115943182 5.05
vertex 109.11087400426081 -34.702269678337146 5.05
vertex 109.11750023998084 -34.78645566116652 5.05
endloop
endfacet
facet normal 0 0 1
outer loop
vertex 109.10340222901176 -34.60734115943182 5.05
vertex 109.11750023998084 -34.78645566116652 5.05
vertex 109.12433409999998 -34.87327950000007 5.05
endloop
endfacet
facet normal 0 0 1
outer loop
vertex 109.10340222901176 -34.60734115943182 5.05
vertex 109.12433409999998 -34.87327950000007 5.05
vertex 109.1243341 -34.87327949999996 0
endloop
endfacet
facet normal 0 0 1
outer loop
vertex 109.10340222901176 -34.60734115943182 5.05
vertex 109.1243341 -34.87327949999996 0
vertex 109.10340222901175 -34.607341159431684 0
endloop
endfacet
facet normal 0 0 -1
outer loop
vertex 109.04112812770173 -34.34795085956246 5.05
vertex 109.04720904351397 -34.37327969679713 5.05
vertex 109.04903272418909 -34.380875873493906 5.05
endloop
endfacet
facet normal 0 0 -1
outer loop
vertex 109.04112812770173 -34.34795085956246 5.05
vertex 109.04903272418909 -34.380875873493906 5.05
vertex 109.0544483166694 -34.40343343960705 5.05
endloop
endfacet
facet normal 0 0 -1
outer loop
vertex 109.04112812770173 -34.34795085956246 5.05
vertex 109.0544483166694 -34.40343343960705 5.05
vertex 109.0632912836907 -34.440267048107785 5.05
endloop
endfacet
facet normal 0 0 -1
outer loop
vertex 109.04112812770173 -34.34795085956246 5.05
vertex 109.0632912836907 -34.440267048107785 5.05
vertex 109.07529293617479 -34.49025752844047 5.05
endloop
endfacet
facet normal 0 0 -1
outer loop
vertex 109.04112812770173 -34.34795085956246 5.05
vertex 109.07529293617479 -34.49025752844047 5.05
vertex 109.09008860998412 -34.55188594515682 5.05
endloop
endfacet
facet normal 0 0 -1
outer loop
vertex 109.04112812770173 -34.34795085956246 5.05
vertex 109.09008860998412 -34.55188594515682 5.05
vertex 109.10340222901176 -34.60734115943182 5.05
endloop
endfacet
facet normal 0 0 -1
outer loop
vertex 109.04112812770173 -34.34795085956246 5.05
vertex 109.10340222901176 -34.60734115943182 5.05
vertex 109.10340222901175 -34.607341159431684 0
endloop
endfacet
facet normal 0 0 -1
outer loop
vertex 109.04112812770173 -34.34795085956246 5.05
vertex 109.10340222901175 -34.607341159431684 0
vertex 109.04112812770177 -34.347950859562616 0
endloop
endfacet
facet normal 0.9238795325112714 0.38268343236512675 0
outer loop
vertex 108.93904314112025 -34.10149590044279 5.05
vertex 109.04112812770173 -34.34795085956246 5.05
vertex 109.04112812770177 -34.347950859562616 0
endloop
endfacet
facet normal 0.9238795325112714 0.38268343236512675 0
outer loop
vertex 108.93904314112025 -34.10149590044279 5.05
vertex 109.04112812770177 -34.347950859562616 0
vertex 108.93904314112024 -34.101495900442806 0
endloop
endfacet
facet normal 0.8526401643540968 0.5224985647159411 -3.868268316172978e-15
outer loop
vertex 108.79966094043742 -33.874044821102785 5.05
vertex 108.93904314112025 -34.10149590044279 5.05
vertex 108.93904314112024 -34.101495900442806 0
endloop
endfacet
facet normal 0.8526401643540968 0.5224985647159411 -3.868268316172978e-15
outer loop
vertex 108.79966094043742 -33.874044821102785 5.05
vertex 108.93904314112024 -34.101495900442806 0
vertex 108.86284078068296 -33.97714495000002 0
endloop
endfacet
facet normal 0.8526401643540968 0.5224985647159411 -3.868268316172978e-15
outer loop
vertex 108.79966094043742 -33.874044821102785 5.05
vertex 108.86284078068296 -33.97714495000002 0
vertex 108.84580156680312 -33.949339480082855 0
endloop
endfacet
facet normal 0.8526401643540968 0.5224985647159411 -3.868268316172978e-15
outer loop
vertex 108.79966094043742 -33.874044821102785 5.05
vertex 108.84580156680312 -33.949339480082855 0
vertex 108.81267465489825 -33.89528127300151 0
endloop
endfacet
facet normal 0.8526401643540968 0.5224985647159411 -3.868268316172978e-15
outer loop
vertex 108.79966094043742 -33.874044821102785 5.05
vertex 108.81267465489825 -33.89528127300151 0
vertex 108.79966094043745 -33.874044821102835 0
endloop
endfacet
facet normal 0.7604059656000367 0.6494480483301769 -2.1169883860829538e-15
outer loop
vertex 108.62641357801725 -33.67119822198298 5.05
vertex 108.79966094043742 -33.874044821102785 5.05
vertex 108.79966094043745 -33.874044821102835 0
endloop
endfacet
facet normal 0.7604059656000367 0.6494480483301769 -2.1169883860829538e-15
outer loop
vertex 108.62641357801725 -33.67119822198298 5.05
vertex 108.79966094043745 -33.874044821102835 0
vertex 108.75045821455895 -33.816435830856435 0
endloop
endfacet
facet normal 0.7604059656000367 0.6494480483301769 -2.1169883860829538e-15
outer loop
vertex 108.62641357801725 -33.67119822198298 5.05
vertex 108.75045821455895 -33.816435830856435 0
vertex 108.66377312418436 -33.714940630402914 0
endloop
endfacet
facet normal 0.7604059656000367 0.6494480483301769 -2.1169883860829538e-15
outer loop
vertex 108.62641357801725 -33.67119822198298 5.05
vertex 108.66377312418436 -33.714940630402914 0
vertex 108.62641357801719 -33.67119822198292 0
endloop
endfacet
facet normal 0.6494480483302093 0.760405965600009 2.3230213190321337e-15
outer loop
vertex 108.4235669788972 -33.497950859562586 5.05
vertex 108.62641357801725 -33.67119822198298 5.05
vertex 108.62641357801719 -33.67119822198292 0
endloop
endfacet
facet normal 0.6494480483302093 0.760405965600009 2.3230213190321337e-15
outer loop
vertex 108.4235669788972 -33.497950859562586 5.05
vertex 108.62641357801719 -33.67119822198292 0
vertex 108.53549588532172 -33.59354717668482 0
endloop
endfacet
facet normal 0.6494480483302093 0.760405965600009 2.3230213190321337e-15
outer loop
vertex 108.4235669788972 -33.497950859562586 5.05
vertex 108.53549588532172 -33.59354717668482 0
vertex 108.42356697889721 -33.4979508595626 0
endloop
endfacet
facet normal 0.5224985647159099 0.8526401643541162 -9.271481982837949e-16
outer loop
vertex 108.19611589955719 -33.35856865887976 5.05
vertex 108.4235669788972 -33.497950859562586 5.05
vertex 108.42356697889721 -33.4979508595626 0
endloop
endfacet
facet normal 0.5224985647159099 0.8526401643541162 -9.271481982837949e-16
outer loop
vertex 108.19611589955719 -33.35856865887976 5.05
vertex 108.42356697889721 -33.4979508595626 0
vertex 108.35436920722142 -33.455546410542155 0
endloop
endfacet
facet normal 0.5224985647159099 0.8526401643541162 -9.271481982837949e-16
outer loop
vertex 108.19611589955719 -33.35856865887976 5.05
vertex 108.35436920722142 -33.455546410542155 0
vertex 108.19611589955724 -33.35856865887978 0
endloop
endfacet
facet normal 0.3826834323651149 0.9238795325112762 4.0691504258021514e-16
outer loop
vertex 107.9496609404374 -33.25648367229823 5.05
vertex 108.19611589955719 -33.35856865887976 5.05
vertex 108.19611589955724 -33.35856865887978 0
endloop
endfacet
facet normal 0.3826834323651149 0.9238795325112762 4.0691504258021514e-16
outer loop
vertex 107.9496609404374 -33.25648367229823 5.05
vertex 108.19611589955724 -33.35856865887978 0
vertex 108.06601594242437 -33.30467949217119 0
endloop
endfacet
facet normal 0.3826834323651149 0.9238795325112762 4.0691504258021514e-16
outer loop
vertex 107.9496609404374 -33.25648367229823 5.05
vertex 108.06601594242437 -33.30467949217119 0
vertex 107.94966094043741 -33.25648367229824 0
endloop
endfacet
facet normal 0.2334453638558918 0.9723699203976799 0
outer loop
vertex 107.69027064056846 -33.19420957098828 5.05
vertex 107.9496609404374 -33.25648367229823 5.05
vertex 107.94966094043741 -33.25648367229824 0
endloop
endfacet
facet normal 0.2334453638558918 0.9723699203976799 0
outer loop
vertex 107.69027064056846 -33.19420957098828 5.05
vertex 107.94966094043741 -33.25648367229824 0
vertex 107.69027064056839 -33.19420957098827 0
endloop
endfacet
facet normal 0.07845909572786525 0.9969173337331265 0
outer loop
vertex 107.42433204999999 -33.17327946405224 5.05
vertex 107.69027064056846 -33.19420957098828 5.05
vertex 107.69027064056839 -33.19420957098827 0
endloop
endfacet
facet normal 0.07845909572786525 0.9969173337331265 0
outer loop
vertex 107.42433204999999 -33.17327946405224 5.05
vertex 107.69027064056839 -33.19420957098827 0
vertex 107.42433204999995 -33.173279133986874 0
endloop
endfacet
facet normal 1.6339868125214707e-8 1 0
outer loop
vertex 92.12433409999996 -33.17327946405224 5.05
vertex 107.42433204999999 -33.17327946405224 5.05
vertex 107.42433204999995 -33.173279133986874 0
endloop
endfacet
facet normal 1.6339868125214707e-8 1 0
outer loop
vertex 92.12433409999996 -33.17327946405224 5.05
vertex 107.42433204999995 -33.173279133986874 0
vertex 92.12433410000003 -33.173279133986874 0
endloop
endfacet
facet normal 0.08715329835648333 0.9961949119452407 0
outer loop
vertex 91.95068425079656 -33.1580875030122 5.05
vertex 92.12433409999996 -33.17327946405224 5.05
vertex 92.12433410000003 -33.173279133986874 0
endloop
endfacet
facet normal 0.08715329835648333 0.9961949119452407 0
outer loop
vertex 91.95068425079656 -33.1580875030122 5.05
vertex 92.12433410000003 -33.173279133986874 0
vertex 91.95068387233304 -33.1580875030122 0
endloop
endfacet
facet normal 0.2588185023058967 0.9659259717308216 -1.9396704781365917e-8
outer loop
vertex 91.78231190667428 -33.11297237078589 5.05
vertex 91.95068425079656 -33.1580875030122 5.05
vertex 91.95068387233304 -33.1580875030122 0
endloop
endfacet
facet normal 0.2588185023058967 0.9659259717308216 -1.9396704781365917e-8
outer loop
vertex 91.78231190667428 -33.11297237078589 5.05
vertex 91.95068387233304 -33.1580875030122 0
vertex 91.9019764158168 -33.145036379373295 0
endloop
endfacet
facet normal 0.2588185023058967 0.9659259717308216 -1.9396704781365917e-8
outer loop
vertex 91.78231190667428 -33.11297237078589 5.05
vertex 91.9019764158168 -33.145036379373295 0
vertex 91.78231190667428 -33.11297237078589 0
endloop
endfacet
facet normal 0.42261826174067807 0.90630778703666 0
outer loop
vertex 91.62433205000002 -33.03930515378446 5.05
vertex 91.78231190667428 -33.11297237078589 5.05
vertex 91.78231190667428 -33.11297237078589 0
endloop
endfacet
facet normal 0.42261826174067807 0.90630778703666 0
outer loop
vertex 91.62433205000002 -33.03930515378446 5.05
vertex 91.78231190667428 -33.11297237078589 0
vertex 91.62433205000002 -33.039305153784454 0
endloop
endfacet
facet normal 0.5735764363510828 0.819152044288966 1.1528392117298812e-15
outer loop
vertex 91.48154444031344 -32.93932419311896 5.05
vertex 91.62433205000002 -33.03930515378446 5.05
vertex 91.62433205000002 -33.039305153784454 0
endloop
endfacet
facet normal 0.5735764363510828 0.819152044288966 1.1528392117298812e-15
outer loop
vertex 91.48154444031344 -32.93932419311896 5.05
vertex 91.62433205000002 -33.039305153784454 0
vertex 91.54099211062484 -32.98094990000001 0
endloop
endfacet
facet normal 0.5735764363510828 0.819152044288966 1.1528392117298812e-15
outer loop
vertex 91.48154444031344 -32.93932419311896 5.05
vertex 91.54099211062484 -32.98094990000001 0
vertex 91.48154444031346 -32.93932419311897 0
endloop
endfacet
facet normal 0.7071067811865688 0.7071067811865261 0
outer loop
vertex 91.35828760688106 -32.81606735968658 5.05
vertex 91.48154444031344 -32.93932419311896 5.05
vertex 91.48154444031346 -32.93932419311897 0
endloop
endfacet
facet normal 0.7071067811865688 0.7071067811865261 0
outer loop
vertex 91.35828760688106 -32.81606735968658 5.05
vertex 91.48154444031346 -32.93932419311897 0
vertex 91.35828760688105 -32.816067359686556 0
endloop
endfacet
facet normal 0.819152044288981 0.5735764363510616 0
outer loop
vertex 91.25830664621556 -32.673279749999985 5.05
vertex 91.35828760688106 -32.81606735968658 5.05
vertex 91.35828760688105 -32.816067359686556 0
endloop
endfacet
facet normal 0.819152044288981 0.5735764363510616 0
outer loop
vertex 91.25830664621556 -32.673279749999985 5.05
vertex 91.35828760688105 -32.816067359686556 0
vertex 91.25830664621552 -32.673279749999914 0
endloop
endfacet
facet normal 0.9063077870366456 0.42261826174070904 0
outer loop
vertex 91.18463942921406 -32.51529989332559 5.05
vertex 91.25830664621556 -32.673279749999985 5.05
vertex 91.25830664621552 -32.673279749999914 0
endloop
endfacet
facet normal 0.9063077870366456 0.42261826174070904 0
outer loop
vertex 91.18463942921406 -32.51529989332559 5.05
vertex 91.25830664621552 -32.673279749999914 0
vertex 91.18463942921407 -32.515299893325654 0
endloop
endfacet
facet normal 0.9659258262890666 0.2588190451025271 0
outer loop
vertex 91.1395242969878 -32.34692792766701 5.05
vertex 91.18463942921406 -32.51529989332559 5.05
vertex 91.18463942921407 -32.515299893325654 0
endloop
endfacet
facet normal 0.9659258262890666 0.2588190451025271 0
outer loop
vertex 91.1395242969878 -32.34692792766701 5.05
vertex 91.18463942921407 -32.515299893325654 0
vertex 91.13952429698777 -32.34692792766691 0
endloop
endfacet
facet normal 0.9961946980917447 0.08715574274766881 0
outer loop
vertex 91.12433204999999 -32.173279749999885 5.05
vertex 91.1395242969878 -32.34692792766701 5.05
vertex 91.13952429698777 -32.34692792766691 0
endloop
endfacet
facet normal 0.9961946980917447 0.08715574274766881 0
outer loop
vertex 91.12433204999999 -32.173279749999885 5.05
vertex 91.13952429698777 -32.34692792766691 0
vertex 91.12433204999999 -32.173279750000205 0
endloop
endfacet
facet normal 0.9999999999997614 -6.909335183991061e-7 0
outer loop
vertex 91.12433410000001 -29.206279399999914 5.05
vertex 91.12433204999999 -32.173279749999885 5.05
vertex 91.12433204999999 -32.173279750000205 0
endloop
endfacet
facet normal 0.9999999999997614 -6.909335183991061e-7 0
outer loop
vertex 91.12433410000001 -29.206279399999914 5.05
vertex 91.12433204999999 -32.173279750000205 0
vertex 91.1243341 -29.20627969999996 0
endloop
endfacet
facet normal 0 0 -1
outer loop
vertex 91.10340222901173 -28.940341109431543 5.05
vertex 91.10465674757242 -28.956279699999982 5.05
vertex 91.11087400566561 -29.03526962833714 5.05
endloop
endfacet
facet normal 0 0 -1
outer loop
vertex 91.10340222901173 -28.940341109431543 5.05
vertex 91.11087400566561 -29.03526962833714 5.05
vertex 91.1175002426315 -29.119455611166558 5.05
endloop
endfacet
facet normal 0 0 -1
outer loop
vertex 91.10340222901173 -28.940341109431543 5.05
vertex 91.1175002426315 -29.119455611166558 5.05
vertex 91.12433410000001 -29.206279399999914 5.05
endloop
endfacet
facet normal 0 0 -1
outer loop
vertex 91.10340222901173 -28.940341109431543 5.05
vertex 91.12433410000001 -29.206279399999914 5.05
vertex 91.1243341 -29.20627969999996 0
endloop
endfacet
facet normal 0 0 -1
outer loop
vertex 91.10340222901173 -28.940341109431543 5.05
vertex 91.1243341 -29.20627969999996 0
vertex 91.10340222901173 -28.940341109431586 0
endloop
endfacet
facet normal 0 0 1
outer loop
vertex 91.04112812770182 -28.680950809562745 5.05
vertex 91.04720902790875 -28.706279581796593 5.05
vertex 91.04903272418912 -28.713875823493908 5.05
endloop
endfacet
facet normal 0 0 1
outer loop
vertex 91.04112812770182 -28.680950809562745 5.05
vertex 91.04903272418912 -28.713875823493908 5.05
vertex 91.05444831666942 -28.736433389607043 5.05
endloop
endfacet
facet normal 0 0 1
outer loop
vertex 91.04112812770182 -28.680950809562745 5.05
vertex 91.05444831666942 -28.736433389607043 5.05
vertex 91.06329128369072 -28.773266998107786 5.05
endloop
endfacet
facet normal 0 0 1
outer loop
vertex 91.04112812770182 -28.680950809562745 5.05
vertex 91.06329128369072 -28.773266998107786 5.05
vertex 91.07529293617482 -28.82325747844051 5.05
endloop
endfacet
facet normal 0 0 1
outer loop
vertex 91.04112812770182 -28.680950809562745 5.05
vertex 91.07529293617482 -28.82325747844051 5.05
vertex 91.09008860998411 -28.884885895156714 5.05
endloop
endfacet
facet normal 0 0 1
outer loop
vertex 91.04112812770182 -28.680950809562745 5.05
vertex 91.09008860998411 -28.884885895156714 5.05
vertex 91.10340222901173 -28.940341109431543 5.05
endloop
endfacet
facet normal 0 0 1
outer loop
vertex 91.04112812770182 -28.680950809562745 5.05
vertex 91.10340222901173 -28.940341109431543 5.05
vertex 91.10340222901173 -28.940341109431586 0
endloop
endfacet
facet normal 0 0 1
outer loop
vertex 91.04112812770182 -28.680950809562745 5.05
vertex 91.10340222901173 -28.940341109431586 0
vertex 91.04112812770181 -28.680950809562745 0
endloop
endfacet
facet normal 0.9238795325112775 0.3826834323651121 0
outer loop
vertex 90.93904314112021 -28.434495850442744 5.05
vertex 91.04112812770182 -28.680950809562745 5.05
vertex 91.04112812770181 -28.680950809562745 0
endloop
endfacet
facet normal 0.9238795325112775 0.3826834323651121 0
outer loop
vertex 90.93904314112021 -28.434495850442744 5.05
vertex 91.04112812770181 -28.680950809562745 0
vertex 90.9390431411202 -28.434495850442715 0
endloop
endfacet
facet normal 0.8526401643541194 0.5224985647159045 0
outer loop
vertex 90.79966094043743 -28.207044771102815 5.05
vertex 90.93904314112021 -28.434495850442744 5.05
vertex 90.9390431411202 -28.434495850442715 0
endloop
endfacet
facet normal 0.8526401643541194 0.5224985647159045 0
outer loop
vertex 90.79966094043743 -28.207044771102815 5.05
vertex 90.9390431411202 -28.434495850442715 0
vertex 90.79966094043745 -28.20704477110283 0
endloop
endfacet
facet normal 0.760405965600016 0.6494480483302011 0
outer loop
vertex 90.62641357801719 -28.004198171982935 5.05
vertex 90.79966094043743 -28.207044771102815 5.05
vertex 90.79966094043745 -28.20704477110283 0
endloop
endfacet
facet normal 0.760405965600016 0.6494480483302011 0
outer loop
vertex 90.62641357801719 -28.004198171982935 5.05
vertex 90.79966094043745 -28.20704477110283 0
vertex 90.62641357801719 -28.004198171982935 0
endloop
endfacet
facet normal 0.6494480483301859 0.760405965600029 0
outer loop
vertex 90.42356697889713 -27.830950809562538 5.05
vertex 90.62641357801719 -28.004198171982935 5.05
vertex 90.62641357801719 -28.004198171982935 0
endloop
endfacet
facet normal 0.6494480483301859 0.760405965600029 0
outer loop
vertex 90.42356697889713 -27.830950809562538 5.05
vertex 90.62641357801719 -28.004198171982935 0
vertex 90.42356697889713 -27.830950809562545 0
endloop
endfacet
facet normal 0.5224985647159424 0.8526401643540962 0
outer loop
vertex 90.19611589955723 -27.69156860887977 5.05
vertex 90.42356697889713 -27.830950809562538 5.05
vertex 90.42356697889713 -27.830950809562545 0
endloop
endfacet
facet normal 0.5224985647159424 0.8526401643540962 0
outer loop
vertex 90.19611589955723 -27.69156860887977 5.05
vertex 90.42356697889713 -27.830950809562545 0
vertex 90.19611589955721 -27.691568608879777 0
endloop
endfacet
facet normal 0.3826834323650951 0.9238795325112846 0
outer loop
vertex 89.94966094043743 -27.589483622298246 5.05
vertex 90.19611589955723 -27.69156860887977 5.05
vertex 90.19611589955721 -27.691568608879777 0
endloop
endfacet
facet normal 0.3826834323650951 0.9238795325112846 0
outer loop
vertex 89.94966094043743 -27.589483622298246 5.05
vertex 90.19611589955721 -27.691568608879777 0
vertex 89.9496609404374 -27.589483622298246 0
endloop
endfacet
facet normal 0.23344536385590867 0.9723699203976759 0
outer loop
vertex 89.69027064056841 -27.527209520988272 5.05
vertex 89.94966094043743 -27.589483622298246 5.05
vertex 89.9496609404374 -27.589483622298246 0
endloop
endfacet
facet normal 0.23344536385590867 0.9723699203976759 0
outer loop
vertex 89.69027064056841 -27.527209520988272 5.05
vertex 89.9496609404374 -27.589483622298246 0
vertex 89.6902706405684 -27.527209520988265 0
endloop
endfacet
facet normal 0.07845909572784393 0.9969173337331281 0
outer loop
vertex 89.42433204999998 -27.506279538906455 5.05
vertex 89.69027064056841 -27.527209520988272 5.05
vertex 89.6902706405684 -27.527209520988265 0
endloop
endfacet
facet normal 0.07845909572784393 0.9969173337331281 0
outer loop
vertex 89.42433204999998 -27.506279538906455 5.05
vertex 89.6902706405684 -27.527209520988265 0
vertex 89.42433204999999 -27.506279604967 0
endloop
endfacet
facet normal 1.6666675151100208e-8 1 0
outer loop
vertex 71.42433410000005 -27.506279538906455 5.05
vertex 89.42433204999998 -27.506279538906455 5.05
vertex 89.42433204999999 -27.506279604967 0
endloop
endfacet
facet normal 1.6666675151100208e-8 1 0
outer loop
vertex 71.42433410000005 -27.506279538906455 5.05
vertex 89.42433204999999 -27.506279604967 0
vertex 71.4243341 -27.506279604967 0
endloop
endfacet
facet normal -0.08715614679428539 0.9961946627421636 0
outer loop
vertex 71.12913014796621 -27.532106519879257 5.05
vertex 71.42433410000005 -27.506279538906455 5.05
vertex 71.4243341 -27.506279604967 0
endloop
endfacet
facet normal -0.08715614679428539 0.9961946627421636 0
outer loop
vertex 71.12913014796621 -27.532106519879257 5.05
vertex 71.4243341 -27.506279604967 0
vertex 71.12913014796622 -27.53210651987925 0
endloop
endfacet
facet normal -0.2588190451025271 0.9659258262890666 0
outer loop
vertex 70.8428978063463 -27.608802244663984 5.05
vertex 71.12913014796621 -27.532106519879257 5.05
vertex 71.12913014796622 -27.53210651987925 0
endloop
endfacet
facet normal -0.2588190451025271 0.9659258262890666 0
outer loop
vertex 70.8428978063463 -27.608802244663984 5.05
vertex 71.12913014796622 -27.53210651987925 0
vertex 70.84289780634631 -27.608802244663977 0
endloop
endfacet
facet normal -0.42261826174070183 0.9063077870366489 0
outer loop
vertex 70.57433205000001 -27.73403651356645 5.05
vertex 70.8428978063463 -27.608802244663984 5.05
vertex 70.84289780634631 -27.608802244663977 0
endloop
endfacet
facet normal -0.42261826174070183 0.9063077870366489 0
outer loop
vertex 70.57433205000001 -27.73403651356645 5.05
vertex 70.84289780634631 -27.608802244663977 0
vertex 70.57433205000004 -27.734036513566437 0
endloop
endfacet
facet normal -0.5735764363510389 0.8191520442889969 0
outer loop
vertex 70.33159311353289 -27.904004146697737 5.05
vertex 70.57433205000001 -27.73403651356645 5.05
vertex 70.57433205000004 -27.734036513566437 0
endloop
endfacet
facet normal -0.5735764363510389 0.8191520442889969 0
outer loop
vertex 70.33159311353289 -27.904004146697737 5.05
vertex 70.57433205000004 -27.734036513566437 0
vertex 70.33159311353288 -27.904004146697744 0
endloop
endfacet
facet normal -0.7071067811865333 0.7071067811865617 0
outer loop
vertex 70.12205649669771 -28.11354076353291 5.05
vertex 70.33159311353289 -27.904004146697737 5.05
vertex 70.33159311353288 -27.904004146697744 0
endloop
endfacet
facet normal -0.7071067811865333 0.7071067811865617 0
outer loop
vertex 70.12205649669771 -28.11354076353291 5.05
vertex 70.33159311353288 -27.904004146697744 0
vertex 70.12205649669772 -28.11354076353289 0
endloop
endfacet
facet normal -0.8191520442889969 0.5735764363510389 0
outer loop
vertex 69.95208886356647 -28.356279699999973 5.05
vertex 70.12205649669771 -28.11354076353291 5.05
vertex 70.12205649669772 -28.11354076353289 0
endloop
endfacet
facet normal -0.8191520442889969 0.5735764363510389 0
outer loop
vertex 69.95208886356647 -28.356279699999973 5.05
vertex 70.12205649669772 -28.11354076353289 0
vertex 69.95208886356644 -28.3562797 0
endloop
endfacet
facet normal -0.9063077870366448 0.4226182617407104 0
outer loop
vertex 69.82685459466393 -28.62484545634642 5.05
vertex 69.95208886356647 -28.356279699999973 5.05
vertex 69.95208886356644 -28.3562797 0
endloop
endfacet
facet normal -0.9063077870366448 0.4226182617407104 0
outer loop
vertex 69.82685459466393 -28.62484545634642 5.05
vertex 69.95208886356644 -28.3562797 0
vertex 69.82685459466396 -28.624845456346343 0
endloop
endfacet
facet normal 0 0 -1
outer loop
vertex 69.75015886987926 -28.911077797966193 5.05
vertex 69.7571769690853 -28.884885895156714 5.05
vertex 69.77369026440948 -28.82325747844051 5.05
endloop
endfacet
facet normal 0 0 -1
outer loop
vertex 69.75015886987926 -28.911077797966193 5.05
vertex 69.77369026440948 -28.82325747844051 5.05
vertex 69.7870851925214 -28.773266998107786 5.05
endloop
endfacet
facet normal 0 0 -1
outer loop
vertex 69.75015886987926 -28.911077797966193 5.05
vertex 69.7870851925214 -28.773266998107786 5.05
vertex 69.79695474237741 -28.736433389607043 5.05
endloop
endfacet
facet normal 0 0 -1
outer loop
vertex 69.75015886987926 -28.911077797966193 5.05
vertex 69.79695474237741 -28.736433389607043 5.05
vertex 69.80299903269938 -28.713875823493908 5.05
endloop
endfacet
facet normal 0 0 -1
outer loop
vertex 69.75015886987926 -28.911077797966193 5.05
vertex 69.80299903269938 -28.713875823493908 5.05
vertex 69.80503444245697 -28.706279581796593 5.05
endloop
endfacet
facet normal 0 0 -1
outer loop
vertex 69.75015886987926 -28.911077797966193 5.05
vertex 69.80503444245697 -28.706279581796593 5.05
vertex 69.82685459466393 -28.62484545634642 5.05
endloop
endfacet
facet normal 0 0 -1
outer loop
vertex 69.75015886987926 -28.911077797966193 5.05
vertex 69.82685459466393 -28.62484545634642 5.05
vertex 69.82685459466396 -28.624845456346343 0
endloop
endfacet
facet normal 0 0 -1
outer loop
vertex 69.75015886987926 -28.911077797966193 5.05
vertex 69.82685459466396 -28.624845456346343 0
vertex 69.75015886987924 -28.911077797966264 0
endloop
endfacet
facet normal 0 0 1
outer loop
vertex 69.72433205 -29.206279399999914 5.05
vertex 69.7319281734939 -29.119455611166558 5.05
vertex 69.73929349261927 -29.03526962833714 5.05
endloop
endfacet
facet normal 0 0 1
outer loop
vertex 69.72433205 -29.206279399999914 5.05
vertex 69.73929349261927 -29.03526962833714 5.05
vertex 69.74620421588149 -28.956279699999982 5.05
endloop
endfacet
facet normal 0 0 1
outer loop
vertex 69.72433205 -29.206279399999914 5.05
vertex 69.74620421588149 -28.956279699999982 5.05
vertex 69.75015886987926 -28.911077797966193 5.05
endloop
endfacet
facet normal 0 0 1
outer loop
vertex 69.72433205 -29.206279399999914 5.05
vertex 69.75015886987926 -28.911077797966193 5.05
vertex 69.75015886987924 -28.911077797966264 0
endloop
endfacet
facet normal 0 0 1
outer loop
vertex 69.72433205 -29.206279399999914 5.05
vertex 69.75015886987924 -28.911077797966264 0
vertex 69.72433205 -29.20627969999996 0
endloop
endfacet
facet normal -0.9999999999998526 -5.430937668343533e-7 3.2263001027771497e-14
outer loop
vertex 69.72433410000002 -32.980949899999864 5.05
vertex 69.72433205 -29.206279399999914 5.05
vertex 69.72433205 -29.20627969999996 0
endloop
endfacet
facet normal -0.9999999999998526 -5.430937668343533e-7 3.2263001027771497e-14
outer loop
vertex 69.72433410000002 -32.980949899999864 5.05
vertex 69.72433205 -29.20627969999996 0
vertex 69.72433366135935 -32.173279750000205 0
endloop
endfacet
facet normal -0.9999999999998526 -5.430937668343533e-7 3.2263001027771497e-14
outer loop
vertex 69.72433410000002 -32.980949899999864 5.05
vertex 69.72433366135935 -32.173279750000205 0
vertex 69.72433375566659 -32.34692792766691 0
endloop
endfacet
facet normal -0.9999999999998526 -5.430937668343533e-7 3.2263001027771497e-14
outer loop
vertex 69.72433410000002 -32.980949899999864 5.05
vertex 69.72433375566659 -32.34692792766691 0
vertex 69.72433384710837 -32.515299893325654 0
endloop
endfacet
facet normal -0.9999999999998526 -5.430937668343533e-7 3.2263001027771497e-14
outer loop
vertex 69.72433410000002 -32.980949899999864 5.05
vertex 69.72433384710837 -32.515299893325654 0
vertex 69.72433393290625 -32.673279749999914 0
endloop
endfacet
facet normal -0.9999999999998526 -5.430937668343533e-7 3.2263001027771497e-14
outer loop
vertex 69.72433410000002 -32.980949899999864 5.05
vertex 69.72433393290625 -32.673279749999914 0
vertex 69.72433401045332 -32.816067359686556 0
endloop
endfacet
facet normal -0.9999999999998526 -5.430937668343533e-7 3.2263001027771497e-14
outer loop
vertex 69.72433410000002 -32.980949899999864 5.05
vertex 69.72433401045332 -32.816067359686556 0
vertex 69.72433407739334 -32.93932419311897 0
endloop
endfacet
facet normal -0.9999999999998526 -5.430937668343533e-7 3.2263001027771497e-14
outer loop
vertex 69.72433410000002 -32.980949899999864 5.05
vertex 69.72433407739334 -32.93932419311897 0
vertex 69.72433410000001 -32.98094990000001 0
endloop
endfacet
facet normal -0.9966047673267839 0.08233430476737366 3.7189349302073e-16
outer loop
vertex 69.71077812812045 -33.14503637937316 5.05
vertex 69.72433410000002 -32.980949899999864 5.05
vertex 69.72433410000001 -32.98094990000001 0
endloop
endfacet
facet normal -0.9966047673267839 0.08233430476737366 3.7189349302073e-16
outer loop
vertex 69.71077812812045 -33.14503637937316 5.05
vertex 69.72433410000001 -32.98094990000001 0
vertex 69.7195130923138 -33.039305153784454 0
endloop
endfacet
facet normal -0.9966047673267839 0.08233430476737366 3.7189349302073e-16
outer loop
vertex 69.71077812812045 -33.14503637937316 5.05
vertex 69.7195130923138 -33.039305153784454 0
vertex 69.71342708983155 -33.11297237078589 0
endloop
endfacet
facet normal -0.9966047673267839 0.08233430476737366 3.7189349302073e-16
outer loop
vertex 69.71077812812045 -33.14503637937316 5.05
vertex 69.71342708983155 -33.11297237078589 0
vertex 69.71077812813873 -33.145036379373295 0
endloop
endfacet
facet normal -0.9695892314872457 0.2447380685221902 -3.515333920440601e-12
outer loop
vertex 69.67048194308637 -33.304679492171196 5.05
vertex 69.71077812812045 -33.14503637937316 5.05
vertex 69.71077812813873 -33.145036379373295 0
endloop
endfacet
facet normal -0.9695892314872457 0.2447380685221902 -3.515333920440601e-12
outer loop
vertex 69.67048194308637 -33.304679492171196 5.05
vertex 69.71077812813873 -33.145036379373295 0
vertex 69.70748383951916 -33.1580875030122 0
endloop
endfacet
facet normal -0.9695892314872457 0.2447380685221902 -3.515333920440601e-12
outer loop
vertex 69.67048194308637 -33.304679492171196 5.05
vertex 69.70748383951916 -33.1580875030122 0
vertex 69.70364925652545 -33.173279133986874 0
endloop
endfacet
facet normal -0.9695892314872457 0.2447380685221902 -3.515333920440601e-12
outer loop
vertex 69.67048194308637 -33.304679492171196 5.05
vertex 69.70364925652545 -33.173279133986874 0
vertex 69.67048194379704 -33.30467949217119 0
endloop
endfacet
facet normal -0.9162871913254661 0.40052188830685503 0
outer loop
vertex 69.60453591262669 -33.45554641054215 5.05
vertex 69.67048194308637 -33.304679492171196 5.05
vertex 69.67048194379704 -33.30467949217119 0
endloop
endfacet
facet normal -0.9162871913254661 0.40052188830685503 0
outer loop
vertex 69.60453591262669 -33.45554641054215 5.05
vertex 69.67048194379704 -33.30467949217119 0
vertex 69.60453591262669 -33.455546410542155 0
endloop
endfacet
facet normal -0.8381448748025504 0.5454476774560664 0
outer loop
vertex 69.51472781423864 -33.59354717668488 5.05
vertex 69.60453591262669 -33.45554641054215 5.05
vertex 69.60453591262669 -33.455546410542155 0
endloop
endfacet
facet normal -0.8381448748025504 0.5454476774560664 0
outer loop
vertex 69.51472781423864 -33.59354717668488 5.05
vertex 69.60453591262669 -33.455546410542155 0
vertex 69.51472781423868 -33.59354717668482 0
endloop
endfacet
facet normal -0.7372806971449102 0.6755865404354319 0
outer loop
vertex 69.40349231906502 -33.71494063040289 5.05
vertex 69.51472781423864 -33.59354717668488 5.05
vertex 69.51472781423868 -33.59354717668482 0
endloop
endfacet
facet normal -0.7372806971449102 0.6755865404354319 0
outer loop
vertex 69.40349231906502 -33.71494063040289 5.05
vertex 69.51472781423868 -33.59354717668482 0
vertex 69.40349231906498 -33.714940630402914 0
endloop
endfacet
facet normal -0.61642905655404 0.78741045093134 0
outer loop
vertex 69.27384498867596 -33.81643583085642 5.05
vertex 69.40349231906502 -33.71494063040289 5.05
vertex 69.40349231906498 -33.714940630402914 0
endloop
endfacet
facet normal -0.61642905655404 0.78741045093134 0
outer loop
vertex 69.27384498867596 -33.81643583085642 5.05
vertex 69.40349231906498 -33.714940630402914 0
vertex 69.27384498867593 -33.816435830856435 0
endloop
endfacet
facet normal -0.478866205475043 0.8778878956073686 0
outer loop
vertex 69.12930052408105 -33.895281273001515 5.05
vertex 69.27384498867596 -33.81643583085642 5.05
vertex 69.27384498867593 -33.816435830856435 0
endloop
endfacet
facet normal -0.478866205475043 0.8778878956073686 0
outer loop
vertex 69.12930052408105 -33.895281273001515 5.05
vertex 69.27384498867593 -33.816435830856435 0
vertex 69.12930052408106 -33.89528127300151 0
endloop
endfacet
facet normal -0.32832143235598465 0.9445660575395003 0
outer loop
vertex 68.97377748321811 -33.949339480082855 5.05
vertex 69.12930052408105 -33.895281273001515 5.05
vertex 69.12930052408106 -33.89528127300151 0
endloop
endfacet
facet normal -0.32832143235598465 0.9445660575395003 0
outer loop
vertex 68.97377748321811 -33.949339480082855 5.05
vertex 69.12930052408106 -33.89528127300151 0
vertex 68.97377748321811 -33.949339480082855 0
endloop
endfacet
facet normal -0.1688759617349262 0.98563731136159 0
outer loop
vertex 68.81149204999996 -33.97714495 5.05
vertex 68.97377748321811 -33.949339480082855 5.05
vertex 68.97377748321811 -33.949339480082855 0
endloop
endfacet
facet normal -0.1688759617349262 0.98563731136159 0
outer loop
vertex 68.81149204999996 -33.97714495 5.05
vertex 68.97377748321811 -33.949339480082855 0
vertex 68.81149204999988 -33.97714495000002 0
endloop
endfacet
facet normal -0.0871557206169034 0.9961947000279355 -1.601943511415211e-15
outer loop
vertex 48.6870573 -35.7378044 5.05
vertex 68.81149204999996 -33.97714495 5.05
vertex 68.81149204999988 -33.97714495000002 0
endloop
endfacet
facet normal -0.0871557206169034 0.9961947000279355 -1.601943511415211e-15
outer loop
vertex 48.6870573 -35.7378044 5.05
vertex 68.81149204999988 -33.97714495000002 0
vertex 57.04842502114828 -35.006279699999936 0
endloop
endfacet
facet normal -0.0871557206169034 0.9961947000279355 -1.601943511415211e-15
outer loop
vertex 48.6870573 -35.7378044 5.05
vertex 57.04842502114828 -35.006279699999936 0
vertex 55.06361676029138 -35.17992787766693 0
endloop
endfacet
facet normal -0.0871557206169034 0.9961947000279355 -1.601943511415211e-15
outer loop
vertex 48.6870573 -35.7378044 5.05
vertex 55.06361676029138 -35.17992787766693 0
vertex 53.1391158940802 -35.348299843325634 0
endloop
endfacet
facet normal -0.0871557206169034 0.9961947000279355 -1.601943511415211e-15
outer loop
vertex 48.6870573 -35.7378044 5.05
vertex 53.1391158940802 -35.348299843325634 0
vertex 51.33339740748696 -35.50627970000012 0
endloop
endfacet
facet normal -0.0871557206169034 0.9961947000279355 -1.601943511415211e-15
outer loop
vertex 48.6870573 -35.7378044 5.05
vertex 51.33339740748696 -35.50627970000012 0
vertex 49.701327142995915 -35.64906730968641 0
endloop
endfacet
facet normal -0.0871557206169034 0.9961947000279355 -1.601943511415211e-15
outer loop
vertex 48.6870573 -35.7378044 5.05
vertex 49.701327142995915 -35.64906730968641 0
vertex 48.68705729999992 -35.73780440000001 0
endloop
endfacet
facet normal -0.17364221441024721 0.9848088044766383 1.3017847248952639e-15
outer loop
vertex 48.39522632548344 -35.789260252565704 5.05
vertex 48.6870573 -35.7378044 5.05
vertex 48.68705729999992 -35.73780440000001 0
endloop
endfacet
facet normal -0.17364221441024721 0.9848088044766383 1.3017847248952639e-15
outer loop
vertex 48.39522632548344 -35.789260252565704 5.05
vertex 48.68705729999992 -35.73780440000001 0
vertex 48.49127917618761 -35.772324143119 0
endloop
endfacet
facet normal -0.17364221441024721 0.9848088044766383 1.3017847248952639e-15
outer loop
vertex 48.39522632548344 -35.789260252565704 5.05
vertex 48.49127917618761 -35.772324143119 0
vertex 48.39522632548342 -35.789260252565704 0
endloop
endfacet
facet normal -0.34202326886418105 0.9396914831770372 1.4443823256303129e-15
outer loop
vertex 48.116768103837316 -35.890611805617475 5.05
vertex 48.39522632548344 -35.789260252565704 5.05
vertex 48.39522632548342 -35.789260252565704 0
endloop
endfacet
facet normal -0.34202326886418105 0.9396914831770372 1.4443823256303129e-15
outer loop
vertex 48.116768103837316 -35.890611805617475 5.05
vertex 48.39522632548342 -35.789260252565704 0
vertex 48.167064833222724 -35.87230510378443 0
endloop
endfacet
facet normal -0.34202326886418105 0.9396914831770372 1.4443823256303129e-15
outer loop
vertex 48.116768103837316 -35.890611805617475 5.05
vertex 48.167064833222724 -35.87230510378443 0
vertex 48.116768103837316 -35.890611805617475 0
endloop
endfacet
facet normal -0.5000028209046963 0.8660237751282273 0
outer loop
vertex 47.86013979056346 -36.03877734592489 5.05
vertex 48.116768103837316 -35.890611805617475 5.05
vertex 48.116768103837316 -35.890611805617475 0
endloop
endfacet
facet normal -0.5000028209046963 0.8660237751282273 0
outer loop
vertex 47.86013979056346 -36.03877734592489 5.05
vertex 48.116768103837316 -35.890611805617475 0
vertex 48.02088160013233 -35.94597232078588 0
endloop
endfacet
facet normal -0.5000028209046963 0.8660237751282273 0
outer loop
vertex 47.86013979056346 -36.03877734592489 5.05
vertex 48.02088160013233 -35.94597232078588 0
vertex 47.942740486737506 -35.9910874530122 0
endloop
endfacet
facet normal -0.5000028209046963 0.8660237751282273 0
outer loop
vertex 47.86013979056346 -36.03877734592489 5.05
vertex 47.942740486737506 -35.9910874530122 0
vertex 47.91642746062674 -36.0062794 0
endloop
endfacet
facet normal -0.5000028209046963 0.8660237751282273 0
outer loop
vertex 47.86013979056346 -36.03877734592489 5.05
vertex 47.91642746062674 -36.0062794 0
vertex 47.86013979056348 -36.038777345924885 0
endloop
endfacet
facet normal -0.6427900521975018 0.7660423936022945 0
outer loop
vertex 47.63313890096635 -36.22925494206268 5.05
vertex 47.86013979056346 -36.03877734592489 5.05
vertex 47.86013979056348 -36.038777345924885 0
endloop
endfacet
facet normal -0.6427900521975018 0.7660423936022945 0
outer loop
vertex 47.63313890096635 -36.22925494206268 5.05
vertex 47.86013979056348 -36.038777345924885 0
vertex 47.63313890096631 -36.22925494206273 0
endloop
endfacet
facet normal -0.7660464483866649 0.6427852198939993 0
outer loop
vertex 47.442662736782125 -36.456257033211735 5.05
vertex 47.63313890096635 -36.22925494206268 5.05
vertex 47.63313890096631 -36.22925494206273 0
endloop
endfacet
facet normal -0.7660464483866649 0.6427852198939993 0
outer loop
vertex 47.442662736782125 -36.456257033211735 5.05
vertex 47.63313890096631 -36.22925494206273 0
vertex 47.44266273678212 -36.45625703321174 0
endloop
endfacet
facet normal -0.8660269291909647 0.49999735790908717 0
outer loop
vertex 47.29449881532099 -36.71288628112709 5.05
vertex 47.442662736782125 -36.456257033211735 5.05
vertex 47.44266273678212 -36.45625703321174 0
endloop
endfacet
facet normal -0.8660269291909647 0.49999735790908717 0
outer loop
vertex 47.29449881532099 -36.71288628112709 5.05
vertex 47.44266273678212 -36.45625703321174 0
vertex 47.29449881532099 -36.7128862811271 0
endloop
endfacet
facet normal 0 0 1
outer loop
vertex 47.19314901882032 -36.991345142105914 5.05
vertex 47.20052519388654 -36.97107907963478 5.05
vertex 47.209586367897955 -36.94618347765562 5.05
endloop
endfacet
facet normal 0 0 1
outer loop
vertex 47.19314901882032 -36.991345142105914 5.05
vertex 47.209586367897955 -36.94618347765562 5.05
vertex 47.21429809271572 -36.933237999999996 5.05
endloop
endfacet
facet normal 0 0 1
outer loop
vertex 47.19314901882032 -36.991345142105914 5.05
vertex 47.21429809271572 -36.933237999999996 5.05
vertex 47.29449881532099 -36.71288628112709 5.05
endloop
endfacet
facet normal 0 0 1
outer loop
vertex 47.19314901882032 -36.991345142105914 5.05
vertex 47.29449881532099 -36.71288628112709 5.05
vertex 47.29449881532099 -36.7128862811271 0
endloop
endfacet
facet normal 0 0 1
outer loop
vertex 47.19314901882032 -36.991345142105914 5.05
vertex 47.29449881532099 -36.7128862811271 0
vertex 47.19314901882033 -36.9913451421059 0
endloop
endfacet
facet normal 0 0 1
outer loop
vertex 47.1416928071387 -37.283172791220466 5.05
vertex 47.1485944550483 -37.24403093412196 5.05
vertex 47.16097529642276 -37.173814497382956 5.05
endloop
endfacet
facet normal 0 0 1
outer loop
vertex 47.1416928071387 -37.283172791220466 5.05
vertex 47.16097529642276 -37.173814497382956 5.05
vertex 47.17223806523112 -37.10993907328059 5.05
endloop
endfacet
facet normal 0 0 1
outer loop
vertex 47.1416928071387 -37.283172791220466 5.05
vertex 47.17223806523112 -37.10993907328059 5.05
vertex 47.182105430742524 -37.053977509340314 5.05
endloop
endfacet
facet normal 0 0 1
outer loop
vertex 47.1416928071387 -37.283172791220466 5.05
vertex 47.182105430742524 -37.053977509340314 5.05
vertex 47.19033442217985 -37.007307784786974 5.05
endloop
endfacet
facet normal 0 0 1
outer loop
vertex 47.1416928071387 -37.283172791220466 5.05
vertex 47.19033442217985 -37.007307784786974 5.05
vertex 47.19314901882032 -36.991345142105914 5.05
endloop
endfacet
facet normal 0 0 1
outer loop
vertex 47.1416928071387 -37.283172791220466 5.05
vertex 47.19314901882032 -36.991345142105914 5.05
vertex 47.19314901882033 -36.9913451421059 0
endloop
endfacet
facet normal 0 0 1
outer loop
vertex 47.1416928071387 -37.283172791220466 5.05
vertex 47.19314901882033 -36.9913451421059 0
vertex 47.14169280713871 -37.28317279122043 0
endloop
endfacet
facet normal 0 0 -1
outer loop
vertex 47.14169365000001 -37.57950220000004 5.05
vertex 47.1416933525157 -37.47491400000012 5.05
vertex 47.14169312935835 -37.39645733431189 5.05
endloop
endfacet
facet normal 0 0 -1
outer loop
vertex 47.14169365000001 -37.57950220000004 5.05
vertex 47.14169312935835 -37.39645733431189 5.05
vertex 47.141692908643506 -37.31885939695316 5.05
endloop
endfacet
facet normal 0 0 -1
outer loop
vertex 47.14169365000001 -37.57950220000004 5.05
vertex 47.141692908643506 -37.31885939695316 5.05
vertex 47.1416928071387 -37.283172791220466 5.05
endloop
endfacet
facet normal 0 0 -1
outer loop
vertex 47.14169365000001 -37.57950220000004 5.05
vertex 47.1416928071387 -37.283172791220466 5.05
vertex 47.14169280713871 -37.28317279122043 0
endloop
endfacet
facet normal 0 0 -1
outer loop
vertex 47.14169365000001 -37.57950220000004 5.05
vertex 47.14169280713871 -37.28317279122043 0
vertex 47.14169365000001 -37.57950220000001 0
endloop
endfacet
facet normal -0.9961947104595483 -0.08715560138291066 0
outer loop
vertex 48.50705069999999 -53.18563019999991 5.05
vertex 47.14169365000001 -37.57950220000004 5.05
vertex 47.14169365000001 -37.57950220000001 0
endloop
endfacet
facet normal -0.9961947104595483 -0.08715560138291066 0
outer loop
vertex 48.50705069999999 -53.18563019999991 5.05
vertex 47.14169365000001 -37.57950220000001 0
vertex 48.5070507 -53.18563019999994 0
endloop
endfacet
facet normal -0.9999527270260037 -0.00972335915507472 0
outer loop
vertex 48.508557674441285 -53.34060783459055 5.05
vertex 48.50705069999999 -53.18563019999991 5.05
vertex 48.5070507 -53.18563019999994 0
endloop
endfacet
facet normal -0.9999527270260037 -0.00972335915507472 0
outer loop
vertex 48.508557674441285 -53.34060783459055 5.05
vertex 48.5070507 -53.18563019999994 0
vertex 48.50855767444129 -53.340607834590514 0
endloop
endfacet
facet normal -0.9894412118642586 0.14493477244811712 0
outer loop
vertex 48.48609495640837 -53.49395639668392 5.05
vertex 48.508557674441285 -53.34060783459055 5.05
vertex 48.50855767444129 -53.340607834590514 0
endloop
endfacet
facet normal -0.9894412118642586 0.14493477244811712 0
outer loop
vertex 48.48609495640837 -53.49395639668392 5.05
vertex 48.50855767444129 -53.340607834590514 0
vertex 48.48609495640837 -53.49395639668393 0
endloop
endfacet
facet normal -0.955162676020475 0.2960815129949946 -4.1668418211961584e-16
outer loop
vertex 48.440206758367125 -53.6419922993496 5.05
vertex 48.48609495640837 -53.49395639668392 5.05
vertex 48.48609495640837 -53.49395639668393 0
endloop
endfacet
facet normal -0.955162676020475 0.2960815129949946 -4.1668418211961584e-16
outer loop
vertex 48.440206758367125 -53.6419922993496 5.05
vertex 48.48609495640837 -53.49395639668393 0
vertex 48.48227497643787 -53.50627970000018 0
endloop
endfacet
facet normal -0.955162676020475 0.2960815129949946 -4.1668418211961584e-16
outer loop
vertex 48.440206758367125 -53.6419922993496 5.05
vertex 48.48227497643787 -53.50627970000018 0
vertex 48.44020675836713 -53.64199229934959 0
endloop
endfacet
facet normal -0.8979407934272516 0.44011627043230067 -2.438045746442187e-17
outer loop
vertex 48.371995331133796 -53.78115966762376 5.05
vertex 48.440206758367125 -53.6419922993496 5.05
vertex 48.44020675836713 -53.64199229934959 0
endloop
endfacet
facet normal -0.8979407934272516 0.44011627043230067 -2.438045746442187e-17
outer loop
vertex 48.371995331133796 -53.78115966762376 5.05
vertex 48.44020675836713 -53.64199229934959 0
vertex 48.42161303217944 -53.67992787766699 0
endloop
endfacet
facet normal -0.8979407934272516 0.44011627043230067 -2.438045746442187e-17
outer loop
vertex 48.371995331133796 -53.78115966762376 5.05
vertex 48.42161303217944 -53.67992787766699 0
vertex 48.371995331133796 -53.78115966762376 0
endloop
endfacet
facet normal -0.8191500540295885 0.57357927872555 0
outer loop
vertex 48.28309913741927 -53.90811565188818 5.05
vertex 48.371995331133796 -53.78115966762376 5.05
vertex 48.371995331133796 -53.78115966762376 0
endloop
endfacet
facet normal -0.8191500540295885 0.57357927872555 0
outer loop
vertex 48.28309913741927 -53.90811565188818 5.05
vertex 48.371995331133796 -53.78115966762376 0
vertex 48.32498292679696 -53.84829984332562 0
endloop
endfacet
facet normal -0.8191500540295885 0.57357927872555 0
outer loop
vertex 48.28309913741927 -53.90811565188818 5.05
vertex 48.32498292679696 -53.84829984332562 0
vertex 48.283099137419306 -53.90811565188813 0
endloop
endfacet
facet normal -0.7206830393739934 0.6932647090099587 1.7576093426623755e-15
outer loop
vertex 48.175653495371954 -54.019810724306815 5.05
vertex 48.28309913741927 -53.90811565188818 5.05
vertex 48.283099137419306 -53.90811565188813 0
endloop
endfacet
facet normal -0.7206830393739934 0.6932647090099587 1.7576093426623755e-15
outer loop
vertex 48.175653495371954 -54.019810724306815 5.05
vertex 48.283099137419306 -53.90811565188813 0
vertex 48.18866973290795 -54.006279700000015 0
endloop
endfacet
facet normal -0.7206830393739934 0.6932647090099587 1.7576093426623755e-15
outer loop
vertex 48.175653495371954 -54.019810724306815 5.05
vertex 48.18866973290795 -54.006279700000015 0
vertex 48.17565349537196 -54.0198107243068 0
endloop
endfacet
facet normal -0.6049049621278664 0.7962976747379616 0
outer loop
vertex 48.052239287478464 -54.1135619295661 5.05
vertex 48.175653495371954 -54.019810724306815 5.05
vertex 48.17565349537196 -54.0198107243068 0
endloop
endfacet
facet normal -0.6049049621278664 0.7962976747379616 0
outer loop
vertex 48.052239287478464 -54.1135619295661 5.05
vertex 48.17565349537196 -54.0198107243068 0
vertex 48.05223928747852 -54.11356192956605 0
endloop
endfacet
facet normal -0.4745968528306107 0.880203287475842 3.329040646509142e-15
outer loop
vertex 47.91582096684888 -54.1871173304155 5.05
vertex 48.052239287478464 -54.1135619295661 5.05
vertex 48.05223928747852 -54.11356192956605 0
endloop
endfacet
facet normal -0.4745968528306107 0.880203287475842 3.329040646509142e-15
outer loop
vertex 47.91582096684888 -54.1871173304155 5.05
vertex 48.05223928747852 -54.11356192956605 0
vertex 47.9863898157743 -54.14906730968653 0
endloop
endfacet
facet normal -0.4745968528306107 0.880203287475842 3.329040646509142e-15
outer loop
vertex 47.91582096684888 -54.1871173304155 5.05
vertex 47.9863898157743 -54.14906730968653 0
vertex 47.91582096804368 -54.18711733041554 0
endloop
endfacet
facet normal -0.3328887585527623 0.9429661046024935 0
outer loop
vertex 47.76967535000002 -54.23871009999999 5.05
vertex 47.91582096684888 -54.1871173304155 5.05
vertex 47.91582096804368 -54.18711733041554 0
endloop
endfacet
facet normal -0.3328887585527623 0.9429661046024935 0
outer loop
vertex 47.76967535000002 -54.23871009999999 5.05
vertex 47.91582096804368 -54.18711733041554 0
vertex 47.769675353901334 -54.238710099999984 0
endloop
endfacet
facet normal -0.25881910611380216 0.9659258099411426 -1.9994611577680397e-10
outer loop
vertex 25.466942000000202 -60.21471099999993 5.05
vertex 47.76967535000002 -54.23871009999999 5.05
vertex 47.769675353901334 -54.238710099999984 0
endloop
endfacet
facet normal -0.25881910611380216 0.9659258099411426 -1.9994611577680397e-10
outer loop
vertex 25.466942000000202 -60.21471099999993 5.05
vertex 47.769675353901334 -54.238710099999984 0
vertex 47.64422607075814 -54.272324143118965 0
endloop
endfacet
facet normal -0.25881910611380216 0.9659258099411426 -1.9994611577680397e-10
outer loop
vertex 25.466942000000202 -60.21471099999993 5.05
vertex 47.64422607075814 -54.272324143118965 0
vertex 47.271092157381524 -54.37230510378443 0
endloop
endfacet
facet normal -0.25881910611380216 0.9659258099411426 -1.9994611577680397e-10
outer loop
vertex 25.466942000000202 -60.21471099999993 5.05
vertex 47.271092157381524 -54.37230510378443 0
vertex 46.996162442920216 -54.4459723207859 0
endloop
endfacet
facet normal -0.25881910611380216 0.9659258099411426 -1.9994611577680397e-10
outer loop
vertex 25.466942000000202 -60.21471099999993 5.05
vertex 46.996162442920216 -54.4459723207859 0
vertex 46.991846783173344 -54.44712869867579 0
endloop
endfacet
facet normal -0.25881910611380216 0.9659258099411426 -1.9994611577680397e-10
outer loop
vertex 25.466942000000202 -60.21471099999993 5.05
vertex 46.991846783173344 -54.44712869867579 0
vertex 46.77109832117381 -54.50627808849247 0
endloop
endfacet
facet normal -0.25881910611380216 0.9659258099411426 -1.9994611577680397e-10
outer loop
vertex 25.466942000000202 -60.21471099999993 5.05
vertex 46.77109832117381 -54.50627808849247 0
vertex 25.466942000000003 -60.214710999999994 0
endloop
endfacet
facet normal -0.3420339130874406 0.9396876088882374 0
outer loop
vertex 25.188483400132867 -60.316066262796426 5.05
vertex 25.466942000000202 -60.21471099999993 5.05
vertex 25.466942000000003 -60.214710999999994 0
endloop
endfacet
facet normal -0.3420339130874406 0.9396876088882374 0
outer loop
vertex 25.188483400132867 -60.316066262796426 5.05
vertex 25.466942000000003 -60.214710999999994 0
vertex 25.188483400132966 -60.31606626279638 0
endloop
endfacet
facet normal -0.5000008351660911 0.8660249216005342 0
outer loop
vertex 24.93185548720099 -60.464230787387386 5.05
vertex 25.188483400132867 -60.316066262796426 5.05
vertex 25.188483400132966 -60.31606626279638 0
endloop
endfacet
facet normal -0.5000008351660911 0.8660249216005342 0
outer loop
vertex 24.93185548720099 -60.464230787387386 5.05
vertex 25.188483400132966 -60.31606626279638 0
vertex 24.931855487200934 -60.464230787387436 0
endloop
endfacet
facet normal -0.6427879091591031 0.7660441918315605 0
outer loop
vertex 24.704854719370687 -60.65470719917544 5.05
vertex 24.93185548720099 -60.464230787387386 5.05
vertex 24.931855487200934 -60.464230787387436 0
endloop
endfacet
facet normal -0.6427879091591031 0.7660441918315605 0
outer loop
vertex 24.704854719370687 -60.65470719917544 5.05
vertex 24.931855487200934 -60.464230787387436 0
vertex 24.7048547193707 -60.65470719917543 0
endloop
endfacet
facet normal -0.7660443258104982 0.6427877494893157 0
outer loop
vertex 24.51437835489741 -60.88170800670746 5.05
vertex 24.704854719370687 -60.65470719917544 5.05
vertex 24.7048547193707 -60.65470719917543 0
endloop
endfacet
facet normal -0.7660443258104982 0.6427877494893157 0
outer loop
vertex 24.51437835489741 -60.88170800670746 5.05
vertex 24.7048547193707 -60.65470719917543 0
vertex 24.51437835489739 -60.88170800670749 0
endloop
endfacet
facet normal -0.8660250258177496 0.5000006546569374 0
outer loop
vertex 24.366213883796412 -61.13833595052196 5.05
vertex 24.51437835489741 -60.88170800670746 5.05
vertex 24.51437835489739 -60.88170800670749 0
endloop
endfacet
facet normal -0.8660250258177496 0.5000006546569374 0
outer loop
vertex 24.366213883796412 -61.13833595052196 5.05
vertex 24.51437835489739 -60.88170800670749 0
vertex 24.36621388379639 -61.138335950522 0
endloop
endfacet
facet normal 0 0 1
outer loop
vertex 24.26486317904009 -61.41679357151396 5.05
vertex 24.269652889228148 -61.40363400535787 5.05
vertex 24.280503616683397 -61.37382199999998 5.05
endloop
endfacet
facet normal 0 0 1
outer loop
vertex 24.26486317904009 -61.41679357151396 5.05
vertex 24.280503616683397 -61.37382199999998 5.05
vertex 24.366213883796412 -61.13833595052196 5.05
endloop
endfacet
facet normal 0 0 1
outer loop
vertex 24.26486317904009 -61.41679357151396 5.05
vertex 24.366213883796412 -61.13833595052196 5.05
vertex 24.36621388379639 -61.138335950522 0
endloop
endfacet
facet normal 0 0 1
outer loop
vertex 24.26486317904009 -61.41679357151396 5.05
vertex 24.36621388379639 -61.138335950522 0
vertex 24.264863179040105 -61.416793571513935 0
endloop
endfacet
facet normal 0 0 1
outer loop
vertex 24.213405710322462 -61.708620131231136 5.05
vertex 24.224540479988736 -61.645472417091085 5.05
vertex 24.23784931943735 -61.56999507770951 5.05
endloop
endfacet
facet normal 0 0 1
outer loop
vertex 24.213405710322462 -61.708620131231136 5.05
vertex 24.23784931943735 -61.56999507770951 5.05
vertex 24.249621650203494 -61.50323161512668 5.05
endloop
endfacet
facet normal 0 0 1
outer loop
vertex 24.213405710322462 -61.708620131231136 5.05
vertex 24.249621650203494 -61.50323161512668 5.05
vertex 24.259499785565275 -61.447210548974596 5.05
endloop
endfacet
facet normal 0 0 1
outer loop
vertex 24.213405710322462 -61.708620131231136 5.05
vertex 24.259499785565275 -61.447210548974596 5.05
vertex 24.26486317904009 -61.41679357151396 5.05
endloop
endfacet
facet normal 0 0 1
outer loop
vertex 24.213405710322462 -61.708620131231136 5.05
vertex 24.26486317904009 -61.41679357151396 5.05
vertex 24.264863179040105 -61.416793571513935 0
endloop
endfacet
facet normal 0 0 1
outer loop
vertex 24.213405710322462 -61.708620131231136 5.05
vertex 24.264863179040105 -61.416793571513935 0
vertex 24.213405710322462 -61.70862013123113 0
endloop
endfacet
facet normal 0 0 -1
outer loop
vertex 24.213404976543984 -62.00494868544514 5.05
vertex 24.21340502300476 -61.98618600000001 5.05
vertex 24.213405235542044 -61.900355102004475 5.05
endloop
endfacet
facet normal 0 0 -1
outer loop
vertex 24.213404976543984 -62.00494868544514 5.05
vertex 24.213405235542044 -61.900355102004475 5.05
vertex 24.213405451357055 -61.81320052779611 5.05
endloop
endfacet
facet normal 0 0 -1
outer loop
vertex 24.213404976543984 -62.00494868544514 5.05
vertex 24.213405451357055 -61.81320052779611 5.05
vertex 24.213405663892544 -61.727370354001756 5.05
endloop
endfacet
facet normal 0 0 -1
outer loop
vertex 24.213404976543984 -62.00494868544514 5.05
vertex 24.213405663892544 -61.727370354001756 5.05
vertex 24.213405710322462 -61.708620131231136 5.05
endloop
endfacet
facet normal 0 0 -1
outer loop
vertex 24.213404976543984 -62.00494868544514 5.05
vertex 24.213405710322462 -61.708620131231136 5.05
vertex 24.213405710322462 -61.70862013123113 0
endloop
endfacet
facet normal 0 0 -1
outer loop
vertex 24.213404976543984 -62.00494868544514 5.05
vertex 24.213405710322462 -61.70862013123113 0
vertex 24.213404976543984 -62.00494868544517 0
endloop
endfacet
facet normal -0.9848082825765827 -0.17364517433134097 0
outer loop
vertex 24.26486100000001 -62.29677550000004 5.05
vertex 24.213404976543984 -62.00494868544514 5.05
vertex 24.213404976543984 -62.00494868544517 0
endloop
endfacet
facet normal -0.9848082825765827 -0.17364517433134097 0
outer loop
vertex 24.26486100000001 -62.29677550000004 5.05
vertex 24.213404976543984 -62.00494868544517 0
vertex 24.26486100000001 -62.29677550000003 0
endloop
endfacet
facet normal 0 0 -1
outer loop
vertex 37.464629557407875 -111.55899477410584 5.05
vertex 37.45647936677429 -111.52857784093226 5.05
vertex 37.441468545444636 -111.47255667899978 5.05
endloop
endfacet
facet normal 0 0 -1
outer loop
vertex 37.464629557407875 -111.55899477410584 5.05
vertex 37.441468545444636 -111.47255667899978 5.05
vertex 37.42357920838139 -111.40579274740165 5.05
endloop
endfacet
facet normal 0 0 -1
outer loop
vertex 37.464629557407875 -111.55899477410584 5.05
vertex 37.42357920838139 -111.40579274740165 5.05
vertex 37.40335491375713 -111.33031463336414 5.05
endloop
endfacet
facet normal 0 0 -1
outer loop
vertex 37.464629557407875 -111.55899477410584 5.05
vertex 37.40335491375713 -111.33031463336414 5.05
vertex 37.38140879307596 -111.24841057538694 5.05
endloop
endfacet
facet normal 0 0 -1
outer loop
vertex 37.464629557407875 -111.55899477410584 5.05
vertex 37.38140879307596 -111.24841057538694 5.05
vertex 24.26486100000001 -62.29677550000004 5.05
endloop
endfacet
facet normal 0 0 -1
outer loop
vertex 37.464629557407875 -111.55899477410584 5.05
vertex 24.26486100000001 -62.29677550000004 5.05
vertex 24.26486100000001 -62.29677550000003 0
endloop
endfacet
facet normal 0 0 -1
outer loop
vertex 37.464629557407875 -111.55899477410584 5.05
vertex 24.26486100000001 -62.29677550000003 0
vertex 35.52080131749468 -104.3045271999708 0
endloop
endfacet
facet normal 0 0 -1
outer loop
vertex 37.464629557407875 -111.55899477410584 5.05
vertex 35.52080131749468 -104.3045271999708 0
vertex 36.558016960483144 -108.17546964999998 0
endloop
endfacet
facet normal 0 0 -1
outer loop
vertex 37.464629557407875 -111.55899477410584 5.05
vertex 36.558016960483144 -108.17546964999998 0
vertex 36.558286157043774 -108.17647430549374 0
endloop
endfacet
facet normal 0 0 -1
outer loop
vertex 37.464629557407875 -111.55899477410584 5.05
vertex 36.558286157043774 -108.17647430549374 0
vertex 36.56126689263301 -108.18759856494998 0
endloop
endfacet
facet normal 0 0 -1
outer loop
vertex 37.464629557407875 -111.55899477410584 5.05
vertex 36.56126689263301 -108.18759856494998 0
vertex 36.5669288546034 -108.20872929999992 0
endloop
endfacet
facet normal 0 0 -1
outer loop
vertex 37.464629557407875 -111.55899477410584 5.05
vertex 36.5669288546034 -108.20872929999992 0
vertex 37.46462955740783 -111.55899477410573 0
endloop
endfacet
facet normal 0 0 1
outer loop
vertex 37.56598661279641 -111.83745469986711 5.05
vertex 37.485777135262964 -111.61709386683289 5.05
vertex 37.48026900680373 -111.60196129381208 5.05
endloop
endfacet
facet normal 0 0 1
outer loop
vertex 37.56598661279641 -111.83745469986711 5.05
vertex 37.48026900680373 -111.60196129381208 5.05
vertex 37.46941942585014 -111.57215405942374 5.05
endloop
endfacet
facet normal 0 0 1
outer loop
vertex 37.56598661279641 -111.83745469986711 5.05
vertex 37.46941942585014 -111.57215405942374 5.05
vertex 37.464629557407875 -111.55899477410584 5.05
endloop
endfacet
facet normal 0 0 1
outer loop
vertex 37.56598661279641 -111.83745469986711 5.05
vertex 37.464629557407875 -111.55899477410584 5.05
vertex 37.46462955740783 -111.55899477410573 0
endloop
endfacet
facet normal 0 0 1
outer loop
vertex 37.56598661279641 -111.83745469986711 5.05
vertex 37.46462955740783 -111.55899477410573 0
vertex 37.5659866127964 -111.8374546998671 0
endloop
endfacet
facet normal -0.8660249216005362 -0.5000008351660876 0
outer loop
vertex 37.71415113738737 -112.09408261279899 5.05
vertex 37.56598661279641 -111.83745469986711 5.05
vertex 37.5659866127964 -111.8374546998671 0
endloop
endfacet
facet normal -0.8660249216005362 -0.5000008351660876 0
outer loop
vertex 37.71415113738737 -112.09408261279899 5.05
vertex 37.5659866127964 -111.8374546998671 0
vertex 37.71415113738739 -112.09408261279901 0
endloop
endfacet
facet normal -0.7660441918315719 -0.6427879091590896 0
outer loop
vertex 37.90462754917549 -112.32108338062937 5.05
vertex 37.71415113738737 -112.09408261279899 5.05
vertex 37.71415113738739 -112.09408261279901 0
endloop
endfacet
facet normal -0.7660441918315719 -0.6427879091590896 0
outer loop
vertex 37.90462754917549 -112.32108338062937 5.05
vertex 37.71415113738739 -112.09408261279901 0
vertex 37.904627549175466 -112.32108338062936 0
endloop
endfacet
facet normal -0.642787749489304 -0.7660443258105082 0
outer loop
vertex 38.13162835670743 -112.51155974510259 5.05
vertex 37.90462754917549 -112.32108338062937 5.05
vertex 37.904627549175466 -112.32108338062936 0
endloop
endfacet
facet normal -0.642787749489304 -0.7660443258105082 0
outer loop
vertex 38.13162835670743 -112.51155974510259 5.05
vertex 37.904627549175466 -112.32108338062936 0
vertex 38.13162835670738 -112.51155974510255 0
endloop
endfacet
facet normal -0.5000006546569016 -0.8660250258177704 0
outer loop
vertex 38.38825630052201 -112.65972421620361 5.05
vertex 38.13162835670743 -112.51155974510259 5.05
vertex 38.13162835670738 -112.51155974510255 0
endloop
endfacet
facet normal -0.5000006546569016 -0.8660250258177704 0
outer loop
vertex 38.38825630052201 -112.65972421620361 5.05
vertex 38.13162835670738 -112.51155974510255 0
vertex 38.38825630052201 -112.65972421620361 0
endloop
endfacet
facet normal -0.3420213925209619 -0.9396921661150647 0
outer loop
vertex 38.6667139215139 -112.7610749209599 5.05
vertex 38.38825630052201 -112.65972421620361 5.05
vertex 38.38825630052201 -112.65972421620361 0
endloop
endfacet
facet normal -0.3420213925209619 -0.9396921661150647 0
outer loop
vertex 38.6667139215139 -112.7610749209599 5.05
vertex 38.38825630052201 -112.65972421620361 0
vertex 38.666713921513946 -112.76107492095991 0
endloop
endfacet
facet normal -0.17365005155826874 -0.9848074225927679 0
outer loop
vertex 38.958540481231246 -112.81253238967756 5.05
vertex 38.6667139215139 -112.7610749209599 5.05
vertex 38.666713921513946 -112.76107492095991 0
endloop
endfacet
facet normal -0.17365005155826874 -0.9848074225927679 0
outer loop
vertex 38.958540481231246 -112.81253238967756 5.05
vertex 38.666713921513946 -112.76107492095991 0
vertex 38.958540481231196 -112.81253312345603 0
endloop
endfacet
facet normal -0.000002476232765502573 -0.9999999999969341 0
outer loop
vertex 39.25486903544516 -112.81253238967756 5.05
vertex 38.958540481231246 -112.81253238967756 5.05
vertex 38.958540481231196 -112.81253312345603 0
endloop
endfacet
facet normal -0.000002476232765502573 -0.9999999999969341 0
outer loop
vertex 39.25486903544516 -112.81253238967756 5.05
vertex 38.958540481231196 -112.81253312345603 0
vertex 39.25486903544515 -112.81253312345603 0
endloop
endfacet
facet normal 0.1736451743313408 -0.9848082825765827 0
outer loop
vertex 39.54669585000036 -112.76107709999994 5.05
vertex 39.25486903544516 -112.81253238967756 5.05
vertex 39.25486903544515 -112.81253312345603 0
endloop
endfacet
facet normal 0.1736451743313408 -0.9848082825765827 0
outer loop
vertex 39.54669585000036 -112.76107709999994 5.05
vertex 39.25486903544515 -112.81253312345603 0
vertex 39.546695849999935 -112.76107710000002 0
endloop
endfacet
facet normal 0 0 -1
outer loop
vertex 39.23612134999996 -111.6019557 5.05
vertex 51.899835219662364 -108.20872929999992 5.05
vertex 51.97869632439964 -108.18759856495001 5.05
endloop
endfacet
facet normal 0 0 -1
outer loop
vertex 39.23612134999996 -111.6019557 5.05
vertex 51.97869632439964 -108.18759856495001 5.05
vertex 52.02021269323552 -108.17647430549374 5.05
endloop
endfacet
facet normal 0 0 -1
outer loop
vertex 39.23612134999996 -111.6019557 5.05
vertex 52.02021269323552 -108.17647430549374 5.05
vertex 52.02396212466472 -108.17546964999998 5.05
endloop
endfacet
facet normal 0 0 -1
outer loop
vertex 39.23612134999996 -111.6019557 5.05
vertex 52.02396212466472 -108.17546964999998 5.05
vertex 56.402181899999896 -107.00233110000005 5.05
endloop
endfacet
facet normal 0 0 -1
outer loop
vertex 39.23612134999996 -111.6019557 5.05
vertex 56.402181899999896 -107.00233110000005 5.05
vertex 56.40218190000243 -107.00233109999934 1.6
endloop
endfacet
facet normal 0 0 -1
outer loop
vertex 39.23612134999996 -111.6019557 5.05
vertex 56.40218190000243 -107.00233109999934 1.6
vertex 39.236121350001135 -111.60195569999969 1.6
endloop
endfacet
facet normal -0.20987430006934427 0.9777283764780498 0
outer loop
vertex 56.402181899999896 -107.00233110000005 5.05
vertex 56.50062653673267 -106.98119946494994 5.05
vertex 56.50062653673136 -106.98119946495004 1.6
endloop
endfacet
facet normal -0.20987430006934427 0.9777283764780498 0
outer loop
vertex 56.402181899999896 -107.00233110000005 5.05
vertex 56.50062653673136 -106.98119946495004 1.6
vertex 56.40218190000243 -107.00233109999934 1.6
endloop
endfacet
facet normal -0.1104825679908429 0.9938780620227758 0
outer loop
vertex 56.50062653673267 -106.98119946494994 5.05
vertex 56.60069804693387 -106.97007520549376 5.05
vertex 56.60069804693218 -106.9700752054939 1.6
endloop
endfacet
facet normal -0.1104825679908429 0.9938780620227758 0
outer loop
vertex 56.50062653673267 -106.98119946494994 5.05
vertex 56.60069804693218 -106.9700752054939 1.6
vertex 56.50062653673136 -106.98119946495004 1.6
endloop
endfacet
facet normal -0.009977915324014932 0.9999502193638377 0
outer loop
vertex 56.60069804693387 -106.97007520549376 5.05
vertex 56.701380950000065 -106.96907055 5.05
vertex 56.70138095000113 -106.96907055000011 1.6
endloop
endfacet
facet normal -0.009977915324014932 0.9999502193638377 0
outer loop
vertex 56.60069804693387 -106.97007520549376 5.05
vertex 56.70138095000113 -106.96907055000011 1.6
vertex 56.60069804693218 -106.9700752054939 1.6
endloop
endfacet
facet normal 0 0 1
outer loop
vertex 56.701380950000065 -106.96907055 5.05
vertex 86.55666230478383 -108.17546964999998 5.05
vertex 98.96418769999988 -108.6768358 5.05
endloop
endfacet
facet normal 0 0 1
outer loop
vertex 56.701380950000065 -106.96907055 5.05
vertex 98.96418769999988 -108.6768358 5.05
vertex 98.96418770001384 -108.67683580000148 1.6
endloop
endfacet
facet normal 0 0 1
outer loop
vertex 56.701380950000065 -106.96907055 5.05
vertex 98.96418770001384 -108.67683580000148 1.6
vertex 56.70138095000113 -106.96907055000011 1.6
endloop
endfacet
facet normal 0.07383274608650937 0.9972706380944568 0
outer loop
vertex 98.96418769999988 -108.6768358 5.05
vertex 99.03106508242357 -108.68178705456101 5.05
vertex 99.03106508243526 -108.68178705456232 1.6
endloop
endfacet
facet normal 0.07383274608650937 0.9972706380944568 0
outer loop
vertex 98.96418769999988 -108.6768358 5.05
vertex 99.03106508243526 -108.68178705456232 1.6
vertex 98.96418770001384 -108.67683580000148 1.6
endloop
endfacet
facet normal 0.14054902228980393 0.9900737206558814 0
outer loop
vertex 99.03106508242357 -108.68178705456101 5.05
vertex 99.09746385000055 -108.6912129000001 5.05
vertex 99.09746384999436 -108.69121289999886 1.6
endloop
endfacet
facet normal 0.14054902228980393 0.9900737206558814 0
outer loop
vertex 99.03106508242357 -108.68178705456101 5.05
vertex 99.09746384999436 -108.69121289999886 1.6
vertex 99.03106508243526 -108.68178705456232 1.6
endloop
endfacet
facet normal 0 0 1
outer loop
vertex 99.09746385000055 -108.6912129000001 5.05
vertex 105.79745834063114 -109.87260279999998 5.05
vertex 105.82554680513576 -109.877555554561 5.05
endloop
endfacet
facet normal 0 0 1
outer loop
vertex 99.09746385000055 -108.6912129000001 5.05
vertex 105.82554680513576 -109.877555554561 5.05
vertex 105.8790034264514 -109.88698139999994 5.05
endloop
endfacet
facet normal 0 0 1
outer loop
vertex 99.09746385000055 -108.6912129000001 5.05
vertex 105.8790034264514 -109.88698139999994 5.05
vertex 116.6924968000001 -111.79369220000002 5.05
endloop
endfacet
facet normal 0 0 1
outer loop
vertex 99.09746385000055 -108.6912129000001 5.05
vertex 116.6924968000001 -111.79369220000002 5.05
vertex 116.69249679998488 -111.79369219999712 1.6
endloop
endfacet
facet normal 0 0 1
outer loop
vertex 99.09746385000055 -108.6912129000001 5.05
vertex 116.69249679998488 -111.79369219999712 1.6
vertex 99.09746384999436 -108.69121289999886 1.6
endloop
endfacet
facet normal 0.300705424317215 0.9537170690441709 0
outer loop
vertex 116.6924968000001 -111.79369220000002 5.05
vertex 116.87895669999993 -111.85248269999997 5.05
vertex 116.87895670001186 -111.85248270000564 1.6
endloop
endfacet
facet normal 0.300705424317215 0.9537170690441709 0
outer loop
vertex 116.6924968000001 -111.79369220000002 5.05
vertex 116.87895670001186 -111.85248270000564 1.6
vertex 116.69249679998488 -111.79369219999712 1.6
endloop
endfacet
facet normal 0 0 -1
outer loop
vertex 116.87895669999993 -111.85248269999997 5.05
vertex 119.25790347076402 -112.9618038 5.05
vertex 119.28254020956456 -112.97329210000002 5.05
endloop
endfacet
facet normal 0 0 -1
outer loop
vertex 116.87895669999993 -111.85248269999997 5.05
vertex 119.28254020956456 -112.97329210000002 5.05
vertex 133.16279559999998 -119.44576149999999 5.05
endloop
endfacet
facet normal 0 0 -1
outer loop
vertex 116.87895669999993 -111.85248269999997 5.05
vertex 133.16279559999998 -119.44576149999999 5.05
vertex 133.16279559999404 -119.44576149999735 1.6
endloop
endfacet
facet normal 0 0 -1
outer loop
vertex 116.87895669999993 -111.85248269999997 5.05
vertex 133.16279559999404 -119.44576149999735 1.6
vertex 116.87895670001186 -111.85248270000564 1.6
endloop
endfacet
facet normal 0.3420037237252415 0.9396985968692667 0
outer loop
vertex 133.16279559999998 -119.44576149999999 5.05
vertex 133.2446967731385 -119.47556946851688 5.05
vertex 133.2446967731418 -119.47556946851759 1.6
endloop
endfacet
facet normal 0.3420037237252415 0.9396985968692667 0
outer loop
vertex 133.16279559999998 -119.44576149999999 5.05
vertex 133.2446967731418 -119.47556946851759 1.6
vertex 133.16279559999404 -119.44576149999735 1.6
endloop
endfacet
facet normal 0.17364881894661732 0.9848076399370818 0
outer loop
vertex 133.2446967731385 -119.47556946851688 5.05
vertex 133.33052772523314 -119.49070383877954 5.05
vertex 133.33052772523422 -119.49070383877985 1.6
endloop
endfacet
facet normal 0.17364881894661732 0.9848076399370818 0
outer loop
vertex 133.2446967731385 -119.47556946851688 5.05
vertex 133.33052772523422 -119.49070383877985 1.6
vertex 133.2446967731418 -119.47556946851759 1.6
endloop
endfacet
facet normal 0.00000205623931037735 0.9999999999978859 0
outer loop
vertex 133.33052772523314 -119.49070383877954 5.05
vertex 133.4176827681207 -119.49070383877954 5.05
vertex 133.41768276812383 -119.49070383877985 1.6
endloop
endfacet
facet normal 0.00000205623931037735 0.9999999999978859 0
outer loop
vertex 133.33052772523314 -119.49070383877954 5.05
vertex 133.41768276812383 -119.49070383877985 1.6
vertex 133.33052772523422 -119.49070383877985 1.6
endloop
endfacet
facet normal -0.173644768944996 0.9848083540557722 0
outer loop
vertex 133.4176827681207 -119.49070383877954 5.05
vertex 133.50351583437745 -119.47556946851688 5.05
vertex 133.5035137824532 -119.47556946851759 1.6
endloop
endfacet
facet normal -0.173644768944996 0.9848083540557722 0
outer loop
vertex 133.4176827681207 -119.49070383877954 5.05
vertex 133.5035137824532 -119.47556946851759 1.6
vertex 133.41768276812383 -119.49070383877985 1.6
endloop
endfacet
facet normal -0.34201557042717856 0.9396942851722424 0
outer loop
vertex 133.50351583437745 -119.47556946851688 5.05
vertex 133.5854118153505 -119.44576149999999 5.05
vertex 133.58541287817428 -119.44576149999735 1.6
endloop
endfacet
facet normal -0.34201557042717856 0.9396942851722424 0
outer loop
vertex 133.50351583437745 -119.47556946851688 5.05
vertex 133.58541287817428 -119.44576149999735 1.6
vertex 133.5035137824532 -119.47556946851759 1.6
endloop
endfacet
facet normal -0.49999456876434667 0.8660285394870976 0
outer loop
vertex 133.5854118153505 -119.44576149999999 5.05
vertex 133.66089143957623 -119.4021845709135 5.05
vertex 133.6608916326846 -119.40218457091075 1.6
endloop
endfacet
facet normal -0.49999456876434667 0.8660285394870976 0
outer loop
vertex 133.5854118153505 -119.44576149999999 5.05
vertex 133.6608916326846 -119.40218457091075 1.6
vertex 133.58541287817428 -119.44576149999735 1.6
endloop
endfacet
facet normal -0.6427817291230402 0.7660493774591784 0
outer loop
vertex 133.66089143957623 -119.4021845709135 5.05
vertex 133.72765669902748 -119.34616290174435 5.05
vertex 133.72765669902645 -119.34616290174554 1.6
endloop
endfacet
facet normal -0.6427817291230402 0.7660493774591784 0
outer loop
vertex 133.66089143957623 -119.4021845709135 5.05
vertex 133.72765669902645 -119.34616290174554 1.6
vertex 133.6608916326846 -119.40218457091075 1.6
endloop
endfacet
facet normal -0.7660386055650295 0.6427945665482754 0
outer loop
vertex 133.72765669902748 -119.34616290174435 5.05
vertex 133.7836794870429 -119.27939877422281 5.05
vertex 133.7836794870406 -119.27939877422553 1.6
endloop
endfacet
facet normal -0.7660386055650295 0.6427945665482754 0
outer loop
vertex 133.72765669902748 -119.34616290174435 5.05
vertex 133.7836794870406 -119.27939877422553 1.6
vertex 133.72765669902645 -119.34616290174554 1.6
endloop
endfacet
facet normal -0.8660201604171587 0.5000090816685622 0
outer loop
vertex 133.7836794870429 -119.27939877422281 5.05
vertex 133.82725779999996 -119.20392075000005 5.05
vertex 133.82725780000044 -119.2039207499979 1.6
endloop
endfacet
facet normal -0.8660201604171587 0.5000090816685622 0
outer loop
vertex 133.7836794870429 -119.27939877422281 5.05
vertex 133.82725780000044 -119.2039207499979 1.6
vertex 133.7836794870406 -119.27939877422553 1.6
endloop
endfacet
facet normal -0.9071537317080085 0.42079936673934587 0
outer loop
vertex 141.01154020000007 -103.79717510000003 5.05
vertex 141.01178494582106 -103.79664748018314 5.05
vertex 141.01178494582106 -103.79664748018314 1.6
endloop
endfacet
facet normal -0.9071537317080085 0.42079936673934587 0
outer loop
vertex 141.01154020000007 -103.79717510000003 5.05
vertex 141.01178494582106 -103.79664748018314 1.6
vertex 141.01154020000007 -103.79717510000003 1.5999999999999999
endloop
endfacet
facet normal -0.9108341416706848 0.41277253586815466 0
outer loop
vertex 141.01178494582106 -103.79664748018314 5.05
vertex 141.01202510000022 -103.79611755000009 5.05
vertex 141.01202510000022 -103.79611755000009 1.6
endloop
endfacet
facet normal -0.9108341416706848 0.41277253586815466 0
outer loop
vertex 141.01178494582106 -103.79664748018314 5.05
vertex 141.01202510000022 -103.79611755000009 1.6
vertex 141.01178494582106 -103.79664748018314 1.6
endloop
endfacet
facet normal 0 0 -1
outer loop
vertex 141.01202510000022 -103.79611755000009 5.05
vertex 141.01475386374852 -103.79028337481138 5.05
vertex 147.46445130000012 -90.00064519999968 5.05
endloop
endfacet
facet normal 0 0 -1
outer loop
vertex 141.01202510000022 -103.79611755000009 5.05
vertex 147.46445130000012 -90.00064519999968 5.05
vertex 147.46445130000092 -90.00064519999803 1.6
endloop
endfacet
facet normal 0 0 -1
outer loop
vertex 141.01202510000022 -103.79611755000009 5.05
vertex 147.46445130000092 -90.00064519999803 1.6
vertex 147.25281361468365 -90.45313264356032 1.6
endloop
endfacet
facet normal 0 0 -1
outer loop
vertex 141.01202510000022 -103.79611755000009 5.05
vertex 147.25281361468365 -90.45313264356032 1.6
vertex 147.07831245167037 -90.82622113690762 1.6
endloop
endfacet
facet normal 0 0 -1
outer loop
vertex 141.01202510000022 -103.79611755000009 5.05
vertex 147.07831245167037 -90.82622113690762 1.6
vertex 146.9486463898275 -91.10345089753417 1.6
endloop
endfacet
facet normal 0 0 -1
outer loop
vertex 141.01202510000022 -103.79611755000009 5.05
vertex 146.9486463898275 -91.10345089753417 1.6
vertex 146.86879842319482 -91.27416814120988 1.6
endloop
endfacet
facet normal 0 0 -1
outer loop
vertex 141.01202510000022 -103.79611755000009 5.05
vertex 146.86879842319482 -91.27416814120988 1.6
vertex 146.84183706435064 -91.33181229999983 1.6
endloop
endfacet
facet normal 0 0 -1
outer loop
vertex 141.01202510000022 -103.79611755000009 5.05
vertex 146.84183706435064 -91.33181229999983 1.6
vertex 141.01475386370757 -103.79028337489875 1.6
endloop
endfacet
facet normal 0 0 -1
outer loop
vertex 141.01202510000022 -103.79611755000009 5.05
vertex 141.01475386370757 -103.79028337489875 1.6
vertex 141.01202510000022 -103.79611755000009 1.6
endloop
endfacet
facet normal -0.9276278728372456 0.3735057289191784 -2.779528196257561e-14
outer loop
vertex 147.46445130000012 -90.00064519999968 5.05
vertex 147.50528229267402 -89.89923854423157 5.05
vertex 147.50528229267397 -89.89923854423196 1.6
endloop
endfacet
facet normal -0.9276278728372456 0.3735057289191784 -2.779528196257561e-14
outer loop
vertex 147.46445130000012 -90.00064519999968 5.05
vertex 147.50528229267397 -89.89923854423196 1.6
vertex 147.46530579589626 -89.99852299905604 1.6
endloop
endfacet
facet normal -0.9276278728372456 0.3735057289191784 -2.779528196257561e-14
outer loop
vertex 147.46445130000012 -90.00064519999968 5.05
vertex 147.46530579589626 -89.99852299905604 1.6
vertex 147.46445130000092 -90.00064519999803 1.6
endloop
endfacet
facet normal -0.9628505522965227 0.27003483838623765 0
outer loop
vertex 147.50528229267402 -89.89923854423157 5.05
vertex 147.53480144294568 -89.79398349524516 5.05
vertex 147.5348014429461 -89.79398349524385 1.6
endloop
endfacet
facet normal -0.9628505522965227 0.27003483838623765 0
outer loop
vertex 147.50528229267402 -89.89923854423157 5.05
vertex 147.5348014429461 -89.79398349524385 1.6
vertex 147.50528229267397 -89.89923854423196 1.6
endloop
endfacet
facet normal -0.9865725406031601 0.16332367289473396 0
outer loop
vertex 147.53480144294568 -89.79398349524516 5.05
vertex 147.55265534680453 -89.68613525146327 5.05
vertex 147.55265534680495 -89.68613525146193 1.6
endloop
endfacet
facet normal -0.9865725406031601 0.16332367289473396 0
outer loop
vertex 147.53480144294568 -89.79398349524516 5.05
vertex 147.55265534680495 -89.68613525146193 1.6
vertex 147.5348014429461 -89.79398349524385 1.6
endloop
endfacet
facet normal -0.9985049815546103 0.054660788602319585 0
outer loop
vertex 147.55265534680453 -89.68613525146327 5.05
vertex 147.55863058157172 -89.57698385000045 5.05
vertex 147.5586306500001 -89.57698260000521 1.6
endloop
endfacet
facet normal -0.9985049815546103 0.054660788602319585 0
outer loop
vertex 147.55265534680453 -89.68613525146327 5.05
vertex 147.5586306500001 -89.57698260000521 1.6
vertex 147.55265534680495 -89.68613525146193 1.6
endloop
endfacet
facet normal -0.9999999999999942 1.0703842140867562e-7 -1.6476568027673767e-14
outer loop
vertex 147.55863058157172 -89.57698385000045 5.05
vertex 147.55863410000003 -56.70627939999979 5.05
vertex 147.5586341000001 -56.70627940000671 1.6
endloop
endfacet
facet normal -0.9999999999999942 1.0703842140867562e-7 -1.6476568027673767e-14
outer loop
vertex 147.55863058157172 -89.57698385000045 5.05
vertex 147.5586341000001 -56.70627940000671 1.6
vertex 147.5586332952972 -64.37327950000032 1.6
endloop
endfacet
facet normal -0.9999999999999942 1.0703842140867562e-7 -1.6476568027673767e-14
outer loop
vertex 147.55863058157172 -89.57698385000045 5.05
vertex 147.5586332952972 -64.37327950000032 1.6
vertex 147.55863328924704 -64.43092365879096 1.6
endloop
endfacet
facet normal -0.9999999999999942 1.0703842140867562e-7 -1.6476568027673767e-14
outer loop
vertex 147.55863058157172 -89.57698385000045 5.05
vertex 147.55863328924704 -64.43092365879096 1.6
vertex 147.55863327132914 -64.60164090246565 1.6
endloop
endfacet
facet normal -0.9999999999999942 1.0703842140867562e-7 -1.6476568027673767e-14
outer loop
vertex 147.55863058157172 -89.57698385000045 5.05
vertex 147.55863327132914 -64.60164090246565 1.6
vertex 147.55863324223202 -64.87887066309152 1.6
endloop
endfacet
facet normal -0.9999999999999942 1.0703842140867562e-7 -1.6476568027673767e-14
outer loop
vertex 147.55863058157172 -89.57698385000045 5.05
vertex 147.55863324223202 -64.87887066309152 1.6
vertex 147.5586332030739 -65.25195915643529 1.6
endloop
endfacet
facet normal -0.9999999999999942 1.0703842140867562e-7 -1.6476568027673767e-14
outer loop
vertex 147.55863058157172 -89.57698385000045 5.05
vertex 147.5586332030739 -65.25195915643529 1.6
vertex 147.55863315535956 -65.70656880094255 1.6
endloop
endfacet
facet normal -0.9999999999999942 1.0703842140867562e-7 -1.6476568027673767e-14
outer loop
vertex 147.55863058157172 -89.57698385000045 5.05
vertex 147.55863315535956 -65.70656880094255 1.6
vertex 147.5586331009227 -66.22522920290659 1.6
endloop
endfacet
facet normal -0.9999999999999942 1.0703842140867562e-7 -1.6476568027673767e-14
outer loop
vertex 147.55863058157172 -89.57698385000045 5.05
vertex 147.5586331009227 -66.22522920290659 1.6
vertex 147.55863304185524 -66.78800853395308 1.6
endloop
endfacet
facet normal -0.9999999999999942 1.0703842140867562e-7 -1.6476568027673767e-14
outer loop
vertex 147.55863058157172 -89.57698385000045 5.05
vertex 147.55863304185524 -66.78800853395308 1.6
vertex 147.55863298042715 -67.37327950000144 1.6
endloop
endfacet
facet normal -0.9999999999999942 1.0703842140867562e-7 -1.6476568027673767e-14
outer loop
vertex 147.55863058157172 -89.57698385000045 5.05
vertex 147.55863298042715 -67.37327950000144 1.6
vertex 147.55863291899905 -67.95855046604854 1.6
endloop
endfacet
facet normal -0.9999999999999942 1.0703842140867562e-7 -1.6476568027673767e-14
outer loop
vertex 147.55863058157172 -89.57698385000045 5.05
vertex 147.55863291899905 -67.95855046604854 1.6
vertex 147.55863285993158 -68.52132979709413 1.6
endloop
endfacet
facet normal -0.9999999999999942 1.0703842140867562e-7 -1.6476568027673767e-14
outer loop
vertex 147.55863058157172 -89.57698385000045 5.05
vertex 147.55863285993158 -68.52132979709413 1.6
vertex 147.5586328054947 -69.03999019905967 1.6
endloop
endfacet
facet normal -0.9999999999999942 1.0703842140867562e-7 -1.6476568027673767e-14
outer loop
vertex 147.55863058157172 -89.57698385000045 5.05
vertex 147.5586328054947 -69.03999019905967 1.6
vertex 147.5586327577804 -69.49459984355813 1.6
endloop
endfacet
facet normal -0.9999999999999942 1.0703842140867562e-7 -1.6476568027673767e-14
outer loop
vertex 147.55863058157172 -89.57698385000045 5.05
vertex 147.5586327577804 -69.49459984355813 1.6
vertex 147.55863271862228 -69.8676883369083 1.6
endloop
endfacet
facet normal -0.9999999999999942 1.0703842140867562e-7 -1.6476568027673767e-14
outer loop
vertex 147.55863058157172 -89.57698385000045 5.05
vertex 147.55863271862228 -69.8676883369083 1.6
vertex 147.55863268952515 -70.14491809753484 1.6
endloop
endfacet
facet normal -0.9999999999999942 1.0703842140867562e-7 -1.6476568027673767e-14
outer loop
vertex 147.55863058157172 -89.57698385000045 5.05
vertex 147.55863268952515 -70.14491809753484 1.6
vertex 147.55863267160723 -70.31563534120991 1.6
endloop
endfacet
facet normal -0.9999999999999942 1.0703842140867562e-7 -1.6476568027673767e-14
outer loop
vertex 147.55863058157172 -89.57698385000045 5.05
vertex 147.55863267160723 -70.31563534120991 1.6
vertex 147.5586326655571 -70.37327950000034 1.6
endloop
endfacet
facet normal -0.9999999999999942 1.0703842140867562e-7 -1.6476568027673767e-14
outer loop
vertex 147.55863058157172 -89.57698385000045 5.05
vertex 147.5586326655571 -70.37327950000034 1.6
vertex 147.5586326246509 -70.76302300290237 1.6
endloop
endfacet
facet normal -0.9999999999999942 1.0703842140867562e-7 -1.6476568027673767e-14
outer loop
vertex 147.55863058157172 -89.57698385000045 5.05
vertex 147.5586326246509 -70.76302300290237 1.6
vertex 147.55863256558345 -71.32580233395355 1.6
endloop
endfacet
facet normal -0.9999999999999942 1.0703842140867562e-7 -1.6476568027673767e-14
outer loop
vertex 147.55863058157172 -89.57698385000045 5.05
vertex 147.55863256558345 -71.32580233395355 1.6
vertex 147.55863250415536 -71.91107329999754 1.6
endloop
endfacet
facet normal -0.9999999999999942 1.0703842140867562e-7 -1.6476568027673767e-14
outer loop
vertex 147.55863058157172 -89.57698385000045 5.05
vertex 147.55863250415536 -71.91107329999754 1.6
vertex 147.55863244272726 -72.49634426604871 1.6
endloop
endfacet
facet normal -0.9999999999999942 1.0703842140867562e-7 -1.6476568027673767e-14
outer loop
vertex 147.55863058157172 -89.57698385000045 5.05
vertex 147.55863244272726 -72.49634426604871 1.6
vertex 147.5586323836598 -73.05912359709932 1.6
endloop
endfacet
facet normal -0.9999999999999942 1.0703842140867562e-7 -1.6476568027673767e-14
outer loop
vertex 147.55863058157172 -89.57698385000045 5.05
vertex 147.5586323836598 -73.05912359709932 1.6
vertex 147.55863232922292 -73.57778399905534 1.6
endloop
endfacet
facet normal -0.9999999999999942 1.0703842140867562e-7 -1.6476568027673767e-14
outer loop
vertex 147.55863058157172 -89.57698385000045 5.05
vertex 147.55863232922292 -73.57778399905534 1.6
vertex 147.5586322815086 -74.03239364356062 1.6
endloop
endfacet
facet normal -0.9999999999999942 1.0703842140867562e-7 -1.6476568027673767e-14
outer loop
vertex 147.55863058157172 -89.57698385000045 5.05
vertex 147.5586322815086 -74.03239364356062 1.6
vertex 147.55863224235048 -74.40548213690803 1.6
endloop
endfacet
facet normal -0.9999999999999942 1.0703842140867562e-7 -1.6476568027673767e-14
outer loop
vertex 147.55863058157172 -89.57698385000045 5.05
vertex 147.55863224235048 -74.40548213690803 1.6
vertex 147.55863221325336 -74.68271189753342 1.6
endloop
endfacet
facet normal -0.9999999999999942 1.0703842140867562e-7 -1.6476568027673767e-14
outer loop
vertex 147.55863058157172 -89.57698385000045 5.05
vertex 147.55863221325336 -74.68271189753342 1.6
vertex 147.55863219533543 -74.85342914120942 1.6
endloop
endfacet
facet normal -0.9999999999999942 1.0703842140867562e-7 -1.6476568027673767e-14
outer loop
vertex 147.55863058157172 -89.57698385000045 5.05
vertex 147.55863219533543 -74.85342914120942 1.6
vertex 147.5586321892853 -74.91107330000003 1.6
endloop
endfacet
facet normal -0.9999999999999942 1.0703842140867562e-7 -1.6476568027673767e-14
outer loop
vertex 147.55863058157172 -89.57698385000045 5.05
vertex 147.5586321892853 -74.91107330000003 1.6
vertex 147.5586310955591 -85.33181229999981 1.6
endloop
endfacet
facet normal -0.9999999999999942 1.0703842140867562e-7 -1.6476568027673767e-14
outer loop
vertex 147.55863058157172 -89.57698385000045 5.05
vertex 147.5586310955591 -85.33181229999981 1.6
vertex 147.55863108950896 -85.38945645878933 1.6
endloop
endfacet
facet normal -0.9999999999999942 1.0703842140867562e-7 -1.6476568027673767e-14
outer loop
vertex 147.55863058157172 -89.57698385000045 5.05
vertex 147.55863108950896 -85.38945645878933 1.6
vertex 147.55863107159104 -85.5601737024668 1.6
endloop
endfacet
facet normal -0.9999999999999942 1.0703842140867562e-7 -1.6476568027673767e-14
outer loop
vertex 147.55863058157172 -89.57698385000045 5.05
vertex 147.55863107159104 -85.5601737024668 1.6
vertex 147.55863104249394 -85.83740346309241 1.6
endloop
endfacet
facet normal -0.9999999999999942 1.0703842140867562e-7 -1.6476568027673767e-14
outer loop
vertex 147.55863058157172 -89.57698385000045 5.05
vertex 147.55863104249394 -85.83740346309241 1.6
vertex 147.5586310033358 -86.21049195644143 1.6
endloop
endfacet
facet normal -0.9999999999999942 1.0703842140867562e-7 -1.6476568027673767e-14
outer loop
vertex 147.55863058157172 -89.57698385000045 5.05
vertex 147.5586310033358 -86.21049195644143 1.6
vertex 147.55863095562148 -86.66510160094208 1.6
endloop
endfacet
facet normal -0.9999999999999942 1.0703842140867562e-7 -1.6476568027673767e-14
outer loop
vertex 147.55863058157172 -89.57698385000045 5.05
vertex 147.55863095562148 -86.66510160094208 1.6
vertex 147.5586309011846 -87.18376200290162 1.6
endloop
endfacet
facet normal -0.9999999999999942 1.0703842140867562e-7 -1.6476568027673767e-14
outer loop
vertex 147.55863058157172 -89.57698385000045 5.05
vertex 147.5586309011846 -87.18376200290162 1.6
vertex 147.55863084211717 -87.74654133395441 1.6
endloop
endfacet
facet normal -0.9999999999999942 1.0703842140867562e-7 -1.6476568027673767e-14
outer loop
vertex 147.55863058157172 -89.57698385000045 5.05
vertex 147.55863084211717 -87.74654133395441 1.6
vertex 147.55863078068904 -88.33181229999651 1.6
endloop
endfacet
facet normal -0.9999999999999942 1.0703842140867562e-7 -1.6476568027673767e-14
outer loop
vertex 147.55863058157172 -89.57698385000045 5.05
vertex 147.55863078068904 -88.33181229999651 1.6
vertex 147.55863071926095 -88.91708326605115 1.6
endloop
endfacet
facet normal -0.9999999999999942 1.0703842140867562e-7 -1.6476568027673767e-14
outer loop
vertex 147.55863058157172 -89.57698385000045 5.05
vertex 147.55863071926095 -88.91708326605115 1.6
vertex 147.5586306601935 -89.47986259709708 1.6
endloop
endfacet
facet normal -0.9999999999999942 1.0703842140867562e-7 -1.6476568027673767e-14
outer loop
vertex 147.55863058157172 -89.57698385000045 5.05
vertex 147.5586306601935 -89.47986259709708 1.6
vertex 147.5586306500001 -89.57698260000521 1.6
endloop
endfacet
facet normal -0.9961936638479714 -0.08716756340035653 0
outer loop
vertex 147.55863410000003 -56.70627939999979 5.05
vertex 147.54343980301226 -56.53263152233321 5.05
vertex 147.5434398030115 -56.53263152233052 1.6
endloop
endfacet
facet normal -0.9961936638479714 -0.08716756340035653 0
outer loop
vertex 147.55863410000003 -56.70627939999979 5.05
vertex 147.5434398030115 -56.53263152233052 1.6
vertex 147.5586341000001 -56.70627940000671 1.6
endloop
endfacet
facet normal -0.9659258262890631 -0.2588190451025404 0
outer loop
vertex 147.54343980301226 -56.53263152233321 5.05
vertex 147.49832467078588 -56.36425955667431 5.05
vertex 147.49832467078622 -56.364259556675584 1.6
endloop
endfacet
facet normal -0.9659258262890631 -0.2588190451025404 0
outer loop
vertex 147.54343980301226 -56.53263152233321 5.05
vertex 147.49832467078622 -56.364259556675584 1.6
vertex 147.5434398030115 -56.53263152233052 1.6
endloop
endfacet
facet normal -0.9063077870366791 -0.42261826174063705 0
outer loop
vertex 147.49832467078588 -56.36425955667431 5.05
vertex 147.42465745378442 -56.20627969999995 5.05
vertex 147.4246574537828 -56.206279699997026 1.6
endloop
endfacet
facet normal -0.9063077870366791 -0.42261826174063705 0
outer loop
vertex 147.49832467078588 -56.36425955667431 5.05
vertex 147.4246574537828 -56.206279699997026 1.6
vertex 147.49832467078622 -56.364259556675584 1.6
endloop
endfacet
facet normal -0.8191520442889413 -0.5735764363511181 0
outer loop
vertex 147.42465745378442 -56.20627969999995 5.05
vertex 147.3246765125579 -56.063492090313424 5.05
vertex 147.3246764931254 -56.063492090322 1.6
endloop
endfacet
facet normal -0.8191520442889413 -0.5735764363511181 0
outer loop
vertex 147.42465745378442 -56.20627969999995 5.05
vertex 147.3246764931254 -56.063492090322 1.6
vertex 147.4246574537828 -56.206279699997026 1.6
endloop
endfacet
facet normal -0.7071067811865726 -0.7071067811865228 0
outer loop
vertex 147.3246765125579 -56.063492090313424 5.05
vertex 147.20141968524698 -55.94023525688104 5.05
vertex 147.20141965967622 -55.9402352568728 1.6
endloop
endfacet
facet normal -0.7071067811865726 -0.7071067811865228 0
outer loop
vertex 147.3246765125579 -56.063492090313424 5.05
vertex 147.20141965967622 -55.9402352568728 1.6
vertex 147.3246764931254 -56.063492090322 1.6
endloop
endfacet
facet normal -0.5735764363510552 -0.8191520442889855 0
outer loop
vertex 147.20141968524698 -55.94023525688104 5.05
vertex 147.05863208116088 -55.84025429621552 5.05
vertex 147.05863204999707 -55.840254296212514 1.6
endloop
endfacet
facet normal -0.5735764363510552 -0.8191520442889855 0
outer loop
vertex 147.20141968524698 -55.94023525688104 5.05
vertex 147.05863204999707 -55.840254296212514 1.6
vertex 147.20141965967622 -55.9402352568728 1.6
endloop
endfacet
facet normal -0.4226182617406663 -0.9063077870366654 0
outer loop
vertex 147.05863208116088 -55.84025429621552 5.05
vertex 146.90065222854432 -55.7665870792141 5.05
vertex 146.90065219333192 -55.766587079215334 1.6
endloop
endfacet
facet normal -0.4226182617406663 -0.9063077870366654 0
outer loop
vertex 147.05863208116088 -55.84025429621552 5.05
vertex 146.90065219333192 -55.766587079215334 1.6
vertex 147.05863204999707 -55.840254296212514 1.6
endloop
endfacet
facet normal -0.2588190451025269 -0.9659258262890666 0
outer loop
vertex 146.90065222854432 -55.7665870792141 5.05
vertex 146.73228026304628 -55.72147194698779 5.05
vertex 146.7322802276672 -55.72147194698742 1.6
endloop
endfacet
facet normal -0.2588190451025269 -0.9659258262890666 0
outer loop
vertex 146.90065222854432 -55.7665870792141 5.05
vertex 146.7322802276672 -55.72147194698742 1.6
vertex 146.90065219333192 -55.766587079215334 1.6
endloop
endfacet
facet normal -0.08715574274766877 -0.9961946980917447 0
outer loop
vertex 146.73228026304628 -55.72147194698779 5.05
vertex 146.55863205000006 -55.70627817772182 5.05
vertex 146.5586320500014 -55.70627822360688 1.6
endloop
endfacet
facet normal -0.08715574274766877 -0.9961946980917447 0
outer loop
vertex 146.73228026304628 -55.72147194698779 5.05
vertex 146.5586320500014 -55.70627822360688 1.6
vertex 146.7322802276672 -55.72147194698742 1.6
endloop
endfacet
facet normal -1.5279383092092758e-8 -1 0
outer loop
vertex 146.55863205000006 -55.70627817772182 5.05
vertex 126.92433410000008 -55.70627817772182 5.05
vertex 126.92433409999771 -55.70627822360688 1.6
endloop
endfacet
facet normal -1.5279383092092758e-8 -1 0
outer loop
vertex 146.55863205000006 -55.70627817772182 5.05
vertex 126.92433409999771 -55.70627822360688 1.6
vertex 146.5586320500014 -55.70627822360688 1.6
endloop
endfacet
facet normal -0.08715301369574037 -0.9961949368490839 0
outer loop
vertex 126.92433410000008 -55.70627817772182 5.05
vertex 126.7506838723331 -55.6910874530122 5.05
vertex 126.75068387233306 -55.691087453012166 1.6
endloop
endfacet
facet normal -0.08715301369574037 -0.9961949368490839 0
outer loop
vertex 126.92433410000008 -55.70627817772182 5.05
vertex 126.75068387233306 -55.691087453012166 1.6
vertex 126.92433409999771 -55.70627822360688 1.6
endloop
endfacet
facet normal -0.2588190451025269 -0.9659258262890666 0
outer loop
vertex 126.7506838723331 -55.6910874530122 5.05
vertex 126.58231190667429 -55.64597232078589 5.05
vertex 126.58231209796904 -55.645972320784274 1.6
endloop
endfacet
facet normal -0.2588190451025269 -0.9659258262890666 0
outer loop
vertex 126.7506838723331 -55.6910874530122 5.05
vertex 126.58231209796904 -55.645972320784274 1.6
vertex 126.75068387233306 -55.691087453012166 1.6
endloop
endfacet
facet normal -0.4226182617406775 -0.9063077870366603 0
outer loop
vertex 126.58231190667429 -55.64597232078589 5.05
vertex 126.42433205000005 -55.57230510378446 5.05
vertex 126.42433224194812 -55.572305103787976 1.6
endloop
endfacet
facet normal -0.4226182617406775 -0.9063077870366603 0
outer loop
vertex 126.58231190667429 -55.64597232078589 5.05
vertex 126.42433224194812 -55.572305103787976 1.6
vertex 126.58231209796904 -55.645972320784274 1.6
endloop
endfacet
facet normal -0.5735764363510608 -0.8191520442889816 0
outer loop
vertex 126.42433205000005 -55.57230510378446 5.05
vertex 126.28154444031343 -55.47232414311894 5.05
vertex 126.28154463011106 -55.47232414311392 1.6
endloop
endfacet
facet normal -0.5735764363510608 -0.8191520442889816 0
outer loop
vertex 126.42433205000005 -55.57230510378446 5.05
vertex 126.28154463011106 -55.47232414311392 1.6
vertex 126.42433224194812 -55.572305103787976 1.6
endloop
endfacet
facet normal -0.7071067811865759 -0.707106781186519 0
outer loop
vertex 126.28154444031343 -55.47232414311894 5.05
vertex 126.15828760688107 -55.34906730968658 5.05
vertex 126.15828779291868 -55.349067309693034 1.6
endloop
endfacet
facet normal -0.7071067811865759 -0.707106781186519 0
outer loop
vertex 126.28154444031343 -55.47232414311894 5.05
vertex 126.15828779291868 -55.349067309693034 1.6
vertex 126.28154463011106 -55.47232414311392 1.6
endloop
endfacet
facet normal -0.8191520442889798 -0.5735764363510633 0
outer loop
vertex 126.15828760688107 -55.34906730968658 5.05
vertex 126.05830664621558 -55.2062797 5.05
vertex 126.05830682651178 -55.20627969999955 1.6
endloop
endfacet
facet normal -0.8191520442889798 -0.5735764363510633 0
outer loop
vertex 126.15828760688107 -55.34906730968658 5.05
vertex 126.05830682651178 -55.20627969999955 1.6
vertex 126.15828779291868 -55.349067309693034 1.6
endloop
endfacet
facet normal -0.9063077870366456 -0.42261826174070904 0
outer loop
vertex 126.05830664621558 -55.2062797 5.05
vertex 125.98463942921408 -55.04829984332562 5.05
vertex 125.98463960025973 -55.04829984332712 1.6
endloop
endfacet
facet normal -0.9063077870366456 -0.42261826174070904 0
outer loop
vertex 126.05830664621558 -55.2062797 5.05
vertex 125.98463960025973 -55.04829984332712 1.6
vertex 126.05830682651178 -55.20627969999955 1.6
endloop
endfacet
facet normal -0.9659258262890587 -0.2588190451025527 -4.291300786954598e-8
outer loop
vertex 125.98463942921408 -55.04829984332562 5.05
vertex 125.9395242969878 -54.87992787766696 5.05
vertex 125.9395244502601 -54.879927877666155 1.6
endloop
endfacet
facet normal -0.9659258262890587 -0.2588190451025527 -4.291300786954598e-8
outer loop
vertex 125.98463942921408 -55.04829984332562 5.05
vertex 125.9395244502601 -54.879927877666155 1.6
vertex 125.95027183504504 -54.920037799999996 1.6
endloop
endfacet
facet normal -0.9659258262890587 -0.2588190451025527 -4.291300786954598e-8
outer loop
vertex 125.98463942921408 -55.04829984332562 5.05
vertex 125.95027183504504 -54.920037799999996 1.6
vertex 125.98463960025973 -55.04829984332712 1.6
endloop
endfacet
facet normal -0.9961946980917448 -0.08715574274766874 0
outer loop
vertex 125.9395242969878 -54.87992787766696 5.05
vertex 125.92433205 -54.70627970000007 5.05
vertex 125.92433202241652 -54.7062782222702 1.6
endloop
endfacet
facet normal -0.9961946980917448 -0.08715574274766874 0
outer loop
vertex 125.9395242969878 -54.87992787766696 5.05
vertex 125.92433202241652 -54.7062782222702 1.6
vertex 125.9395244502601 -54.879927877666155 1.6
endloop
endfacet
facet normal -0.996192629462523 -0.08717938405692388 0
outer loop
vertex 125.9243341 -37.70627940000025 5.05
vertex 125.91673592650609 -37.61945561116654 5.05
vertex 125.9167359265066 -37.61945561116941 1.6
endloop
endfacet
facet normal -0.996192629462523 -0.08717938405692388 0
outer loop
vertex 125.9243341 -37.70627940000025 5.05
vertex 125.9167359265066 -37.61945561116941 1.6
vertex 125.9243341000003 -37.70627940000053 1.6
endloop
endfacet
facet normal -0.9659258262890629 -0.2588190451025413 0
outer loop
vertex 125.91673592650609 -37.61945561116654 5.05
vertex 125.89417836039297 -37.535269628337225 5.05
vertex 125.89417836039246 -37.53526962833632 1.6
endloop
endfacet
facet normal -0.9659258262890629 -0.2588190451025413 0
outer loop
vertex 125.91673592650609 -37.61945561116654 5.05
vertex 125.89417836039246 -37.53526962833632 1.6
vertex 125.9167359265066 -37.61945561116941 1.6
endloop
endfacet
facet normal -0.9063077870366791 -0.42261826174063705 0
outer loop
vertex 125.89417836039297 -37.535269628337225 5.05
vertex 125.85734476004355 -37.456279699999875 5.05
vertex 125.85734475189119 -37.45627969999801 1.6
endloop
endfacet
facet normal -0.9063077870366791 -0.42261826174063705 0
outer loop
vertex 125.89417836039297 -37.535269628337225 5.05
vertex 125.85734475189119 -37.45627969999801 1.6
vertex 125.89417836039246 -37.53526962833632 1.6
endloop
endfacet
facet normal -0.8191520442889413 -0.5735764363511181 0
outer loop
vertex 125.85734476004355 -37.456279699999875 5.05
vertex 125.80735428299596 -37.38488589515676 5.05
vertex 125.80735427156243 -37.38488589516041 1.6
endloop
endfacet
facet normal -0.8191520442889413 -0.5735764363511181 0
outer loop
vertex 125.85734476004355 -37.456279699999875 5.05
vertex 125.80735427156243 -37.38488589516041 1.6
vertex 125.85734475189119 -37.45627969999801 1.6
endloop
endfacet
facet normal -0.7071067811865476 -0.7071067811865476 0
outer loop
vertex 125.80735428299596 -37.38488589515676 5.05
vertex 125.74572586931004 -37.32325747844053 5.05
vertex 125.74572585484117 -37.323257478439146 1.6
endloop
endfacet
facet normal -0.7071067811865476 -0.7071067811865476 0
outer loop
vertex 125.80735428299596 -37.38488589515676 5.05
vertex 125.74572585484117 -37.323257478439146 1.6
vertex 125.80735427156243 -37.38488589516041 1.6
endloop
endfacet
facet normal -0.5735764363510616 -0.819152044288981 0
outer loop
vertex 125.74572586931004 -37.32325747844053 5.05
vertex 125.674332066944 -37.2732669981078 5.05
vertex 125.67433204999737 -37.273266998106045 1.6
endloop
endfacet
facet normal -0.5735764363510616 -0.819152044288981 0
outer loop
vertex 125.74572586931004 -37.32325747844053 5.05
vertex 125.67433204999737 -37.273266998106045 1.6
vertex 125.74572585484117 -37.323257478439146 1.6
endloop
endfacet
facet normal -0.4226182617407054 -0.9063077870366473 0
outer loop
vertex 125.674332066944 -37.2732669981078 5.05
vertex 125.59534214003973 -37.236433389607036 5.05
vertex 125.5953421216651 -37.23643338960759 1.6
endloop
endfacet
facet normal -0.4226182617407054 -0.9063077870366473 0
outer loop
vertex 125.674332066944 -37.2732669981078 5.05
vertex 125.5953421216651 -37.23643338960759 1.6
vertex 125.67433204999737 -37.273266998106045 1.6
endloop
endfacet
facet normal -0.25881904510252696 -0.9659258262890668 0
outer loop
vertex 125.59534214003973 -37.236433389607036 5.05
vertex 125.51115615638514 -37.21387582349389 5.05
vertex 125.51115613883765 -37.21387582349495 1.6
endloop
endfacet
facet normal -0.25881904510252696 -0.9659258262890668 0
outer loop
vertex 125.59534214003973 -37.236433389607036 5.05
vertex 125.51115613883765 -37.21387582349495 1.6
vertex 125.5953421216651 -37.23643338960759 1.6
endloop
endfacet
facet normal -0.0871557427476759 -0.996194698091744 0
outer loop
vertex 125.51115615638514 -37.21387582349389 5.05
vertex 125.42432882927044 -37.20627941822267 5.05
vertex 125.42433204999517 -37.206279641073685 1.6
endloop
endfacet
facet normal -0.0871557427476759 -0.996194698091744 0
outer loop
vertex 125.51115615638514 -37.21387582349389 5.05
vertex 125.42433204999517 -37.206279641073685 1.6
vertex 125.51115613883765 -37.21387582349495 1.6
endloop
endfacet
facet normal -1.818182226998033e-8 -1 0
outer loop
vertex 125.42432882927044 -37.20627941822267 5.05
vertex 108.92433409999997 -37.20627941822267 5.05
vertex 108.92433410000307 -37.206279641073685 1.6
endloop
endfacet
facet normal -1.818182226998033e-8 -1 0
outer loop
vertex 125.42432882927044 -37.20627941822267 5.05
vertex 108.92433410000307 -37.206279641073685 1.6
vertex 125.42433204999517 -37.206279641073685 1.6
endloop
endfacet
facet normal -0.08715301369574034 -0.9961949368490839 0
outer loop
vertex 108.92433409999997 -37.20627941822267 5.05
vertex 108.75068387233308 -37.19108745301221 5.05
vertex 108.7506811293564 -37.191087453012166 1.6
endloop
endfacet
facet normal -0.08715301369574034 -0.9961949368490839 0
outer loop
vertex 108.92433409999997 -37.20627941822267 5.05
vertex 108.7506811293564 -37.191087453012166 1.6
vertex 108.92433410000307 -37.206279641073685 1.6
endloop
endfacet
facet normal -0.258819045102527 -0.9659258262890666 0
outer loop
vertex 108.75068387233308 -37.19108745301221 5.05
vertex 108.58231190667436 -37.14597232078591 5.05
vertex 108.58231190201091 -37.14597232078449 1.6
endloop
endfacet
facet normal -0.258819045102527 -0.9659258262890666 0
outer loop
vertex 108.75068387233308 -37.19108745301221 5.05
vertex 108.58231190201091 -37.14597232078449 1.6
vertex 108.7506811293564 -37.191087453012166 1.6
endloop
endfacet
facet normal -0.4226182617406824 -0.906307787036658 0
outer loop
vertex 108.58231190667436 -37.14597232078591 5.05
vertex 108.42433204999996 -37.072305103784416 5.05
vertex 108.42433204936314 -37.07230510378776 1.6
endloop
endfacet
facet normal -0.4226182617406824 -0.906307787036658 0
outer loop
vertex 108.58231190667436 -37.14597232078591 5.05
vertex 108.42433204936314 -37.07230510378776 1.6
vertex 108.58231190201091 -37.14597232078449 1.6
endloop
endfacet
facet normal -0.5735764363510599 -0.8191520442889821 0
outer loop
vertex 108.42433204999996 -37.072305103784416 5.05
vertex 108.28154444031347 -36.97232414311898 5.05
vertex 108.28154444031227 -36.97232414311797 1.6
endloop
endfacet
facet normal -0.5735764363510599 -0.8191520442889821 0
outer loop
vertex 108.42433204999996 -37.072305103784416 5.05
vertex 108.28154444031227 -36.97232414311797 1.6
vertex 108.42433204936314 -37.07230510378776 1.6
endloop
endfacet
facet normal -0.7071067811865689 -0.7071067811865263 0
outer loop
vertex 108.28154444031347 -36.97232414311898 5.05
vertex 108.15828760688106 -36.84906730968657 5.05
vertex 108.15828760688102 -36.8490673096867 1.6
endloop
endfacet
facet normal -0.7071067811865689 -0.7071067811865263 0
outer loop
vertex 108.28154444031347 -36.97232414311898 5.05
vertex 108.15828760688102 -36.8490673096867 1.6
vertex 108.28154444031227 -36.97232414311797 1.6
endloop
endfacet
facet normal -0.8191520442889821 -0.5735764363510599 0
outer loop
vertex 108.15828760688106 -36.84906730968657 5.05
vertex 108.05830664621551 -36.70627969999992 5.05
vertex 108.05830664621709 -36.70627970000236 1.6
endloop
endfacet
facet normal -0.8191520442889821 -0.5735764363510599 0
outer loop
vertex 108.15828760688106 -36.84906730968657 5.05
vertex 108.05830664621709 -36.70627970000236 1.6
vertex 108.15828760688102 -36.8490673096867 1.6
endloop
endfacet
facet normal -0.9063077870366456 -0.42261826174070904 0
outer loop
vertex 108.05830664621551 -36.70627969999992 5.05
vertex 107.98463942921411 -36.548299843325715 5.05
vertex 107.98463942921272 -36.54829984332182 1.6
endloop
endfacet
facet normal -0.9063077870366456 -0.42261826174070904 0
outer loop
vertex 108.05830664621551 -36.70627969999992 5.05
vertex 107.98463942921272 -36.54829984332182 1.6
vertex 108.05830664621709 -36.70627970000236 1.6
endloop
endfacet
facet normal -0.9659258262890629 -0.2588190451025413 0
outer loop
vertex 107.98463942921411 -36.548299843325715 5.05
vertex 107.93952429698778 -36.379927877666894 5.05
vertex 107.93952429698788 -36.37992787766853 1.6
endloop
endfacet
facet normal -0.9659258262890629 -0.2588190451025413 0
outer loop
vertex 107.98463942921411 -36.548299843325715 5.05
vertex 107.93952429698788 -36.37992787766853 1.6
vertex 107.98463942921272 -36.54829984332182 1.6
endloop
endfacet
facet normal -0.9961946980917447 -0.08715574274766873 0
outer loop
vertex 107.93952429698778 -36.379927877666894 5.05
vertex 107.92433205000002 -36.206279700000124 5.05
vertex 107.92433202216264 -36.20627937066 1.6
endloop
endfacet
facet normal -0.9961946980917447 -0.08715574274766873 0
outer loop
vertex 107.93952429698778 -36.379927877666894 5.05
vertex 107.92433202216264 -36.20627937066 1.6
vertex 107.93952429698788 -36.37992787766853 1.6
endloop
endfacet
facet normal 0 0 -1
outer loop
vertex 107.92433205000002 -36.206279700000124 5.05
vertex 107.92433235757738 -36.0062793568627 5.05
vertex 107.92433238094078 -35.991087453012206 5.05
endloop
endfacet
facet normal 0 0 -1
outer loop
vertex 107.92433205000002 -36.206279700000124 5.05
vertex 107.92433238094078 -35.991087453012206 5.05
vertex 107.92433245032264 -35.94597232078588 5.05
endloop
endfacet
facet normal 0 0 -1
outer loop
vertex 107.92433205000002 -36.206279700000124 5.05
vertex 107.92433245032264 -35.94597232078588 5.05
vertex 107.92433256361429 -35.87230510378442 5.05
endloop
endfacet
facet normal 0 0 -1
outer loop
vertex 107.92433205000002 -36.206279700000124 5.05
vertex 107.92433256361429 -35.87230510378442 5.05
vertex 107.92433271737342 -35.77232414311899 5.05
endloop
endfacet
facet normal 0 0 -1
outer loop
vertex 107.92433205000002 -36.206279700000124 5.05
vertex 107.92433271737342 -35.77232414311899 5.05
vertex 107.92433290692817 -35.64906730968652 5.05
endloop
endfacet
facet normal 0 0 -1
outer loop
vertex 107.92433205000002 -36.206279700000124 5.05
vertex 107.92433290692817 -35.64906730968652 5.05
vertex 107.92433312651899 -35.506279700000064 5.05
endloop
endfacet
facet normal 0 0 -1
outer loop
vertex 107.92433205000002 -36.206279700000124 5.05
vertex 107.92433312651899 -35.506279700000064 5.05
vertex 107.9243333694737 -35.3482998433256 5.05
endloop
endfacet
facet normal 0 0 -1
outer loop
vertex 107.92433205000002 -36.206279700000124 5.05
vertex 107.9243333694737 -35.3482998433256 5.05
vertex 107.9243336284103 -35.17992787766686 5.05
endloop
endfacet
facet normal 0 0 -1
outer loop
vertex 107.92433205000002 -36.206279700000124 5.05
vertex 107.9243336284103 -35.17992787766686 5.05
vertex 107.92433389546109 -35.00627969999997 5.05
endloop
endfacet
facet normal 0 0 -1
outer loop
vertex 107.92433205000002 -36.206279700000124 5.05
vertex 107.92433389546109 -35.00627969999997 5.05
vertex 107.9243341 -34.87327950000007 5.05
endloop
endfacet
facet normal 0 0 -1
outer loop
vertex 107.92433205000002 -36.206279700000124 5.05
vertex 107.9243341 -34.87327950000007 5.05
vertex 107.92433410000022 -34.87327950000929 1.6
endloop
endfacet
facet normal 0 0 -1
outer loop
vertex 107.92433205000002 -36.206279700000124 5.05
vertex 107.92433410000022 -34.87327950000929 1.6
vertex 107.92433403424793 -34.91603453085604 1.6
endloop
endfacet
facet normal 0 0 -1
outer loop
vertex 107.92433205000002 -36.206279700000124 5.05
vertex 107.92433403424793 -34.91603453085604 1.6
vertex 107.92433391299278 -34.99487997300142 1.6
endloop
endfacet
facet normal 0 0 -1
outer loop
vertex 107.92433205000002 -36.206279700000124 5.05
vertex 107.92433391299278 -34.99487997300142 1.6
vertex 107.92433382985752 -35.04893818008295 1.6
endloop
endfacet
facet normal 0 0 -1
outer loop
vertex 107.92433205000002 -36.206279700000124 5.05
vertex 107.92433382985752 -35.04893818008295 1.6
vertex 107.92433378709592 -35.07674365000018 1.6
endloop
endfacet
facet normal 0 0 -1
outer loop
vertex 107.92433205000002 -36.206279700000124 5.05
vertex 107.92433378709592 -35.07674365000018 1.6
vertex 107.92433202216264 -36.20627937066 1.6
endloop
endfacet
facet normal -0.9961926338226843 -0.08717933423365444 1.6897153904138722e-13
outer loop
vertex 107.9243341 -34.87327950000007 5.05
vertex 107.9167359265061 -34.78645566116652 5.05
vertex 107.91673592650524 -34.7864556611633 1.6
endloop
endfacet
facet normal -0.9961926338226843 -0.08717933423365444 1.6897153904138722e-13
outer loop
vertex 107.9243341 -34.87327950000007 5.05
vertex 107.91673592650524 -34.7864556611633 1.6
vertex 107.9191935993529 -34.814539330403285 1.6
endloop
endfacet
facet normal -0.9961926338226843 -0.08717933423365444 1.6897153904138722e-13
outer loop
vertex 107.9243341 -34.87327950000007 5.05
vertex 107.9191935993529 -34.814539330403285 1.6
vertex 107.92433410000022 -34.87327950000929 1.6
endloop
endfacet
facet normal -0.9659258262890666 -0.2588190451025271 0
outer loop
vertex 107.9167359265061 -34.78645566116652 5.05
vertex 107.89417836039294 -34.702269678337146 5.05
vertex 107.8941783603935 -34.702269678339164 1.6
endloop
endfacet
facet normal -0.9659258262890666 -0.2588190451025271 0
outer loop
vertex 107.9167359265061 -34.78645566116652 5.05
vertex 107.8941783603935 -34.702269678339164 1.6
vertex 107.91673592650524 -34.7864556611633 1.6
endloop
endfacet
facet normal -0.8191520956660553 -0.5735763629769883 2.2627851344070767e-9
outer loop
vertex 107.85734475189219 -34.62327974999995 5.05
vertex 107.80735428108991 -34.55188594515682 5.05
vertex 107.80735427156212 -34.55188594516012 1.6
endloop
endfacet
facet normal -0.8191520956660553 -0.5735763629769883 2.2627851344070767e-9
outer loop
vertex 107.85734475189219 -34.62327974999995 5.05
vertex 107.80735427156212 -34.55188594516012 1.6
vertex 107.80963636373116 -34.55514511054253 1.6
endloop
endfacet
facet normal -0.8191520956660553 -0.5735763629769883 2.2627851344070767e-9
outer loop
vertex 107.85734475189219 -34.62327974999995 5.05
vertex 107.80963636373116 -34.55514511054253 1.6
vertex 107.8573447518905 -34.62327974999715 1.6
endloop
endfacet
facet normal -0.7071067811865511 -0.707106781186544 0
outer loop
vertex 107.80735428108991 -34.55188594515682 5.05
vertex 107.74572586689884 -34.49025752844047 5.05
vertex 107.74572585484107 -34.490257528439074 1.6
endloop
endfacet
facet normal -0.7071067811865511 -0.707106781186544 0
outer loop
vertex 107.80735428108991 -34.55188594515682 5.05
vertex 107.74572585484107 -34.490257528439074 1.6
vertex 107.80735427156212 -34.55188594516012 1.6
endloop
endfacet
facet normal -0.5735764363510616 -0.819152044288981 0
outer loop
vertex 107.74572586689884 -34.49025752844047 5.05
vertex 107.67433206411998 -34.440267048107785 5.05
vertex 107.67433204999861 -34.44026704810691 1.6
endloop
endfacet
facet normal -0.5735764363510616 -0.819152044288981 0
outer loop
vertex 107.74572586689884 -34.49025752844047 5.05
vertex 107.67433204999861 -34.44026704810691 1.6
vertex 107.74572585484107 -34.490257528439074 1.6
endloop
endfacet
facet normal -0.4226181996879008 -0.9063078159723424 -5.727943543857101e-14
outer loop
vertex 107.67433206411998 -34.440267048107785 5.05
vertex 107.59534212166285 -34.40343343960705 5.05
vertex 107.59534212166376 -34.403433439607255 1.6
endloop
endfacet
facet normal -0.4226181996879008 -0.9063078159723424 -5.727943543857101e-14
outer loop
vertex 107.67433206411998 -34.440267048107785 5.05
vertex 107.59534212166376 -34.403433439607255 1.6
vertex 107.59715369938334 -34.40427819217124 1.6
endloop
endfacet
facet normal -0.4226181996879008 -0.9063078159723424 -5.727943543857101e-14
outer loop
vertex 107.67433206411998 -34.440267048107785 5.05
vertex 107.59715369938334 -34.40427819217124 1.6
vertex 107.67433204999861 -34.44026704810691 1.6
endloop
endfacet
facet normal -0.25881904510252696 -0.9659258262890666 0
outer loop
vertex 107.59534212166285 -34.40343343960705 5.05
vertex 107.5111561388335 -34.380875873493906 5.05
vertex 107.51115613883671 -34.38087587349472 1.6
endloop
endfacet
facet normal -0.25881904510252696 -0.9659258262890666 0
outer loop
vertex 107.59534212166285 -34.40343343960705 5.05
vertex 107.51115613883671 -34.38087587349472 1.6
vertex 107.59534212166376 -34.403433439607255 1.6
endloop
endfacet
facet normal -0.0871557427476759 -0.996194698091744 0
outer loop
vertex 107.5111561388335 -34.380875873493906 5.05
vertex 107.42433144188836 -34.37327969679713 5.05
vertex 107.42433204999017 -34.3732796887182 1.6
endloop
endfacet
facet normal -0.0871557427476759 -0.996194698091744 0
outer loop
vertex 107.5111561388335 -34.380875873493906 5.05
vertex 107.42433204999017 -34.3732796887182 1.6
vertex 107.51115613883671 -34.38087587349472 1.6
endloop
endfacet
facet normal -1.5151513821365373e-8 -1 0
outer loop
vertex 107.42433144188836 -34.37327969679713 5.05
vertex 90.9243341 -34.37327969679713 5.05
vertex 90.92433410000231 -34.3732796887182 1.6
endloop
endfacet
facet normal -1.5151513821365373e-8 -1 0
outer loop
vertex 107.42433144188836 -34.37327969679713 5.05
vertex 90.92433410000231 -34.3732796887182 1.6
vertex 107.42433204999017 -34.3732796887182 1.6
endloop
endfacet
facet normal -0.08715329835649045 -0.99619491194524 0
outer loop
vertex 90.9243341 -34.37327969679713 5.05
vertex 90.75068387233304 -34.35808750301221 5.05
vertex 90.75068177052681 -34.35808750301154 1.6
endloop
endfacet
facet normal -0.08715329835649045 -0.99619491194524 0
outer loop
vertex 90.9243341 -34.37327969679713 5.05
vertex 90.75068177052681 -34.35808750301154 1.6
vertex 90.92433410000231 -34.3732796887182 1.6
endloop
endfacet
facet normal -0.2588190451025269 -0.9659258262890666 0
outer loop
vertex 90.75068387233304 -34.35808750301221 5.05
vertex 90.58231190667436 -34.31297237078592 5.05
vertex 90.58231194850731 -34.31297237078442 1.6
endloop
endfacet
facet normal -0.2588190451025269 -0.9659258262890666 0
outer loop
vertex 90.75068387233304 -34.35808750301221 5.05
vertex 90.58231194850731 -34.31297237078442 1.6
vertex 90.75068177052681 -34.35808750301154 1.6
endloop
endfacet
facet normal -0.42261826174067957 -0.9063077870366593 -5.504883931591952e-9
outer loop
vertex 90.58231190667436 -34.31297237078592 5.05
vertex 90.42433205 -34.23930515378444 5.05
vertex 90.42433209494489 -34.2393051537874 1.6
endloop
endfacet
facet normal -0.42261826174067957 -0.9063077870366593 -5.504883931591952e-9
outer loop
vertex 90.58231190667436 -34.31297237078592 5.05
vertex 90.42433209494489 -34.2393051537874 1.6
vertex 90.43576215399533 -34.24463507937199 1.6
endloop
endfacet
facet normal -0.42261826174067957 -0.9063077870366593 -5.504883931591952e-9
outer loop
vertex 90.58231190667436 -34.31297237078592 5.05
vertex 90.43576215399533 -34.24463507937199 1.6
vertex 90.58231194850731 -34.31297237078442 1.6
endloop
endfacet
facet normal -0.5735764363510608 -0.8191520442889816 0
outer loop
vertex 90.42433205 -34.23930515378444 5.05
vertex 90.28154444031348 -34.139324193118995 5.05
vertex 90.28154448593872 -34.13932419311992 1.6
endloop
endfacet
facet normal -0.5735764363510608 -0.8191520442889816 0
outer loop
vertex 90.42433205 -34.23930515378444 5.05
vertex 90.28154448593872 -34.13932419311992 1.6
vertex 90.42433209494489 -34.2393051537874 1.6
endloop
endfacet
facet normal -0.7071067811865476 -0.7071067811865476 -9.289441018716708e-9
outer loop
vertex 90.28154444031348 -34.139324193118995 5.05
vertex 90.15828760688102 -34.01606735968653 5.05
vertex 90.1582876522052 -34.01606735968719 1.6
endloop
endfacet
facet normal -0.7071067811865476 -0.7071067811865476 -9.289441018716708e-9
outer loop
vertex 90.28154444031348 -34.139324193118995 5.05
vertex 90.1582876522052 -34.01606735968719 1.6
vertex 90.2227675688109 -34.080547300002976 1.6
endloop
endfacet
facet normal -0.7071067811865476 -0.7071067811865476 -9.289441018716708e-9
outer loop
vertex 90.28154444031348 -34.139324193118995 5.05
vertex 90.2227675688109 -34.080547300002976 1.6
vertex 90.28154448593872 -34.13932419311992 1.6
endloop
endfacet
facet normal -0.819152044288981 -0.5735764363510616 0
outer loop
vertex 90.15828760688102 -34.01606735968653 5.05
vertex 90.05830664621557 -33.87327975000001 5.05
vertex 90.05830669048453 -33.87327975000037 1.6
endloop
endfacet
facet normal -0.819152044288981 -0.5735764363510616 0
outer loop
vertex 90.15828760688102 -34.01606735968653 5.05
vertex 90.05830669048453 -33.87327975000037 1.6
vertex 90.1582876522052 -34.01606735968719 1.6
endloop
endfacet
facet normal -0.9063077870366456 -0.42261826174070904 0
outer loop
vertex 90.05830664621557 -33.87327975000001 5.05
vertex 89.98463942921407 -33.715299893325614 5.05
vertex 89.98463947140617 -33.715299893322126 1.6
endloop
endfacet
facet normal -0.9063077870366456 -0.42261826174070904 0
outer loop
vertex 90.05830664621557 -33.87327975000001 5.05
vertex 89.98463947140617 -33.715299893322126 1.6
vertex 90.05830669048453 -33.87327975000037 1.6
endloop
endfacet
facet normal -0.9659258262890666 -0.2588190451025271 0
outer loop
vertex 89.98463942921407 -33.715299893325614 5.05
vertex 89.93952429698781 -33.54692792766701 5.05
vertex 89.93952433489858 -33.54692792766695 1.6
endloop
endfacet
facet normal -0.9659258262890666 -0.2588190451025271 0
outer loop
vertex 89.98463942921407 -33.715299893325614 5.05
vertex 89.93952433489858 -33.54692792766695 1.6
vertex 89.98463947140617 -33.715299893322126 1.6
endloop
endfacet
facet normal -0.9961946980917448 -0.08715574274766874 0
outer loop
vertex 89.93952429698781 -33.54692792766701 5.05
vertex 89.92433205 -33.373279750000094 5.05
vertex 89.92433202680226 -33.373279196969655 1.6
endloop
endfacet
facet normal -0.9961946980917448 -0.08715574274766874 0
outer loop
vertex 89.93952429698781 -33.54692792766701 5.05
vertex 89.92433202680226 -33.373279196969655 1.6
vertex 89.93952433489858 -33.54692792766695 1.6
endloop
endfacet
facet normal 0 0 1
outer loop
vertex 89.92433205 -33.373279750000094 5.05
vertex 89.92433214839227 -33.17327946405224 5.05
vertex 89.92433215586611 -33.1580875030122 5.05
endloop
endfacet
facet normal 0 0 1
outer loop
vertex 89.92433205 -33.373279750000094 5.05
vertex 89.92433215586611 -33.1580875030122 5.05
vertex 89.92433217806098 -33.11297237078589 5.05
endloop
endfacet
facet normal 0 0 1
outer loop
vertex 89.92433205 -33.373279750000094 5.05
vertex 89.92433217806098 -33.11297237078589 5.05
vertex 89.92433221430235 -33.03930515378446 5.05
endloop
endfacet
facet normal 0 0 1
outer loop
vertex 89.92433205 -33.373279750000094 5.05
vertex 89.92433221430235 -33.03930515378446 5.05
vertex 89.92433226348903 -32.93932419311896 5.05
endloop
endfacet
facet normal 0 0 1
outer loop
vertex 89.92433205 -33.373279750000094 5.05
vertex 89.92433226348903 -32.93932419311896 5.05
vertex 89.92433232412654 -32.81606735968658 5.05
endloop
endfacet
facet normal 0 0 1
outer loop
vertex 89.92433205 -33.373279750000094 5.05
vertex 89.92433232412654 -32.81606735968658 5.05
vertex 89.92433239437243 -32.673279749999985 5.05
endloop
endfacet
facet normal 0 0 1
outer loop
vertex 89.92433205 -33.373279750000094 5.05
vertex 89.92433239437243 -32.673279749999985 5.05
vertex 89.92433247209229 -32.51529989332559 5.05
endloop
endfacet
facet normal 0 0 1
outer loop
vertex 89.92433205 -33.373279750000094 5.05
vertex 89.92433247209229 -32.51529989332559 5.05
vertex 89.92433255492466 -32.34692792766701 5.05
endloop
endfacet
facet normal 0 0 1
outer loop
vertex 89.92433205 -33.373279750000094 5.05
vertex 89.92433255492466 -32.34692792766701 5.05
vertex 89.92433264035273 -32.173279749999885 5.05
endloop
endfacet
facet normal 0 0 1
outer loop
vertex 89.92433205 -33.373279750000094 5.05
vertex 89.92433264035273 -32.173279749999885 5.05
vertex 89.92433409999998 -29.206279399999914 5.05
endloop
endfacet
facet normal 0 0 1
outer loop
vertex 89.92433205 -33.373279750000094 5.05
vertex 89.92433409999998 -29.206279399999914 5.05
vertex 89.92433409999985 -29.206279700002085 1.6
endloop
endfacet
facet normal 0 0 1
outer loop
vertex 89.92433205 -33.373279750000094 5.05
vertex 89.92433409999985 -29.206279700002085 1.6
vertex 89.92433202680226 -33.373279196969655 1.6
endloop
endfacet
facet normal -0.996192629462523 -0.08717938405692388 0
outer loop
vertex 89.92433409999998 -29.206279399999914 5.05
vertex 89.9167359265061 -29.119455611166558 5.05
vertex 89.91673592650618 -29.11945561116602 1.6
endloop
endfacet
facet normal -0.996192629462523 -0.08717938405692388 0
outer loop
vertex 89.92433409999998 -29.206279399999914 5.05
vertex 89.91673592650618 -29.11945561116602 1.6
vertex 89.92433409999985 -29.206279700002085 1.6
endloop
endfacet
facet normal -0.9659258262890666 -0.2588190451025271 0
outer loop
vertex 89.9167359265061 -29.119455611166558 5.05
vertex 89.89417836039294 -29.03526962833714 5.05
vertex 89.89417836039233 -29.035269628336458 1.6
endloop
endfacet
facet normal -0.9659258262890666 -0.2588190451025271 0
outer loop
vertex 89.9167359265061 -29.119455611166558 5.05
vertex 89.89417836039233 -29.035269628336458 1.6
vertex 89.91673592650618 -29.11945561116602 1.6
endloop
endfacet
facet normal -0.9063077870366784 -0.4226182617406384 0
outer loop
vertex 89.89417836039294 -29.03526962833714 5.05
vertex 89.85734475189221 -28.956279699999982 5.05
vertex 89.85734475189321 -28.956279700000852 1.6
endloop
endfacet
facet normal -0.9063077870366784 -0.4226182617406384 0
outer loop
vertex 89.89417836039294 -29.03526962833714 5.05
vertex 89.85734475189321 -28.956279700000852 1.6
vertex 89.89417836039233 -29.035269628336458 1.6
endloop
endfacet
facet normal -0.8191520442889413 -0.5735764363511181 0
outer loop
vertex 89.85734475189221 -28.956279699999982 5.05
vertex 89.80735427155948 -28.884885895156714 5.05
vertex 89.80735427156037 -28.884885895156415 1.6
endloop
endfacet
facet normal -0.8191520442889413 -0.5735764363511181 0
outer loop
vertex 89.85734475189221 -28.956279699999982 5.05
vertex 89.80735427156037 -28.884885895156415 1.6
vertex 89.85734475189321 -28.956279700000852 1.6
endloop
endfacet
facet normal -0.7071067811865582 -0.7071067811865369 0
outer loop
vertex 89.80735427155948 -28.884885895156714 5.05
vertex 89.74572585484327 -28.82325747844051 5.05
vertex 89.74572585484314 -28.82325747844053 1.6
endloop
endfacet
facet normal -0.7071067811865582 -0.7071067811865369 0
outer loop
vertex 89.80735427155948 -28.884885895156714 5.05
vertex 89.74572585484314 -28.82325747844053 1.6
vertex 89.80735427156037 -28.884885895156415 1.6
endloop
endfacet
facet normal -0.5735764363510608 -0.8191520442889816 0
outer loop
vertex 89.74572585484327 -28.82325747844051 5.05
vertex 89.67433205000002 -28.773266998107786 5.05
vertex 89.67433205000086 -28.773266998107683 1.6
endloop
endfacet
facet normal -0.5735764363510608 -0.8191520442889816 0
outer loop
vertex 89.74572585484327 -28.82325747844051 5.05
vertex 89.67433205000086 -28.773266998107683 1.6
vertex 89.74572585484314 -28.82325747844053 1.6
endloop
endfacet
facet normal -0.422618261740677 -0.9063077870366605 0
outer loop
vertex 89.67433205000002 -28.773266998107786 5.05
vertex 89.59534212166284 -28.736433389607043 5.05
vertex 89.59534212166164 -28.73643338960705 1.6
endloop
endfacet
facet normal -0.422618261740677 -0.9063077870366605 0
outer loop
vertex 89.67433205000002 -28.773266998107786 5.05
vertex 89.59534212166164 -28.73643338960705 1.6
vertex 89.67433205000086 -28.773266998107683 1.6
endloop
endfacet
facet normal -0.25881904510252696 -0.9659258262890666 0
outer loop
vertex 89.59534212166284 -28.736433389607043 5.05
vertex 89.51115613883351 -28.713875823493908 5.05
vertex 89.51115613883252 -28.71387582349411 1.6
endloop
endfacet
facet normal -0.25881904510252696 -0.9659258262890666 0
outer loop
vertex 89.59534212166284 -28.736433389607043 5.05
vertex 89.51115613883252 -28.71387582349411 1.6
vertex 89.59534212166164 -28.73643338960705 1.6
endloop
endfacet
facet normal -0.08715574274766881 -0.9961946980917447 0
outer loop
vertex 89.51115613883351 -28.713875823493908 5.05
vertex 89.42433069892886 -28.706279581796593 5.05
vertex 89.42433205000151 -28.706279581796508 1.6
endloop
endfacet
facet normal -0.08715574274766881 -0.9961946980917447 0
outer loop
vertex 89.51115613883351 -28.713875823493908 5.05
vertex 89.42433205000151 -28.706279581796508 1.6
vertex 89.51115613883252 -28.71387582349411 1.6
endloop
endfacet
facet normal 0.08715711648311242 -0.9961945779045123 0
outer loop
vertex 71.42433410000007 -28.706279581796593 5.05
vertex 71.33750796116648 -28.713875823493908 5.05
vertex 71.33750796116564 -28.71387582349411 1.6
endloop
endfacet
facet normal 0.08715711648311242 -0.9961945779045123 0
outer loop
vertex 71.42433410000007 -28.706279581796593 5.05
vertex 71.33750796116564 -28.71387582349411 1.6
vertex 71.42433410000251 -28.706279581796508 1.6
endloop
endfacet
facet normal 0.2588190451025271 -0.9659258262890666 0
outer loop
vertex 71.33750796116648 -28.713875823493908 5.05
vertex 71.25332197833718 -28.736433389607043 5.05
vertex 71.25332197833706 -28.73643338960705 1.6
endloop
endfacet
facet normal 0.2588190451025271 -0.9659258262890666 0
outer loop
vertex 71.33750796116648 -28.713875823493908 5.05
vertex 71.25332197833706 -28.73643338960705 1.6
vertex 71.33750796116564 -28.71387582349411 1.6
endloop
endfacet
facet normal 0.4226182617406731 -0.9063077870366624 0
outer loop
vertex 71.25332197833718 -28.736433389607043 5.05
vertex 71.17433204999998 -28.773266998107786 5.05
vertex 71.1743320500001 -28.773266998107683 1.6
endloop
endfacet
facet normal 0.4226182617406731 -0.9063077870366624 0
outer loop
vertex 71.25332197833718 -28.736433389607043 5.05
vertex 71.1743320500001 -28.773266998107683 1.6
vertex 71.25332197833706 -28.73643338960705 1.6
endloop
endfacet
facet normal 0.5735764363510633 -0.8191520442889798 0
outer loop
vertex 71.17433204999998 -28.773266998107786 5.05
vertex 71.10293824515675 -28.82325747844051 5.05
vertex 71.10293824515666 -28.82325747844053 1.6
endloop
endfacet
facet normal 0.5735764363510633 -0.8191520442889798 0
outer loop
vertex 71.17433204999998 -28.773266998107786 5.05
vertex 71.10293824515666 -28.82325747844053 1.6
vertex 71.1743320500001 -28.773266998107683 1.6
endloop
endfacet
facet normal 0.7071067811865689 -0.7071067811865263 0
outer loop
vertex 71.10293824515675 -28.82325747844051 5.05
vertex 71.04130982844052 -28.884885895156714 5.05
vertex 71.04130982844079 -28.884885895156415 1.6
endloop
endfacet
facet normal 0.7071067811865689 -0.7071067811865263 0
outer loop
vertex 71.10293824515675 -28.82325747844051 5.05
vertex 71.04130982844079 -28.884885895156415 1.6
vertex 71.10293824515666 -28.82325747844053 1.6
endloop
endfacet
facet normal 0.8191520442889414 -0.5735764363511181 0
outer loop
vertex 71.04130982844052 -28.884885895156714 5.05
vertex 70.99131934810781 -28.956279699999982 5.05
vertex 70.99131934810723 -28.956279700000852 1.6
endloop
endfacet
facet normal 0.8191520442889414 -0.5735764363511181 0
outer loop
vertex 71.04130982844052 -28.884885895156714 5.05
vertex 70.99131934810723 -28.956279700000852 1.6
vertex 71.04130982844079 -28.884885895156415 1.6
endloop
endfacet
facet normal 0.9063077870366791 -0.42261826174063705 0
outer loop
vertex 70.99131934810781 -28.956279699999982 5.05
vertex 70.95448573960705 -29.03526962833714 5.05
vertex 70.95448573960722 -29.035269628336458 1.6
endloop
endfacet
facet normal 0.9063077870366791 -0.42261826174063705 0
outer loop
vertex 70.99131934810781 -28.956279699999982 5.05
vertex 70.95448573960722 -29.035269628336458 1.6
vertex 70.99131934810723 -28.956279700000852 1.6
endloop
endfacet
facet normal 0.9659258262890666 -0.2588190451025271 0
outer loop
vertex 70.95448573960705 -29.03526962833714 5.05
vertex 70.93192817349389 -29.119455611166558 5.05
vertex 70.93192817349401 -29.11945561116602 1.6
endloop
endfacet
facet normal 0.9659258262890666 -0.2588190451025271 0
outer loop
vertex 70.95448573960705 -29.03526962833714 5.05
vertex 70.93192817349401 -29.11945561116602 1.6
vertex 70.95448573960722 -29.035269628336458 1.6
endloop
endfacet
facet normal 0.9961946980917447 -0.08715574274766881 0
outer loop
vertex 70.93192817349389 -29.119455611166558 5.05
vertex 70.92433205 -29.206279399999914 5.05
vertex 70.92433204999989 -29.206279700002085 1.6
endloop
endfacet
facet normal 0.9961946980917447 -0.08715574274766881 0
outer loop
vertex 70.93192817349389 -29.119455611166558 5.05
vertex 70.92433204999989 -29.206279700002085 1.6
vertex 70.93192817349401 -29.11945561116602 1.6
endloop
endfacet
facet normal 0.9966048208509507 -0.08233365688856778 3.896040687743485e-14
outer loop
vertex 70.9243341 -34.0805473 5.05
vertex 70.91077812812038 -34.24463507937345 5.05
vertex 70.91077812812064 -34.24463507937199 1.6
endloop
endfacet
facet normal 0.9966048208509507 -0.08233365688856778 3.896040687743485e-14
outer loop
vertex 70.9243341 -34.0805473 5.05
vertex 70.91077812812064 -34.24463507937199 1.6
vertex 70.91121845537488 -34.2393051537874 1.6
endloop
endfacet
facet normal 0.9966048208509507 -0.08233365688856778 3.896040687743485e-14
outer loop
vertex 70.9243341 -34.0805473 5.05
vertex 70.91121845537488 -34.2393051537874 1.6
vertex 70.91947829712835 -34.13932419311992 1.6
endloop
endfacet
facet normal 0.9966048208509507 -0.08233365688856778 3.896040687743485e-14
outer loop
vertex 70.9243341 -34.0805473 5.05
vertex 70.91947829712835 -34.13932419311992 1.6
vertex 70.92433409999987 -34.080547300002976 1.6
endloop
endfacet
facet normal 0.9695892314872242 -0.2447380685222753 -2.9430023976680656e-14
outer loop
vertex 70.91077812812038 -34.24463507937345 5.05
vertex 70.87048194308636 -34.404278192171205 5.05
vertex 70.87048194308625 -34.40427819217124 1.6
endloop
endfacet
facet normal 0.9695892314872242 -0.2447380685222753 -2.9430023976680656e-14
outer loop
vertex 70.91077812812038 -34.24463507937345 5.05
vertex 70.87048194308625 -34.40427819217124 1.6
vertex 70.87830640484367 -34.3732796887182 1.6
endloop
endfacet
facet normal 0.9695892314872242 -0.2447380685222753 -2.9430023976680656e-14
outer loop
vertex 70.91077812812038 -34.24463507937345 5.05
vertex 70.87830640484367 -34.3732796887182 1.6
vertex 70.8821411279055 -34.35808750301154 1.6
endloop
endfacet
facet normal 0.9695892314872242 -0.2447380685222753 -2.9430023976680656e-14
outer loop
vertex 70.91077812812038 -34.24463507937345 5.05
vertex 70.8821411279055 -34.35808750301154 1.6
vertex 70.89352882690608 -34.31297237078442 1.6
endloop
endfacet
facet normal 0.9695892314872242 -0.2447380685222753 -2.9430023976680656e-14
outer loop
vertex 70.91077812812038 -34.24463507937345 5.05
vertex 70.89352882690608 -34.31297237078442 1.6
vertex 70.91077812812064 -34.24463507937199 1.6
endloop
endfacet
facet normal 0.916287191325466 -0.400521888306855 0
outer loop
vertex 70.87048194308636 -34.404278192171205 5.05
vertex 70.80453591262668 -34.55514511054217 5.05
vertex 70.8045359126264 -34.55514511054253 1.6
endloop
endfacet
facet normal 0.916287191325466 -0.400521888306855 0
outer loop
vertex 70.87048194308636 -34.404278192171205 5.05
vertex 70.8045359126264 -34.55514511054253 1.6
vertex 70.87048194308625 -34.40427819217124 1.6
endloop
endfacet
facet normal 0.8381448748025504 -0.5454476774560664 0
outer loop
vertex 70.80453591262668 -34.55514511054217 5.05
vertex 70.71472781423867 -34.69314587668483 5.05
vertex 70.71472781423888 -34.69314587668444 1.6
endloop
endfacet
facet normal 0.8381448748025504 -0.5454476774560664 0
outer loop
vertex 70.80453591262668 -34.55514511054217 5.05
vertex 70.71472781423888 -34.69314587668444 1.6
vertex 70.8045359126264 -34.55514511054253 1.6
endloop
endfacet
facet normal 0.7372806971449102 -0.6755865404354319 0
outer loop
vertex 70.71472781423867 -34.69314587668483 5.05
vertex 70.60349231906501 -34.8145393304029 5.05
vertex 70.6034923190645 -34.814539330403285 1.6
endloop
endfacet
facet normal 0.7372806971449102 -0.6755865404354319 0
outer loop
vertex 70.71472781423867 -34.69314587668483 5.05
vertex 70.6034923190645 -34.814539330403285 1.6
vertex 70.71472781423888 -34.69314587668444 1.6
endloop
endfacet
facet normal 0.61642905655404 -0.78741045093134 0
outer loop
vertex 70.60349231906501 -34.8145393304029 5.05
vertex 70.473844988676 -34.916034530856386 5.05
vertex 70.47384498867643 -34.91603453085604 1.6
endloop
endfacet
facet normal 0.61642905655404 -0.78741045093134 0
outer loop
vertex 70.60349231906501 -34.8145393304029 5.05
vertex 70.47384498867643 -34.91603453085604 1.6
vertex 70.6034923190645 -34.814539330403285 1.6
endloop
endfacet
facet normal 0.4788662054750429 -0.8778878956073685 0
outer loop
vertex 70.473844988676 -34.916034530856386 5.05
vertex 70.32930052408098 -34.99487997300154 5.05
vertex 70.32930052408099 -34.99487997300142 1.6
endloop
endfacet
facet normal 0.4788662054750429 -0.8778878956073685 0
outer loop
vertex 70.473844988676 -34.916034530856386 5.05
vertex 70.32930052408099 -34.99487997300142 1.6
vertex 70.47384498867643 -34.91603453085604 1.6
endloop
endfacet
facet normal 0.32832143235598465 -0.9445660575395003 0
outer loop
vertex 70.32930052408098 -34.99487997300154 5.05
vertex 70.17377748321805 -35.04893818008288 5.05
vertex 70.17377748321752 -35.04893818008295 1.6
endloop
endfacet
facet normal 0.32832143235598465 -0.9445660575395003 0
outer loop
vertex 70.32930052408098 -34.99487997300154 5.05
vertex 70.17377748321752 -35.04893818008295 1.6
vertex 70.32930052408099 -34.99487997300142 1.6
endloop
endfacet
facet normal 0.16887596173492617 -0.9856373113615899 0
outer loop
vertex 70.17377748321805 -35.04893818008288 5.05
vertex 70.01149205000004 -35.076743650000004 5.05
vertex 70.01149204999886 -35.07674365000018 1.6
endloop
endfacet
facet normal 0.16887596173492617 -0.9856373113615899 0
outer loop
vertex 70.17377748321805 -35.04893818008288 5.05
vertex 70.01149204999886 -35.07674365000018 1.6
vertex 70.17377748321752 -35.04893818008295 1.6
endloop
endfacet
facet normal 0.08715565988219184 -0.9961947053415309 2.6589230329342476e-14
outer loop
vertex 70.01149205000004 -35.076743650000004 5.05
vertex 48.791644200000064 -36.933237999999996 5.05
vertex 48.79164419999844 -36.93323800000023 1.6
endloop
endfacet
facet normal 0.08715565988219184 -0.9961947053415309 2.6589230329342476e-14
outer loop
vertex 70.01149205000004 -35.076743650000004 5.05
vertex 48.79164419999844 -36.93323800000023 1.6
vertex 49.75372051436079 -36.8490673096867 1.6
endloop
endfacet
facet normal 0.08715565988219184 -0.9961947053415309 2.6589230329342476e-14
outer loop
vertex 70.01149205000004 -35.076743650000004 5.05
vertex 49.75372051436079 -36.8490673096867 1.6
vertex 51.38579192484847 -36.70627970000236 1.6
endloop
endfacet
facet normal 0.08715565988219184 -0.9961947053415309 2.6589230329342476e-14
outer loop
vertex 70.01149205000004 -35.076743650000004 5.05
vertex 51.38579192484847 -36.70627970000236 1.6
vertex 53.191511679463346 -36.54829984332182 1.6
endloop
endfacet
facet normal 0.08715565988219184 -0.9961947053415309 2.6589230329342476e-14
outer loop
vertex 70.01149205000004 -35.076743650000004 5.05
vertex 53.191511679463346 -36.54829984332182 1.6
vertex 55.11601389697251 -36.37992787766853 1.6
endloop
endfacet
facet normal 0.08715565988219184 -0.9961947053415309 2.6589230329342476e-14
outer loop
vertex 70.01149205000004 -35.076743650000004 5.05
vertex 55.11601389697251 -36.37992787766853 1.6
vertex 57.10082731593099 -36.20627937066 1.6
endloop
endfacet
facet normal 0.08715565988219184 -0.9961947053415309 2.6589230329342476e-14
outer loop
vertex 70.01149205000004 -35.076743650000004 5.05
vertex 57.10082731593099 -36.20627937066 1.6
vertex 70.01149204999886 -35.07674365000018 1.6
endloop
endfacet
facet normal 0.16499236615077 -0.9862948439041798 0
outer loop
vertex 48.791644200000064 -36.933237999999996 5.05
vertex 48.71425845081966 -36.94618347765562 5.05
vertex 48.71425845081753 -36.94618347765594 1.6
endloop
endfacet
facet normal 0.16499236615077 -0.9862948439041798 0
outer loop
vertex 48.791644200000064 -36.933237999999996 5.05
vertex 48.71425845081753 -36.94618347765594 1.6
vertex 48.79164419999844 -36.93323800000023 1.6
endloop
endfacet
facet normal 0.31730448758365504 -0.9483237116930454 0
outer loop
vertex 48.71425845081966 -36.94618347765562 5.05
vertex 48.63985329552706 -36.97107907963478 5.05
vertex 48.63985329552948 -36.971079079633576 1.6
endloop
endfacet
facet normal 0.31730448758365504 -0.9483237116930454 0
outer loop
vertex 48.71425845081966 -36.94618347765562 5.05
vertex 48.63985329552948 -36.971079079633576 1.6
vertex 48.71425845081753 -36.94618347765594 1.6
endloop
endfacet
facet normal 0.461749458147369 -0.8870103933441881 1.3788152984867166e-14
outer loop
vertex 48.63985329552706 -36.97107907963478 5.05
vertex 48.57025876230046 -37.007307784786974 5.05
vertex 48.570258762300305 -37.00730778478711 1.6
endloop
endfacet
facet normal 0.461749458147369 -0.8870103933441881 1.3788152984867166e-14
outer loop
vertex 48.63985329552706 -36.97107907963478 5.05
vertex 48.570258762300305 -37.00730778478711 1.6
vertex 48.63746155639141 -36.97232414311797 1.6
endloop
endfacet
facet normal 0.461749458147369 -0.8870103933441881 1.3788152984867166e-14
outer loop
vertex 48.63985329552706 -36.97107907963478 5.05
vertex 48.63746155639141 -36.97232414311797 1.6
vertex 48.63985329552948 -36.971079079633576 1.6
endloop
endfacet
facet normal 0.5948244612635866 -0.803855621540637 0
outer loop
vertex 48.57025876230046 -37.007307784786974 5.05
vertex 48.507188524135984 -37.053977509340314 5.05
vertex 48.50718852413576 -37.05397750934049 1.6
endloop
endfacet
facet normal 0.5948244612635866 -0.803855621540637 0
outer loop
vertex 48.57025876230046 -37.007307784786974 5.05
vertex 48.50718852413576 -37.05397750934049 1.6
vertex 48.570258762300305 -37.00730778478711 1.6
endloop
endfacet
facet normal 0.7132527016338744 -0.7009069721524955 -9.196374405430306e-15
outer loop
vertex 48.507188524135984 -37.053977509340314 5.05
vertex 48.452195601924196 -37.10993907328059 5.05
vertex 48.452195601924046 -37.1099390732807 1.6
endloop
endfacet
facet normal 0.7132527016338744 -0.7009069721524955 -9.196374405430306e-15
outer loop
vertex 48.507188524135984 -37.053977509340314 5.05
vertex 48.452195601924046 -37.1099390732807 1.6
vertex 48.489178163009264 -37.07230510378776 1.6
endloop
endfacet
facet normal 0.7132527016338744 -0.7009069721524955 -9.196374405430306e-15
outer loop
vertex 48.507188524135984 -37.053977509340314 5.05
vertex 48.489178163009264 -37.07230510378776 1.6
vertex 48.50718852413576 -37.05397750934049 1.6
endloop
endfacet
facet normal 0.8141180410495071 -0.5806994190092779 -1.6404473438575182e-14
outer loop
vertex 48.452195601924196 -37.10993907328059 5.05
vertex 48.40663412337325 -37.173814497382956 5.05
vertex 48.40663412337356 -37.17381449738243 1.6
endloop
endfacet
facet normal 0.8141180410495071 -0.5806994190092779 -1.6404473438575182e-14
outer loop
vertex 48.452195601924196 -37.10993907328059 5.05
vertex 48.40663412337356 -37.17381449738243 1.6
vertex 48.42649357244502 -37.14597232078449 1.6
endloop
endfacet
facet normal 0.8141180410495071 -0.5806994190092779 -1.6404473438575182e-14
outer loop
vertex 48.452195601924196 -37.10993907328059 5.05
vertex 48.42649357244502 -37.14597232078449 1.6
vertex 48.452195601924046 -37.1099390732807 1.6
endloop
endfacet
facet normal 0.8949368044231152 -0.44619291353510154 1.010319459942246e-14
outer loop
vertex 48.40663412337325 -37.173814497382956 5.05
vertex 48.3716259794107 -37.24403093412196 5.05
vertex 48.371625979410695 -37.24403093412205 1.6
endloop
endfacet
facet normal 0.8949368044231152 -0.44619291353510154 1.010319459942246e-14
outer loop
vertex 48.40663412337325 -37.173814497382956 5.05
vertex 48.371625979410695 -37.24403093412205 1.6
vertex 48.390447821748296 -37.206279641073685 1.6
endloop
endfacet
facet normal 0.8949368044231152 -0.44619291353510154 1.010319459942246e-14
outer loop
vertex 48.40663412337325 -37.173814497382956 5.05
vertex 48.390447821748296 -37.206279641073685 1.6
vertex 48.3980222634526 -37.191087453012166 1.6
endloop
endfacet
facet normal 0.8949368044231152 -0.44619291353510154 1.010319459942246e-14
outer loop
vertex 48.40663412337325 -37.173814497382956 5.05
vertex 48.3980222634526 -37.191087453012166 1.6
vertex 48.40663412337356 -37.17381449738243 1.6
endloop
endfacet
facet normal 0.9537189369911756 -0.30069949987391426 0
outer loop
vertex 48.3716259794107 -37.24403093412196 5.05
vertex 48.348033199109345 -37.31885939695316 5.05
vertex 48.34803319910906 -37.31885939695411 1.6
endloop
endfacet
facet normal 0.9537189369911756 -0.30069949987391426 0
outer loop
vertex 48.3716259794107 -37.24403093412196 5.05
vertex 48.34803319910906 -37.31885939695411 1.6
vertex 48.371625979410695 -37.24403093412205 1.6
endloop
endfacet
facet normal 0.9890170067710222 -0.14780176019820598 0
outer loop
vertex 48.348033199109345 -37.31885939695316 5.05
vertex 48.3364367233654 -37.39645733431189 5.05
vertex 48.33643672336545 -37.39645733431058 1.6
endloop
endfacet
facet normal 0.9890170067710222 -0.14780176019820598 0
outer loop
vertex 48.348033199109345 -37.31885939695316 5.05
vertex 48.33643672336545 -37.39645733431058 1.6
vertex 48.34803319910906 -37.31885939695411 1.6
endloop
endfacet
facet normal 0.9999618456513963 0.008735401619446748 0
outer loop
vertex 48.3364367233654 -37.39645733431189 5.05
vertex 48.33712210000001 -37.47491400000012 5.05
vertex 48.33712210000008 -37.47491400000172 1.6
endloop
endfacet
facet normal 0.9999618456513963 0.008735401619446748 0
outer loop
vertex 48.3364367233654 -37.39645733431189 5.05
vertex 48.33712210000008 -37.47491400000172 1.6
vertex 48.33643672336545 -37.39645733431058 1.6
endloop
endfacet
facet normal 0 0 -1
outer loop
vertex 48.33712210000001 -37.47491400000012 5.05
vertex 49.711634180869176 -53.18563019999991 5.05
vertex 49.72519299026138 -53.34060783459055 5.05
endloop
endfacet
facet normal 0 0 -1
outer loop
vertex 48.33712210000001 -37.47491400000012 5.05
vertex 49.72519299026138 -53.34060783459055 5.05
vertex 49.73860927403345 -53.49395639668392 5.05
endloop
endfacet
facet normal 0 0 -1
outer loop
vertex 48.33712210000001 -37.47491400000012 5.05
vertex 49.73860927403345 -53.49395639668392 5.05
vertex 49.75156075953489 -53.6419922993496 5.05
endloop
endfacet
facet normal 0 0 -1
outer loop
vertex 48.33712210000001 -37.47491400000012 5.05
vertex 49.75156075953489 -53.6419922993496 5.05
vertex 49.763736347483615 -53.78115966762376 5.05
endloop
endfacet
facet normal 0 0 -1
outer loop
vertex 48.33712210000001 -37.47491400000012 5.05
vertex 49.763736347483615 -53.78115966762376 5.05
vertex 49.77484357593234 -53.90811565188818 5.05
endloop
endfacet
facet normal 0 0 -1
outer loop
vertex 48.33712210000001 -37.47491400000012 5.05
vertex 49.77484357593234 -53.90811565188818 5.05
vertex 49.7846156453085 -54.019810724306815 5.05
endloop
endfacet
facet normal 0 0 -1
outer loop
vertex 48.33712210000001 -37.47491400000012 5.05
vertex 49.7846156453085 -54.019810724306815 5.05
vertex 49.792817827034646 -54.1135619295661 5.05
endloop
endfacet
facet normal 0 0 -1
outer loop
vertex 48.33712210000001 -37.47491400000012 5.05
vertex 49.792817827034646 -54.1135619295661 5.05
vertex 49.79925310179231 -54.1871173304155 5.05
endloop
endfacet
facet normal 0 0 -1
outer loop
vertex 48.33712210000001 -37.47491400000012 5.05
vertex 49.79925310179231 -54.1871173304155 5.05
vertex 49.80376689199604 -54.23871009999999 5.05
endloop
endfacet
facet normal 0 0 -1
outer loop
vertex 48.33712210000001 -37.47491400000012 5.05
vertex 49.80376689199604 -54.23871009999999 5.05
vertex 49.81874489999993 -54.409908000000016 5.05
endloop
endfacet
facet normal 0 0 -1
outer loop
vertex 48.33712210000001 -37.47491400000012 5.05
vertex 49.81874489999993 -54.409908000000016 5.05
vertex 49.81874489999993 -54.409908000000016 1.6
endloop
endfacet
facet normal 0 0 -1
outer loop
vertex 48.33712210000001 -37.47491400000012 5.05
vertex 49.81874489999993 -54.409908000000016 1.6
vertex 49.728051400834204 -53.37327950000014 1.6
endloop
endfacet
facet normal 0 0 -1
outer loop
vertex 48.33712210000001 -37.47491400000012 5.05
vertex 49.728051400834204 -53.37327950000014 1.6
vertex 49.72300818117225 -53.315635341210346 1.6
endloop
endfacet
facet normal 0 0 -1
outer loop
vertex 48.33712210000001 -37.47491400000012 5.05
vertex 49.72300818117225 -53.315635341210346 1.6
vertex 49.708072330289404 -53.144918097532724 1.6
endloop
endfacet
facet normal 0 0 -1
outer loop
vertex 48.33712210000001 -37.47491400000012 5.05
vertex 49.708072330289404 -53.144918097532724 1.6
vertex 49.68381782455954 -52.86768833690864 1.6
endloop
endfacet
facet normal 0 0 -1
outer loop
vertex 48.33712210000001 -37.47491400000012 5.05
vertex 49.68381782455954 -52.86768833690864 1.6
vertex 49.65117675103534 -52.49459984356188 1.6
endloop
endfacet
facet normal 0 0 -1
outer loop
vertex 48.33712210000001 -37.47491400000012 5.05
vertex 49.65117675103534 -52.49459984356188 1.6
vertex 49.611403487866696 -52.039990199057726 1.6
endloop
endfacet
facet normal 0 0 -1
outer loop
vertex 48.33712210000001 -37.47491400000012 5.05
vertex 49.611403487866696 -52.039990199057726 1.6
vertex 49.56602649925266 -51.52132979709292 1.6
endloop
endfacet
facet normal 0 0 -1
outer loop
vertex 48.33712210000001 -37.47491400000012 5.05
vertex 49.56602649925266 -51.52132979709292 1.6
vertex 49.51678959741818 -50.95855046604952 1.6
endloop
endfacet
facet normal 0 0 -1
outer loop
vertex 48.33712210000001 -37.47491400000012 5.05
vertex 49.51678959741818 -50.95855046604952 1.6
vertex 49.465584928887814 -50.37327950000267 1.6
endloop
endfacet
facet normal 0 0 -1
outer loop
vertex 48.33712210000001 -37.47491400000012 5.05
vertex 49.465584928887814 -50.37327950000267 1.6
vertex 49.414380260357255 -49.788008533953686 1.6
endloop
endfacet
facet normal 0 0 -1
outer loop
vertex 48.33712210000001 -37.47491400000012 5.05
vertex 49.414380260357255 -49.788008533953686 1.6
vertex 49.36514335852246 -49.225229202906675 1.6
endloop
endfacet
facet normal 0 0 -1
outer loop
vertex 48.33712210000001 -37.47491400000012 5.05
vertex 49.36514335852246 -49.225229202906675 1.6
vertex 49.31976636990771 -48.70656880093374 1.6
endloop
endfacet
facet normal 0 0 -1
outer loop
vertex 48.33712210000001 -37.47491400000012 5.05
vertex 49.31976636990771 -48.70656880093374 1.6
vertex 49.27999310674033 -48.251959156443924 1.6
endloop
endfacet
facet normal 0 0 -1
outer loop
vertex 48.33712210000001 -37.47491400000012 5.05
vertex 49.27999310674033 -48.251959156443924 1.6
vertex 49.24735203321607 -47.87887066309645 1.6
endloop
endfacet
facet normal 0 0 -1
outer loop
vertex 48.33712210000001 -37.47491400000012 5.05
vertex 49.24735203321607 -47.87887066309645 1.6
vertex 49.223097527485535 -47.60164090246478 1.6
endloop
endfacet
facet normal 0 0 -1
outer loop
vertex 48.33712210000001 -37.47491400000012 5.05
vertex 49.223097527485535 -47.60164090246478 1.6
vertex 49.208161676603034 -47.43092365879104 1.6
endloop
endfacet
facet normal 0 0 -1
outer loop
vertex 48.33712210000001 -37.47491400000012 5.05
vertex 49.208161676603034 -47.43092365879104 1.6
vertex 49.20311845694097 -47.373279500000116 1.6
endloop
endfacet
facet normal 0 0 -1
outer loop
vertex 48.33712210000001 -37.47491400000012 5.05
vertex 49.20311845694097 -47.373279500000116 1.6
vertex 48.33712210000008 -37.47491400000172 1.6
endloop
endfacet
facet normal 0.9961947107109508 0.08715559850936248 -5.334557682264571e-14
outer loop
vertex 49.81874489999993 -54.409908000000016 5.05
vertex 49.8633754 -54.920037799999996 5.05
vertex 49.86337539999982 -54.920037799999996 1.6
endloop
endfacet
facet normal 0.9961947107109508 0.08715559850936248 -5.334557682264571e-14
outer loop
vertex 49.81874489999993 -54.409908000000016 5.05
vertex 49.86337539999982 -54.920037799999996 1.6
vertex 49.859866242352645 -54.879927877666155 1.6
endloop
endfacet
facet normal 0.9961947107109508 0.08715559850936248 -5.334557682264571e-14
outer loop
vertex 49.81874489999993 -54.409908000000016 5.05
vertex 49.859866242352645 -54.879927877666155 1.6
vertex 49.8446738914154 -54.7062782222702 1.6
endloop
endfacet
facet normal 0.9961947107109508 0.08715559850936248 -5.334557682264571e-14
outer loop
vertex 49.81874489999993 -54.409908000000016 5.05
vertex 49.8446738914154 -54.7062782222702 1.6
vertex 49.81874489999993 -54.409908000000016 1.6
endloop
endfacet
facet normal 0.2588190444557049 -0.965925826462382 -5.94682824049982e-15
outer loop
vertex 49.8633754 -54.920037799999996 5.05
vertex 25.777524800000066 -61.37382199999998 5.05
vertex 25.777524799997575 -61.37382200000063 1.6
endloop
endfacet
facet normal 0.2588190444557049 -0.965925826462382 -5.94682824049982e-15
outer loop
vertex 49.8633754 -54.920037799999996 5.05
vertex 25.777524799997575 -61.37382200000063 1.6
vertex 46.92908635552058 -55.70627822360688 1.6
endloop
endfacet
facet normal 0.2588190444557049 -0.965925826462382 -5.94682824049982e-15
outer loop
vertex 49.8633754 -54.920037799999996 5.05
vertex 46.92908635552058 -55.70627822360688 1.6
vertex 48.26221556103429 -55.349067309693034 1.6
endloop
endfacet
facet normal 0.2588190444557049 -0.965925826462382 -5.94682824049982e-15
outer loop
vertex 49.8633754 -54.920037799999996 5.05
vertex 48.26221556103429 -55.349067309693034 1.6
vertex 48.79510614542945 -55.20627969999955 1.6
endloop
endfacet
facet normal 0.2588190444557049 -0.965925826462382 -5.94682824049982e-15
outer loop
vertex 49.8633754 -54.920037799999996 5.05
vertex 48.79510614542945 -55.20627969999955 1.6
vertex 49.38469496427411 -55.04829984332712 1.6
endloop
endfacet
facet normal 0.2588190444557049 -0.965925826462382 -5.94682824049982e-15
outer loop
vertex 49.8633754 -54.920037799999996 5.05
vertex 49.38469496427411 -55.04829984332712 1.6
vertex 49.86337539999982 -54.920037799999996 1.6
endloop
endfacet
facet normal 0.34206320607593405 -0.9396769461091686 0
outer loop
vertex 25.777524800000066 -61.37382199999998 5.05
vertex 25.695628666026884 -61.40363400535787 5.05
vertex 25.695628666027492 -61.40363400535739 1.6
endloop
endfacet
facet normal 0.34206320607593405 -0.9396769461091686 0
outer loop
vertex 25.777524800000066 -61.37382199999998 5.05
vertex 25.695628666027492 -61.40363400535739 1.6
vertex 25.777524799997575 -61.37382200000063 1.6
endloop
endfacet
facet normal 0.4999914691808395 -0.8660303289991557 0
outer loop
vertex 25.695628666026884 -61.40363400535787 5.05
vertex 25.62015016142987 -61.447210548974596 5.05
vertex 25.620150161430175 -61.44721054897428 1.6
endloop
endfacet
facet normal 0.4999914691808395 -0.8660303289991557 0
outer loop
vertex 25.695628666026884 -61.40363400535787 5.05
vertex 25.620150161430175 -61.44721054897428 1.6
vertex 25.695628666027492 -61.40363400535739 1.6
endloop
endfacet
facet normal 0.6427782666014543 -0.7660522828011347 0
outer loop
vertex 25.62015016142987 -61.447210548974596 5.05
vertex 25.55338520088187 -61.50323161512668 5.05
vertex 25.553385200882186 -61.50323161512636 1.6
endloop
endfacet
facet normal 0.6427782666014543 -0.7660522828011347 0
outer loop
vertex 25.62015016142987 -61.447210548974596 5.05
vertex 25.553385200882186 -61.50323161512636 1.6
vertex 25.620150161430175 -61.44721054897428 1.6
endloop
endfacet
facet normal 0.7660350953476313 -0.6427987497621207 0
outer loop
vertex 25.55338520088187 -61.50323161512668 5.05
vertex 25.497362349528622 -61.56999507770951 5.05
vertex 25.49736234952862 -61.56999507770957 1.6
endloop
endfacet
facet normal 0.7660350953476313 -0.6427987497621207 0
outer loop
vertex 25.55338520088187 -61.50323161512668 5.05
vertex 25.49736234952862 -61.56999507770957 1.6
vertex 25.553385200882186 -61.50323161512636 1.6
endloop
endfacet
facet normal 0.8660169594708993 -0.5000146256948679 0
outer loop
vertex 25.497362349528622 -61.56999507770951 5.05
vertex 25.45378378771572 -61.645472417091085 5.05
vertex 25.45378378771548 -61.64547241709156 1.6
endloop
endfacet
facet normal 0.8660169594708993 -0.5000146256948679 0
outer loop
vertex 25.497362349528622 -61.56999507770951 5.05
vertex 25.45378378771548 -61.64547241709156 1.6
vertex 25.49736234952862 -61.56999507770957 1.6
endloop
endfacet
facet normal 0.9396860420818485 -0.34203821762567777 0
outer loop
vertex 25.45378378771572 -61.645472417091085 5.05
vertex 25.423973592487016 -61.727370354001756 5.05
vertex 25.42397359248743 -61.727370354000435 1.6
endloop
endfacet
facet normal 0.9396860420818485 -0.34203821762567777 0
outer loop
vertex 25.45378378771572 -61.645472417091085 5.05
vertex 25.42397359248743 -61.727370354000435 1.6
vertex 25.45378378771548 -61.64547241709156 1.6
endloop
endfacet
facet normal 0.9848040054046465 -0.17366943006460636 0
outer loop
vertex 25.423973592487016 -61.727370354001756 5.05
vertex 25.408837507252386 -61.81320052779611 5.05
vertex 25.408837507252297 -61.81320052779763 1.6
endloop
endfacet
facet normal 0.9848040054046465 -0.17366943006460636 0
outer loop
vertex 25.423973592487016 -61.727370354001756 5.05
vertex 25.408837507252297 -61.81320052779763 1.6
vertex 25.42397359248743 -61.727370354000435 1.6
endloop
endfacet
facet normal 0.9999999997137674 -0.000023926246761618586 0
outer loop
vertex 25.408837507252386 -61.81320052779611 5.05
vertex 25.408835421970537 -61.900355102004475 5.05
vertex 25.408835421970448 -61.90035510200303 1.6
endloop
endfacet
facet normal 0.9999999997137674 -0.000023926246761618586 0
outer loop
vertex 25.408837507252386 -61.81320052779611 5.05
vertex 25.408835421970448 -61.90035510200303 1.6
vertex 25.408837507252297 -61.81320052779763 1.6
endloop
endfacet
facet normal 0.9848123147923955 0.17362230453845484 0
outer loop
vertex 25.408835421970537 -61.900355102004475 5.05
vertex 25.423967400000002 -61.98618600000001 5.05
vertex 25.423967400001636 -61.986186000008324 1.6
endloop
endfacet
facet normal 0.9848123147923955 0.17362230453845484 0
outer loop
vertex 25.408835421970537 -61.900355102004475 5.05
vertex 25.423967400001636 -61.986186000008324 1.6
vertex 25.408835421970448 -61.90035510200303 1.6
endloop
endfacet
facet normal 0.9659258013618043 0.25881913813231866 -3.010972265737475e-13
outer loop
vertex 25.423967400000002 -61.98618600000001 5.05
vertex 38.62374577749738 -111.24841057538694 5.05
vertex 38.62374577749305 -111.24841057537478 1.6
endloop
endfacet
facet normal 0.9659258013618043 0.25881913813231866 -3.010972265737475e-13
outer loop
vertex 25.423967400000002 -61.98618600000001 5.05
vertex 38.62374577749305 -111.24841057537478 1.6
vertex 37.4860117727604 -107.00233109999934 1.6
endloop
endfacet
facet normal 0.9659258013618043 0.25881913813231866 -3.010972265737475e-13
outer loop
vertex 25.423967400000002 -61.98618600000001 5.05
vertex 37.4860117727604 -107.00233109999934 1.6
vertex 37.48034956603285 -106.98119946495004 1.6
endloop
endfacet
facet normal 0.9659258013618043 0.25881913813231866 -3.010972265737475e-13
outer loop
vertex 25.423967400000002 -61.98618600000001 5.05
vertex 37.48034956603285 -106.98119946495004 1.6
vertex 37.477368828546865 -106.9700752054939 1.6
endloop
endfacet
facet normal 0.9659258013618043 0.25881913813231866 -3.010972265737475e-13
outer loop
vertex 25.423967400000002 -61.98618600000001 5.05
vertex 37.477368828546865 -106.9700752054939 1.6
vertex 37.47709963181492 -106.96907055000011 1.6
endloop
endfacet
facet normal 0.9659258013618043 0.25881913813231866 -3.010972265737475e-13
outer loop
vertex 25.423967400000002 -61.98618600000001 5.05
vertex 37.47709963181492 -106.96907055000011 1.6
vertex 36.625345847201395 -103.79028337489875 1.6
endloop
endfacet
facet normal 0.9659258013618043 0.25881913813231866 -3.010972265737475e-13
outer loop
vertex 25.423967400000002 -61.98618600000001 5.05
vertex 36.625345847201395 -103.79028337489875 1.6
vertex 33.287107297712794 -91.33181229999983 1.6
endloop
endfacet
facet normal 0.9659258013618043 0.25881913813231866 -3.010972265737475e-13
outer loop
vertex 25.423967400000002 -61.98618600000001 5.05
vertex 33.287107297712794 -91.33181229999983 1.6
vertex 33.27166158596626 -91.27416814120988 1.6
endloop
endfacet
facet normal 0.9659258013618043 0.25881913813231866 -3.010972265737475e-13
outer loop
vertex 25.423967400000002 -61.98618600000001 5.05
vertex 33.27166158596626 -91.27416814120988 1.6
vertex 33.22591802076676 -91.10345089753417 1.6
endloop
endfacet
facet normal 0.9659258013618043 0.25881913813231866 -3.010972265737475e-13
outer loop
vertex 25.423967400000002 -61.98618600000001 5.05
vertex 33.22591802076676 -91.10345089753417 1.6
vertex 33.15163450167157 -90.82622113690762 1.6
endloop
endfacet
facet normal 0.9659258013618043 0.25881913813231866 -3.010972265737475e-13
outer loop
vertex 25.423967400000002 -61.98618600000001 5.05
vertex 33.15163450167157 -90.82622113690762 1.6
vertex 33.051665702661246 -90.45313264356032 1.6
endloop
endfacet
facet normal 0.9659258013618043 0.25881913813231866 -3.010972265737475e-13
outer loop
vertex 25.423967400000002 -61.98618600000001 5.05
vertex 33.051665702661246 -90.45313264356032 1.6
vertex 32.929853368617216 -89.99852299905604 1.6
endloop
endfacet
facet normal 0.9659258013618043 0.25881913813231866 -3.010972265737475e-13
outer loop
vertex 25.423967400000002 -61.98618600000001 5.05
vertex 32.929853368617216 -89.99852299905604 1.6
vertex 32.79087867922687 -89.47986259709708 1.6
endloop
endfacet
facet normal 0.9659258013618043 0.25881913813231866 -3.010972265737475e-13
outer loop
vertex 25.423967400000002 -61.98618600000001 5.05
vertex 32.79087867922687 -89.47986259709708 1.6
vertex 32.64008235386251 -88.91708326605115 1.6
endloop
endfacet
facet normal 0.9659258013618043 0.25881913813231866 -3.010972265737475e-13
outer loop
vertex 25.423967400000002 -61.98618600000001 5.05
vertex 32.64008235386251 -88.91708326605115 1.6
vertex 32.48325941073938 -88.33181229999651 1.6
endloop
endfacet
facet normal 0.9659258013618043 0.25881913813231866 -3.010972265737475e-13
outer loop
vertex 25.423967400000002 -61.98618600000001 5.05
vertex 32.48325941073938 -88.33181229999651 1.6
vertex 32.32643646761961 -87.74654133395441 1.6
endloop
endfacet
facet normal 0.9659258013618043 0.25881913813231866 -3.010972265737475e-13
outer loop
vertex 25.423967400000002 -61.98618600000001 5.05
vertex 32.32643646761961 -87.74654133395441 1.6
vertex 32.175640142253414 -87.18376200290162 1.6
endloop
endfacet
facet normal 0.9659258013618043 0.25881913813231866 -3.010972265737475e-13
outer loop
vertex 25.423967400000002 -61.98618600000001 5.05
vertex 32.175640142253414 -87.18376200290162 1.6
vertex 32.03666545286291 -86.66510160094208 1.6
endloop
endfacet
facet normal 0.9659258013618043 0.25881913813231866 -3.010972265737475e-13
outer loop
vertex 25.423967400000002 -61.98618600000001 5.05
vertex 32.03666545286291 -86.66510160094208 1.6
vertex 31.914853118819853 -86.21049195644143 1.6
endloop
endfacet
facet normal 0.9659258013618043 0.25881913813231866 -3.010972265737475e-13
outer loop
vertex 25.423967400000002 -61.98618600000001 5.05
vertex 31.914853118819853 -86.21049195644143 1.6
vertex 31.814884319809064 -85.83740346309241 1.6
endloop
endfacet
facet normal 0.9659258013618043 0.25881913813231866 -3.010972265737475e-13
outer loop
vertex 25.423967400000002 -61.98618600000001 5.05
vertex 31.814884319809064 -85.83740346309241 1.6
vertex 31.74060080071413 -85.5601737024668 1.6
endloop
endfacet
facet normal 0.9659258013618043 0.25881913813231866 -3.010972265737475e-13
outer loop
vertex 25.423967400000002 -61.98618600000001 5.05
vertex 31.74060080071413 -85.5601737024668 1.6
vertex 31.694857235514164 -85.38945645878933 1.6
endloop
endfacet
facet normal 0.9659258013618043 0.25881913813231866 -3.010972265737475e-13
outer loop
vertex 25.423967400000002 -61.98618600000001 5.05
vertex 31.694857235514164 -85.38945645878933 1.6
vertex 31.67941152376774 -85.33181229999981 1.6
endloop
endfacet
facet normal 0.9659258013618043 0.25881913813231866 -3.010972265737475e-13
outer loop
vertex 25.423967400000002 -61.98618600000001 5.05
vertex 31.67941152376774 -85.33181229999981 1.6
vertex 28.887181848487078 -74.91107330000003 1.6
endloop
endfacet
facet normal 0.9659258013618043 0.25881913813231866 -3.010972265737475e-13
outer loop
vertex 25.423967400000002 -61.98618600000001 5.05
vertex 28.887181848487078 -74.91107330000003 1.6
vertex 28.871736136740363 -74.85342914120942 1.6
endloop
endfacet
facet normal 0.9659258013618043 0.25881913813231866 -3.010972265737475e-13
outer loop
vertex 25.423967400000002 -61.98618600000001 5.05
vertex 28.871736136740363 -74.85342914120942 1.6
vertex 28.82599257154079 -74.68271189753342 1.6
endloop
endfacet
facet normal 0.9659258013618043 0.25881913813231866 -3.010972265737475e-13
outer loop
vertex 25.423967400000002 -61.98618600000001 5.05
vertex 28.82599257154079 -74.68271189753342 1.6
vertex 28.751709052445918 -74.40548213690803 1.6
endloop
endfacet
facet normal 0.9659258013618043 0.25881913813231866 -3.010972265737475e-13
outer loop
vertex 25.423967400000002 -61.98618600000001 5.05
vertex 28.751709052445918 -74.40548213690803 1.6
vertex 28.65174025343556 -74.03239364356062 1.6
endloop
endfacet
facet normal 0.9659258013618043 0.25881913813231866 -3.010972265737475e-13
outer loop
vertex 25.423967400000002 -61.98618600000001 5.05
vertex 28.65174025343556 -74.03239364356062 1.6
vertex 28.52992791939126 -73.57778399905534 1.6
endloop
endfacet
facet normal 0.9659258013618043 0.25881913813231866 -3.010972265737475e-13
outer loop
vertex 25.423967400000002 -61.98618600000001 5.05
vertex 28.52992791939126 -73.57778399905534 1.6
vertex 28.390953230001703 -73.05912359709932 1.6
endloop
endfacet
facet normal 0.9659258013618043 0.25881913813231866 -3.010972265737475e-13
outer loop
vertex 25.423967400000002 -61.98618600000001 5.05
vertex 28.390953230001703 -73.05912359709932 1.6
vertex 28.240156904636088 -72.49634426604871 1.6
endloop
endfacet
facet normal 0.9659258013618043 0.25881913813231866 -3.010972265737475e-13
outer loop
vertex 25.423967400000002 -61.98618600000001 5.05
vertex 28.240156904636088 -72.49634426604871 1.6
vertex 28.08333396151389 -71.91107329999754 1.6
endloop
endfacet
facet normal 0.9659258013618043 0.25881913813231866 -3.010972265737475e-13
outer loop
vertex 25.423967400000002 -61.98618600000001 5.05
vertex 28.08333396151389 -71.91107329999754 1.6
vertex 27.92651101839361 -71.32580233395355 1.6
endloop
endfacet
facet normal 0.9659258013618043 0.25881913813231866 -3.010972265737475e-13
outer loop
vertex 25.423967400000002 -61.98618600000001 5.05
vertex 27.92651101839361 -71.32580233395355 1.6
vertex 27.775714693027847 -70.76302300290237 1.6
endloop
endfacet
facet normal 0.9659258013618043 0.25881913813231866 -3.010972265737475e-13
outer loop
vertex 25.423967400000002 -61.98618600000001 5.05
vertex 27.775714693027847 -70.76302300290237 1.6
vertex 27.63674000363741 -70.24436260094306 1.6
endloop
endfacet
facet normal 0.9659258013618043 0.25881913813231866 -3.010972265737475e-13
outer loop
vertex 25.423967400000002 -61.98618600000001 5.05
vertex 27.63674000363741 -70.24436260094306 1.6
vertex 27.51492766959364 -69.78975295643976 1.6
endloop
endfacet
facet normal 0.9659258013618043 0.25881913813231866 -3.010972265737475e-13
outer loop
vertex 25.423967400000002 -61.98618600000001 5.05
vertex 27.51492766959364 -69.78975295643976 1.6
vertex 27.4149588705834 -69.4166644630928 1.6
endloop
endfacet
facet normal 0.9659258013618043 0.25881913813231866 -3.010972265737475e-13
outer loop
vertex 25.423967400000002 -61.98618600000001 5.05
vertex 27.4149588705834 -69.4166644630928 1.6
vertex 27.340675351488393 -69.1394347024669 1.6
endloop
endfacet
facet normal 0.9659258013618043 0.25881913813231866 -3.010972265737475e-13
outer loop
vertex 25.423967400000002 -61.98618600000001 5.05
vertex 27.340675351488393 -69.1394347024669 1.6
vertex 27.2949317862886 -68.9687174587901 1.6
endloop
endfacet
facet normal 0.9659258013618043 0.25881913813231866 -3.010972265737475e-13
outer loop
vertex 25.423967400000002 -61.98618600000001 5.05
vertex 27.2949317862886 -68.9687174587901 1.6
vertex 27.27948607454204 -68.91107330000006 1.6
endloop
endfacet
facet normal 0.9659258013618043 0.25881913813231866 -3.010972265737475e-13
outer loop
vertex 25.423967400000002 -61.98618600000001 5.05
vertex 27.27948607454204 -68.91107330000006 1.6
vertex 27.175054577451306 -68.52132979709413 1.6
endloop
endfacet
facet normal 0.9659258013618043 0.25881913813231866 -3.010972265737475e-13
outer loop
vertex 25.423967400000002 -61.98618600000001 5.05
vertex 27.175054577451306 -68.52132979709413 1.6
vertex 27.024258252087037 -67.95855046604854 1.6
endloop
endfacet
facet normal 0.9659258013618043 0.25881913813231866 -3.010972265737475e-13
outer loop
vertex 25.423967400000002 -61.98618600000001 5.05
vertex 27.024258252087037 -67.95855046604854 1.6
vertex 26.86743530896593 -67.37327950000144 1.6
endloop
endfacet
facet normal 0.9659258013618043 0.25881913813231866 -3.010972265737475e-13
outer loop
vertex 25.423967400000002 -61.98618600000001 5.05
vertex 26.86743530896593 -67.37327950000144 1.6
vertex 26.71061236584448 -66.78800853395308 1.6
endloop
endfacet
facet normal 0.9659258013618043 0.25881913813231866 -3.010972265737475e-13
outer loop
vertex 25.423967400000002 -61.98618600000001 5.05
vertex 26.71061236584448 -66.78800853395308 1.6
vertex 26.559816040479973 -66.22522920290659 1.6
endloop
endfacet
facet normal 0.9659258013618043 0.25881913813231866 -3.010972265737475e-13
outer loop
vertex 25.423967400000002 -61.98618600000001 5.05
vertex 26.559816040479973 -66.22522920290659 1.6
vertex 26.420841351088267 -65.70656880094255 1.6
endloop
endfacet
facet normal 0.9659258013618043 0.25881913813231866 -3.010972265737475e-13
outer loop
vertex 25.423967400000002 -61.98618600000001 5.05
vertex 26.420841351088267 -65.70656880094255 1.6
vertex 26.299029017043438 -65.25195915643529 1.6
endloop
endfacet
facet normal 0.9659258013618043 0.25881913813231866 -3.010972265737475e-13
outer loop
vertex 25.423967400000002 -61.98618600000001 5.05
vertex 26.299029017043438 -65.25195915643529 1.6
vertex 26.199060218034052 -64.87887066309152 1.6
endloop
endfacet
facet normal 0.9659258013618043 0.25881913813231866 -3.010972265737475e-13
outer loop
vertex 25.423967400000002 -61.98618600000001 5.05
vertex 26.199060218034052 -64.87887066309152 1.6
vertex 26.12477669893905 -64.60164090246565 1.6
endloop
endfacet
facet normal 0.9659258013618043 0.25881913813231866 -3.010972265737475e-13
outer loop
vertex 25.423967400000002 -61.98618600000001 5.05
vertex 26.12477669893905 -64.60164090246565 1.6
vertex 26.079033133739827 -64.43092365879096 1.6
endloop
endfacet
facet normal 0.9659258013618043 0.25881913813231866 -3.010972265737475e-13
outer loop
vertex 25.423967400000002 -61.98618600000001 5.05
vertex 26.079033133739827 -64.43092365879096 1.6
vertex 26.063587421993105 -64.37327950000032 1.6
endloop
endfacet
facet normal 0.9659258013618043 0.25881913813231866 -3.010972265737475e-13
outer loop
vertex 25.423967400000002 -61.98618600000001 5.05
vertex 26.063587421993105 -64.37327950000032 1.6
vertex 25.423967400001636 -61.986186000008324 1.6
endloop
endfacet
facet normal 0.939708323498625 0.34197699739515164 0
outer loop
vertex 38.62374577749738 -111.24841057538694 5.05
vertex 38.65355215796791 -111.33031463336414 5.05
vertex 38.65355215796845 -111.33031463336538 1.6
endloop
endfacet
facet normal 0.939708323498625 0.34197699739515164 0
outer loop
vertex 38.62374577749738 -111.24841057538694 5.05
vertex 38.65355215796845 -111.33031463336538 1.6
vertex 38.62374577749305 -111.24841057537478 1.6
endloop
endfacet
facet normal 0.8660144611591913 0.5000189527039506 0
outer loop
vertex 38.65355215796791 -111.33031463336414 5.05
vertex 38.69713166988805 -111.40579274740165 5.05
vertex 38.69713166988748 -111.40579274740095 1.6
endloop
endfacet
facet normal 0.8660144611591913 0.5000189527039506 0
outer loop
vertex 38.65355215796791 -111.33031463336414 5.05
vertex 38.69713166988748 -111.40579274740095 1.6
vertex 38.65355215796845 -111.33031463336538 1.6
endloop
endfacet
facet normal 0.7660304047748457 0.642804339562581 0
outer loop
vertex 38.69713166988805 -111.40579274740165 5.05
vertex 38.75315574502924 -111.47255667899978 5.05
vertex 38.75315574502897 -111.47255667899944 1.6
endloop
endfacet
facet normal 0.7660304047748457 0.642804339562581 0
outer loop
vertex 38.69713166988805 -111.40579274740165 5.05
vertex 38.75315574502897 -111.47255667899944 1.6
vertex 38.69713166988748 -111.40579274740095 1.6
endloop
endfacet
facet normal 0.6427709142318163 0.7660584519588535 0
outer loop
vertex 38.75315574502924 -111.47255667899978 5.05
vertex 38.81992212109997 -111.52857784093226 5.05
vertex 38.81992212109879 -111.52857784093115 1.6
endloop
endfacet
facet normal 0.6427709142318163 0.7660584519588535 0
outer loop
vertex 38.75315574502924 -111.47255667899978 5.05
vertex 38.81992212109879 -111.52857784093115 1.6
vertex 38.75315574502897 -111.47255667899944 1.6
endloop
endfacet
facet normal 0.49998116483747984 0.8660362779974965 0
outer loop
vertex 38.81992212109997 -111.52857784093226 5.05
vertex 38.895402136599834 -111.57215405942374 5.05
vertex 38.89540213659967 -111.57215405942323 1.6
endloop
endfacet
facet normal 0.49998116483747984 0.8660362779974965 0
outer loop
vertex 38.81992212109997 -111.52857784093226 5.05
vertex 38.89540213659967 -111.57215405942323 1.6
vertex 38.81992212109879 -111.52857784093115 1.6
endloop
endfacet
facet normal 0.3419997486241897 0.9397000435995473 0
outer loop
vertex 38.895402136599834 -111.57215405942374 5.05
vertex 38.977302370640935 -111.60196129381208 5.05
vertex 38.977302370642825 -111.60196129381234 1.6
endloop
endfacet
facet normal 0.3419997486241897 0.9397000435995473 0
outer loop
vertex 38.895402136599834 -111.57215405942374 5.05
vertex 38.977302370642825 -111.60196129381234 1.6
vertex 38.89540213659967 -111.57215405942323 1.6
endloop
endfacet
facet normal 0.1736268484934983 0.9848115136828041 0
outer loop
vertex 38.977302370640935 -111.60196129381208 5.05
vertex 39.063134327344855 -111.61709386683289 5.05
vertex 39.06313432734258 -111.61709386683239 1.6
endloop
endfacet
facet normal 0.1736268484934983 0.9848115136828041 0
outer loop
vertex 38.977302370640935 -111.60196129381208 5.05
vertex 39.06313432734258 -111.61709386683239 1.6
vertex 38.977302370642825 -111.60196129381234 1.6
endloop
endfacet
facet normal -0.00002161283566692873 0.9999999997664427 0
outer loop
vertex 39.063134327344855 -111.61709386683289 5.05
vertex 39.150290047491865 -111.61709134893925 5.05
vertex 39.15029004749399 -111.61709198315013 1.6
endloop
endfacet
facet normal -0.00002161283566692873 0.9999999997664427 0
outer loop
vertex 39.063134327344855 -111.61709386683289 5.05
vertex 39.15029004749399 -111.61709198315013 1.6
vertex 39.06313432734258 -111.61709386683239 1.6
endloop
endfacet
facet normal -0.17366941747017986 0.9848040076256638 0
outer loop
vertex 39.150290047491865 -111.61709134893925 5.05
vertex 39.23612134999996 -111.6019557 5.05
vertex 39.236121350001135 -111.60195569999969 1.6
endloop
endfacet
facet normal -0.17366941747017986 0.9848040076256638 0
outer loop
vertex 39.150290047491865 -111.61709134893925 5.05
vertex 39.236121350001135 -111.60195569999969 1.6
vertex 39.15029004749399 -111.61709198315013 1.6
endloop
endfacet
facet normal 0 0 -1
outer loop
vertex 133.82725779999996 -119.20392075000005 5.05
vertex 140.77495806608457 -104.30452719999113 5.05
vertex 141.01154020000007 -103.79717510000003 5.05
endloop
endfacet
facet normal 0 0 -1
outer loop
vertex 133.82725779999996 -119.20392075000005 5.05
vertex 141.01154020000007 -103.79717510000003 5.05
vertex 141.01154020000007 -103.79717510000003 1.5999999999999999
endloop
endfacet
facet normal 0 0 -1
outer loop
vertex 133.82725779999996 -119.20392075000005 5.05
vertex 141.01154020000007 -103.79717510000003 1.5999999999999999
vertex 139.5324612839357 -106.96907055000011 1.6
endloop
endfacet
facet normal 0 0 -1
outer loop
vertex 133.82725779999996 -119.20392075000005 5.05
vertex 139.5324612839357 -106.96907055000011 1.6
vertex 138.73611738966773 -108.67683580000148 1.6
endloop
endfacet
facet normal 0 0 -1
outer loop
vertex 133.82725779999996 -119.20392075000005 5.05
vertex 138.73611738966773 -108.67683580000148 1.6
vertex 138.73380858209686 -108.68178705456232 1.6
endloop
endfacet
facet normal 0 0 -1
outer loop
vertex 133.82725779999996 -119.20392075000005 5.05
vertex 138.73380858209686 -108.68178705456232 1.6
vertex 138.7294132388483 -108.69121289999886 1.6
endloop
endfacet
facet normal 0 0 -1
outer loop
vertex 133.82725779999996 -119.20392075000005 5.05
vertex 138.7294132388483 -108.69121289999886 1.6
vertex 137.28270360024644 -111.79369219999712 1.6
endloop
endfacet
facet normal 0 0 -1
outer loop
vertex 133.82725779999996 -119.20392075000005 5.05
vertex 137.28270360024644 -111.79369219999712 1.6
vertex 137.25528914400152 -111.85248270000564 1.6
endloop
endfacet
facet normal 0 0 -1
outer loop
vertex 133.82725779999996 -119.20392075000005 5.05
vertex 137.25528914400152 -111.85248270000564 1.6
vertex 133.82725780000044 -119.2039207499979 1.6
endloop
endfacet
facet normal 0 0 -1
outer loop
vertex 125.92433205 -54.70627970000007 5.05
vertex 125.92433207411769 -54.50627936419713 5.05
vertex 125.92433207594966 -54.49108745301219 5.05
endloop
endfacet
facet normal 0 0 -1
outer loop
vertex 125.92433205 -54.70627970000007 5.05
vertex 125.92433207594966 -54.49108745301219 5.05
vertex 125.92433208139002 -54.445972320785884 5.05
endloop
endfacet
facet normal 0 0 -1
outer loop
vertex 125.92433205 -54.70627970000007 5.05
vertex 125.92433208139002 -54.445972320785884 5.05
vertex 125.92433209027342 -54.37230510378443 5.05
endloop
endfacet
facet normal 0 0 -1
outer loop
vertex 125.92433205 -54.70627970000007 5.05
vertex 125.92433209027342 -54.37230510378443 5.05
vertex 125.92433210232994 -54.272324143119 5.05
endloop
endfacet
facet normal 0 0 -1
outer loop
vertex 125.92433205 -54.70627970000007 5.05
vertex 125.92433210232994 -54.272324143119 5.05
vertex 125.92433211719326 -54.14906730968654 5.05
endloop
endfacet
facet normal 0 0 -1
outer loop
vertex 125.92433205 -54.70627970000007 5.05
vertex 125.92433211719326 -54.14906730968654 5.05
vertex 125.92433213441177 -54.006279700000015 5.05
endloop
endfacet
facet normal 0 0 -1
outer loop
vertex 125.92433205 -54.70627970000007 5.05
vertex 125.92433213441177 -54.006279700000015 5.05
vertex 125.92433215346227 -53.84829984332563 5.05
endloop
endfacet
facet normal 0 0 -1
outer loop
vertex 125.92433205 -54.70627970000007 5.05
vertex 125.92433215346227 -53.84829984332563 5.05
vertex 125.92433217376596 -53.67992787766698 5.05
endloop
endfacet
facet normal 0 0 -1
outer loop
vertex 125.92433205 -54.70627970000007 5.05
vertex 125.92433217376596 -53.67992787766698 5.05
vertex 125.92433219470588 -53.50627969999992 5.05
endloop
endfacet
facet normal 0 0 -1
outer loop
vertex 125.92433205 -54.70627970000007 5.05
vertex 125.92433219470588 -53.50627969999992 5.05
vertex 125.9243341 -37.70627940000025 5.05
endloop
endfacet
facet normal 0 0 -1
outer loop
vertex 125.92433205 -54.70627970000007 5.05
vertex 125.9243341 -37.70627940000025 5.05
vertex 125.9243341000003 -37.70627940000053 1.6
endloop
endfacet
facet normal 0 0 -1
outer loop
vertex 125.92433205 -54.70627970000007 5.05
vertex 125.9243341000003 -37.70627940000053 1.6
vertex 125.92433291858829 -47.373279500000116 1.6
endloop
endfacet
facet normal 0 0 -1
outer loop
vertex 125.92433205 -54.70627970000007 5.05
vertex 125.92433291858829 -47.373279500000116 1.6
vertex 125.92433291154356 -47.43092365879104 1.6
endloop
endfacet
facet normal 0 0 -1
outer loop
vertex 125.92433205 -54.70627970000007 5.05
vertex 125.92433291154356 -47.43092365879104 1.6
vertex 125.92433289068006 -47.60164090246478 1.6
endloop
endfacet
facet normal 0 0 -1
outer loop
vertex 125.92433205 -54.70627970000007 5.05
vertex 125.92433289068006 -47.60164090246478 1.6
vertex 125.9243328567996 -47.87887066309645 1.6
endloop
endfacet
facet normal 0 0 -1
outer loop
vertex 125.92433205 -54.70627970000007 5.05
vertex 125.9243328567996 -47.87887066309645 1.6
vertex 125.92433281120414 -48.251959156443924 1.6
endloop
endfacet
facet normal 0 0 -1
outer loop
vertex 125.92433205 -54.70627970000007 5.05
vertex 125.92433281120414 -48.251959156443924 1.6
vertex 125.92433275564592 -48.70656880093374 1.6
endloop
endfacet
facet normal 0 0 -1
outer loop
vertex 125.92433205 -54.70627970000007 5.05
vertex 125.92433275564592 -48.70656880093374 1.6
vertex 125.92433269226001 -49.225229202906675 1.6
endloop
endfacet
facet normal 0 0 -1
outer loop
vertex 125.92433205 -54.70627970000007 5.05
vertex 125.92433269226001 -49.225229202906675 1.6
vertex 125.92433262348229 -49.788008533953686 1.6
endloop
endfacet
facet normal 0 0 -1
outer loop
vertex 125.92433205 -54.70627970000007 5.05
vertex 125.92433262348229 -49.788008533953686 1.6
vertex 125.92433255195584 -50.37327950000267 1.6
endloop
endfacet
facet normal 0 0 -1
outer loop
vertex 125.92433205 -54.70627970000007 5.05
vertex 125.92433255195584 -50.37327950000267 1.6
vertex 125.9243324804294 -50.95855046604952 1.6
endloop
endfacet
facet normal 0 0 -1
outer loop
vertex 125.92433205 -54.70627970000007 5.05
vertex 125.9243324804294 -50.95855046604952 1.6
vertex 125.92433241165168 -51.52132979709292 1.6
endloop
endfacet
facet normal 0 0 -1
outer loop
vertex 125.92433205 -54.70627970000007 5.05
vertex 125.92433241165168 -51.52132979709292 1.6
vertex 125.92433234826576 -52.039990199057726 1.6
endloop
endfacet
facet normal 0 0 -1
outer loop
vertex 125.92433205 -54.70627970000007 5.05
vertex 125.92433234826576 -52.039990199057726 1.6
vertex 125.92433229270755 -52.49459984356188 1.6
endloop
endfacet
facet normal 0 0 -1
outer loop
vertex 125.92433205 -54.70627970000007 5.05
vertex 125.92433229270755 -52.49459984356188 1.6
vertex 125.92433224711209 -52.86768833690864 1.6
endloop
endfacet
facet normal 0 0 -1
outer loop
vertex 125.92433205 -54.70627970000007 5.05
vertex 125.92433224711209 -52.86768833690864 1.6
vertex 125.92433221323162 -53.144918097532724 1.6
endloop
endfacet
facet normal 0 0 -1
outer loop
vertex 125.92433205 -54.70627970000007 5.05
vertex 125.92433221323162 -53.144918097532724 1.6
vertex 125.92433219236813 -53.315635341210346 1.6
endloop
endfacet
facet normal 0 0 -1
outer loop
vertex 125.92433205 -54.70627970000007 5.05
vertex 125.92433219236813 -53.315635341210346 1.6
vertex 125.9243321853234 -53.37327950000014 1.6
endloop
endfacet
facet normal 0 0 -1
outer loop
vertex 125.92433205 -54.70627970000007 5.05
vertex 125.9243321853234 -53.37327950000014 1.6
vertex 125.92433202241652 -54.7062782222702 1.6
endloop
endfacet
facet normal -0.9063077870366103 -0.42261826174078454 1.0130849109602657e-13
outer loop
vertex 107.89417836039294 -34.702269678337146 5.05
vertex 107.85734475189219 -34.62327974999995 5.05
vertex 107.8573447518905 -34.62327974999715 1.6
endloop
endfacet
facet normal -0.9063077870366103 -0.42261826174078454 1.0130849109602657e-13
outer loop
vertex 107.89417836039294 -34.702269678337146 5.05
vertex 107.8573447518905 -34.62327974999715 1.6
vertex 107.88992386181042 -34.69314587668444 1.6
endloop
endfacet
facet normal -0.9063077870366103 -0.42261826174078454 1.0130849109602657e-13
outer loop
vertex 107.89417836039294 -34.702269678337146 5.05
vertex 107.88992386181042 -34.69314587668444 1.6
vertex 107.8941783603935 -34.702269678339164 1.6
endloop
endfacet
facet normal -1.6666668045672853e-8 -1 0
outer loop
vertex 89.42433069892886 -28.706279581796593 5.05
vertex 71.42433410000007 -28.706279581796593 5.05
vertex 71.42433410000251 -28.706279581796508 1.6
endloop
endfacet
facet normal -1.6666668045672853e-8 -1 0
outer loop
vertex 89.42433069892886 -28.706279581796593 5.05
vertex 71.42433410000251 -28.706279581796508 1.6
vertex 89.42433205000151 -28.706279581796508 1.6
endloop
endfacet
facet normal 0 0 -1
outer loop
vertex 70.92433205 -29.206279399999914 5.05
vertex 70.92433363753561 -32.980949899999864 5.05
vertex 70.92433370654643 -33.14503637937316 5.05
endloop
endfacet
facet normal 0 0 -1
outer loop
vertex 70.92433205 -29.206279399999914 5.05
vertex 70.92433370654643 -33.14503637937316 5.05
vertex 70.9243337736885 -33.304679492171196 5.05
endloop
endfacet
facet normal 0 0 -1
outer loop
vertex 70.92433205 -29.206279399999914 5.05
vertex 70.9243337736885 -33.304679492171196 5.05
vertex 70.92433383713954 -33.45554641054215 5.05
endloop
endfacet
facet normal 0 0 -1
outer loop
vertex 70.92433205 -29.206279399999914 5.05
vertex 70.92433383713954 -33.45554641054215 5.05
vertex 70.92433389517937 -33.59354717668488 5.05
endloop
endfacet
facet normal 0 0 -1
outer loop
vertex 70.92433205 -29.206279399999914 5.05
vertex 70.92433389517937 -33.59354717668488 5.05
vertex 70.92433394623458 -33.71494063040289 5.05
endloop
endfacet
facet normal 0 0 -1
outer loop
vertex 70.92433205 -29.206279399999914 5.05
vertex 70.92433394623458 -33.71494063040289 5.05
vertex 70.92433398892105 -33.81643583085642 5.05
endloop
endfacet
facet normal 0 0 -1
outer loop
vertex 70.92433205 -29.206279399999914 5.05
vertex 70.92433398892105 -33.81643583085642 5.05
vertex 70.92433402208157 -33.895281273001515 5.05
endloop
endfacet
facet normal 0 0 -1
outer loop
vertex 70.92433205 -29.206279399999914 5.05
vertex 70.92433402208157 -33.895281273001515 5.05
vertex 70.92433404481714 -33.949339480082855 5.05
endloop
endfacet
facet normal 0 0 -1
outer loop
vertex 70.92433205 -29.206279399999914 5.05
vertex 70.92433404481714 -33.949339480082855 5.05
vertex 70.92433405651146 -33.97714495 5.05
endloop
endfacet
facet normal 0 0 -1
outer loop
vertex 70.92433205 -29.206279399999914 5.05
vertex 70.92433405651146 -33.97714495 5.05
vertex 70.9243341 -34.0805473 5.05
endloop
endfacet
facet normal 0 0 -1
outer loop
vertex 70.92433205 -29.206279399999914 5.05
vertex 70.9243341 -34.0805473 5.05
vertex 70.92433409999987 -34.080547300002976 1.6
endloop
endfacet
facet normal 0 0 -1
outer loop
vertex 70.92433205 -29.206279399999914 5.05
vertex 70.92433409999987 -34.080547300002976 1.6
vertex 70.92433407288114 -34.01606735968719 1.6
endloop
endfacet
facet normal 0 0 -1
outer loop
vertex 70.92433205 -29.206279399999914 5.05
vertex 70.92433407288114 -34.01606735968719 1.6
vertex 70.92433401282811 -33.87327975000037 1.6
endloop
endfacet
facet normal 0 0 -1
outer loop
vertex 70.92433205 -29.206279399999914 5.05
vertex 70.92433401282811 -33.87327975000037 1.6
vertex 70.92433394638557 -33.715299893322126 1.6
endloop
endfacet
facet normal 0 0 -1
outer loop
vertex 70.92433205 -29.206279399999914 5.05
vertex 70.92433394638557 -33.715299893322126 1.6
vertex 70.92433387557236 -33.54692792766695 1.6
endloop
endfacet
facet normal 0 0 -1
outer loop
vertex 70.92433205 -29.206279399999914 5.05
vertex 70.92433387557236 -33.54692792766695 1.6
vertex 70.92433380253988 -33.373279196969655 1.6
endloop
endfacet
facet normal 0 0 -1
outer loop
vertex 70.92433205 -29.206279399999914 5.05
vertex 70.92433380253988 -33.373279196969655 1.6
vertex 70.92433204999989 -29.206279700002085 1.6
endloop
endfacet
facet normal 0 0 1
outer loop
vertex 51.2712202 -71.9110733 3.45
vertex 51.24383922457461 -72.18907700887294 3.45
vertex 51.21751048467922 -72.4563971911219 3.45
endloop
endfacet
facet normal 0 0 1
outer loop
vertex 51.2712202 -71.9110733 3.45
vertex 51.21751048467922 -72.4563971911219 3.45
vertex 51.21357604120969 -72.49634426604837 3.45
endloop
endfacet
facet normal 0 0 1
outer loop
vertex 51.2712202 -71.9110733 3.45
vertex 51.21357604120969 -72.49634426604837 3.45
vertex 51.21357604120932 -72.49634426604871 1.6
endloop
endfacet
facet normal 0 0 1
outer loop
vertex 51.2712202 -71.9110733 3.45
vertex 51.21357604120932 -72.49634426604871 1.6
vertex 51.27122020000002 -71.91107329999754 1.6
endloop
endfacet
facet normal 0 0 -1
outer loop
vertex 51.21357604120969 -71.32580233395161 3.45
vertex 51.217510484679536 -71.36574940888133 3.45
vertex 51.24383922457463 -71.63306959112724 3.45
endloop
endfacet
facet normal 0 0 -1
outer loop
vertex 51.21357604120969 -71.32580233395161 3.45
vertex 51.24383922457463 -71.63306959112724 3.45
vertex 51.2712202 -71.9110733 3.45
endloop
endfacet
facet normal 0 0 -1
outer loop
vertex 51.21357604120969 -71.32580233395161 3.45
vertex 51.2712202 -71.9110733 3.45
vertex 51.27122020000002 -71.91107329999754 1.6
endloop
endfacet
facet normal 0 0 -1
outer loop
vertex 51.21357604120969 -71.32580233395161 3.45
vertex 51.27122020000002 -71.91107329999754 1.6
vertex 51.213576041210146 -71.32580233395355 1.6
endloop
endfacet
facet normal 0 0 1
outer loop
vertex 51.04285879753385 -70.7630230029047 3.45
vertex 51.08545568950679 -70.90344613681334 3.45
vertex 51.15096024530212 -71.11938571794332 3.45
endloop
endfacet
facet normal 0 0 1
outer loop
vertex 51.04285879753385 -70.7630230029047 3.45
vertex 51.15096024530212 -71.11938571794332 3.45
vertex 51.21357604120969 -71.32580233395161 3.45
endloop
endfacet
facet normal 0 0 1
outer loop
vertex 51.04285879753385 -70.7630230029047 3.45
vertex 51.21357604120969 -71.32580233395161 3.45
vertex 51.213576041210146 -71.32580233395355 1.6
endloop
endfacet
facet normal 0 0 1
outer loop
vertex 51.04285879753385 -70.7630230029047 3.45
vertex 51.213576041210146 -71.32580233395355 1.6
vertex 51.042858797533015 -70.76302300290237 1.6
endloop
endfacet
facet normal 0 0 -1
outer loop
vertex 50.76562903690768 -70.24436260094124 3.45
vertex 50.89482609723304 -70.48607330000002 3.45
vertex 50.909461533511255 -70.51345427542569 3.45
endloop
endfacet
facet normal 0 0 -1
outer loop
vertex 50.76562903690768 -70.24436260094124 3.45
vertex 50.909461533511255 -70.51345427542569 3.45
vertex 50.952805410736914 -70.59454496617165 3.45
endloop
endfacet
facet normal 0 0 -1
outer loop
vertex 50.76562903690768 -70.24436260094124 3.45
vertex 50.952805410736914 -70.59454496617165 3.45
vertex 51.02319204801502 -70.72622910246734 3.45
endloop
endfacet
facet normal 0 0 -1
outer loop
vertex 50.76562903690768 -70.24436260094124 3.45
vertex 51.02319204801502 -70.72622910246734 3.45
vertex 51.04285879753385 -70.7630230029047 3.45
endloop
endfacet
facet normal 0 0 -1
outer loop
vertex 50.76562903690768 -70.24436260094124 3.45
vertex 51.04285879753385 -70.7630230029047 3.45
vertex 51.042858797533015 -70.76302300290237 1.6
endloop
endfacet
facet normal 0 0 -1
outer loop
vertex 50.76562903690768 -70.24436260094124 3.45
vertex 51.042858797533015 -70.76302300290237 1.6
vertex 50.83453655506741 -70.37327950000034 1.6
endloop
endfacet
facet normal 0 0 -1
outer loop
vertex 50.76562903690768 -70.24436260094124 3.45
vertex 50.83453655506741 -70.37327950000034 1.6
vertex 50.803725110271415 -70.31563534120991 1.6
endloop
endfacet
facet normal 0 0 -1
outer loop
vertex 50.76562903690768 -70.24436260094124 3.45
vertex 50.803725110271415 -70.31563534120991 1.6
vertex 50.765629036909054 -70.24436260094306 1.6
endloop
endfacet
facet normal 0.7730104533627337 0.6343932841636494 -5.074111602645083e-14
outer loop
vertex 50.39254054355964 -69.78975295644035 3.45
vertex 50.76562903690768 -70.24436260094124 3.45
vertex 50.765629036909054 -70.24436260094306 1.6
endloop
endfacet
facet normal 0.7730104533627337 0.6343932841636494 -5.074111602645083e-14
outer loop
vertex 50.39254054355964 -69.78975295644035 3.45
vertex 50.765629036909054 -70.24436260094306 1.6
vertex 50.684017042097445 -70.14491809753484 1.6
endloop
endfacet
facet normal 0.7730104533627337 0.6343932841636494 -5.074111602645083e-14
outer loop
vertex 50.39254054355964 -69.78975295644035 3.45
vertex 50.684017042097445 -70.14491809753484 1.6
vertex 50.45650045736474 -69.8676883369083 1.6
endloop
endfacet
facet normal 0.7730104533627337 0.6343932841636494 -5.074111602645083e-14
outer loop
vertex 50.39254054355964 -69.78975295644035 3.45
vertex 50.45650045736474 -69.8676883369083 1.6
vertex 50.39254054355904 -69.78975295643976 1.6
endloop
endfacet
facet normal 0.6343932841636369 0.7730104533627439 4.4720551228946727e-14
outer loop
vertex 49.93793089905878 -69.41666446309235 3.45
vertex 50.39254054355964 -69.78975295644035 3.45
vertex 50.39254054355904 -69.78975295643976 1.6
endloop
endfacet
facet normal 0.6343932841636369 0.7730104533627439 4.4720551228946727e-14
outer loop
vertex 49.93793089905878 -69.41666446309235 3.45
vertex 50.39254054355904 -69.78975295643976 1.6
vertex 50.03289543492452 -69.49459984355813 1.6
endloop
endfacet
facet normal 0.6343932841636369 0.7730104533627439 4.4720551228946727e-14
outer loop
vertex 49.93793089905878 -69.41666446309235 3.45
vertex 50.03289543492452 -69.49459984355813 1.6
vertex 49.93793089905947 -69.4166644630928 1.6
endloop
endfacet
facet normal 0.47139673682600136 0.8819212643483529 0
outer loop
vertex 49.41927049709525 -69.13943470246612 3.45
vertex 49.93793089905878 -69.41666446309235 3.45
vertex 49.93793089905947 -69.4166644630928 1.6
endloop
endfacet
facet normal 0.47139673682600136 0.8819212643483529 0
outer loop
vertex 49.41927049709525 -69.13943470246612 3.45
vertex 49.93793089905947 -69.4166644630928 1.6
vertex 49.41927049709655 -69.1394347024669 1.6
endloop
endfacet
facet normal 0.29028467725444834 0.9569403357322133 -2.0026031212053917e-13
outer loop
vertex 48.85649116604845 -68.96871745879032 3.45
vertex 49.41927049709525 -69.13943470246612 3.45
vertex 49.41927049709655 -69.1394347024669 1.6
endloop
endfacet
facet normal 0.29028467725444834 0.9569403357322133 -2.0026031212053917e-13
outer loop
vertex 48.85649116604845 -68.96871745879032 3.45
vertex 49.41927049709655 -69.1394347024669 1.6
vertex 49.09144590305564 -69.03999019905967 1.6
endloop
endfacet
facet normal 0.29028467725444834 0.9569403357322133 -2.0026031212053917e-13
outer loop
vertex 48.85649116604845 -68.96871745879032 3.45
vertex 49.09144590305564 -69.03999019905967 1.6
vertex 48.856491166046425 -68.9687174587901 1.6
endloop
endfacet
facet normal 0.09801714032957423 0.9951847266721956 0
outer loop
vertex 48.27122019999999 -68.9110733 3.45
vertex 48.85649116604845 -68.96871745879032 3.45
vertex 48.856491166046425 -68.9687174587901 1.6
endloop
endfacet
facet normal 0.09801714032957423 0.9951847266721956 0
outer loop
vertex 48.27122019999999 -68.9110733 3.45
vertex 48.856491166046425 -68.9687174587901 1.6
vertex 48.27122020000082 -68.91107330000006 1.6
endloop
endfacet
facet normal -0.09801714032955997 0.9951847266721969 0
outer loop
vertex 47.685949233951625 -68.96871745879032 3.45
vertex 48.27122019999999 -68.9110733 3.45
vertex 48.27122020000082 -68.91107330000006 1.6
endloop
endfacet
facet normal -0.09801714032955997 0.9951847266721969 0
outer loop
vertex 47.685949233951625 -68.96871745879032 3.45
vertex 48.27122020000082 -68.91107330000006 1.6
vertex 47.685949233951575 -68.9687174587901 1.6
endloop
endfacet
facet normal -0.2902846772544479 0.9569403357322133 0
outer loop
vertex 47.12316990290473 -69.13943470246612 3.45
vertex 47.685949233951625 -68.96871745879032 3.45
vertex 47.685949233951575 -68.9687174587901 1.6
endloop
endfacet
facet normal -0.2902846772544479 0.9569403357322133 0
outer loop
vertex 47.12316990290473 -69.13943470246612 3.45
vertex 47.685949233951575 -68.9687174587901 1.6
vertex 47.12316990290526 -69.1394347024669 1.6
endloop
endfacet
facet normal -0.47139673682599437 0.8819212643483567 0
outer loop
vertex 46.60450950094116 -69.41666446309235 3.45
vertex 47.12316990290473 -69.13943470246612 3.45
vertex 47.12316990290526 -69.1394347024669 1.6
endloop
endfacet
facet normal -0.47139673682599437 0.8819212643483567 0
outer loop
vertex 46.60450950094116 -69.41666446309235 3.45
vertex 47.12316990290526 -69.1394347024669 1.6
vertex 46.604509500940416 -69.4166644630928 1.6
endloop
endfacet
facet normal -0.6343932841636406 0.7730104533627411 0
outer loop
vertex 46.14989985644037 -69.78975295644035 3.45
vertex 46.60450950094116 -69.41666446309235 3.45
vertex 46.604509500940416 -69.4166644630928 1.6
endloop
endfacet
facet normal -0.6343932841636406 0.7730104533627411 0
outer loop
vertex 46.14989985644037 -69.78975295644035 3.45
vertex 46.604509500940416 -69.4166644630928 1.6
vertex 46.149899856440484 -69.78975295643976 1.6
endloop
endfacet
facet normal -0.7730104533627381 0.634393284163644 0
outer loop
vertex 45.7768113630924 -70.24436260094124 3.45
vertex 46.14989985644037 -69.78975295644035 3.45
vertex 46.149899856440484 -69.78975295643976 1.6
endloop
endfacet
facet normal -0.7730104533627381 0.634393284163644 0
outer loop
vertex 45.7768113630924 -70.24436260094124 3.45
vertex 46.149899856440484 -69.78975295643976 1.6
vertex 45.7768113630933 -70.24436260094306 1.6
endloop
endfacet
facet normal 0 0 -1
outer loop
vertex 45.499581602466144 -70.7630230029047 3.45
vertex 45.51924835198498 -70.72622910246734 3.45
vertex 45.589634989263104 -70.59454496617165 3.45
endloop
endfacet
facet normal 0 0 -1
outer loop
vertex 45.499581602466144 -70.7630230029047 3.45
vertex 45.589634989263104 -70.59454496617165 3.45
vertex 45.63297886648878 -70.51345427542569 3.45
endloop
endfacet
facet normal 0 0 -1
outer loop
vertex 45.499581602466144 -70.7630230029047 3.45
vertex 45.63297886648878 -70.51345427542569 3.45
vertex 45.647614302766996 -70.48607330000002 3.45
endloop
endfacet
facet normal 0 0 -1
outer loop
vertex 45.499581602466144 -70.7630230029047 3.45
vertex 45.647614302766996 -70.48607330000002 3.45
vertex 45.7768113630924 -70.24436260094124 3.45
endloop
endfacet
facet normal 0 0 -1
outer loop
vertex 45.499581602466144 -70.7630230029047 3.45
vertex 45.7768113630924 -70.24436260094124 3.45
vertex 45.7768113630933 -70.24436260094306 1.6
endloop
endfacet
facet normal 0 0 -1
outer loop
vertex 45.499581602466144 -70.7630230029047 3.45
vertex 45.7768113630933 -70.24436260094306 1.6
vertex 45.499581602465916 -70.76302300290237 1.6
endloop
endfacet
facet normal 0 0 1
outer loop
vertex 45.32886435879031 -71.32580233395161 3.45
vertex 45.39148015469788 -71.11938571794332 3.45
vertex 45.45698471049321 -70.90344613681334 3.45
endloop
endfacet
facet normal 0 0 1
outer loop
vertex 45.32886435879031 -71.32580233395161 3.45
vertex 45.45698471049321 -70.90344613681334 3.45
vertex 45.499581602466144 -70.7630230029047 3.45
endloop
endfacet
facet normal 0 0 1
outer loop
vertex 45.32886435879031 -71.32580233395161 3.45
vertex 45.499581602466144 -70.7630230029047 3.45
vertex 45.499581602465916 -70.76302300290237 1.6
endloop
endfacet
facet normal 0 0 1
outer loop
vertex 45.32886435879031 -71.32580233395161 3.45
vertex 45.499581602465916 -70.76302300290237 1.6
vertex 45.32886435878995 -71.32580233395355 1.6
endloop
endfacet
facet normal 0 0 -1
outer loop
vertex 45.2712202 -71.9110733 3.45
vertex 45.298601175425375 -71.63306959112724 3.45
vertex 45.324929915320475 -71.36574940888133 3.45
endloop
endfacet
facet normal 0 0 -1
outer loop
vertex 45.2712202 -71.9110733 3.45
vertex 45.324929915320475 -71.36574940888133 3.45
vertex 45.32886435879031 -71.32580233395161 3.45
endloop
endfacet
facet normal 0 0 -1
outer loop
vertex 45.2712202 -71.9110733 3.45
vertex 45.32886435879031 -71.32580233395161 3.45
vertex 45.32886435878995 -71.32580233395355 1.6
endloop
endfacet
facet normal 0 0 -1
outer loop
vertex 45.2712202 -71.9110733 3.45
vertex 45.32886435878995 -71.32580233395355 1.6
vertex 45.27122020000002 -71.91107329999754 1.6
endloop
endfacet
facet normal 0 0 -1
outer loop
vertex 45.32886435879031 -72.49634426604837 3.45
vertex 45.32492991532079 -72.4563971911219 3.45
vertex 45.2986011754254 -72.18907700887294 3.45
endloop
endfacet
facet normal 0 0 -1
outer loop
vertex 45.32886435879031 -72.49634426604837 3.45
vertex 45.2986011754254 -72.18907700887294 3.45
vertex 45.2712202 -71.9110733 3.45
endloop
endfacet
facet normal 0 0 -1
outer loop
vertex 45.32886435879031 -72.49634426604837 3.45
vertex 45.2712202 -71.9110733 3.45
vertex 45.27122020000002 -71.91107329999754 1.6
endloop
endfacet
facet normal 0 0 -1
outer loop
vertex 45.32886435879031 -72.49634426604837 3.45
vertex 45.27122020000002 -71.91107329999754 1.6
vertex 45.328864358790604 -72.49634426604871 1.6
endloop
endfacet
facet normal 0 0 1
outer loop
vertex 45.49958160246615 -73.05912359709528 3.45
vertex 45.456984710493785 -72.91870046318851 3.45
vertex 45.39148015469738 -72.70276088205503 3.45
endloop
endfacet
facet normal 0 0 1
outer loop
vertex 45.49958160246615 -73.05912359709528 3.45
vertex 45.39148015469738 -72.70276088205503 3.45
vertex 45.32886435879031 -72.49634426604837 3.45
endloop
endfacet
facet normal 0 0 1
outer loop
vertex 45.49958160246615 -73.05912359709528 3.45
vertex 45.32886435879031 -72.49634426604837 3.45
vertex 45.328864358790604 -72.49634426604871 1.6
endloop
endfacet
facet normal 0 0 1
outer loop
vertex 45.49958160246615 -73.05912359709528 3.45
vertex 45.328864358790604 -72.49634426604871 1.6
vertex 45.49958160246757 -73.05912359709932 1.6
endloop
endfacet
facet normal 0 0 1
outer loop
vertex 45.77681136309236 -73.5777839990588 3.45
vertex 45.64761430276699 -73.33607330000001 3.45
vertex 45.632978866489 -73.30869232457476 3.45
endloop
endfacet
facet normal 0 0 1
outer loop
vertex 45.77681136309236 -73.5777839990588 3.45
vertex 45.632978866489 -73.30869232457476 3.45
vertex 45.58963498926376 -73.22760163382958 3.45
endloop
endfacet
facet normal 0 0 1
outer loop
vertex 45.77681136309236 -73.5777839990588 3.45
vertex 45.58963498926376 -73.22760163382958 3.45
vertex 45.519248351983116 -73.09591749752914 3.45
endloop
endfacet
facet normal 0 0 1
outer loop
vertex 45.77681136309236 -73.5777839990588 3.45
vertex 45.519248351983116 -73.09591749752914 3.45
vertex 45.49958160246615 -73.05912359709528 3.45
endloop
endfacet
facet normal 0 0 1
outer loop
vertex 45.77681136309236 -73.5777839990588 3.45
vertex 45.49958160246615 -73.05912359709528 3.45
vertex 45.49958160246757 -73.05912359709932 1.6
endloop
endfacet
facet normal 0 0 1
outer loop
vertex 45.77681136309236 -73.5777839990588 3.45
vertex 45.49958160246757 -73.05912359709932 1.6
vertex 45.77681136308977 -73.57778399905534 1.6
endloop
endfacet
facet normal -0.7730104533627317 -0.634393284163652 0
outer loop
vertex 46.1498998564404 -74.03239364355969 3.45
vertex 45.77681136309236 -73.5777839990588 3.45
vertex 45.77681136308977 -73.57778399905534 1.6
endloop
endfacet
facet normal -0.7730104533627317 -0.634393284163652 0
outer loop
vertex 46.1498998564404 -74.03239364355969 3.45
vertex 45.77681136308977 -73.57778399905534 1.6
vertex 46.149899856441415 -74.03239364356062 1.6
endloop
endfacet
facet normal -0.6343932841636402 -0.7730104533627413 0
outer loop
vertex 46.60450950094114 -74.4054821369076 3.45
vertex 46.1498998564404 -74.03239364355969 3.45
vertex 46.149899856441415 -74.03239364356062 1.6
endloop
endfacet
facet normal -0.6343932841636402 -0.7730104533627413 0
outer loop
vertex 46.60450950094114 -74.4054821369076 3.45
vertex 46.149899856441415 -74.03239364356062 1.6
vertex 46.60450950094155 -74.40548213690803 1.6
endloop
endfacet
facet normal -0.47139673682600836 -0.8819212643483493 0
outer loop
vertex 47.123169902904856 -74.68271189753392 3.45
vertex 46.60450950094114 -74.4054821369076 3.45
vertex 46.60450950094155 -74.40548213690803 1.6
endloop
endfacet
facet normal -0.47139673682600836 -0.8819212643483493 0
outer loop
vertex 47.123169902904856 -74.68271189753392 3.45
vertex 46.60450950094155 -74.40548213690803 1.6
vertex 47.12316990290351 -74.68271189753342 1.6
endloop
endfacet
facet normal -0.2902846772544479 -0.9569403357322133 0
outer loop
vertex 47.68594923395153 -74.85342914120967 3.45
vertex 47.123169902904856 -74.68271189753392 3.45
vertex 47.12316990290351 -74.68271189753342 1.6
endloop
endfacet
facet normal -0.2902846772544479 -0.9569403357322133 0
outer loop
vertex 47.68594923395153 -74.85342914120967 3.45
vertex 47.12316990290351 -74.68271189753342 1.6
vertex 47.68594923395094 -74.85342914120942 1.6
endloop
endfacet
facet normal -0.09801714032955997 -0.9951847266721969 0
outer loop
vertex 48.27122019999995 -74.91107329999998 3.45
vertex 47.68594923395153 -74.85342914120967 3.45
vertex 47.68594923395094 -74.85342914120942 1.6
endloop
endfacet
facet normal -0.09801714032955997 -0.9951847266721969 0
outer loop
vertex 48.27122019999995 -74.91107329999998 3.45
vertex 47.68594923395094 -74.85342914120942 1.6
vertex 48.27122020000239 -74.91107330000003 1.6
endloop
endfacet
facet normal 0.09801714032955997 -0.9951847266721969 0
outer loop
vertex 48.85649116604842 -74.85342914120967 3.45
vertex 48.27122019999995 -74.91107329999998 3.45
vertex 48.27122020000239 -74.91107330000003 1.6
endloop
endfacet
facet normal 0.09801714032955997 -0.9951847266721969 0
outer loop
vertex 48.85649116604842 -74.85342914120967 3.45
vertex 48.27122020000239 -74.91107330000003 1.6
vertex 48.85649116605376 -74.85342914120942 1.6
endloop
endfacet
facet normal 0.2902846772544479 -0.9569403357322133 0
outer loop
vertex 49.41927049709525 -74.68271189753392 3.45
vertex 48.85649116604842 -74.85342914120967 3.45
vertex 48.85649116605376 -74.85342914120942 1.6
endloop
endfacet
facet normal 0.2902846772544479 -0.9569403357322133 0
outer loop
vertex 49.41927049709525 -74.68271189753392 3.45
vertex 48.85649116605376 -74.85342914120942 1.6
vertex 49.41927049709568 -74.68271189753342 1.6
endloop
endfacet
facet normal 0.4713967368259944 -0.8819212643483568 0
outer loop
vertex 49.937930899058834 -74.4054821369076 3.45
vertex 49.41927049709525 -74.68271189753392 3.45
vertex 49.41927049709568 -74.68271189753342 1.6
endloop
endfacet
facet normal 0.4713967368259944 -0.8819212643483568 0
outer loop
vertex 49.937930899058834 -74.4054821369076 3.45
vertex 49.41927049709568 -74.68271189753342 1.6
vertex 49.93793089905743 -74.40548213690803 1.6
endloop
endfacet
facet normal 0.6343932841636364 -0.7730104533627445 0
outer loop
vertex 50.39254054355964 -74.03239364355969 3.45
vertex 49.937930899058834 -74.4054821369076 3.45
vertex 49.93793089905743 -74.40548213690803 1.6
endloop
endfacet
facet normal 0.6343932841636364 -0.7730104533627445 0
outer loop
vertex 50.39254054355964 -74.03239364355969 3.45
vertex 49.93793089905743 -74.40548213690803 1.6
vertex 50.392540543558404 -74.03239364356062 1.6
endloop
endfacet
facet normal 0.7730104533627347 -0.6343932841636484 0
outer loop
vertex 50.76562903690765 -73.5777839990588 3.45
vertex 50.39254054355964 -74.03239364355969 3.45
vertex 50.392540543558404 -74.03239364356062 1.6
endloop
endfacet
facet normal 0.7730104533627347 -0.6343932841636484 0
outer loop
vertex 50.76562903690765 -73.5777839990588 3.45
vertex 50.392540543558404 -74.03239364356062 1.6
vertex 50.765629036910724 -73.57778399905534 1.6
endloop
endfacet
facet normal 0 0 -1
outer loop
vertex 51.04285879753389 -73.05912359709528 3.45
vertex 51.023192048016924 -73.09591749752914 3.45
vertex 50.95280541073627 -73.22760163382958 3.45
endloop
endfacet
facet normal 0 0 -1
outer loop
vertex 51.04285879753389 -73.05912359709528 3.45
vertex 50.95280541073627 -73.22760163382958 3.45
vertex 50.90946153351102 -73.30869232457476 3.45
endloop
endfacet
facet normal 0 0 -1
outer loop
vertex 51.04285879753389 -73.05912359709528 3.45
vertex 50.90946153351102 -73.30869232457476 3.45
vertex 50.89482609723303 -73.33607330000001 3.45
endloop
endfacet
facet normal 0 0 -1
outer loop
vertex 51.04285879753389 -73.05912359709528 3.45
vertex 50.89482609723303 -73.33607330000001 3.45
vertex 50.76562903690765 -73.5777839990588 3.45
endloop
endfacet
facet normal 0 0 -1
outer loop
vertex 51.04285879753389 -73.05912359709528 3.45
vertex 50.76562903690765 -73.5777839990588 3.45
vertex 50.765629036910724 -73.57778399905534 1.6
endloop
endfacet
facet normal 0 0 -1
outer loop
vertex 51.04285879753389 -73.05912359709528 3.45
vertex 50.765629036910724 -73.57778399905534 1.6
vertex 51.04285879753173 -73.05912359709932 1.6
endloop
endfacet
facet normal 0 0 -1
outer loop
vertex 51.21357604120969 -72.49634426604837 3.45
vertex 51.150960245302635 -72.70276088205503 3.45
vertex 51.08545568950625 -72.91870046318851 3.45
endloop
endfacet
facet normal 0 0 -1
outer loop
vertex 51.21357604120969 -72.49634426604837 3.45
vertex 51.08545568950625 -72.91870046318851 3.45
vertex 51.04285879753389 -73.05912359709528 3.45
endloop
endfacet
facet normal 0 0 -1
outer loop
vertex 51.21357604120969 -72.49634426604837 3.45
vertex 51.04285879753389 -73.05912359709528 3.45
vertex 51.04285879753173 -73.05912359709932 1.6
endloop
endfacet
facet normal 0 0 -1
outer loop
vertex 51.21357604120969 -72.49634426604837 3.45
vertex 51.04285879753173 -73.05912359709932 1.6
vertex 51.21357604120932 -72.49634426604871 1.6
endloop
endfacet
facet normal 0 0 -1
outer loop
vertex 110.4243341 -50.3732795000001 3.45
vertex 110.39695312457476 -50.65128320887145 3.45
vertex 110.37062438467929 -50.91860339112122 3.45
endloop
endfacet
facet normal 0 0 -1
outer loop
vertex 110.4243341 -50.3732795000001 3.45
vertex 110.37062438467929 -50.91860339112122 3.45
vertex 110.3666899412097 -50.958550466048365 3.45
endloop
endfacet
facet normal 0 0 -1
outer loop
vertex 110.4243341 -50.3732795000001 3.45
vertex 110.3666899412097 -50.958550466048365 3.45
vertex 110.36668994121048 -50.95855046604952 1.6
endloop
endfacet
facet normal 0 0 -1
outer loop
vertex 110.4243341 -50.3732795000001 3.45
vertex 110.36668994121048 -50.95855046604952 1.6
vertex 110.42433410000028 -50.37327950000267 1.6
endloop
endfacet
facet normal 0 0 1
outer loop
vertex 110.36668994120967 -49.78800853395152 3.45
vertex 110.37062438467925 -49.82795560887857 3.45
vertex 110.39695312457454 -50.095275791126475 3.45
endloop
endfacet
facet normal 0 0 1
outer loop
vertex 110.36668994120967 -49.78800853395152 3.45
vertex 110.39695312457454 -50.095275791126475 3.45
vertex 110.4243341 -50.3732795000001 3.45
endloop
endfacet
facet normal 0 0 1
outer loop
vertex 110.36668994120967 -49.78800853395152 3.45
vertex 110.4243341 -50.3732795000001 3.45
vertex 110.42433410000028 -50.37327950000267 1.6
endloop
endfacet
facet normal 0 0 1
outer loop
vertex 110.36668994120967 -49.78800853395152 3.45
vertex 110.42433410000028 -50.37327950000267 1.6
vertex 110.36668994120993 -49.788008533953686 1.6
endloop
endfacet
facet normal 0 0 1
outer loop
vertex 110.19597269753383 -49.22522920290484 3.45
vertex 110.23856958950593 -49.365652336810676 3.45
vertex 110.30407414530353 -49.581591917948 3.45
endloop
endfacet
facet normal 0 0 1
outer loop
vertex 110.19597269753383 -49.22522920290484 3.45
vertex 110.30407414530353 -49.581591917948 3.45
vertex 110.36668994120967 -49.78800853395152 3.45
endloop
endfacet
facet normal 0 0 1
outer loop
vertex 110.19597269753383 -49.22522920290484 3.45
vertex 110.36668994120967 -49.78800853395152 3.45
vertex 110.36668994120993 -49.788008533953686 1.6
endloop
endfacet
facet normal 0 0 1
outer loop
vertex 110.19597269753383 -49.22522920290484 3.45
vertex 110.36668994120993 -49.788008533953686 1.6
vertex 110.19597269753406 -49.225229202906675 1.6
endloop
endfacet
facet normal 0 0 -1
outer loop
vertex 109.9187429369077 -48.706568800941085 3.45
vertex 110.04793999723306 -48.94827950000003 3.45
vertex 110.06257543351114 -48.97566047542548 3.45
endloop
endfacet
facet normal 0 0 -1
outer loop
vertex 109.9187429369077 -48.706568800941085 3.45
vertex 110.06257543351114 -48.97566047542548 3.45
vertex 110.10591931073675 -49.0567511661714 3.45
endloop
endfacet
facet normal 0 0 -1
outer loop
vertex 109.9187429369077 -48.706568800941085 3.45
vertex 110.10591931073675 -49.0567511661714 3.45
vertex 110.17630594801578 -49.18843530246892 3.45
endloop
endfacet
facet normal 0 0 -1
outer loop
vertex 109.9187429369077 -48.706568800941085 3.45
vertex 110.17630594801578 -49.18843530246892 3.45
vertex 110.19597269753383 -49.22522920290484 3.45
endloop
endfacet
facet normal 0 0 -1
outer loop
vertex 109.9187429369077 -48.706568800941085 3.45
vertex 110.19597269753383 -49.22522920290484 3.45
vertex 110.19597269753406 -49.225229202906675 1.6
endloop
endfacet
facet normal 0 0 -1
outer loop
vertex 109.9187429369077 -48.706568800941085 3.45
vertex 110.19597269753406 -49.225229202906675 1.6
vertex 109.91874293690283 -48.70656880093374 1.6
endloop
endfacet
facet normal 0.7730104533627319 0.6343932841636518 0
outer loop
vertex 109.54565444355961 -48.25195915644046 3.45
vertex 109.9187429369077 -48.706568800941085 3.45
vertex 109.91874293690283 -48.70656880093374 1.6
endloop
endfacet
facet normal 0.7730104533627319 0.6343932841636518 0
outer loop
vertex 109.54565444355961 -48.25195915644046 3.45
vertex 109.91874293690283 -48.70656880093374 1.6
vertex 109.54565444356388 -48.251959156443924 1.6
endloop
endfacet
facet normal 0.6343932841636499 0.7730104533627332 0
outer loop
vertex 109.09104479905884 -47.87887066309233 3.45
vertex 109.54565444355961 -48.25195915644046 3.45
vertex 109.54565444356388 -48.251959156443924 1.6
endloop
endfacet
facet normal 0.6343932841636499 0.7730104533627332 0
outer loop
vertex 109.09104479905884 -47.87887066309233 3.45
vertex 109.54565444356388 -48.251959156443924 1.6
vertex 109.09104479906368 -47.87887066309645 1.6
endloop
endfacet
facet normal 0.4713967368259916 0.8819212643483583 0
outer loop
vertex 108.57238439709529 -47.60164090246619 3.45
vertex 109.09104479905884 -47.87887066309233 3.45
vertex 109.09104479906368 -47.87887066309645 1.6
endloop
endfacet
facet normal 0.4713967368259916 0.8819212643483583 0
outer loop
vertex 108.57238439709529 -47.60164090246619 3.45
vertex 109.09104479906368 -47.87887066309645 1.6
vertex 108.57238439708995 -47.60164090246478 1.6
endloop
endfacet
facet normal 0.2902846772544674 0.9569403357322074 0
outer loop
vertex 108.00960506604837 -47.430923658790306 3.45
vertex 108.57238439709529 -47.60164090246619 3.45
vertex 108.57238439708995 -47.60164090246478 1.6
endloop
endfacet
facet normal 0.2902846772544674 0.9569403357322074 0
outer loop
vertex 108.00960506604837 -47.430923658790306 3.45
vertex 108.57238439708995 -47.60164090246478 1.6
vertex 108.00960506604996 -47.43092365879104 1.6
endloop
endfacet
facet normal 0.09801714032957419 0.9951847266721956 0
outer loop
vertex 107.4243341 -47.3732795 3.45
vertex 108.00960506604837 -47.430923658790306 3.45
vertex 108.00960506604996 -47.43092365879104 1.6
endloop
endfacet
facet normal 0.09801714032957419 0.9951847266721956 0
outer loop
vertex 107.4243341 -47.3732795 3.45
vertex 108.00960506604996 -47.43092365879104 1.6
vertex 107.42433409999542 -47.373279500000116 1.6
endloop
endfacet
facet normal -0.0980171403295671 0.9951847266721963 0
outer loop
vertex 106.83906313395167 -47.430923658790306 3.45
vertex 107.4243341 -47.3732795 3.45
vertex 107.42433409999542 -47.373279500000116 1.6
endloop
endfacet
facet normal -0.0980171403295671 0.9951847266721963 0
outer loop
vertex 106.83906313395167 -47.430923658790306 3.45
vertex 107.42433409999542 -47.373279500000116 1.6
vertex 106.83906313395403 -47.43092365879104 1.6
endloop
endfacet
facet normal -0.29028467725446194 0.956940335732209 0
outer loop
vertex 106.27628380290463 -47.60164090246619 3.45
vertex 106.83906313395167 -47.430923658790306 3.45
vertex 106.83906313395403 -47.43092365879104 1.6
endloop
endfacet
facet normal -0.29028467725446194 0.956940335732209 0
outer loop
vertex 106.27628380290463 -47.60164090246619 3.45
vertex 106.83906313395403 -47.43092365879104 1.6
vertex 106.27628380290547 -47.60164090246478 1.6
endloop
endfacet
facet normal -0.47139673682598043 0.8819212643483644 0
outer loop
vertex 105.75762340094124 -47.87887066309233 3.45
vertex 106.27628380290463 -47.60164090246619 3.45
vertex 106.27628380290547 -47.60164090246478 1.6
endloop
endfacet
facet normal -0.47139673682598043 0.8819212643483644 0
outer loop
vertex 105.75762340094124 -47.87887066309233 3.45
vertex 106.27628380290547 -47.60164090246478 1.6
vertex 105.75762340093978 -47.87887066309645 1.6
endloop
endfacet
facet normal -0.6343932841636448 0.7730104533627374 0
outer loop
vertex 105.30301375644024 -48.25195915644046 3.45
vertex 105.75762340094124 -47.87887066309233 3.45
vertex 105.75762340093978 -47.87887066309645 1.6
endloop
endfacet
facet normal -0.6343932841636448 0.7730104533627374 0
outer loop
vertex 105.30301375644024 -48.25195915644046 3.45
vertex 105.75762340093978 -47.87887066309645 1.6
vertex 105.30301375644002 -48.251959156443924 1.6
endloop
endfacet
facet normal -0.7730104533627445 0.6343932841636364 0
outer loop
vertex 104.92992526309243 -48.706568800941085 3.45
vertex 105.30301375644024 -48.25195915644046 3.45
vertex 105.30301375644002 -48.251959156443924 1.6
endloop
endfacet
facet normal -0.7730104533627445 0.6343932841636364 0
outer loop
vertex 104.92992526309243 -48.706568800941085 3.45
vertex 105.30301375644002 -48.251959156443924 1.6
vertex 104.92992526309406 -48.70656880093374 1.6
endloop
endfacet
facet normal 0 0 -1
outer loop
vertex 104.65269550246609 -49.22522920290484 3.45
vertex 104.67236225198415 -49.18843530246892 3.45
vertex 104.74274888926324 -49.0567511661714 3.45
endloop
endfacet
facet normal 0 0 -1
outer loop
vertex 104.65269550246609 -49.22522920290484 3.45
vertex 104.74274888926324 -49.0567511661714 3.45
vertex 104.78609276648888 -48.97566047542548 3.45
endloop
endfacet
facet normal 0 0 -1
outer loop
vertex 104.65269550246609 -49.22522920290484 3.45
vertex 104.78609276648888 -48.97566047542548 3.45
vertex 104.80072820276698 -48.94827950000003 3.45
endloop
endfacet
facet normal 0 0 -1
outer loop
vertex 104.65269550246609 -49.22522920290484 3.45
vertex 104.80072820276698 -48.94827950000003 3.45
vertex 104.92992526309243 -48.706568800941085 3.45
endloop
endfacet
facet normal 0 0 -1
outer loop
vertex 104.65269550246609 -49.22522920290484 3.45
vertex 104.92992526309243 -48.706568800941085 3.45
vertex 104.92992526309406 -48.70656880093374 1.6
endloop
endfacet
facet normal 0 0 -1
outer loop
vertex 104.65269550246609 -49.22522920290484 3.45
vertex 104.92992526309406 -48.70656880093374 1.6
vertex 104.65269550246573 -49.225229202906675 1.6
endloop
endfacet
facet normal 0 0 -1
outer loop
vertex 104.48197825879032 -49.78800853395152 3.45
vertex 104.54459405469643 -49.581591917948 3.45
vertex 104.610098610494 -49.365652336810676 3.45
endloop
endfacet
facet normal 0 0 -1
outer loop
vertex 104.48197825879032 -49.78800853395152 3.45
vertex 104.610098610494 -49.365652336810676 3.45
vertex 104.65269550246609 -49.22522920290484 3.45
endloop
endfacet
facet normal 0 0 -1
outer loop
vertex 104.48197825879032 -49.78800853395152 3.45
vertex 104.65269550246609 -49.22522920290484 3.45
vertex 104.65269550246573 -49.225229202906675 1.6
endloop
endfacet
facet normal 0 0 -1
outer loop
vertex 104.48197825879032 -49.78800853395152 3.45
vertex 104.65269550246573 -49.225229202906675 1.6
vertex 104.48197825879038 -49.788008533953686 1.6
endloop
endfacet
facet normal 0 0 -1
outer loop
vertex 104.4243341 -50.3732795000001 3.45
vertex 104.45171507542545 -50.095275791126475 3.45
vertex 104.47804381532075 -49.82795560887857 3.45
endloop
endfacet
facet normal 0 0 -1
outer loop
vertex 104.4243341 -50.3732795000001 3.45
vertex 104.47804381532075 -49.82795560887857 3.45
vertex 104.48197825879032 -49.78800853395152 3.45
endloop
endfacet
facet normal 0 0 -1
outer loop
vertex 104.4243341 -50.3732795000001 3.45
vertex 104.48197825879032 -49.78800853395152 3.45
vertex 104.48197825879038 -49.788008533953686 1.6
endloop
endfacet
facet normal 0 0 -1
outer loop
vertex 104.4243341 -50.3732795000001 3.45
vertex 104.48197825879038 -49.788008533953686 1.6
vertex 104.42433409999998 -50.37327950000267 1.6
endloop
endfacet
facet normal 0 0 -1
outer loop
vertex 104.48197825879029 -50.958550466048365 3.45
vertex 104.4780438153207 -50.91860339112122 3.45
vertex 104.45171507542523 -50.65128320887145 3.45
endloop
endfacet
facet normal 0 0 -1
outer loop
vertex 104.48197825879029 -50.958550466048365 3.45
vertex 104.45171507542523 -50.65128320887145 3.45
vertex 104.4243341 -50.3732795000001 3.45
endloop
endfacet
facet normal 0 0 -1
outer loop
vertex 104.48197825879029 -50.958550466048365 3.45
vertex 104.4243341 -50.3732795000001 3.45
vertex 104.42433409999998 -50.37327950000267 1.6
endloop
endfacet
facet normal 0 0 -1
outer loop
vertex 104.48197825879029 -50.958550466048365 3.45
vertex 104.42433409999998 -50.37327950000267 1.6
vertex 104.4819782587903 -50.95855046604952 1.6
endloop
endfacet
facet normal 0 0 1
outer loop
vertex 104.65269550246612 -51.521329797095234 3.45
vertex 104.61009861049519 -51.38090666319319 3.45
vertex 104.54459405469636 -51.16496708205172 3.45
endloop
endfacet
facet normal 0 0 1
outer loop
vertex 104.65269550246612 -51.521329797095234 3.45
vertex 104.54459405469636 -51.16496708205172 3.45
vertex 104.48197825879029 -50.958550466048365 3.45
endloop
endfacet
facet normal 0 0 1
outer loop
vertex 104.65269550246612 -51.521329797095234 3.45
vertex 104.48197825879029 -50.958550466048365 3.45
vertex 104.4819782587903 -50.95855046604952 1.6
endloop
endfacet
facet normal 0 0 1
outer loop
vertex 104.65269550246612 -51.521329797095234 3.45
vertex 104.4819782587903 -50.95855046604952 1.6
vertex 104.65269550246506 -51.52132979709292 1.6
endloop
endfacet
facet normal 0 0 -1
outer loop
vertex 104.92992526309236 -52.039990199058806 3.45
vertex 104.80072820276695 -51.79827949999996 3.45
vertex 104.78609276648886 -51.77089852457452 3.45
endloop
endfacet
facet normal 0 0 -1
outer loop
vertex 104.92992526309236 -52.039990199058806 3.45
vertex 104.78609276648886 -51.77089852457452 3.45
vertex 104.74274888926364 -51.68980783382936 3.45
endloop
endfacet
facet normal 0 0 -1
outer loop
vertex 104.92992526309236 -52.039990199058806 3.45
vertex 104.74274888926364 -51.68980783382936 3.45
vertex 104.67236225198315 -51.55812369752921 3.45
endloop
endfacet
facet normal 0 0 -1
outer loop
vertex 104.92992526309236 -52.039990199058806 3.45
vertex 104.67236225198315 -51.55812369752921 3.45
vertex 104.65269550246612 -51.521329797095234 3.45
endloop
endfacet
facet normal 0 0 -1
outer loop
vertex 104.92992526309236 -52.039990199058806 3.45
vertex 104.65269550246612 -51.521329797095234 3.45
vertex 104.65269550246506 -51.52132979709292 1.6
endloop
endfacet
facet normal 0 0 -1
outer loop
vertex 104.92992526309236 -52.039990199058806 3.45
vertex 104.65269550246506 -51.52132979709292 1.6
vertex 104.92992526309197 -52.039990199057726 1.6
endloop
endfacet
facet normal -0.7730104533627395 -0.6343932841636424 0
outer loop
vertex 105.30301375644034 -52.49459984355964 3.45
vertex 104.92992526309236 -52.039990199058806 3.45
vertex 104.92992526309197 -52.039990199057726 1.6
endloop
endfacet
facet normal -0.7730104533627395 -0.6343932841636424 0
outer loop
vertex 105.30301375644034 -52.49459984355964 3.45
vertex 104.92992526309197 -52.039990199057726 1.6
vertex 105.3030137564427 -52.49459984356188 1.6
endloop
endfacet
facet normal -0.6343932841636509 -0.7730104533627326 0
outer loop
vertex 105.75762340094117 -52.86768833690764 3.45
vertex 105.30301375644034 -52.49459984355964 3.45
vertex 105.3030137564427 -52.49459984356188 1.6
endloop
endfacet
facet normal -0.6343932841636509 -0.7730104533627326 0
outer loop
vertex 105.75762340094117 -52.86768833690764 3.45
vertex 105.3030137564427 -52.49459984356188 1.6
vertex 105.75762340094202 -52.86768833690864 1.6
endloop
endfacet
facet normal -0.47139673682598593 -0.8819212643483613 0
outer loop
vertex 106.2762838029047 -53.144918097533846 3.45
vertex 105.75762340094117 -52.86768833690764 3.45
vertex 105.75762340094202 -52.86768833690864 1.6
endloop
endfacet
facet normal -0.47139673682598593 -0.8819212643483613 0
outer loop
vertex 106.2762838029047 -53.144918097533846 3.45
vertex 105.75762340094202 -52.86768833690864 1.6
vertex 106.27628380290156 -53.144918097532724 1.6
endloop
endfacet
facet normal -0.29028467725446194 -0.956940335732209 0
outer loop
vertex 106.83906313395167 -53.315635341209706 3.45
vertex 106.2762838029047 -53.144918097533846 3.45
vertex 106.27628380290156 -53.144918097532724 1.6
endloop
endfacet
facet normal -0.29028467725446194 -0.956940335732209 0
outer loop
vertex 106.83906313395167 -53.315635341209706 3.45
vertex 106.27628380290156 -53.144918097532724 1.6
vertex 106.83906313395434 -53.315635341210346 1.6
endloop
endfacet
facet normal -0.0980171403295671 -0.9951847266721963 0
outer loop
vertex 107.42433409999997 -53.37327950000001 3.45
vertex 106.83906313395167 -53.315635341209706 3.45
vertex 106.83906313395434 -53.315635341210346 1.6
endloop
endfacet
facet normal -0.0980171403295671 -0.9951847266721963 0
outer loop
vertex 107.42433409999997 -53.37327950000001 3.45
vertex 106.83906313395434 -53.315635341210346 1.6
vertex 107.42433409999745 -53.37327950000014 1.6
endloop
endfacet
facet normal 0.09801714032955997 -0.9951847266721969 0
outer loop
vertex 108.00960506604837 -53.315635341209706 3.45
vertex 107.42433409999997 -53.37327950000001 3.45
vertex 107.42433409999745 -53.37327950000014 1.6
endloop
endfacet
facet normal 0.09801714032955997 -0.9951847266721969 0
outer loop
vertex 108.00960506604837 -53.315635341209706 3.45
vertex 107.42433409999745 -53.37327950000014 1.6
vertex 108.00960506604063 -53.315635341210346 1.6
endloop
endfacet
facet normal 0.2902846772544619 -0.956940335732209 0
outer loop
vertex 108.57238439709528 -53.144918097533846 3.45
vertex 108.00960506604837 -53.315635341209706 3.45
vertex 108.00960506604063 -53.315635341210346 1.6
endloop
endfacet
facet normal 0.2902846772544619 -0.956940335732209 0
outer loop
vertex 108.57238439709528 -53.144918097533846 3.45
vertex 108.00960506604063 -53.315635341210346 1.6
vertex 108.5723843971012 -53.144918097532724 1.6
endloop
endfacet
facet normal 0.47139673682598043 -0.8819212643483643 0
outer loop
vertex 109.09104479905878 -52.86768833690764 3.45
vertex 108.57238439709528 -53.144918097533846 3.45
vertex 108.5723843971012 -53.144918097532724 1.6
endloop
endfacet
facet normal 0.47139673682598043 -0.8819212643483643 0
outer loop
vertex 109.09104479905878 -52.86768833690764 3.45
vertex 108.5723843971012 -53.144918097532724 1.6
vertex 109.09104479905751 -52.86768833690864 1.6
endloop
endfacet
facet normal 0.6343932841636518 -0.7730104533627319 0
outer loop
vertex 109.54565444355964 -52.49459984355964 3.45
vertex 109.09104479905878 -52.86768833690764 3.45
vertex 109.09104479905751 -52.86768833690864 1.6
endloop
endfacet
facet normal 0.6343932841636518 -0.7730104533627319 0
outer loop
vertex 109.54565444355964 -52.49459984355964 3.45
vertex 109.09104479905751 -52.86768833690864 1.6
vertex 109.54565444355522 -52.49459984356188 1.6
endloop
endfacet
facet normal 0.7730104533627445 -0.6343932841636364 0
outer loop
vertex 109.91874293690765 -52.039990199058806 3.45
vertex 109.54565444355964 -52.49459984355964 3.45
vertex 109.54565444355522 -52.49459984356188 1.6
endloop
endfacet
facet normal 0.7730104533627445 -0.6343932841636364 0
outer loop
vertex 109.91874293690765 -52.039990199058806 3.45
vertex 109.54565444355522 -52.49459984356188 1.6
vertex 109.91874293690971 -52.039990199057726 1.6
endloop
endfacet
facet normal 0 0 1
outer loop
vertex 110.19597269753385 -51.521329797095234 3.45
vertex 110.17630594801682 -51.55812369752921 3.45
vertex 110.10591931073634 -51.68980783382936 3.45
endloop
endfacet
facet normal 0 0 1
outer loop
vertex 110.19597269753385 -51.521329797095234 3.45
vertex 110.10591931073634 -51.68980783382936 3.45
vertex 110.06257543351113 -51.77089852457452 3.45
endloop
endfacet
facet normal 0 0 1
outer loop
vertex 110.19597269753385 -51.521329797095234 3.45
vertex 110.06257543351113 -51.77089852457452 3.45
vertex 110.04793999723303 -51.79827949999996 3.45
endloop
endfacet
facet normal 0 0 1
outer loop
vertex 110.19597269753385 -51.521329797095234 3.45
vertex 110.04793999723303 -51.79827949999996 3.45
vertex 109.91874293690765 -52.039990199058806 3.45
endloop
endfacet
facet normal 0 0 1
outer loop
vertex 110.19597269753385 -51.521329797095234 3.45
vertex 109.91874293690765 -52.039990199058806 3.45
vertex 109.91874293690971 -52.039990199057726 1.6
endloop
endfacet
facet normal 0 0 1
outer loop
vertex 110.19597269753385 -51.521329797095234 3.45
vertex 109.91874293690971 -52.039990199057726 1.6
vertex 110.19597269753581 -51.52132979709292 1.6
endloop
endfacet
facet normal 0 0 -1
outer loop
vertex 110.3666899412097 -50.958550466048365 3.45
vertex 110.30407414530363 -51.16496708205172 3.45
vertex 110.23856958950479 -51.38090666319319 3.45
endloop
endfacet
facet normal 0 0 -1
outer loop
vertex 110.3666899412097 -50.958550466048365 3.45
vertex 110.23856958950479 -51.38090666319319 3.45
vertex 110.19597269753385 -51.521329797095234 3.45
endloop
endfacet
facet normal 0 0 -1
outer loop
vertex 110.3666899412097 -50.958550466048365 3.45
vertex 110.19597269753385 -51.521329797095234 3.45
vertex 110.19597269753581 -51.52132979709292 1.6
endloop
endfacet
facet normal 0 0 -1
outer loop
vertex 110.3666899412097 -50.958550466048365 3.45
vertex 110.19597269753581 -51.52132979709292 1.6
vertex 110.36668994121048 -50.95855046604952 1.6
endloop
endfacet
facet normal 0 0 1
outer loop
vertex 55.67114399999999 -88.33181229999995 3.45
vertex 55.64376302457458 -88.60981600887303 3.45
vertex 55.617434284679184 -88.87713619112206 3.45
endloop
endfacet
facet normal 0 0 1
outer loop
vertex 55.67114399999999 -88.33181229999995 3.45
vertex 55.617434284679184 -88.87713619112206 3.45
vertex 55.61349984120967 -88.91708326604842 3.45
endloop
endfacet
facet normal 0 0 1
outer loop
vertex 55.67114399999999 -88.33181229999995 3.45
vertex 55.61349984120967 -88.91708326604842 3.45
vertex 55.61349984120929 -88.91708326605115 1.6
endloop
endfacet
facet normal 0 0 1
outer loop
vertex 55.67114399999999 -88.33181229999995 3.45
vertex 55.61349984120929 -88.91708326605115 1.6
vertex 55.67114400000009 -88.33181229999651 1.6
endloop
endfacet
facet normal 0 0 1
outer loop
vertex 55.61349984120969 -87.74654133395161 3.45
vertex 55.61743428467929 -87.78648840887891 3.45
vertex 55.64376302457461 -88.0538085911271 3.45
endloop
endfacet
facet normal 0 0 1
outer loop
vertex 55.61349984120969 -87.74654133395161 3.45
vertex 55.64376302457461 -88.0538085911271 3.45
vertex 55.67114399999999 -88.33181229999995 3.45
endloop
endfacet
facet normal 0 0 1
outer loop
vertex 55.61349984120969 -87.74654133395161 3.45
vertex 55.67114399999999 -88.33181229999995 3.45
vertex 55.67114400000009 -88.33181229999651 1.6
endloop
endfacet
facet normal 0 0 1
outer loop
vertex 55.61349984120969 -87.74654133395161 3.45
vertex 55.67114400000009 -88.33181229999651 1.6
vertex 55.61349984121039 -87.74654133395441 1.6
endloop
endfacet
facet normal 0 0 -1
outer loop
vertex 55.44278259753386 -87.18376200290474 3.45
vertex 55.4853794895041 -87.32418513680447 3.45
vertex 55.55088404530422 -87.54012471795023 3.45
endloop
endfacet
facet normal 0 0 -1
outer loop
vertex 55.44278259753386 -87.18376200290474 3.45
vertex 55.55088404530422 -87.54012471795023 3.45
vertex 55.61349984120969 -87.74654133395161 3.45
endloop
endfacet
facet normal 0 0 -1
outer loop
vertex 55.44278259753386 -87.18376200290474 3.45
vertex 55.61349984120969 -87.74654133395161 3.45
vertex 55.61349984121039 -87.74654133395441 1.6
endloop
endfacet
facet normal 0 0 -1
outer loop
vertex 55.44278259753386 -87.18376200290474 3.45
vertex 55.61349984121039 -87.74654133395441 1.6
vertex 55.44278259753277 -87.18376200290162 1.6
endloop
endfacet
facet normal 0 0 1
outer loop
vertex 55.165552836907636 -86.66510160094118 3.45
vertex 55.29474989723303 -86.90681230000003 3.45
vertex 55.309385333511166 -86.93419327542554 3.45
endloop
endfacet
facet normal 0 0 1
outer loop
vertex 55.165552836907636 -86.66510160094118 3.45
vertex 55.309385333511166 -86.93419327542554 3.45
vertex 55.352729210736406 -87.01528396617073 3.45
endloop
endfacet
facet normal 0 0 1
outer loop
vertex 55.165552836907636 -86.66510160094118 3.45
vertex 55.352729210736406 -87.01528396617073 3.45
vertex 55.42311584801778 -87.14696810247253 3.45
endloop
endfacet
facet normal 0 0 1
outer loop
vertex 55.165552836907636 -86.66510160094118 3.45
vertex 55.42311584801778 -87.14696810247253 3.45
vertex 55.44278259753386 -87.18376200290474 3.45
endloop
endfacet
facet normal 0 0 1
outer loop
vertex 55.165552836907636 -86.66510160094118 3.45
vertex 55.44278259753386 -87.18376200290474 3.45
vertex 55.44278259753277 -87.18376200290162 1.6
endloop
endfacet
facet normal 0 0 1
outer loop
vertex 55.165552836907636 -86.66510160094118 3.45
vertex 55.44278259753277 -87.18376200290162 1.6
vertex 55.16555283690868 -86.66510160094208 1.6
endloop
endfacet
facet normal 0.7730104533627321 0.6343932841636516 0
outer loop
vertex 54.79246434355966 -86.21049195644036 3.45
vertex 55.165552836907636 -86.66510160094118 3.45
vertex 55.16555283690868 -86.66510160094208 1.6
endloop
endfacet
facet normal 0.7730104533627321 0.6343932841636516 0
outer loop
vertex 54.79246434355966 -86.21049195644036 3.45
vertex 55.16555283690868 -86.66510160094208 1.6
vertex 54.792464343560844 -86.21049195644143 1.6
endloop
endfacet
facet normal 0.6343932841636364 0.7730104533627445 0
outer loop
vertex 54.33785469905878 -85.83740346309234 3.45
vertex 54.79246434355966 -86.21049195644036 3.45
vertex 54.792464343560844 -86.21049195644143 1.6
endloop
endfacet
facet normal 0.6343932841636364 0.7730104533627445 0
outer loop
vertex 54.33785469905878 -85.83740346309234 3.45
vertex 54.792464343560844 -86.21049195644143 1.6
vertex 54.337854699058745 -85.83740346309241 1.6
endloop
endfacet
facet normal 0.47139673682600836 0.8819212643483493 0
outer loop
vertex 53.819194297095265 -85.56017370246613 3.45
vertex 54.33785469905878 -85.83740346309234 3.45
vertex 54.337854699058745 -85.83740346309241 1.6
endloop
endfacet
facet normal 0.47139673682600836 0.8819212643483493 0
outer loop
vertex 53.819194297095265 -85.56017370246613 3.45
vertex 54.337854699058745 -85.83740346309241 1.6
vertex 53.81919429709637 -85.5601737024668 1.6
endloop
endfacet
facet normal 0.2902846772544479 0.9569403357322133 0
outer loop
vertex 53.256414966048354 -85.38945645879029 3.45
vertex 53.819194297095265 -85.56017370246613 3.45
vertex 53.81919429709637 -85.5601737024668 1.6
endloop
endfacet
facet normal 0.2902846772544479 0.9569403357322133 0
outer loop
vertex 53.256414966048354 -85.38945645879029 3.45
vertex 53.81919429709637 -85.5601737024668 1.6
vertex 53.25641496604405 -85.38945645878933 1.6
endloop
endfacet
facet normal 0.09801714032957423 0.9951847266721956 0
outer loop
vertex 52.67114399999998 -85.33181229999998 3.45
vertex 53.256414966048354 -85.38945645879029 3.45
vertex 53.25641496604405 -85.38945645878933 1.6
endloop
endfacet
facet normal 0.09801714032957423 0.9951847266721956 0
outer loop
vertex 52.67114399999998 -85.33181229999998 3.45
vertex 53.25641496604405 -85.38945645878933 1.6
vertex 52.67114400000387 -85.33181229999981 1.6
endloop
endfacet
facet normal -0.0980171403295599 0.9951847266721969 0
outer loop
vertex 52.085873033951685 -85.38945645879029 3.45
vertex 52.67114399999998 -85.33181229999998 3.45
vertex 52.67114400000387 -85.33181229999981 1.6
endloop
endfacet
facet normal -0.0980171403295599 0.9951847266721969 0
outer loop
vertex 52.085873033951685 -85.38945645879029 3.45
vertex 52.67114400000387 -85.33181229999981 1.6
vertex 52.08587303395137 -85.38945645878933 1.6
endloop
endfacet
facet normal -0.2902846772544479 0.9569403357322133 0
outer loop
vertex 51.523093702904774 -85.56017370246613 3.45
vertex 52.085873033951685 -85.38945645879029 3.45
vertex 52.08587303395137 -85.38945645878933 1.6
endloop
endfacet
facet normal -0.2902846772544479 0.9569403357322133 0
outer loop
vertex 51.523093702904774 -85.56017370246613 3.45
vertex 52.08587303395137 -85.38945645878933 1.6
vertex 51.52309370290455 -85.5601737024668 1.6
endloop
endfacet
facet normal -0.47139673682599437 0.8819212643483567 0
outer loop
vertex 51.004433300941145 -85.83740346309234 3.45
vertex 51.523093702904774 -85.56017370246613 3.45
vertex 51.52309370290455 -85.5601737024668 1.6
endloop
endfacet
facet normal -0.47139673682599437 0.8819212643483567 0
outer loop
vertex 51.004433300941145 -85.83740346309234 3.45
vertex 51.52309370290455 -85.5601737024668 1.6
vertex 51.004433300940576 -85.83740346309241 1.6
endloop
endfacet
facet normal -0.6343932841636364 0.7730104533627445 0
outer loop
vertex 50.549823656440374 -86.21049195644036 3.45
vertex 51.004433300941145 -85.83740346309234 3.45
vertex 51.004433300940576 -85.83740346309241 1.6
endloop
endfacet
facet normal -0.6343932841636364 0.7730104533627445 0
outer loop
vertex 50.549823656440374 -86.21049195644036 3.45
vertex 51.004433300940576 -85.83740346309241 1.6
vertex 50.549823656440196 -86.21049195644143 1.6
endloop
endfacet
facet normal -0.7730104533627347 0.6343932841636484 0
outer loop
vertex 50.176735163092395 -86.66510160094118 3.45
vertex 50.549823656440374 -86.21049195644036 3.45
vertex 50.549823656440196 -86.21049195644143 1.6
endloop
endfacet
facet normal -0.7730104533627347 0.6343932841636484 0
outer loop
vertex 50.176735163092395 -86.66510160094118 3.45
vertex 50.549823656440196 -86.21049195644143 1.6
vertex 50.17673516309386 -86.66510160094208 1.6
endloop
endfacet
facet normal 0 0 1
outer loop
vertex 49.899505402466126 -87.18376200290474 3.45
vertex 49.91917215198222 -87.14696810247253 3.45
vertex 49.9895587892636 -87.01528396617073 3.45
endloop
endfacet
facet normal 0 0 1
outer loop
vertex 49.899505402466126 -87.18376200290474 3.45
vertex 49.9895587892636 -87.01528396617073 3.45
vertex 50.032902666488845 -86.93419327542554 3.45
endloop
endfacet
facet normal 0 0 1
outer loop
vertex 49.899505402466126 -87.18376200290474 3.45
vertex 50.032902666488845 -86.93419327542554 3.45
vertex 50.04753810276698 -86.90681230000003 3.45
endloop
endfacet
facet normal 0 0 1
outer loop
vertex 49.899505402466126 -87.18376200290474 3.45
vertex 50.04753810276698 -86.90681230000003 3.45
vertex 50.176735163092395 -86.66510160094118 3.45
endloop
endfacet
facet normal 0 0 1
outer loop
vertex 49.899505402466126 -87.18376200290474 3.45
vertex 50.176735163092395 -86.66510160094118 3.45
vertex 50.17673516309386 -86.66510160094208 1.6
endloop
endfacet
facet normal 0 0 1
outer loop
vertex 49.899505402466126 -87.18376200290474 3.45
vertex 50.17673516309386 -86.66510160094208 1.6
vertex 49.89950540246603 -87.18376200290162 1.6
endloop
endfacet
facet normal 0 0 -1
outer loop
vertex 49.72878815879029 -87.74654133395161 3.45
vertex 49.79140395469576 -87.54012471795023 3.45
vertex 49.85690851049589 -87.32418513680447 3.45
endloop
endfacet
facet normal 0 0 -1
outer loop
vertex 49.72878815879029 -87.74654133395161 3.45
vertex 49.85690851049589 -87.32418513680447 3.45
vertex 49.899505402466126 -87.18376200290474 3.45
endloop
endfacet
facet normal 0 0 -1
outer loop
vertex 49.72878815879029 -87.74654133395161 3.45
vertex 49.899505402466126 -87.18376200290474 3.45
vertex 49.89950540246603 -87.18376200290162 1.6
endloop
endfacet
facet normal 0 0 -1
outer loop
vertex 49.72878815879029 -87.74654133395161 3.45
vertex 49.89950540246603 -87.18376200290162 1.6
vertex 49.72878815878966 -87.74654133395441 1.6
endloop
endfacet
facet normal 0 0 1
outer loop
vertex 49.671144 -88.33181229999995 3.45
vertex 49.69852497542538 -88.0538085911271 3.45
vertex 49.724853715320684 -87.78648840887891 3.45
endloop
endfacet
facet normal 0 0 1
outer loop
vertex 49.671144 -88.33181229999995 3.45
vertex 49.724853715320684 -87.78648840887891 3.45
vertex 49.72878815879029 -87.74654133395161 3.45
endloop
endfacet
facet normal 0 0 1
outer loop
vertex 49.671144 -88.33181229999995 3.45
vertex 49.72878815879029 -87.74654133395161 3.45
vertex 49.72878815878966 -87.74654133395441 1.6
endloop
endfacet
facet normal 0 0 1
outer loop
vertex 49.671144 -88.33181229999995 3.45
vertex 49.72878815878966 -87.74654133395441 1.6
vertex 49.671144000000005 -88.33181229999651 1.6
endloop
endfacet
facet normal 0 0 1
outer loop
vertex 49.72878815879032 -88.91708326604842 3.45
vertex 49.72485371532081 -88.87713619112206 3.45
vertex 49.69852497542541 -88.60981600887303 3.45
endloop
endfacet
facet normal 0 0 1
outer loop
vertex 49.72878815879032 -88.91708326604842 3.45
vertex 49.69852497542541 -88.60981600887303 3.45
vertex 49.671144 -88.33181229999995 3.45
endloop
endfacet
facet normal 0 0 1
outer loop
vertex 49.72878815879032 -88.91708326604842 3.45
vertex 49.671144 -88.33181229999995 3.45
vertex 49.671144000000005 -88.33181229999651 1.6
endloop
endfacet
facet normal 0 0 1
outer loop
vertex 49.72878815879032 -88.91708326604842 3.45
vertex 49.671144000000005 -88.33181229999651 1.6
vertex 49.72878815879098 -88.91708326605115 1.6
endloop
endfacet
facet normal 0 0 1
outer loop
vertex 49.899505402466154 -89.47986259709528 3.45
vertex 49.856908510494485 -89.3394394631908 3.45
vertex 49.791403954695504 -89.12349988204885 3.45
endloop
endfacet
facet normal 0 0 1
outer loop
vertex 49.899505402466154 -89.47986259709528 3.45
vertex 49.791403954695504 -89.12349988204885 3.45
vertex 49.72878815879032 -88.91708326604842 3.45
endloop
endfacet
facet normal 0 0 1
outer loop
vertex 49.899505402466154 -89.47986259709528 3.45
vertex 49.72878815879032 -88.91708326604842 3.45
vertex 49.72878815879098 -88.91708326605115 1.6
endloop
endfacet
facet normal 0 0 1
outer loop
vertex 49.899505402466154 -89.47986259709528 3.45
vertex 49.72878815879098 -88.91708326605115 1.6
vertex 49.899505402466886 -89.47986259709708 1.6
endloop
endfacet
facet normal 0 0 -1
outer loop
vertex 50.176735163092324 -89.99852299905875 3.45
vertex 50.04753810276696 -89.75681229999995 3.45
vertex 50.03290266648887 -89.72943132457452 3.45
endloop
endfacet
facet normal 0 0 -1
outer loop
vertex 50.176735163092324 -89.99852299905875 3.45
vertex 50.03290266648887 -89.72943132457452 3.45
vertex 49.9895587892639 -89.64834063382985 3.45
endloop
endfacet
facet normal 0 0 -1
outer loop
vertex 50.176735163092324 -89.99852299905875 3.45
vertex 49.9895587892639 -89.64834063382985 3.45
vertex 49.91917215198492 -89.51665649753251 3.45
endloop
endfacet
facet normal 0 0 -1
outer loop
vertex 50.176735163092324 -89.99852299905875 3.45
vertex 49.91917215198492 -89.51665649753251 3.45
vertex 49.899505402466154 -89.47986259709528 3.45
endloop
endfacet
facet normal 0 0 -1
outer loop
vertex 50.176735163092324 -89.99852299905875 3.45
vertex 49.899505402466154 -89.47986259709528 3.45
vertex 49.899505402466886 -89.47986259709708 1.6
endloop
endfacet
facet normal 0 0 -1
outer loop
vertex 50.176735163092324 -89.99852299905875 3.45
vertex 49.899505402466886 -89.47986259709708 1.6
vertex 50.17673516309025 -89.99852299905604 1.6
endloop
endfacet
facet normal -0.7730104533627373 -0.6343932841636452 0
outer loop
vertex 50.54982365644034 -90.45313264355968 3.45
vertex 50.176735163092324 -89.99852299905875 3.45
vertex 50.17673516309025 -89.99852299905604 1.6
endloop
endfacet
facet normal -0.7730104533627373 -0.6343932841636452 0
outer loop
vertex 50.54982365644034 -90.45313264355968 3.45
vertex 50.17673516309025 -89.99852299905604 1.6
vertex 50.54982365643808 -90.45313264356032 1.6
endloop
endfacet
facet normal -0.6343932841636364 -0.7730104533627445 0
outer loop
vertex 51.00443330094118 -90.82622113690763 3.45
vertex 50.54982365644034 -90.45313264355968 3.45
vertex 50.54982365643808 -90.45313264356032 1.6
endloop
endfacet
facet normal -0.6343932841636364 -0.7730104533627445 0
outer loop
vertex 51.00443330094118 -90.82622113690763 3.45
vertex 50.54982365643808 -90.45313264356032 1.6
vertex 51.00443330094432 -90.82622113690762 1.6
endloop
endfacet
facet normal -0.47139673682600836 -0.8819212643483493 0
outer loop
vertex 51.52309370290477 -91.10345089753388 3.45
vertex 51.00443330094118 -90.82622113690763 3.45
vertex 51.00443330094432 -90.82622113690762 1.6
endloop
endfacet
facet normal -0.47139673682600836 -0.8819212643483493 0
outer loop
vertex 51.52309370290477 -91.10345089753388 3.45
vertex 51.00443330094432 -90.82622113690762 1.6
vertex 51.52309370290324 -91.10345089753417 1.6
endloop
endfacet
facet normal -0.2902846772544479 -0.9569403357322133 0
outer loop
vertex 52.08587303395161 -91.27416814120969 3.45
vertex 51.52309370290477 -91.10345089753388 3.45
vertex 51.52309370290324 -91.10345089753417 1.6
endloop
endfacet
facet normal -0.2902846772544479 -0.9569403357322133 0
outer loop
vertex 52.08587303395161 -91.27416814120969 3.45
vertex 51.52309370290324 -91.10345089753417 1.6
vertex 52.085873033949454 -91.27416814120988 1.6
endloop
endfacet
facet normal -0.09801714032957415 -0.9951847266721956 0
outer loop
vertex 52.67114399999997 -91.3318123 3.45
vertex 52.08587303395161 -91.27416814120969 3.45
vertex 52.085873033949454 -91.27416814120988 1.6
endloop
endfacet
facet normal -0.09801714032957415 -0.9951847266721956 0
outer loop
vertex 52.67114399999997 -91.3318123 3.45
vertex 52.085873033949454 -91.27416814120988 1.6
vertex 52.67114400000189 -91.33181229999983 1.6
endloop
endfacet
facet normal 0.09801714032956006 -0.9951847266721969 0
outer loop
vertex 53.25641496604841 -91.27416814120969 3.45
vertex 52.67114399999997 -91.3318123 3.45
vertex 52.67114400000189 -91.33181229999983 1.6
endloop
endfacet
facet normal 0.09801714032956006 -0.9951847266721969 0
outer loop
vertex 53.25641496604841 -91.27416814120969 3.45
vertex 52.67114400000189 -91.33181229999983 1.6
vertex 53.25641496604813 -91.27416814120988 1.6
endloop
endfacet
facet normal 0.2902846772544479 -0.9569403357322133 0
outer loop
vertex 53.81919429709525 -91.10345089753388 3.45
vertex 53.25641496604841 -91.27416814120969 3.45
vertex 53.25641496604813 -91.27416814120988 1.6
endloop
endfacet
facet normal 0.2902846772544479 -0.9569403357322133 0
outer loop
vertex 53.81919429709525 -91.10345089753388 3.45
vertex 53.25641496604813 -91.27416814120988 1.6
vertex 53.8191942970946 -91.10345089753417 1.6
endloop
endfacet
facet normal 0.4713967368259944 -0.8819212643483568 0
outer loop
vertex 54.33785469905882 -90.82622113690763 3.45
vertex 53.81919429709525 -91.10345089753388 3.45
vertex 53.8191942970946 -91.10345089753417 1.6
endloop
endfacet
facet normal 0.4713967368259944 -0.8819212643483568 0
outer loop
vertex 54.33785469905882 -90.82622113690763 3.45
vertex 53.8191942970946 -91.10345089753417 1.6
vertex 54.33785469905875 -90.82622113690762 1.6
endloop
endfacet
facet normal 0.6343932841636364 -0.7730104533627445 0
outer loop
vertex 54.79246434355961 -90.45313264355968 3.45
vertex 54.33785469905882 -90.82622113690763 3.45
vertex 54.33785469905875 -90.82622113690762 1.6
endloop
endfacet
facet normal 0.6343932841636364 -0.7730104533627445 0
outer loop
vertex 54.79246434355961 -90.45313264355968 3.45
vertex 54.33785469905875 -90.82622113690762 1.6
vertex 54.79246434355875 -90.45313264356032 1.6
endloop
endfacet
facet normal 0.7730104533627319 -0.6343932841636518 0
outer loop
vertex 55.165552836907686 -89.99852299905875 3.45
vertex 54.79246434355961 -90.45313264355968 3.45
vertex 54.79246434355875 -90.45313264356032 1.6
endloop
endfacet
facet normal 0.7730104533627319 -0.6343932841636518 0
outer loop
vertex 55.165552836907686 -89.99852299905875 3.45
vertex 54.79246434355875 -90.45313264356032 1.6
vertex 55.16555283690958 -89.99852299905604 1.6
endloop
endfacet
facet normal 0 0 -1
outer loop
vertex 55.44278259753386 -89.47986259709528 3.45
vertex 55.4231158480151 -89.51665649753251 3.45
vertex 55.352729210736115 -89.64834063382985 3.45
endloop
endfacet
facet normal 0 0 -1
outer loop
vertex 55.44278259753386 -89.47986259709528 3.45
vertex 55.352729210736115 -89.64834063382985 3.45
vertex 55.309385333511145 -89.72943132457452 3.45
endloop
endfacet
facet normal 0 0 -1
outer loop
vertex 55.44278259753386 -89.47986259709528 3.45
vertex 55.309385333511145 -89.72943132457452 3.45
vertex 55.29474989723306 -89.75681229999995 3.45
endloop
endfacet
facet normal 0 0 -1
outer loop
vertex 55.44278259753386 -89.47986259709528 3.45
vertex 55.29474989723306 -89.75681229999995 3.45
vertex 55.165552836907686 -89.99852299905875 3.45
endloop
endfacet
facet normal 0 0 -1
outer loop
vertex 55.44278259753386 -89.47986259709528 3.45
vertex 55.165552836907686 -89.99852299905875 3.45
vertex 55.16555283690958 -89.99852299905604 1.6
endloop
endfacet
facet normal 0 0 -1
outer loop
vertex 55.44278259753386 -89.47986259709528 3.45
vertex 55.16555283690958 -89.99852299905604 1.6
vertex 55.44278259753335 -89.47986259709708 1.6
endloop
endfacet
facet normal 0 0 -1
outer loop
vertex 55.61349984120967 -88.91708326604842 3.45
vertex 55.5508840453045 -89.12349988204885 3.45
vertex 55.48537948950553 -89.3394394631908 3.45
endloop
endfacet
facet normal 0 0 -1
outer loop
vertex 55.61349984120967 -88.91708326604842 3.45
vertex 55.48537948950553 -89.3394394631908 3.45
vertex 55.44278259753386 -89.47986259709528 3.45
endloop
endfacet
facet normal 0 0 -1
outer loop
vertex 55.61349984120967 -88.91708326604842 3.45
vertex 55.44278259753386 -89.47986259709528 3.45
vertex 55.44278259753335 -89.47986259709708 1.6
endloop
endfacet
facet normal 0 0 -1
outer loop
vertex 55.61349984120967 -88.91708326604842 3.45
vertex 55.44278259753335 -89.47986259709708 1.6
vertex 55.61349984120929 -88.91708326605115 1.6
endloop
endfacet
facet normal 0 0 -1
outer loop
vertex 110.4243341 -67.37327949999992 3.45
vertex 110.3969531245749 -67.65128320886987 3.45
vertex 110.37062438467915 -67.91860339112253 3.45
endloop
endfacet
facet normal 0 0 -1
outer loop
vertex 110.4243341 -67.37327949999992 3.45
vertex 110.37062438467915 -67.91860339112253 3.45
vertex 110.36668994120969 -67.95855046604837 3.45
endloop
endfacet
facet normal 0 0 -1
outer loop
vertex 110.4243341 -67.37327949999992 3.45
vertex 110.36668994120969 -67.95855046604837 3.45
vertex 110.36668994120978 -67.95855046604854 1.6
endloop
endfacet
facet normal 0 0 -1
outer loop
vertex 110.4243341 -67.37327949999992 3.45
vertex 110.36668994120978 -67.95855046604854 1.6
vertex 110.42433409999997 -67.37327950000144 1.6
endloop
endfacet
facet normal 0 0 1
outer loop
vertex 110.3666899412097 -66.78800853395165 3.45
vertex 110.3706243846795 -66.82795560888098 3.45
vertex 110.39695312457448 -67.09527579112566 3.45
endloop
endfacet
facet normal 0 0 1
outer loop
vertex 110.3666899412097 -66.78800853395165 3.45
vertex 110.39695312457448 -67.09527579112566 3.45
vertex 110.4243341 -67.37327949999992 3.45
endloop
endfacet
facet normal 0 0 1
outer loop
vertex 110.3666899412097 -66.78800853395165 3.45
vertex 110.4243341 -67.37327949999992 3.45
vertex 110.42433409999997 -67.37327950000144 1.6
endloop
endfacet
facet normal 0 0 1
outer loop
vertex 110.3666899412097 -66.78800853395165 3.45
vertex 110.42433409999997 -67.37327950000144 1.6
vertex 110.36668994120966 -66.78800853395308 1.6
endloop
endfacet
facet normal 0 0 1
outer loop
vertex 110.19597269753388 -66.22522920290477 3.45
vertex 110.23856958950657 -66.36565233681263 3.45
vertex 110.3040741453034 -66.58159191794755 3.45
endloop
endfacet
facet normal 0 0 1
outer loop
vertex 110.19597269753388 -66.22522920290477 3.45
vertex 110.3040741453034 -66.58159191794755 3.45
vertex 110.3666899412097 -66.78800853395165 3.45
endloop
endfacet
facet normal 0 0 1
outer loop
vertex 110.19597269753388 -66.22522920290477 3.45
vertex 110.3666899412097 -66.78800853395165 3.45
vertex 110.36668994120966 -66.78800853395308 1.6
endloop
endfacet
facet normal 0 0 1
outer loop
vertex 110.19597269753388 -66.22522920290477 3.45
vertex 110.36668994120966 -66.78800853395308 1.6
vertex 110.19597269753396 -66.22522920290659 1.6
endloop
endfacet
facet normal 0 0 1
outer loop
vertex 109.91874293690762 -65.70656880094117 3.45
vertex 110.04793999723279 -65.94827949999959 3.45
vertex 110.06257543351079 -65.97566047542485 3.45
endloop
endfacet
facet normal 0 0 1
outer loop
vertex 109.91874293690762 -65.70656880094117 3.45
vertex 110.06257543351079 -65.97566047542485 3.45
vertex 110.10591931073628 -66.05675116617051 3.45
endloop
endfacet
facet normal 0 0 1
outer loop
vertex 109.91874293690762 -65.70656880094117 3.45
vertex 110.10591931073628 -66.05675116617051 3.45
vertex 110.17630594801562 -66.18843530246849 3.45
endloop
endfacet
facet normal 0 0 1
outer loop
vertex 109.91874293690762 -65.70656880094117 3.45
vertex 110.17630594801562 -66.18843530246849 3.45
vertex 110.19597269753388 -66.22522920290477 3.45
endloop
endfacet
facet normal 0 0 1
outer loop
vertex 109.91874293690762 -65.70656880094117 3.45
vertex 110.19597269753388 -66.22522920290477 3.45
vertex 110.19597269753396 -66.22522920290659 1.6
endloop
endfacet
facet normal 0 0 1
outer loop
vertex 109.91874293690762 -65.70656880094117 3.45
vertex 110.19597269753396 -66.22522920290659 1.6
vertex 109.91874293690748 -65.70656880094255 1.6
endloop
endfacet
facet normal 0.7730104533627445 0.6343932841636364 0
outer loop
vertex 109.54565444355961 -65.25195915644031 3.45
vertex 109.91874293690762 -65.70656880094117 3.45
vertex 109.91874293690748 -65.70656880094255 1.6
endloop
endfacet
facet normal 0.7730104533627445 0.6343932841636364 0
outer loop
vertex 109.54565444355961 -65.25195915644031 3.45
vertex 109.91874293690748 -65.70656880094255 1.6
vertex 109.54565444355421 -65.25195915643529 1.6
endloop
endfacet
facet normal 0.6343932841636364 0.7730104533627445 0
outer loop
vertex 109.09104479905886 -64.8788706630924 3.45
vertex 109.54565444355961 -65.25195915644031 3.45
vertex 109.54565444355421 -65.25195915643529 1.6
endloop
endfacet
facet normal 0.6343932841636364 0.7730104533627445 0
outer loop
vertex 109.09104479905886 -64.8788706630924 3.45
vertex 109.54565444355421 -65.25195915643529 1.6
vertex 109.09104479905851 -64.87887066309152 1.6
endloop
endfacet
facet normal 0.47139673682599703 0.8819212643483554 0
outer loop
vertex 108.57238439709519 -64.6016409024661 3.45
vertex 109.09104479905886 -64.8788706630924 3.45
vertex 109.09104479905851 -64.87887066309152 1.6
endloop
endfacet
facet normal 0.47139673682599703 0.8819212643483554 0
outer loop
vertex 108.57238439709519 -64.6016409024661 3.45
vertex 109.09104479905851 -64.87887066309152 1.6
vertex 108.57238439709562 -64.60164090246565 1.6
endloop
endfacet
facet normal 0.2902846772544479 0.9569403357322133 0
outer loop
vertex 108.00960506604844 -64.43092365879032 3.45
vertex 108.57238439709519 -64.6016409024661 3.45
vertex 108.57238439709562 -64.60164090246565 1.6
endloop
endfacet
facet normal 0.2902846772544479 0.9569403357322133 0
outer loop
vertex 108.00960506604844 -64.43092365879032 3.45
vertex 108.57238439709562 -64.60164090246565 1.6
vertex 108.00960506605249 -64.43092365879096 1.6
endloop
endfacet
facet normal 0.0980171403295671 0.9951847266721963 0
outer loop
vertex 107.42433409999992 -64.3732795 3.45
vertex 108.00960506604844 -64.43092365879032 3.45
vertex 108.00960506605249 -64.43092365879096 1.6
endloop
endfacet
facet normal 0.0980171403295671 0.9951847266721963 0
outer loop
vertex 107.42433409999992 -64.3732795 3.45
vertex 108.00960506605249 -64.43092365879096 1.6
vertex 107.42433410000078 -64.37327950000032 1.6
endloop
endfacet
facet normal -0.09801714032956006 0.9951847266721969 0
outer loop
vertex 106.83906313395163 -64.43092365879032 3.45
vertex 107.42433409999992 -64.3732795 3.45
vertex 107.42433410000078 -64.37327950000032 1.6
endloop
endfacet
facet normal -0.09801714032956006 0.9951847266721969 0
outer loop
vertex 106.83906313395163 -64.43092365879032 3.45
vertex 107.42433410000078 -64.37327950000032 1.6
vertex 106.83906313395168 -64.43092365879096 1.6
endloop
endfacet
facet normal -0.2902846772544479 0.9569403357322133 0
outer loop
vertex 106.27628380290476 -64.6016409024661 3.45
vertex 106.83906313395163 -64.43092365879032 3.45
vertex 106.83906313395168 -64.43092365879096 1.6
endloop
endfacet
facet normal -0.2902846772544479 0.9569403357322133 0
outer loop
vertex 106.27628380290476 -64.6016409024661 3.45
vertex 106.83906313395168 -64.43092365879096 1.6
vertex 106.27628380290422 -64.60164090246565 1.6
endloop
endfacet
facet normal -0.4713967368259944 0.8819212643483568 0
outer loop
vertex 105.75762340094113 -64.8788706630924 3.45
vertex 106.27628380290476 -64.6016409024661 3.45
vertex 106.27628380290422 -64.60164090246565 1.6
endloop
endfacet
facet normal -0.4713967368259944 0.8819212643483568 0
outer loop
vertex 105.75762340094113 -64.8788706630924 3.45
vertex 106.27628380290422 -64.60164090246565 1.6
vertex 105.75762340093891 -64.87887066309152 1.6
endloop
endfacet
facet normal -0.6343932841636518 0.7730104533627319 0
outer loop
vertex 105.30301375644041 -65.25195915644031 3.45
vertex 105.75762340094113 -64.8788706630924 3.45
vertex 105.75762340093891 -64.87887066309152 1.6
endloop
endfacet
facet normal -0.6343932841636518 0.7730104533627319 0
outer loop
vertex 105.30301375644041 -65.25195915644031 3.45
vertex 105.75762340093891 -64.87887066309152 1.6
vertex 105.30301375644179 -65.25195915643529 1.6
endloop
endfacet
facet normal -0.7730104533627319 0.6343932841636518 0
outer loop
vertex 104.92992526309234 -65.70656880094117 3.45
vertex 105.30301375644041 -65.25195915644031 3.45
vertex 105.30301375644179 -65.25195915643529 1.6
endloop
endfacet
facet normal -0.7730104533627319 0.6343932841636518 0
outer loop
vertex 104.92992526309234 -65.70656880094117 3.45
vertex 105.30301375644179 -65.25195915643529 1.6
vertex 104.92992526309182 -65.70656880094255 1.6
endloop
endfacet
facet normal 0 0 1
outer loop
vertex 104.6526955024661 -66.22522920290477 3.45
vertex 104.67236225198437 -66.18843530246849 3.45
vertex 104.7427488892637 -66.05675116617051 3.45
endloop
endfacet
facet normal 0 0 1
outer loop
vertex 104.6526955024661 -66.22522920290477 3.45
vertex 104.7427488892637 -66.05675116617051 3.45
vertex 104.78609276648919 -65.97566047542485 3.45
endloop
endfacet
facet normal 0 0 1
outer loop
vertex 104.6526955024661 -66.22522920290477 3.45
vertex 104.78609276648919 -65.97566047542485 3.45
vertex 104.80072820276717 -65.94827949999959 3.45
endloop
endfacet
facet normal 0 0 1
outer loop
vertex 104.6526955024661 -66.22522920290477 3.45
vertex 104.80072820276717 -65.94827949999959 3.45
vertex 104.92992526309234 -65.70656880094117 3.45
endloop
endfacet
facet normal 0 0 1
outer loop
vertex 104.6526955024661 -66.22522920290477 3.45
vertex 104.92992526309234 -65.70656880094117 3.45
vertex 104.92992526309182 -65.70656880094255 1.6
endloop
endfacet
facet normal 0 0 1
outer loop
vertex 104.6526955024661 -66.22522920290477 3.45
vertex 104.92992526309182 -65.70656880094255 1.6
vertex 104.6526955024666 -66.22522920290659 1.6
endloop
endfacet
facet normal 0 0 1
outer loop
vertex 104.4819782587903 -66.78800853395165 3.45
vertex 104.54459405469659 -66.58159191794755 3.45
vertex 104.61009861049341 -66.36565233681263 3.45
endloop
endfacet
facet normal 0 0 1
outer loop
vertex 104.4819782587903 -66.78800853395165 3.45
vertex 104.61009861049341 -66.36565233681263 3.45
vertex 104.6526955024661 -66.22522920290477 3.45
endloop
endfacet
facet normal 0 0 1
outer loop
vertex 104.4819782587903 -66.78800853395165 3.45
vertex 104.6526955024661 -66.22522920290477 3.45
vertex 104.6526955024666 -66.22522920290659 1.6
endloop
endfacet
facet normal 0 0 1
outer loop
vertex 104.4819782587903 -66.78800853395165 3.45
vertex 104.6526955024666 -66.22522920290659 1.6
vertex 104.48197825879066 -66.78800853395308 1.6
endloop
endfacet
facet normal 0 0 1
outer loop
vertex 104.42433409999998 -67.37327949999992 3.45
vertex 104.45171507542553 -67.09527579112566 3.45
vertex 104.4780438153205 -66.82795560888098 3.45
endloop
endfacet
facet normal 0 0 1
outer loop
vertex 104.42433409999998 -67.37327949999992 3.45
vertex 104.4780438153205 -66.82795560888098 3.45
vertex 104.4819782587903 -66.78800853395165 3.45
endloop
endfacet
facet normal 0 0 1
outer loop
vertex 104.42433409999998 -67.37327949999992 3.45
vertex 104.4819782587903 -66.78800853395165 3.45
vertex 104.48197825879066 -66.78800853395308 1.6
endloop
endfacet
facet normal 0 0 1
outer loop
vertex 104.42433409999998 -67.37327949999992 3.45
vertex 104.48197825879066 -66.78800853395308 1.6
vertex 104.42433410000001 -67.37327950000144 1.6
endloop
endfacet
facet normal 0 0 -1
outer loop
vertex 104.48197825879028 -67.95855046604837 3.45
vertex 104.47804381532082 -67.91860339112253 3.45
vertex 104.45171507542507 -67.65128320886987 3.45
endloop
endfacet
facet normal 0 0 -1
outer loop
vertex 104.48197825879028 -67.95855046604837 3.45
vertex 104.45171507542507 -67.65128320886987 3.45
vertex 104.42433409999998 -67.37327949999992 3.45
endloop
endfacet
facet normal 0 0 -1
outer loop
vertex 104.48197825879028 -67.95855046604837 3.45
vertex 104.42433409999998 -67.37327949999992 3.45
vertex 104.42433410000001 -67.37327950000144 1.6
endloop
endfacet
facet normal 0 0 -1
outer loop
vertex 104.48197825879028 -67.95855046604837 3.45
vertex 104.42433410000001 -67.37327950000144 1.6
vertex 104.48197825879014 -67.95855046604854 1.6
endloop
endfacet
facet normal 0 0 -1
outer loop
vertex 104.6526955024661 -68.52132979709536 3.45
vertex 104.61009861049446 -68.38090666319098 3.45
vertex 104.54459405469608 -68.16496708205088 3.45
endloop
endfacet
facet normal 0 0 -1
outer loop
vertex 104.6526955024661 -68.52132979709536 3.45
vertex 104.54459405469608 -68.16496708205088 3.45
vertex 104.48197825879028 -67.95855046604837 3.45
endloop
endfacet
facet normal 0 0 -1
outer loop
vertex 104.6526955024661 -68.52132979709536 3.45
vertex 104.48197825879028 -67.95855046604837 3.45
vertex 104.48197825879014 -67.95855046604854 1.6
endloop
endfacet
facet normal 0 0 -1
outer loop
vertex 104.6526955024661 -68.52132979709536 3.45
vertex 104.48197825879014 -67.95855046604854 1.6
vertex 104.65269550246501 -68.52132979709413 1.6
endloop
endfacet
facet normal 0 0 1
outer loop
vertex 104.9299252630924 -69.0399901990589 3.45
vertex 104.80072820276679 -68.79827949999974 3.45
vertex 104.78609276648885 -68.77089852457459 3.45
endloop
endfacet
facet normal 0 0 1
outer loop
vertex 104.9299252630924 -69.0399901990589 3.45
vertex 104.78609276648885 -68.77089852457459 3.45
vertex 104.74274888926269 -68.6898078338277 3.45
endloop
endfacet
facet normal 0 0 1
outer loop
vertex 104.9299252630924 -69.0399901990589 3.45
vertex 104.74274888926269 -68.6898078338277 3.45
vertex 104.67236225198337 -68.5581236975298 3.45
endloop
endfacet
facet normal 0 0 1
outer loop
vertex 104.9299252630924 -69.0399901990589 3.45
vertex 104.67236225198337 -68.5581236975298 3.45
vertex 104.6526955024661 -68.52132979709536 3.45
endloop
endfacet
facet normal 0 0 1
outer loop
vertex 104.9299252630924 -69.0399901990589 3.45
vertex 104.6526955024661 -68.52132979709536 3.45
vertex 104.65269550246501 -68.52132979709413 1.6
endloop
endfacet
facet normal 0 0 1
outer loop
vertex 104.9299252630924 -69.0399901990589 3.45
vertex 104.65269550246501 -68.52132979709413 1.6
vertex 104.86101774493275 -68.91107330000006 1.6
endloop
endfacet
facet normal 0 0 1
outer loop
vertex 104.9299252630924 -69.0399901990589 3.45
vertex 104.86101774493275 -68.91107330000006 1.6
vertex 104.89182918972855 -68.9687174587901 1.6
endloop
endfacet
facet normal 0 0 1
outer loop
vertex 104.9299252630924 -69.0399901990589 3.45
vertex 104.89182918972855 -68.9687174587901 1.6
vertex 104.9299252630901 -69.03999019905967 1.6
endloop
endfacet
facet normal -0.7730104533626669 -0.6343932841637306 1.225082892822137e-12
outer loop
vertex 105.30301375644034 -69.49459984355957 3.45
vertex 104.9299252630924 -69.0399901990589 3.45
vertex 104.9299252630901 -69.03999019905967 1.6
endloop
endfacet
facet normal -0.7730104533626669 -0.6343932841637306 1.225082892822137e-12
outer loop
vertex 105.30301375644034 -69.49459984355957 3.45
vertex 104.9299252630901 -69.03999019905967 1.6
vertex 105.01153725790113 -69.1394347024669 1.6
endloop
endfacet
facet normal -0.7730104533626669 -0.6343932841637306 1.225082892822137e-12
outer loop
vertex 105.30301375644034 -69.49459984355957 3.45
vertex 105.01153725790113 -69.1394347024669 1.6
vertex 105.23905384263396 -69.4166644630928 1.6
endloop
endfacet
facet normal -0.7730104533626669 -0.6343932841637306 1.225082892822137e-12
outer loop
vertex 105.30301375644034 -69.49459984355957 3.45
vertex 105.23905384263396 -69.4166644630928 1.6
vertex 105.30301375644353 -69.49459984355813 1.6
endloop
endfacet
facet normal -0.6343932841637302 -0.7730104533626673 -1.6961665773589243e-12
outer loop
vertex 105.75762340094116 -69.86768833690763 3.45
vertex 105.30301375644034 -69.49459984355957 3.45
vertex 105.30301375644353 -69.49459984355813 1.6
endloop
endfacet
facet normal -0.6343932841637302 -0.7730104533626673 -1.6961665773589243e-12
outer loop
vertex 105.75762340094116 -69.86768833690763 3.45
vertex 105.30301375644353 -69.49459984355813 1.6
vertex 105.66265886507654 -69.78975295643976 1.6
endloop
endfacet
facet normal -0.6343932841637302 -0.7730104533626673 -1.6961665773589243e-12
outer loop
vertex 105.75762340094116 -69.86768833690763 3.45
vertex 105.66265886507654 -69.78975295643976 1.6
vertex 105.7576234009432 -69.8676883369083 1.6
endloop
endfacet
facet normal -0.4713967368259979 -0.8819212643483549 0
outer loop
vertex 106.27628380290474 -70.14491809753386 3.45
vertex 105.75762340094116 -69.86768833690763 3.45
vertex 105.7576234009432 -69.8676883369083 1.6
endloop
endfacet
facet normal -0.4713967368259979 -0.8819212643483549 0
outer loop
vertex 106.27628380290474 -70.14491809753386 3.45
vertex 105.7576234009432 -69.8676883369083 1.6
vertex 106.27628380290528 -70.14491809753484 1.6
endloop
endfacet
facet normal -0.290284677254457 -0.9569403357322105 4.224727259709569e-13
outer loop
vertex 106.83906313395157 -70.31563534120967 3.45
vertex 106.27628380290474 -70.14491809753386 3.45
vertex 106.27628380290528 -70.14491809753484 1.6
endloop
endfacet
facet normal -0.290284677254457 -0.9569403357322105 4.224727259709569e-13
outer loop
vertex 106.83906313395157 -70.31563534120967 3.45
vertex 106.27628380290528 -70.14491809753484 1.6
vertex 106.60410839695092 -70.24436260094306 1.6
endloop
endfacet
facet normal -0.290284677254457 -0.9569403357322105 4.224727259709569e-13
outer loop
vertex 106.83906313395157 -70.31563534120967 3.45
vertex 106.60410839695092 -70.24436260094306 1.6
vertex 106.83906313395116 -70.31563534120991 1.6
endloop
endfacet
facet normal -0.09801714032955998 -0.9951847266721969 0
outer loop
vertex 107.42433410000001 -70.3732795 3.45
vertex 106.83906313395157 -70.31563534120967 3.45
vertex 106.83906313395116 -70.31563534120991 1.6
endloop
endfacet
facet normal -0.09801714032955998 -0.9951847266721969 0
outer loop
vertex 107.42433410000001 -70.3732795 3.45
vertex 106.83906313395116 -70.31563534120991 1.6
vertex 107.42433410000066 -70.37327950000034 1.6
endloop
endfacet
facet normal 0.09801714032955997 -0.9951847266721969 0
outer loop
vertex 108.00960506604845 -70.31563534120967 3.45
vertex 107.42433410000001 -70.3732795 3.45
vertex 107.42433410000066 -70.37327950000034 1.6
endloop
endfacet
facet normal 0.09801714032955997 -0.9951847266721969 0
outer loop
vertex 108.00960506604845 -70.31563534120967 3.45
vertex 107.42433410000066 -70.37327950000034 1.6
vertex 108.00960506605013 -70.31563534120991 1.6
endloop
endfacet
facet normal 0.2902846772544479 -0.9569403357322133 0
outer loop
vertex 108.57238439709528 -70.14491809753386 3.45
vertex 108.00960506604845 -70.31563534120967 3.45
vertex 108.00960506605013 -70.31563534120991 1.6
endloop
endfacet
facet normal 0.2902846772544479 -0.9569403357322133 0
outer loop
vertex 108.57238439709528 -70.14491809753386 3.45
vertex 108.00960506605013 -70.31563534120991 1.6
vertex 108.5723843970934 -70.14491809753484 1.6
endloop
endfacet
facet normal 0.4713967368259944 -0.8819212643483568 0
outer loop
vertex 109.0910447990588 -69.86768833690763 3.45
vertex 108.57238439709528 -70.14491809753386 3.45
vertex 108.5723843970934 -70.14491809753484 1.6
endloop
endfacet
facet normal 0.4713967368259944 -0.8819212643483568 0
outer loop
vertex 109.0910447990588 -69.86768833690763 3.45
vertex 108.5723843970934 -70.14491809753484 1.6
vertex 109.09104479905754 -69.8676883369083 1.6
endloop
endfacet
facet normal 0.6343932841636518 -0.7730104533627319 0
outer loop
vertex 109.54565444355974 -69.49459984355957 3.45
vertex 109.0910447990588 -69.86768833690763 3.45
vertex 109.09104479905754 -69.8676883369083 1.6
endloop
endfacet
facet normal 0.6343932841636518 -0.7730104533627319 0
outer loop
vertex 109.54565444355974 -69.49459984355957 3.45
vertex 109.09104479905754 -69.8676883369083 1.6
vertex 109.54565444356102 -69.49459984355813 1.6
endloop
endfacet
facet normal 0.7730104533627319 -0.6343932841636518 0
outer loop
vertex 109.91874293690758 -69.0399901990589 3.45
vertex 109.54565444355974 -69.49459984355957 3.45
vertex 109.54565444356102 -69.49459984355813 1.6
endloop
endfacet
facet normal 0.7730104533627319 -0.6343932841636518 0
outer loop
vertex 109.91874293690758 -69.0399901990589 3.45
vertex 109.54565444356102 -69.49459984355813 1.6
vertex 109.91874293690707 -69.03999019905967 1.6
endloop
endfacet
facet normal 0 0 1
outer loop
vertex 110.19597269753382 -68.52132979709536 3.45
vertex 110.17630594801655 -68.5581236975298 3.45
vertex 110.10591931073725 -68.6898078338277 3.45
endloop
endfacet
facet normal 0 0 1
outer loop
vertex 110.19597269753382 -68.52132979709536 3.45
vertex 110.10591931073725 -68.6898078338277 3.45
vertex 110.0625754335111 -68.77089852457459 3.45
endloop
endfacet
facet normal 0 0 1
outer loop
vertex 110.19597269753382 -68.52132979709536 3.45
vertex 110.0625754335111 -68.77089852457459 3.45
vertex 110.04793999723316 -68.79827949999974 3.45
endloop
endfacet
facet normal 0 0 1
outer loop
vertex 110.19597269753382 -68.52132979709536 3.45
vertex 110.04793999723316 -68.79827949999974 3.45
vertex 109.91874293690758 -69.0399901990589 3.45
endloop
endfacet
facet normal 0 0 1
outer loop
vertex 110.19597269753382 -68.52132979709536 3.45
vertex 109.91874293690758 -69.0399901990589 3.45
vertex 109.91874293690707 -69.03999019905967 1.6
endloop
endfacet
facet normal 0 0 1
outer loop
vertex 110.19597269753382 -68.52132979709536 3.45
vertex 109.91874293690707 -69.03999019905967 1.6
vertex 110.19597269753437 -68.52132979709413 1.6
endloop
endfacet
facet normal 0 0 -1
outer loop
vertex 110.36668994120969 -67.95855046604837 3.45
vertex 110.30407414530387 -68.16496708205088 3.45
vertex 110.23856958950546 -68.38090666319098 3.45
endloop
endfacet
facet normal 0 0 -1
outer loop
vertex 110.36668994120969 -67.95855046604837 3.45
vertex 110.23856958950546 -68.38090666319098 3.45
vertex 110.19597269753382 -68.52132979709536 3.45
endloop
endfacet
facet normal 0 0 -1
outer loop
vertex 110.36668994120969 -67.95855046604837 3.45
vertex 110.19597269753382 -68.52132979709536 3.45
vertex 110.19597269753437 -68.52132979709413 1.6
endloop
endfacet
facet normal 0 0 -1
outer loop
vertex 110.36668994120969 -67.95855046604837 3.45
vertex 110.19597269753437 -68.52132979709413 1.6
vertex 110.36668994120978 -67.95855046604854 1.6
endloop
endfacet
facet normal 0 0 1
outer loop
vertex 52.94914770887294 -89.7294313245746 1.4
vertex 53.216467891120274 -89.64834063382858 1.4
vertex 53.46283158205295 -89.51665649753112 1.4
endloop
endfacet
facet normal 0 0 1
outer loop
vertex 52.94914770887294 -89.7294313245746 1.4
vertex 53.46283158205295 -89.51665649753112 1.4
vertex 53.67877116319076 -89.3394394631908 1.4
endloop
endfacet
facet normal 0 0 1
outer loop
vertex 52.94914770887294 -89.7294313245746 1.4
vertex 53.67877116319076 -89.3394394631908 1.4
vertex 53.85598819753109 -89.12349988205293 1.4
endloop
endfacet
facet normal 0 0 1
outer loop
vertex 52.94914770887294 -89.7294313245746 1.4
vertex 53.85598819753109 -89.12349988205293 1.4
vertex 53.98767233382863 -88.87713619112021 1.4
endloop
endfacet
facet normal 0 0 1
outer loop
vertex 52.94914770887294 -89.7294313245746 1.4
vertex 53.98767233382863 -88.87713619112021 1.4
vertex 54.0687630245746 -88.60981600887298 1.4
endloop
endfacet
facet normal 0 0 1
outer loop
vertex 52.94914770887294 -89.7294313245746 1.4
vertex 54.0687630245746 -88.60981600887298 1.4
vertex 54.096143999999995 -88.33181229999998 1.4
endloop
endfacet
facet normal 0 0 1
outer loop
vertex 52.94914770887294 -89.7294313245746 1.4
vertex 54.096143999999995 -88.33181229999998 1.4
vertex 54.0687630245746 -88.053808591127 1.4
endloop
endfacet
facet normal 0 0 1
outer loop
vertex 52.94914770887294 -89.7294313245746 1.4
vertex 54.0687630245746 -88.053808591127 1.4
vertex 53.9876723338286 -87.78648840887979 1.4
endloop
endfacet
facet normal 0 0 1
outer loop
vertex 52.94914770887294 -89.7294313245746 1.4
vertex 53.9876723338286 -87.78648840887979 1.4
vertex 53.85598819753109 -87.54012471794701 1.4
endloop
endfacet
facet normal 0 0 1
outer loop
vertex 52.94914770887294 -89.7294313245746 1.4
vertex 53.85598819753109 -87.54012471794701 1.4
vertex 53.67877116319089 -87.32418513680922 1.4
endloop
endfacet
facet normal 0 0 1
outer loop
vertex 52.94914770887294 -89.7294313245746 1.4
vertex 53.67877116319089 -87.32418513680922 1.4
vertex 53.4628315820529 -87.14696810246886 1.4
endloop
endfacet
facet normal 0 0 1
outer loop
vertex 52.94914770887294 -89.7294313245746 1.4
vertex 53.4628315820529 -87.14696810246886 1.4
vertex 53.21646789112022 -87.0152839661714 1.4
endloop
endfacet
facet normal 0 0 1
outer loop
vertex 52.94914770887294 -89.7294313245746 1.4
vertex 53.21646789112022 -87.0152839661714 1.4
vertex 52.94914770887303 -86.9341932754254 1.4
endloop
endfacet
facet normal 0 0 1
outer loop
vertex 52.94914770887294 -89.7294313245746 1.4
vertex 52.94914770887303 -86.9341932754254 1.4
vertex 52.67114399999991 -86.9068123 1.4
endloop
endfacet
facet normal 0 0 1
outer loop
vertex 52.94914770887294 -89.7294313245746 1.4
vertex 52.67114399999991 -86.9068123 1.4
vertex 52.39314029112701 -86.9341932754254 1.4
endloop
endfacet
facet normal 0 0 1
outer loop
vertex 52.94914770887294 -89.7294313245746 1.4
vertex 52.39314029112701 -86.9341932754254 1.4
vertex 52.12582010887981 -87.0152839661714 1.4
endloop
endfacet
facet normal 0 0 1
outer loop
vertex 52.94914770887294 -89.7294313245746 1.4
vertex 52.12582010887981 -87.0152839661714 1.4
vertex 51.879456417947004 -87.14696810246886 1.4
endloop
endfacet
facet normal 0 0 1
outer loop
vertex 52.94914770887294 -89.7294313245746 1.4
vertex 51.879456417947004 -87.14696810246886 1.4
vertex 51.66351683680919 -87.32418513680922 1.4
endloop
endfacet
facet normal 0 0 1
outer loop
vertex 52.94914770887294 -89.7294313245746 1.4
vertex 51.66351683680919 -87.32418513680922 1.4
vertex 51.48629980246885 -87.54012471794701 1.4
endloop
endfacet
facet normal 0 0 1
outer loop
vertex 52.94914770887294 -89.7294313245746 1.4
vertex 51.48629980246885 -87.54012471794701 1.4
vertex 51.35461566617144 -87.78648840887979 1.4
endloop
endfacet
facet normal 0 0 1
outer loop
vertex 52.94914770887294 -89.7294313245746 1.4
vertex 51.35461566617144 -87.78648840887979 1.4
vertex 51.27352497542539 -88.053808591127 1.4
endloop
endfacet
facet normal 0 0 1
outer loop
vertex 52.94914770887294 -89.7294313245746 1.4
vertex 51.27352497542539 -88.053808591127 1.4
vertex 51.246144 -88.33181229999998 1.4
endloop
endfacet
facet normal 0 0 1
outer loop
vertex 52.94914770887294 -89.7294313245746 1.4
vertex 51.246144 -88.33181229999998 1.4
vertex 51.273524975425396 -88.60981600887298 1.4
endloop
endfacet
facet normal 0 0 1
outer loop
vertex 52.94914770887294 -89.7294313245746 1.4
vertex 51.273524975425396 -88.60981600887298 1.4
vertex 51.3546156661714 -88.87713619112021 1.4
endloop
endfacet
facet normal 0 0 1
outer loop
vertex 52.94914770887294 -89.7294313245746 1.4
vertex 51.3546156661714 -88.87713619112021 1.4
vertex 51.48629980246887 -89.12349988205293 1.4
endloop
endfacet
facet normal 0 0 1
outer loop
vertex 52.94914770887294 -89.7294313245746 1.4
vertex 51.48629980246887 -89.12349988205293 1.4
vertex 51.663516836809144 -89.3394394631908 1.4
endloop
endfacet
facet normal 0 0 1
outer loop
vertex 52.94914770887294 -89.7294313245746 1.4
vertex 51.663516836809144 -89.3394394631908 1.4
vertex 51.879456417947075 -89.51665649753112 1.4
endloop
endfacet
facet normal 0 0 1
outer loop
vertex 52.94914770887294 -89.7294313245746 1.4
vertex 51.879456417947075 -89.51665649753112 1.4
vertex 52.12582010887974 -89.64834063382858 1.4
endloop
endfacet
facet normal 0 0 1
outer loop
vertex 52.94914770887294 -89.7294313245746 1.4
vertex 52.12582010887974 -89.64834063382858 1.4
vertex 52.393140291127004 -89.7294313245746 1.4
endloop
endfacet
facet normal 0 0 1
outer loop
vertex 52.94914770887294 -89.7294313245746 1.4
vertex 52.393140291127004 -89.7294313245746 1.4
vertex 52.67114399999997 -89.75681229999999 1.4
endloop
endfacet
facet normal 0 0 1
outer loop
vertex 48.54922390887303 -73.30869232457461 1.4
vertex 48.81654409112029 -73.22760163382861 1.4
vertex 49.06290778205288 -73.09591749753106 1.4
endloop
endfacet
facet normal 0 0 1
outer loop
vertex 48.54922390887303 -73.30869232457461 1.4
vertex 49.06290778205288 -73.09591749753106 1.4
vertex 49.27884736319088 -72.91870046319086 1.4
endloop
endfacet
facet normal 0 0 1
outer loop
vertex 48.54922390887303 -73.30869232457461 1.4
vertex 49.27884736319088 -72.91870046319086 1.4
vertex 49.45606439753109 -72.70276088205293 1.4
endloop
endfacet
facet normal 0 0 1
outer loop
vertex 48.54922390887303 -73.30869232457461 1.4
vertex 49.45606439753109 -72.70276088205293 1.4
vertex 49.587748533828595 -72.45639719112025 1.4
endloop
endfacet
facet normal 0 0 1
outer loop
vertex 48.54922390887303 -73.30869232457461 1.4
vertex 49.587748533828595 -72.45639719112025 1.4
vertex 49.6688392245746 -72.189077008873 1.4
endloop
endfacet
facet normal 0 0 1
outer loop
vertex 48.54922390887303 -73.30869232457461 1.4
vertex 49.6688392245746 -72.189077008873 1.4
vertex 49.69622019999999 -71.9110733 1.4
endloop
endfacet
facet normal 0 0 1
outer loop
vertex 48.54922390887303 -73.30869232457461 1.4
vertex 49.69622019999999 -71.9110733 1.4
vertex 49.6688392245746 -71.63306959112698 1.4
endloop
endfacet
facet normal 0 0 1
outer loop
vertex 48.54922390887303 -73.30869232457461 1.4
vertex 49.6688392245746 -71.63306959112698 1.4
vertex 49.587748533828595 -71.36574940887978 1.4
endloop
endfacet
facet normal 0 0 1
outer loop
vertex 48.54922390887303 -73.30869232457461 1.4
vertex 49.587748533828595 -71.36574940887978 1.4
vertex 49.4560643975311 -71.11938571794704 1.4
endloop
endfacet
facet normal 0 0 1
outer loop
vertex 48.54922390887303 -73.30869232457461 1.4
vertex 49.4560643975311 -71.11938571794704 1.4
vertex 49.27884736319082 -70.90344613680915 1.4
endloop
endfacet
facet normal 0 0 1
outer loop
vertex 48.54922390887303 -73.30869232457461 1.4
vertex 49.27884736319082 -70.90344613680915 1.4
vertex 49.06290778205294 -70.72622910246888 1.4
endloop
endfacet
facet normal 0 0 1
outer loop
vertex 48.54922390887303 -73.30869232457461 1.4
vertex 49.06290778205294 -70.72622910246888 1.4
vertex 48.81654409112026 -70.59454496617141 1.4
endloop
endfacet
facet normal 0 0 1
outer loop
vertex 48.54922390887303 -73.30869232457461 1.4
vertex 48.81654409112026 -70.59454496617141 1.4
vertex 48.549223908872996 -70.51345427542539 1.4
endloop
endfacet
facet normal 0 0 1
outer loop
vertex 48.54922390887303 -73.30869232457461 1.4
vertex 48.549223908872996 -70.51345427542539 1.4
vertex 48.27122019999995 -70.4860733 1.4
endloop
endfacet
facet normal 0 0 1
outer loop
vertex 48.54922390887303 -73.30869232457461 1.4
vertex 48.27122019999995 -70.4860733 1.4
vertex 47.993216491127065 -70.51345427542539 1.4
endloop
endfacet
facet normal 0 0 1
outer loop
vertex 48.54922390887303 -73.30869232457461 1.4
vertex 47.993216491127065 -70.51345427542539 1.4
vertex 47.72589630887972 -70.59454496617141 1.4
endloop
endfacet
facet normal 0 0 1
outer loop
vertex 48.54922390887303 -73.30869232457461 1.4
vertex 47.72589630887972 -70.59454496617141 1.4
vertex 47.47953261794711 -70.72622910246888 1.4
endloop
endfacet
facet normal 0 0 1
outer loop
vertex 48.54922390887303 -73.30869232457461 1.4
vertex 47.47953261794711 -70.72622910246888 1.4
vertex 47.26359303680912 -70.90344613680915 1.4
endloop
endfacet
facet normal 0 0 1
outer loop
vertex 48.54922390887303 -73.30869232457461 1.4
vertex 47.26359303680912 -70.90344613680915 1.4
vertex 47.086376002468874 -71.11938571794704 1.4
endloop
endfacet
facet normal 0 0 1
outer loop
vertex 48.54922390887303 -73.30869232457461 1.4
vertex 47.086376002468874 -71.11938571794704 1.4
vertex 46.95469186617143 -71.36574940887978 1.4
endloop
endfacet
facet normal 0 0 1
outer loop
vertex 48.54922390887303 -73.30869232457461 1.4
vertex 46.95469186617143 -71.36574940887978 1.4
vertex 46.87360117542539 -71.63306959112698 1.4
endloop
endfacet
facet normal 0 0 1
outer loop
vertex 48.54922390887303 -73.30869232457461 1.4
vertex 46.87360117542539 -71.63306959112698 1.4
vertex 46.8462202 -71.9110733 1.4
endloop
endfacet
facet normal 0 0 1
outer loop
vertex 48.54922390887303 -73.30869232457461 1.4
vertex 46.8462202 -71.9110733 1.4
vertex 46.873601175425385 -72.189077008873 1.4
endloop
endfacet
facet normal 0 0 1
outer loop
vertex 48.54922390887303 -73.30869232457461 1.4
vertex 46.873601175425385 -72.189077008873 1.4
vertex 46.954691866171416 -72.45639719112025 1.4
endloop
endfacet
facet normal 0 0 1
outer loop
vertex 48.54922390887303 -73.30869232457461 1.4
vertex 46.954691866171416 -72.45639719112025 1.4
vertex 47.086376002468874 -72.70276088205293 1.4
endloop
endfacet
facet normal 0 0 1
outer loop
vertex 48.54922390887303 -73.30869232457461 1.4
vertex 47.086376002468874 -72.70276088205293 1.4
vertex 47.26359303680919 -72.91870046319086 1.4
endloop
endfacet
facet normal 0 0 1
outer loop
vertex 48.54922390887303 -73.30869232457461 1.4
vertex 47.26359303680919 -72.91870046319086 1.4
vertex 47.47953261794699 -73.09591749753106 1.4
endloop
endfacet
facet normal 0 0 1
outer loop
vertex 48.54922390887303 -73.30869232457461 1.4
vertex 47.47953261794699 -73.09591749753106 1.4
vertex 47.725896308879825 -73.22760163382861 1.4
endloop
endfacet
facet normal 0 0 1
outer loop
vertex 48.54922390887303 -73.30869232457461 1.4
vertex 47.725896308879825 -73.22760163382861 1.4
vertex 47.99321649112702 -73.30869232457461 1.4
endloop
endfacet
facet normal 0 0 1
outer loop
vertex 48.54922390887303 -73.30869232457461 1.4
vertex 47.99321649112702 -73.30869232457461 1.4
vertex 48.27122019999991 -73.3360733 1.4
endloop
endfacet
facet normal 0 0 1
outer loop
vertex 107.70233780887288 -68.77089852457462 1.4
vertex 107.96965799112029 -68.68980783382857 1.4
vertex 108.21602168205288 -68.55812369753114 1.4
endloop
endfacet
facet normal 0 0 1
outer loop
vertex 107.70233780887288 -68.77089852457462 1.4
vertex 108.21602168205288 -68.55812369753114 1.4
vertex 108.43196126319083 -68.38090666319083 1.4
endloop
endfacet
facet normal 0 0 1
outer loop
vertex 107.70233780887288 -68.77089852457462 1.4
vertex 108.43196126319083 -68.38090666319083 1.4
vertex 108.60917829753107 -68.16496708205298 1.4
endloop
endfacet
facet normal 0 0 1
outer loop
vertex 107.70233780887288 -68.77089852457462 1.4
vertex 108.60917829753107 -68.16496708205298 1.4
vertex 108.74086243382858 -67.91860339112021 1.4
endloop
endfacet
facet normal 0 0 1
outer loop
vertex 107.70233780887288 -68.77089852457462 1.4
vertex 108.74086243382858 -67.91860339112021 1.4
vertex 108.82195312457462 -67.65128320887293 1.4
endloop
endfacet
facet normal 0 0 1
outer loop
vertex 107.70233780887288 -68.77089852457462 1.4
vertex 108.82195312457462 -67.65128320887293 1.4
vertex 108.8493341 -67.37327949999998 1.4
endloop
endfacet
facet normal 0 0 1
outer loop
vertex 107.70233780887288 -68.77089852457462 1.4
vertex 108.8493341 -67.37327949999998 1.4
vertex 108.8219531245746 -67.09527579112704 1.4
endloop
endfacet
facet normal 0 0 1
outer loop
vertex 107.70233780887288 -68.77089852457462 1.4
vertex 108.8219531245746 -67.09527579112704 1.4
vertex 108.74086243382857 -66.82795560887973 1.4
endloop
endfacet
facet normal 0 0 1
outer loop
vertex 107.70233780887288 -68.77089852457462 1.4
vertex 108.74086243382857 -66.82795560887973 1.4
vertex 108.60917829753106 -66.58159191794697 1.4
endloop
endfacet
facet normal 0 0 1
outer loop
vertex 107.70233780887288 -68.77089852457462 1.4
vertex 108.60917829753106 -66.58159191794697 1.4
vertex 108.43196126319087 -66.36565233680919 1.4
endloop
endfacet
facet normal 0 0 1
outer loop
vertex 107.70233780887288 -68.77089852457462 1.4
vertex 108.43196126319087 -66.36565233680919 1.4
vertex 108.21602168205294 -66.18843530246889 1.4
endloop
endfacet
facet normal 0 0 1
outer loop
vertex 107.70233780887288 -68.77089852457462 1.4
vertex 108.21602168205294 -66.18843530246889 1.4
vertex 107.96965799112023 -66.05675116617141 1.4
endloop
endfacet
facet normal 0 0 1
outer loop
vertex 107.70233780887288 -68.77089852457462 1.4
vertex 107.96965799112023 -66.05675116617141 1.4
vertex 107.702337808873 -65.9756604754254 1.4
endloop
endfacet
facet normal 0 0 1
outer loop
vertex 107.70233780887288 -68.77089852457462 1.4
vertex 107.702337808873 -65.9756604754254 1.4
vertex 107.42433409999994 -65.94827950000001 1.4
endloop
endfacet
facet normal 0 0 1
outer loop
vertex 107.70233780887288 -68.77089852457462 1.4
vertex 107.42433409999994 -65.94827950000001 1.4
vertex 107.1463303911269 -65.9756604754254 1.4
endloop
endfacet
facet normal 0 0 1
outer loop
vertex 107.70233780887288 -68.77089852457462 1.4
vertex 107.1463303911269 -65.9756604754254 1.4
vertex 106.87901020887979 -66.05675116617141 1.4
endloop
endfacet
facet normal 0 0 1
outer loop
vertex 107.70233780887288 -68.77089852457462 1.4
vertex 106.87901020887979 -66.05675116617141 1.4
vertex 106.63264651794707 -66.18843530246889 1.4
endloop
endfacet
facet normal 0 0 1
outer loop
vertex 107.70233780887288 -68.77089852457462 1.4
vertex 106.63264651794707 -66.18843530246889 1.4
vertex 106.41670693680915 -66.36565233680919 1.4
endloop
endfacet
facet normal 0 0 1
outer loop
vertex 107.70233780887288 -68.77089852457462 1.4
vertex 106.41670693680915 -66.36565233680919 1.4
vertex 106.23948990246886 -66.58159191794697 1.4
endloop
endfacet
facet normal 0 0 1
outer loop
vertex 107.70233780887288 -68.77089852457462 1.4
vertex 106.23948990246886 -66.58159191794697 1.4
vertex 106.10780576617141 -66.82795560887973 1.4
endloop
endfacet
facet normal 0 0 1
outer loop
vertex 107.70233780887288 -68.77089852457462 1.4
vertex 106.10780576617141 -66.82795560887973 1.4
vertex 106.0267150754254 -67.09527579112704 1.4
endloop
endfacet
facet normal 0 0 1
outer loop
vertex 107.70233780887288 -68.77089852457462 1.4
vertex 106.0267150754254 -67.09527579112704 1.4
vertex 105.99933410000001 -67.37327949999998 1.4
endloop
endfacet
facet normal 0 0 1
outer loop
vertex 107.70233780887288 -68.77089852457462 1.4
vertex 105.99933410000001 -67.37327949999998 1.4
vertex 106.0267150754254 -67.65128320887293 1.4
endloop
endfacet
facet normal 0 0 1
outer loop
vertex 107.70233780887288 -68.77089852457462 1.4
vertex 106.0267150754254 -67.65128320887293 1.4
vertex 106.10780576617142 -67.91860339112021 1.4
endloop
endfacet
facet normal 0 0 1
outer loop
vertex 107.70233780887288 -68.77089852457462 1.4
vertex 106.10780576617142 -67.91860339112021 1.4
vertex 106.23948990246886 -68.16496708205298 1.4
endloop
endfacet
facet normal 0 0 1
outer loop
vertex 107.70233780887288 -68.77089852457462 1.4
vertex 106.23948990246886 -68.16496708205298 1.4
vertex 106.41670693680919 -68.38090666319083 1.4
endloop
endfacet
facet normal 0 0 1
outer loop
vertex 107.70233780887288 -68.77089852457462 1.4
vertex 106.41670693680919 -68.38090666319083 1.4
vertex 106.63264651794704 -68.55812369753114 1.4
endloop
endfacet
facet normal 0 0 1
outer loop
vertex 107.70233780887288 -68.77089852457462 1.4
vertex 106.63264651794704 -68.55812369753114 1.4
vertex 106.87901020887972 -68.68980783382857 1.4
endloop
endfacet
facet normal 0 0 1
outer loop
vertex 107.70233780887288 -68.77089852457462 1.4
vertex 106.87901020887972 -68.68980783382857 1.4
vertex 107.14633039112707 -68.77089852457462 1.4
endloop
endfacet
facet normal 0 0 1
outer loop
vertex 107.70233780887288 -68.77089852457462 1.4
vertex 107.14633039112707 -68.77089852457462 1.4
vertex 107.42433410000005 -68.7982795 1.4
endloop
endfacet
facet normal 0 0 1
outer loop
vertex 107.70233780887293 -51.77089852457461 1.4
vertex 107.9696579911203 -51.68980783382858 1.4
vertex 108.21602168205293 -51.558123697531116 1.4
endloop
endfacet
facet normal 0 0 1
outer loop
vertex 107.70233780887293 -51.77089852457461 1.4
vertex 108.21602168205293 -51.558123697531116 1.4
vertex 108.43196126319084 -51.38090666319089 1.4
endloop
endfacet
facet normal 0 0 1
outer loop
vertex 107.70233780887293 -51.77089852457461 1.4
vertex 108.43196126319084 -51.38090666319089 1.4
vertex 108.6091782975311 -51.16496708205293 1.4
endloop
endfacet
facet normal 0 0 1
outer loop
vertex 107.70233780887293 -51.77089852457461 1.4
vertex 108.6091782975311 -51.16496708205293 1.4
vertex 108.7408624338286 -50.91860339112016 1.4
endloop
endfacet
facet normal 0 0 1
outer loop
vertex 107.70233780887293 -51.77089852457461 1.4
vertex 108.7408624338286 -50.91860339112016 1.4
vertex 108.82195312457462 -50.65128320887295 1.4
endloop
endfacet
facet normal 0 0 1
outer loop
vertex 107.70233780887293 -51.77089852457461 1.4
vertex 108.82195312457462 -50.65128320887295 1.4
vertex 108.8493341 -50.37327950000005 1.4
endloop
endfacet
facet normal 0 0 1
outer loop
vertex 107.70233780887293 -51.77089852457461 1.4
vertex 108.8493341 -50.37327950000005 1.4
vertex 108.82195312457459 -50.09527579112694 1.4
endloop
endfacet
facet normal 0 0 1
outer loop
vertex 107.70233780887293 -51.77089852457461 1.4
vertex 108.82195312457459 -50.09527579112694 1.4
vertex 108.74086243382862 -49.82795560887986 1.4
endloop
endfacet
facet normal 0 0 1
outer loop
vertex 107.70233780887293 -51.77089852457461 1.4
vertex 108.74086243382862 -49.82795560887986 1.4
vertex 108.60917829753103 -49.58159191794694 1.4
endloop
endfacet
facet normal 0 0 1
outer loop
vertex 107.70233780887293 -51.77089852457461 1.4
vertex 108.60917829753103 -49.58159191794694 1.4
vertex 108.4319612631909 -49.36565233680922 1.4
endloop
endfacet
facet normal 0 0 1
outer loop
vertex 107.70233780887293 -51.77089852457461 1.4
vertex 108.4319612631909 -49.36565233680922 1.4
vertex 108.21602168205297 -49.1884353024689 1.4
endloop
endfacet
facet normal 0 0 1
outer loop
vertex 107.70233780887293 -51.77089852457461 1.4
vertex 108.21602168205297 -49.1884353024689 1.4
vertex 107.96965799112023 -49.056751166171416 1.4
endloop
endfacet
facet normal 0 0 1
outer loop
vertex 107.70233780887293 -51.77089852457461 1.4
vertex 107.96965799112023 -49.056751166171416 1.4
vertex 107.70233780887295 -48.9756604754254 1.4
endloop
endfacet
facet normal 0 0 1
outer loop
vertex 107.70233780887293 -51.77089852457461 1.4
vertex 107.70233780887295 -48.9756604754254 1.4
vertex 107.42433409999998 -48.948279500000005 1.4
endloop
endfacet
facet normal 0 0 1
outer loop
vertex 107.70233780887293 -51.77089852457461 1.4
vertex 107.42433409999998 -48.948279500000005 1.4
vertex 107.14633039112704 -48.9756604754254 1.4
endloop
endfacet
facet normal 0 0 1
outer loop
vertex 107.70233780887293 -51.77089852457461 1.4
vertex 107.14633039112704 -48.9756604754254 1.4
vertex 106.8790102088798 -49.056751166171416 1.4
endloop
endfacet
facet normal 0 0 1
outer loop
vertex 107.70233780887293 -51.77089852457461 1.4
vertex 106.8790102088798 -49.056751166171416 1.4
vertex 106.63264651794707 -49.1884353024689 1.4
endloop
endfacet
facet normal 0 0 1
outer loop
vertex 107.70233780887293 -51.77089852457461 1.4
vertex 106.63264651794707 -49.1884353024689 1.4
vertex 106.41670693680913 -49.36565233680922 1.4
endloop
endfacet
facet normal 0 0 1
outer loop
vertex 107.70233780887293 -51.77089852457461 1.4
vertex 106.41670693680913 -49.36565233680922 1.4
vertex 106.23948990246889 -49.58159191794694 1.4
endloop
endfacet
facet normal 0 0 1
outer loop
vertex 107.70233780887293 -51.77089852457461 1.4
vertex 106.23948990246889 -49.58159191794694 1.4
vertex 106.10780576617138 -49.82795560887986 1.4
endloop
endfacet
facet normal 0 0 1
outer loop
vertex 107.70233780887293 -51.77089852457461 1.4
vertex 106.10780576617138 -49.82795560887986 1.4
vertex 106.02671507542539 -50.09527579112694 1.4
endloop
endfacet
facet normal 0 0 1
outer loop
vertex 107.70233780887293 -51.77089852457461 1.4
vertex 106.02671507542539 -50.09527579112694 1.4
vertex 105.9993341 -50.37327950000005 1.4
endloop
endfacet
facet normal 0 0 1
outer loop
vertex 107.70233780887293 -51.77089852457461 1.4
vertex 105.9993341 -50.37327950000005 1.4
vertex 106.02671507542539 -50.65128320887295 1.4
endloop
endfacet
facet normal 0 0 1
outer loop
vertex 107.70233780887293 -51.77089852457461 1.4
vertex 106.02671507542539 -50.65128320887295 1.4
vertex 106.10780576617137 -50.91860339112016 1.4
endloop
endfacet
facet normal 0 0 1
outer loop
vertex 107.70233780887293 -51.77089852457461 1.4
vertex 106.10780576617137 -50.91860339112016 1.4
vertex 106.23948990246889 -51.16496708205293 1.4
endloop
endfacet
facet normal 0 0 1
outer loop
vertex 107.70233780887293 -51.77089852457461 1.4
vertex 106.23948990246889 -51.16496708205293 1.4
vertex 106.41670693680922 -51.38090666319089 1.4
endloop
endfacet
facet normal 0 0 1
outer loop
vertex 107.70233780887293 -51.77089852457461 1.4
vertex 106.41670693680922 -51.38090666319089 1.4
vertex 106.63264651794704 -51.558123697531116 1.4
endloop
endfacet
facet normal 0 0 1
outer loop
vertex 107.70233780887293 -51.77089852457461 1.4
vertex 106.63264651794704 -51.558123697531116 1.4
vertex 106.87901020887973 -51.68980783382858 1.4
endloop
endfacet
facet normal 0 0 1
outer loop
vertex 107.70233780887293 -51.77089852457461 1.4
vertex 106.87901020887973 -51.68980783382858 1.4
vertex 107.14633039112704 -51.77089852457461 1.4
endloop
endfacet
facet normal 0 0 1
outer loop
vertex 107.70233780887293 -51.77089852457461 1.4
vertex 107.14633039112704 -51.77089852457461 1.4
vertex 107.42433409999998 -51.7982795 1.4
endloop
endfacet
facet normal -0.9951847266721976 0.09801714032955285 0
outer loop
vertex 49.668839224574526 -72.18907700887299 3.4499999999999997
vertex 49.69622019999992 -71.9110733 3.4499999999999997
vertex 49.69622019999999 -71.9110733 1.4
endloop
endfacet
facet normal -0.9951847266721976 0.09801714032955285 0
outer loop
vertex 49.668839224574526 -72.18907700887299 3.4499999999999997
vertex 49.69622019999999 -71.9110733 1.4
vertex 49.6688392245746 -72.189077008873 1.4
endloop
endfacet
facet normal -0.9951847266721976 -0.09801714032955289 0
outer loop
vertex 49.69622019999992 -71.9110733 3.4499999999999997
vertex 49.66883922457466 -71.63306959112701 3.4499999999999997
vertex 49.6688392245746 -71.63306959112698 1.4
endloop
endfacet
facet normal -0.9951847266721976 -0.09801714032955289 0
outer loop
vertex 49.69622019999992 -71.9110733 3.4499999999999997
vertex 49.6688392245746 -71.63306959112698 1.4
vertex 49.69622019999999 -71.9110733 1.4
endloop
endfacet
facet normal -0.9569403357322079 -0.29028467725446566 0
outer loop
vertex 49.66883922457466 -71.63306959112701 3.4499999999999997
vertex 49.5877485338286 -71.36574940887975 3.4499999999999997
vertex 49.587748533828595 -71.36574940887978 1.4
endloop
endfacet
facet normal -0.9569403357322079 -0.29028467725446566 0
outer loop
vertex 49.66883922457466 -71.63306959112701 3.4499999999999997
vertex 49.587748533828595 -71.36574940887978 1.4
vertex 49.6688392245746 -71.63306959112698 1.4
endloop
endfacet
facet normal -0.881921264348352 -0.47139673682600314 0
outer loop
vertex 49.5877485338286 -71.36574940887975 3.4499999999999997
vertex 49.456064397530845 -71.11938571794721 3.4499999999999997
vertex 49.4560643975311 -71.11938571794704 1.4
endloop
endfacet
facet normal -0.881921264348352 -0.47139673682600314 0
outer loop
vertex 49.5877485338286 -71.36574940887975 3.4499999999999997
vertex 49.4560643975311 -71.11938571794704 1.4
vertex 49.587748533828595 -71.36574940887978 1.4
endloop
endfacet
facet normal -0.7730104533627444 -0.6343932841636364 0
outer loop
vertex 49.456064397530845 -71.11938571794721 3.4499999999999997
vertex 49.27884736319126 -70.90344613680881 3.4499999999999997
vertex 49.27884736319082 -70.90344613680915 1.4
endloop
endfacet
facet normal -0.7730104533627444 -0.6343932841636364 0
outer loop
vertex 49.456064397530845 -71.11938571794721 3.4499999999999997
vertex 49.27884736319082 -70.90344613680915 1.4
vertex 49.4560643975311 -71.11938571794704 1.4
endloop
endfacet
facet normal -0.6343932841636218 -0.7730104533627565 0
outer loop
vertex 49.27884736319126 -70.90344613680881 3.4499999999999997
vertex 49.06290778205258 -70.72622910246936 3.4500000000000015
vertex 49.06290778205294 -70.72622910246888 1.4
endloop
endfacet
facet normal -0.6343932841636218 -0.7730104533627565 0
outer loop
vertex 49.27884736319126 -70.90344613680881 3.4499999999999997
vertex 49.06290778205294 -70.72622910246888 1.4
vertex 49.27884736319082 -70.90344613680915 1.4
endloop
endfacet
facet normal -0.47139673682602945 -0.8819212643483382 0
outer loop
vertex 49.06290778205258 -70.72622910246936 3.4500000000000015
vertex 48.81654409112028 -70.59454496617141 3.4500000000000015
vertex 48.81654409112026 -70.59454496617141 1.4
endloop
endfacet
facet normal -0.47139673682602945 -0.8819212643483382 0
outer loop
vertex 49.06290778205258 -70.72622910246936 3.4500000000000015
vertex 48.81654409112026 -70.59454496617141 1.4
vertex 49.06290778205294 -70.72622910246888 1.4
endloop
endfacet
facet normal -0.29028467725446194 -0.956940335732209 0
outer loop
vertex 48.81654409112028 -70.59454496617141 3.4500000000000015
vertex 48.54922390887296 -70.51345427542547 3.4500000000000015
vertex 48.549223908872996 -70.51345427542539 1.4
endloop
endfacet
facet normal -0.29028467725446194 -0.956940335732209 0
outer loop
vertex 48.81654409112028 -70.59454496617141 3.4500000000000015
vertex 48.549223908872996 -70.51345427542539 1.4
vertex 48.81654409112026 -70.59454496617141 1.4
endloop
endfacet
facet normal -0.09801714032953157 -0.9951847266721998 0
outer loop
vertex 48.54922390887296 -70.51345427542547 3.4500000000000015
vertex 48.27122019999998 -70.48607330000024 3.4500000000000015
vertex 48.27122019999995 -70.4860733 1.4
endloop
endfacet
facet normal -0.09801714032953157 -0.9951847266721998 0
outer loop
vertex 48.54922390887296 -70.51345427542547 3.4500000000000015
vertex 48.27122019999995 -70.4860733 1.4
vertex 48.549223908872996 -70.51345427542539 1.4
endloop
endfacet
facet normal 0.09801714032953157 -0.9951847266721998 0
outer loop
vertex 48.27122019999998 -70.48607330000024 3.4500000000000015
vertex 47.993216491127 -70.5134542754252 3.4500000000000015
vertex 47.993216491127065 -70.51345427542539 1.4
endloop
endfacet
facet normal 0.09801714032953157 -0.9951847266721998 0
outer loop
vertex 48.27122019999998 -70.48607330000024 3.4500000000000015
vertex 47.993216491127065 -70.51345427542539 1.4
vertex 48.27122019999995 -70.4860733 1.4
endloop
endfacet
facet normal 0.29028467725447593 -0.9569403357322048 0
outer loop
vertex 47.993216491127 -70.5134542754252 3.4500000000000015
vertex 47.72589630887975 -70.5945449661714 3.4500000000000015
vertex 47.72589630887972 -70.59454496617141 1.4
endloop
endfacet
facet normal 0.29028467725447593 -0.9569403357322048 0
outer loop
vertex 47.993216491127 -70.5134542754252 3.4500000000000015
vertex 47.72589630887972 -70.59454496617141 1.4
vertex 47.993216491127065 -70.51345427542539 1.4
endloop
endfacet
facet normal 0.4713967368260364 -0.8819212643483343 0
outer loop
vertex 47.72589630887975 -70.5945449661714 3.4500000000000015
vertex 47.479532617947044 -70.72622910246884 3.4499999999999997
vertex 47.47953261794711 -70.72622910246888 1.4
endloop
endfacet
facet normal 0.4713967368260364 -0.8819212643483343 0
outer loop
vertex 47.72589630887975 -70.5945449661714 3.4500000000000015
vertex 47.47953261794711 -70.72622910246888 1.4
vertex 47.72589630887972 -70.59454496617141 1.4
endloop
endfacet
facet normal 0.6343932841636208 -0.7730104533627572 0
outer loop
vertex 47.479532617947044 -70.72622910246884 3.4499999999999997
vertex 47.2635930368092 -70.9034461368092 3.4499999999999997
vertex 47.26359303680912 -70.90344613680915 1.4
endloop
endfacet
facet normal 0.6343932841636208 -0.7730104533627572 0
outer loop
vertex 47.479532617947044 -70.72622910246884 3.4499999999999997
vertex 47.26359303680912 -70.90344613680915 1.4
vertex 47.47953261794711 -70.72622910246888 1.4
endloop
endfacet
facet normal 0.7730104533627509 -0.6343932841636287 0
outer loop
vertex 47.2635930368092 -70.9034461368092 3.4499999999999997
vertex 47.08637600246895 -71.11938571794715 3.4500000000000015
vertex 47.086376002468874 -71.11938571794704 1.4
endloop
endfacet
facet normal 0.7730104533627509 -0.6343932841636287 0
outer loop
vertex 47.2635930368092 -70.9034461368092 3.4499999999999997
vertex 47.086376002468874 -71.11938571794704 1.4
vertex 47.26359303680912 -70.90344613680915 1.4
endloop
endfacet
facet normal 0.8819212643483567 -0.47139673682599437 0
outer loop
vertex 47.08637600246895 -71.11938571794715 3.4500000000000015
vertex 46.95469186617164 -71.36574940887988 3.4499999999999997
vertex 46.95469186617143 -71.36574940887978 1.4
endloop
endfacet
facet normal 0.8819212643483567 -0.47139673682599437 0
outer loop
vertex 47.08637600246895 -71.11938571794715 3.4500000000000015
vertex 46.95469186617143 -71.36574940887978 1.4
vertex 47.086376002468874 -71.11938571794704 1.4
endloop
endfacet
facet normal 0.956940335732209 -0.29028467725446194 0
outer loop
vertex 46.95469186617164 -71.36574940887988 3.4499999999999997
vertex 46.87360117542535 -71.633069591127 3.4500000000000015
vertex 46.87360117542539 -71.63306959112698 1.4
endloop
endfacet
facet normal 0.956940335732209 -0.29028467725446194 0
outer loop
vertex 46.95469186617164 -71.36574940887988 3.4499999999999997
vertex 46.87360117542539 -71.63306959112698 1.4
vertex 46.95469186617143 -71.36574940887978 1.4
endloop
endfacet
facet normal 0.9951847266721984 -0.09801714032954582 0
outer loop
vertex 46.87360117542535 -71.633069591127 3.4500000000000015
vertex 46.84622020000008 -71.9110733 3.4499999999999997
vertex 46.8462202 -71.9110733 1.4
endloop
endfacet
facet normal 0.9951847266721984 -0.09801714032954582 0
outer loop
vertex 46.87360117542535 -71.633069591127 3.4500000000000015
vertex 46.8462202 -71.9110733 1.4
vertex 46.87360117542539 -71.63306959112698 1.4
endloop
endfacet
facet normal 0.9951847266721969 0.09801714032956002 0
outer loop
vertex 46.84622020000008 -71.9110733 3.4499999999999997
vertex 46.873601175425456 -72.18907700887299 3.4499999999999997
vertex 46.873601175425385 -72.189077008873 1.4
endloop
endfacet
facet normal 0.9951847266721969 0.09801714032956002 0
outer loop
vertex 46.84622020000008 -71.9110733 3.4499999999999997
vertex 46.873601175425385 -72.189077008873 1.4
vertex 46.8462202 -71.9110733 1.4
endloop
endfacet
facet normal 0.956940335732209 0.2902846772544619 0
outer loop
vertex 46.873601175425456 -72.18907700887299 3.4499999999999997
vertex 46.95469186617149 -72.45639719112022 3.4499999999999997
vertex 46.954691866171416 -72.45639719112025 1.4
endloop
endfacet
facet normal 0.956940335732209 0.2902846772544619 0
outer loop
vertex 46.873601175425456 -72.18907700887299 3.4499999999999997
vertex 46.954691866171416 -72.45639719112025 1.4
vertex 46.873601175425385 -72.189077008873 1.4
endloop
endfacet
facet normal 0.8819212643483553 0.4713967368259972 0
outer loop
vertex 46.95469186617149 -72.45639719112022 3.4499999999999997
vertex 47.08637600246864 -72.70276088205306 3.4499999999999997
vertex 47.086376002468874 -72.70276088205293 1.4
endloop
endfacet
facet normal 0.8819212643483553 0.4713967368259972 0
outer loop
vertex 46.95469186617149 -72.45639719112022 3.4499999999999997
vertex 47.086376002468874 -72.70276088205293 1.4
vertex 46.954691866171416 -72.45639719112025 1.4
endloop
endfacet
facet normal 0.7730104533627573 0.6343932841636208 0
outer loop
vertex 47.08637600246864 -72.70276088205306 3.4499999999999997
vertex 47.263593036808636 -72.91870046319129 3.4500000000000015
vertex 47.26359303680919 -72.91870046319086 1.4
endloop
endfacet
facet normal 0.7730104533627573 0.6343932841636208 0
outer loop
vertex 47.08637600246864 -72.70276088205306 3.4499999999999997
vertex 47.26359303680919 -72.91870046319086 1.4
vertex 47.086376002468874 -72.70276088205293 1.4
endloop
endfacet
facet normal 0.6343932841636171 0.7730104533627604 0
outer loop
vertex 47.263593036808636 -72.91870046319129 3.4500000000000015
vertex 47.479532617947086 -73.09591749753113 3.4500000000000015
vertex 47.47953261794699 -73.09591749753106 1.4
endloop
endfacet
facet normal 0.6343932841636171 0.7730104533627604 0
outer loop
vertex 47.263593036808636 -72.91870046319129 3.4500000000000015
vertex 47.47953261794699 -73.09591749753106 1.4
vertex 47.26359303680919 -72.91870046319086 1.4
endloop
endfacet
facet normal 0.4713967368260239 0.881921264348341 0
outer loop
vertex 47.479532617947086 -73.09591749753113 3.4500000000000015
vertex 47.72589630888003 -73.22760163382804 3.4499999999999997
vertex 47.725896308879825 -73.22760163382861 1.4
endloop
endfacet
facet normal 0.4713967368260239 0.881921264348341 0
outer loop
vertex 47.479532617947086 -73.09591749753113 3.4500000000000015
vertex 47.725896308879825 -73.22760163382861 1.4
vertex 47.47953261794699 -73.09591749753106 1.4
endloop
endfacet
facet normal 0.29028467725446194 0.9569403357322092 0
outer loop
vertex 47.72589630888003 -73.22760163382804 3.4499999999999997
vertex 47.993216491127 -73.30869232457465 3.4500000000000015
vertex 47.99321649112702 -73.30869232457461 1.4
endloop
endfacet
facet normal 0.29028467725446194 0.9569403357322092 0
outer loop
vertex 47.72589630888003 -73.22760163382804 3.4499999999999997
vertex 47.99321649112702 -73.30869232457461 1.4
vertex 47.725896308879825 -73.22760163382861 1.4
endloop
endfacet
facet normal 0.09801714032953157 0.9951847266721998 0
outer loop
vertex 47.993216491127 -73.30869232457465 3.4500000000000015
vertex 48.271220199999995 -73.33607330000014 3.4500000000000015
vertex 48.27122019999991 -73.3360733 1.4
endloop
endfacet
facet normal 0.09801714032953157 0.9951847266721998 0
outer loop
vertex 47.993216491127 -73.30869232457465 3.4500000000000015
vertex 48.27122019999991 -73.3360733 1.4
vertex 47.99321649112702 -73.30869232457461 1.4
endloop
endfacet
facet normal -0.09801714032953157 0.9951847266721998 0
outer loop
vertex 48.271220199999995 -73.33607330000014 3.4500000000000015
vertex 48.549223908872975 -73.30869232457452 3.4500000000000015
vertex 48.54922390887303 -73.30869232457461 1.4
endloop
endfacet
facet normal -0.09801714032953157 0.9951847266721998 0
outer loop
vertex 48.271220199999995 -73.33607330000014 3.4500000000000015
vertex 48.54922390887303 -73.30869232457461 1.4
vertex 48.27122019999991 -73.3360733 1.4
endloop
endfacet
facet normal -0.29028467725447593 0.9569403357322048 0
outer loop
vertex 48.549223908872975 -73.30869232457452 3.4500000000000015
vertex 48.81654409112025 -73.22760163382854 3.4500000000000015
vertex 48.81654409112029 -73.22760163382861 1.4
endloop
endfacet
facet normal -0.29028467725447593 0.9569403357322048 0
outer loop
vertex 48.549223908872975 -73.30869232457452 3.4500000000000015
vertex 48.81654409112029 -73.22760163382861 1.4
vertex 48.54922390887303 -73.30869232457461 1.4
endloop
endfacet
facet normal -0.4713967368260365 0.8819212643483344 0
outer loop
vertex 48.81654409112025 -73.22760163382854 3.4500000000000015
vertex 49.0629077820529 -73.09591749753106 3.4500000000000015
vertex 49.06290778205288 -73.09591749753106 1.4
endloop
endfacet
facet normal -0.4713967368260365 0.8819212643483344 0
outer loop
vertex 48.81654409112025 -73.22760163382854 3.4500000000000015
vertex 49.06290778205288 -73.09591749753106 1.4
vertex 48.81654409112029 -73.22760163382861 1.4
endloop
endfacet
facet normal -0.6343932841636208 0.7730104533627572 0
outer loop
vertex 49.0629077820529 -73.09591749753106 3.4500000000000015
vertex 49.27884736319086 -72.91870046319086 3.4499999999999997
vertex 49.27884736319088 -72.91870046319086 1.4
endloop
endfacet
facet normal -0.6343932841636208 0.7730104533627572 0
outer loop
vertex 49.0629077820529 -73.09591749753106 3.4500000000000015
vertex 49.27884736319088 -72.91870046319086 1.4
vertex 49.06290778205288 -73.09591749753106 1.4
endloop
endfacet
facet normal -0.7730104533627445 0.6343932841636364 0
outer loop
vertex 49.27884736319086 -72.91870046319086 3.4499999999999997
vertex 49.45606439753104 -72.70276088205286 3.4500000000000015
vertex 49.45606439753109 -72.70276088205293 1.4
endloop
endfacet
facet normal -0.7730104533627445 0.6343932841636364 0
outer loop
vertex 49.27884736319086 -72.91870046319086 3.4499999999999997
vertex 49.45606439753109 -72.70276088205293 1.4
vertex 49.27884736319088 -72.91870046319086 1.4
endloop
endfacet
facet normal -0.8819212643483567 0.47139673682599437 0
outer loop
vertex 49.45606439753104 -72.70276088205286 3.4500000000000015
vertex 49.5877485338288 -72.45639719112036 3.4499999999999997
vertex 49.587748533828595 -72.45639719112025 1.4
endloop
endfacet
facet normal -0.8819212643483567 0.47139673682599437 0
outer loop
vertex 49.45606439753104 -72.70276088205286 3.4500000000000015
vertex 49.587748533828595 -72.45639719112025 1.4
vertex 49.45606439753109 -72.70276088205293 1.4
endloop
endfacet
facet normal -0.956940335732209 0.2902846772544619 0
outer loop
vertex 49.5877485338288 -72.45639719112036 3.4499999999999997
vertex 49.668839224574526 -72.18907700887299 3.4499999999999997
vertex 49.6688392245746 -72.189077008873 1.4
endloop
endfacet
facet normal -0.956940335732209 0.2902846772544619 0
outer loop
vertex 49.5877485338288 -72.45639719112036 3.4499999999999997
vertex 49.6688392245746 -72.189077008873 1.4
vertex 49.587748533828595 -72.45639719112025 1.4
endloop
endfacet
facet normal -0.9951847266721998 0.09801714032953157 0
outer loop
vertex 108.8219531245746 -50.651283208873 3.4500000000000015
vertex 108.8493341 -50.37327950000001 3.4500000000000015
vertex 108.8493341 -50.37327950000005 1.4
endloop
endfacet
facet normal -0.9951847266721998 0.09801714032953157 0
outer loop
vertex 108.8219531245746 -50.651283208873 3.4500000000000015
vertex 108.8493341 -50.37327950000005 1.4
vertex 108.82195312457462 -50.65128320887295 1.4
endloop
endfacet
facet normal -0.9951847266721998 -0.09801714032953157 0
outer loop
vertex 108.8493341 -50.37327950000001 3.4500000000000015
vertex 108.82195312457466 -50.09527579112702 3.4500000000000015
vertex 108.82195312457459 -50.09527579112694 1.4
endloop
endfacet
facet normal -0.9951847266721998 -0.09801714032953157 0
outer loop
vertex 108.8493341 -50.37327950000001 3.4500000000000015
vertex 108.82195312457459 -50.09527579112694 1.4
vertex 108.8493341 -50.37327950000005 1.4
endloop
endfacet
facet normal -0.9569403357322048 -0.29028467725447593 0
outer loop
vertex 108.82195312457466 -50.09527579112702 3.4500000000000015
vertex 108.74086243382874 -49.827955608879705 3.4500000000000015
vertex 108.74086243382862 -49.82795560887986 1.4
endloop
endfacet
facet normal -0.9569403357322048 -0.29028467725447593 0
outer loop
vertex 108.82195312457466 -50.09527579112702 3.4500000000000015
vertex 108.74086243382862 -49.82795560887986 1.4
vertex 108.82195312457459 -50.09527579112694 1.4
endloop
endfacet
facet normal -0.8819212643483297 -0.4713967368260449 0
outer loop
vertex 108.74086243382874 -49.827955608879705 3.4500000000000015
vertex 108.60917829753146 -49.581591917946916 3.4499999999999997
vertex 108.60917829753103 -49.58159191794694 1.4
endloop
endfacet
facet normal -0.8819212643483297 -0.4713967368260449 0
outer loop
vertex 108.74086243382874 -49.827955608879705 3.4500000000000015
vertex 108.60917829753103 -49.58159191794694 1.4
vertex 108.74086243382862 -49.82795560887986 1.4
endloop
endfacet
facet normal -0.7730104533627572 -0.6343932841636208 0
outer loop
vertex 108.60917829753146 -49.581591917946916 3.4499999999999997
vertex 108.43196126319091 -49.36565233680911 3.4499999999999997
vertex 108.4319612631909 -49.36565233680922 1.4
endloop
endfacet
facet normal -0.7730104533627572 -0.6343932841636208 0
outer loop
vertex 108.60917829753146 -49.581591917946916 3.4499999999999997
vertex 108.4319612631909 -49.36565233680922 1.4
vertex 108.60917829753103 -49.58159191794694 1.4
endloop
endfacet
facet normal -0.6343932841636364 -0.7730104533627445 0
outer loop
vertex 108.43196126319091 -49.36565233680911 3.4499999999999997
vertex 108.21602168205277 -49.1884353024691 3.4500000000000015
vertex 108.21602168205297 -49.1884353024689 1.4
endloop
endfacet
facet normal -0.6343932841636364 -0.7730104533627445 0
outer loop
vertex 108.43196126319091 -49.36565233680911 3.4499999999999997
vertex 108.21602168205297 -49.1884353024689 1.4
vertex 108.4319612631909 -49.36565233680922 1.4
endloop
endfacet
facet normal -0.4713967368259968 -0.8819212643483554 0
outer loop
vertex 108.21602168205277 -49.1884353024691 3.4500000000000015
vertex 107.96965799112014 -49.05675116617162 3.4499999999999997
vertex 107.96965799112023 -49.056751166171416 1.4
endloop
endfacet
facet normal -0.4713967368259968 -0.8819212643483554 0
outer loop
vertex 108.21602168205277 -49.1884353024691 3.4500000000000015
vertex 107.96965799112023 -49.056751166171416 1.4
vertex 108.21602168205297 -49.1884353024689 1.4
endloop
endfacet
facet normal -0.29028467725446555 -0.9569403357322079 0
outer loop
vertex 107.96965799112014 -49.05675116617162 3.4499999999999997
vertex 107.70233780887294 -48.97566047542553 3.4499999999999997
vertex 107.70233780887295 -48.9756604754254 1.4
endloop
endfacet
facet normal -0.29028467725446555 -0.9569403357322079 0
outer loop
vertex 107.96965799112014 -49.05675116617162 3.4499999999999997
vertex 107.70233780887295 -48.9756604754254 1.4
vertex 107.96965799112023 -49.056751166171416 1.4
endloop
endfacet
facet normal -0.09801714032955289 -0.9951847266721976 0
outer loop
vertex 107.70233780887294 -48.97566047542553 3.4499999999999997
vertex 107.42433410000001 -48.9482795000001 3.4499999999999997
vertex 107.42433409999998 -48.948279500000005 1.4
endloop
endfacet
facet normal -0.09801714032955289 -0.9951847266721976 0
outer loop
vertex 107.70233780887294 -48.97566047542553 3.4499999999999997
vertex 107.42433409999998 -48.948279500000005 1.4
vertex 107.70233780887295 -48.9756604754254 1.4
endloop
endfacet
facet normal 0.09801714032955285 -0.9951847266721976 0
outer loop
vertex 107.42433410000001 -48.9482795000001 3.4499999999999997
vertex 107.14633039112701 -48.97566047542534 3.4499999999999997
vertex 107.14633039112704 -48.9756604754254 1.4
endloop
endfacet
facet normal 0.09801714032955285 -0.9951847266721976 0
outer loop
vertex 107.42433410000001 -48.9482795000001 3.4499999999999997
vertex 107.14633039112704 -48.9756604754254 1.4
vertex 107.42433409999998 -48.948279500000005 1.4
endloop
endfacet
facet normal 0.29028467725446194 -0.956940335732209 0
outer loop
vertex 107.14633039112701 -48.97566047542534 3.4499999999999997
vertex 106.87901020887976 -49.05675116617148 3.4500000000000015
vertex 106.8790102088798 -49.056751166171416 1.4
endloop
endfacet
facet normal 0.29028467725446194 -0.956940335732209 0
outer loop
vertex 107.14633039112701 -48.97566047542534 3.4499999999999997
vertex 106.8790102088798 -49.056751166171416 1.4
vertex 107.14633039112704 -48.9756604754254 1.4
endloop
endfacet
facet normal 0.47139673682599437 -0.8819212643483567 0
outer loop
vertex 106.87901020887976 -49.05675116617148 3.4500000000000015
vertex 106.63264651794735 -49.18843530246937 3.4499999999999997
vertex 106.63264651794707 -49.1884353024689 1.4
endloop
endfacet
facet normal 0.47139673682599437 -0.8819212643483567 0
outer loop
vertex 106.87901020887976 -49.05675116617148 3.4500000000000015
vertex 106.63264651794707 -49.1884353024689 1.4
vertex 106.8790102088798 -49.056751166171416 1.4
endloop
endfacet
facet normal 0.6343932841636364 -0.7730104533627445 0
outer loop
vertex 106.63264651794735 -49.18843530246937 3.4499999999999997
vertex 106.41670693680899 -49.36565233680894 3.4500000000000015
vertex 106.41670693680913 -49.36565233680922 1.4
endloop
endfacet
facet normal 0.6343932841636364 -0.7730104533627445 0
outer loop
vertex 106.63264651794735 -49.18843530246937 3.4499999999999997
vertex 106.41670693680913 -49.36565233680922 1.4
vertex 106.63264651794707 -49.1884353024689 1.4
endloop
endfacet
facet normal 0.7730104533627572 -0.6343932841636208 0
outer loop
vertex 106.41670693680899 -49.36565233680894 3.4500000000000015
vertex 106.239489902469 -49.58159191794717 3.4499999999999997
vertex 106.23948990246889 -49.58159191794694 1.4
endloop
endfacet
facet normal 0.7730104533627572 -0.6343932841636208 0
outer loop
vertex 106.41670693680899 -49.36565233680894 3.4500000000000015
vertex 106.23948990246889 -49.58159191794694 1.4
vertex 106.41670693680913 -49.36565233680922 1.4
endloop
endfacet
facet normal 0.8819212643483343 -0.4713967368260364 0
outer loop
vertex 106.239489902469 -49.58159191794717 3.4499999999999997
vertex 106.10780576617147 -49.827955608879776 3.4499999999999997
vertex 106.10780576617138 -49.82795560887986 1.4
endloop
endfacet
facet normal 0.8819212643483343 -0.4713967368260364 0
outer loop
vertex 106.239489902469 -49.58159191794717 3.4499999999999997
vertex 106.10780576617138 -49.82795560887986 1.4
vertex 106.23948990246889 -49.58159191794694 1.4
endloop
endfacet
facet normal 0.9569403357322048 -0.29028467725447593 0
outer loop
vertex 106.10780576617147 -49.827955608879776 3.4499999999999997
vertex 106.02671507542539 -50.09527579112703 3.4500000000000015
vertex 106.02671507542539 -50.09527579112694 1.4
endloop
endfacet
facet normal 0.9569403357322048 -0.29028467725447593 0
outer loop
vertex 106.10780576617147 -49.827955608879776 3.4499999999999997
vertex 106.02671507542539 -50.09527579112694 1.4
vertex 106.10780576617138 -49.82795560887986 1.4
endloop
endfacet
facet normal 0.9951847266721998 -0.09801714032953157 0
outer loop
vertex 106.02671507542539 -50.09527579112703 3.4500000000000015
vertex 105.99933409999996 -50.37327950000001 3.4500000000000015
vertex 105.9993341 -50.37327950000005 1.4
endloop
endfacet
facet normal 0.9951847266721998 -0.09801714032953157 0
outer loop
vertex 106.02671507542539 -50.09527579112703 3.4500000000000015
vertex 105.9993341 -50.37327950000005 1.4
vertex 106.02671507542539 -50.09527579112694 1.4
endloop
endfacet
facet normal 0.9951847266721998 0.09801714032953157 0
outer loop
vertex 105.99933409999996 -50.37327950000001 3.4500000000000015
vertex 106.02671507542544 -50.65128320887299 3.4500000000000015
vertex 106.02671507542539 -50.65128320887295 1.4
endloop
endfacet
facet normal 0.9951847266721998 0.09801714032953157 0
outer loop
vertex 105.99933409999996 -50.37327950000001 3.4500000000000015
vertex 106.02671507542539 -50.65128320887295 1.4
vertex 105.9993341 -50.37327950000005 1.4
endloop
endfacet
facet normal 0.956940335732209 0.29028467725446194 0
outer loop
vertex 106.02671507542544 -50.65128320887299 3.4500000000000015
vertex 106.10780576617175 -50.91860339112017 3.4500000000000015
vertex 106.10780576617137 -50.91860339112016 1.4
endloop
endfacet
facet normal 0.956940335732209 0.29028467725446194 0
outer loop
vertex 106.02671507542544 -50.65128320887299 3.4500000000000015
vertex 106.10780576617137 -50.91860339112016 1.4
vertex 106.02671507542539 -50.65128320887295 1.4
endloop
endfacet
facet normal 0.8819212643483417 0.4713967368260224 0
outer loop
vertex 106.10780576617175 -50.91860339112017 3.4500000000000015
vertex 106.23948990246897 -51.16496708205289 3.4499999999999997
vertex 106.23948990246889 -51.16496708205293 1.4
endloop
endfacet
facet normal 0.8819212643483417 0.4713967368260224 0
outer loop
vertex 106.10780576617175 -50.91860339112017 3.4500000000000015
vertex 106.23948990246889 -51.16496708205293 1.4
vertex 106.10780576617137 -50.91860339112016 1.4
endloop
endfacet
facet normal 0.7730104533627558 0.6343932841636226 0
outer loop
vertex 106.23948990246897 -51.16496708205289 3.4499999999999997
vertex 106.41670693680945 -51.38090666319061 3.4499999999999997
vertex 106.41670693680922 -51.38090666319089 1.4
endloop
endfacet
facet normal 0.7730104533627558 0.6343932841636226 0
outer loop
vertex 106.23948990246897 -51.16496708205289 3.4499999999999997
vertex 106.41670693680922 -51.38090666319089 1.4
vertex 106.23948990246889 -51.16496708205293 1.4
endloop
endfacet
facet normal 0.6343932841636364 0.7730104533627445 0
outer loop
vertex 106.41670693680945 -51.38090666319061 3.4499999999999997
vertex 106.63264651794688 -51.55812369753136 3.4500000000000015
vertex 106.63264651794704 -51.558123697531116 1.4
endloop
endfacet
facet normal 0.6343932841636364 0.7730104533627445 0
outer loop
vertex 106.41670693680945 -51.38090666319061 3.4499999999999997
vertex 106.63264651794704 -51.558123697531116 1.4
vertex 106.41670693680922 -51.38090666319089 1.4
endloop
endfacet
facet normal 0.47139673682599714 0.8819212643483554 0
outer loop
vertex 106.63264651794688 -51.55812369753136 3.4500000000000015
vertex 106.87901020887993 -51.68980783382826 3.4500000000000015
vertex 106.87901020887973 -51.68980783382858 1.4
endloop
endfacet
facet normal 0.47139673682599714 0.8819212643483554 0
outer loop
vertex 106.63264651794688 -51.55812369753136 3.4500000000000015
vertex 106.87901020887973 -51.68980783382858 1.4
vertex 106.63264651794704 -51.558123697531116 1.4
endloop
endfacet
facet normal 0.29028467725446194 0.956940335732209 0
outer loop
vertex 106.87901020887993 -51.68980783382826 3.4500000000000015
vertex 107.146330391127 -51.77089852457469 3.4500000000000015
vertex 107.14633039112704 -51.77089852457461 1.4
endloop
endfacet
facet normal 0.29028467725446194 0.956940335732209 0
outer loop
vertex 106.87901020887993 -51.68980783382826 3.4500000000000015
vertex 107.14633039112704 -51.77089852457461 1.4
vertex 106.87901020887973 -51.68980783382858 1.4
endloop
endfacet
facet normal 0.09801714032955285 0.9951847266721976 0
outer loop
vertex 107.146330391127 -51.77089852457469 3.4500000000000015
vertex 107.42433410000001 -51.79827949999997 3.4499999999999997
vertex 107.42433409999998 -51.7982795 1.4
endloop
endfacet
facet normal 0.09801714032955285 0.9951847266721976 0
outer loop
vertex 107.146330391127 -51.77089852457469 3.4500000000000015
vertex 107.42433409999998 -51.7982795 1.4
vertex 107.14633039112704 -51.77089852457461 1.4
endloop
endfacet
facet normal -0.09801714032955285 0.9951847266721976 0
outer loop
vertex 107.42433410000001 -51.79827949999997 3.4499999999999997
vertex 107.70233780887298 -51.77089852457454 3.4499999999999997
vertex 107.70233780887293 -51.77089852457461 1.4
endloop
endfacet
facet normal -0.09801714032955285 0.9951847266721976 0
outer loop
vertex 107.42433410000001 -51.79827949999997 3.4499999999999997
vertex 107.70233780887293 -51.77089852457461 1.4
vertex 107.42433409999998 -51.7982795 1.4
endloop
endfacet
facet normal -0.29028467725446194 0.956940335732209 0
outer loop
vertex 107.70233780887298 -51.77089852457454 3.4499999999999997
vertex 107.9696579911202 -51.689807833828425 3.4500000000000015
vertex 107.9696579911203 -51.68980783382858 1.4
endloop
endfacet
facet normal -0.29028467725446194 0.956940335732209 0
outer loop
vertex 107.70233780887298 -51.77089852457454 3.4499999999999997
vertex 107.9696579911203 -51.68980783382858 1.4
vertex 107.70233780887293 -51.77089852457461 1.4
endloop
endfacet
facet normal -0.47139673682599437 0.8819212643483567 0
outer loop
vertex 107.9696579911202 -51.689807833828425 3.4500000000000015
vertex 108.2160216820532 -51.55812369753163 3.4499999999999997
vertex 108.21602168205293 -51.558123697531116 1.4
endloop
endfacet
facet normal -0.47139673682599437 0.8819212643483567 0
outer loop
vertex 107.9696579911202 -51.689807833828425 3.4500000000000015
vertex 108.21602168205293 -51.558123697531116 1.4
vertex 107.9696579911203 -51.68980783382858 1.4
endloop
endfacet
facet normal -0.6343932841636364 0.7730104533627445 0
outer loop
vertex 108.2160216820532 -51.55812369753163 3.4499999999999997
vertex 108.43196126319066 -51.38090666319061 3.4500000000000015
vertex 108.43196126319084 -51.38090666319089 1.4
endloop
endfacet
facet normal -0.6343932841636364 0.7730104533627445 0
outer loop
vertex 108.2160216820532 -51.55812369753163 3.4499999999999997
vertex 108.43196126319084 -51.38090666319089 1.4
vertex 108.21602168205293 -51.558123697531116 1.4
endloop
endfacet
facet normal -0.7730104533627572 0.6343932841636208 0
outer loop
vertex 108.43196126319066 -51.38090666319061 3.4500000000000015
vertex 108.60917829753126 -51.16496708205306 3.4499999999999997
vertex 108.6091782975311 -51.16496708205293 1.4
endloop
endfacet
facet normal -0.7730104533627572 0.6343932841636208 0
outer loop
vertex 108.43196126319066 -51.38090666319061 3.4500000000000015
vertex 108.6091782975311 -51.16496708205293 1.4
vertex 108.43196126319084 -51.38090666319089 1.4
endloop
endfacet
facet normal -0.8819212643483343 0.4713967368260364 0
outer loop
vertex 108.60917829753126 -51.16496708205306 3.4499999999999997
vertex 108.74086243382864 -50.91860339112029 3.4499999999999997
vertex 108.7408624338286 -50.91860339112016 1.4
endloop
endfacet
facet normal -0.8819212643483343 0.4713967368260364 0
outer loop
vertex 108.60917829753126 -51.16496708205306 3.4499999999999997
vertex 108.7408624338286 -50.91860339112016 1.4
vertex 108.6091782975311 -51.16496708205293 1.4
endloop
endfacet
facet normal -0.9569403357322049 0.29028467725447593 0
outer loop
vertex 108.74086243382864 -50.91860339112029 3.4499999999999997
vertex 108.8219531245746 -50.651283208873 3.4500000000000015
vertex 108.82195312457462 -50.65128320887295 1.4
endloop
endfacet
facet normal -0.9569403357322049 0.29028467725447593 0
outer loop
vertex 108.74086243382864 -50.91860339112029 3.4499999999999997
vertex 108.82195312457462 -50.65128320887295 1.4
vertex 108.7408624338286 -50.91860339112016 1.4
endloop
endfacet
facet normal -0.9951847266721976 0.09801714032955285 0
outer loop
vertex 54.068763024574615 -88.609816008873 3.4499999999999997
vertex 54.09614400000001 -88.33181230000002 3.4499999999999997
vertex 54.096143999999995 -88.33181229999998 1.4
endloop
endfacet
facet normal -0.9951847266721976 0.09801714032955285 0
outer loop
vertex 54.068763024574615 -88.609816008873 3.4499999999999997
vertex 54.096143999999995 -88.33181229999998 1.4
vertex 54.0687630245746 -88.60981600887298 1.4
endloop
endfacet
facet normal -0.9951847266721976 -0.09801714032955289 0
outer loop
vertex 54.09614400000001 -88.33181230000002 3.4499999999999997
vertex 54.06876302457469 -88.05380859112701 3.4499999999999997
vertex 54.0687630245746 -88.053808591127 1.4
endloop
endfacet
facet normal -0.9951847266721976 -0.09801714032955289 0
outer loop
vertex 54.09614400000001 -88.33181230000002 3.4499999999999997
vertex 54.0687630245746 -88.053808591127 1.4
vertex 54.096143999999995 -88.33181229999998 1.4
endloop
endfacet
facet normal -0.956940335732209 -0.2902846772544619 0
outer loop
vertex 54.06876302457469 -88.05380859112701 3.4499999999999997
vertex 53.987672333828655 -87.78648840887973 3.4499999999999997
vertex 53.9876723338286 -87.78648840887979 1.4
endloop
endfacet
facet normal -0.956940335732209 -0.2902846772544619 0
outer loop
vertex 54.06876302457469 -88.05380859112701 3.4499999999999997
vertex 53.9876723338286 -87.78648840887979 1.4
vertex 54.0687630245746 -88.053808591127 1.4
endloop
endfacet
facet normal -0.8819212643483554 -0.47139673682599703 0
outer loop
vertex 53.987672333828655 -87.78648840887973 3.4499999999999997
vertex 53.85598819753134 -87.54012471794695 3.4499999999999997
vertex 53.85598819753109 -87.54012471794701 1.4
endloop
endfacet
facet normal -0.8819212643483554 -0.47139673682599703 0
outer loop
vertex 53.987672333828655 -87.78648840887973 3.4499999999999997
vertex 53.85598819753109 -87.54012471794701 1.4
vertex 53.9876723338286 -87.78648840887979 1.4
endloop
endfacet
facet normal -0.7730104533627445 -0.6343932841636364 0
outer loop
vertex 53.85598819753134 -87.54012471794695 3.4499999999999997
vertex 53.678771163190454 -87.32418513680949 3.4500000000000015
vertex 53.67877116319089 -87.32418513680922 1.4
endloop
endfacet
facet normal -0.7730104533627445 -0.6343932841636364 0
outer loop
vertex 53.85598819753134 -87.54012471794695 3.4499999999999997
vertex 53.67877116319089 -87.32418513680922 1.4
vertex 53.85598819753109 -87.54012471794701 1.4
endloop
endfacet
facet normal -0.634393284163609 -0.773010453362767 0
outer loop
vertex 53.678771163190454 -87.32418513680949 3.4500000000000015
vertex 53.462831582053425 -87.14696810246826 3.4499999999999997
vertex 53.4628315820529 -87.14696810246886 1.4
endloop
endfacet
facet normal -0.634393284163609 -0.773010453362767 0
outer loop
vertex 53.678771163190454 -87.32418513680949 3.4500000000000015
vertex 53.4628315820529 -87.14696810246886 1.4
vertex 53.67877116319089 -87.32418513680922 1.4
endloop
endfacet
facet normal -0.47139673682602246 -0.881921264348342 0
outer loop
vertex 53.462831582053425 -87.14696810246826 3.4499999999999997
vertex 53.21646789112001 -87.01528396617192 3.4500000000000015
vertex 53.21646789112022 -87.0152839661714 1.4
endloop
endfacet
facet normal -0.47139673682602246 -0.881921264348342 0
outer loop
vertex 53.462831582053425 -87.14696810246826 3.4499999999999997
vertex 53.21646789112022 -87.0152839661714 1.4
vertex 53.4628315820529 -87.14696810246886 1.4
endloop
endfacet
facet normal -0.29028467725447593 -0.9569403357322048 0
outer loop
vertex 53.21646789112001 -87.01528396617192 3.4500000000000015
vertex 52.94914770887297 -86.93419327542546 3.4500000000000015
vertex 52.94914770887303 -86.9341932754254 1.4
endloop
endfacet
facet normal -0.29028467725447593 -0.9569403357322048 0
outer loop
vertex 53.21646789112001 -87.01528396617192 3.4500000000000015
vertex 52.94914770887303 -86.9341932754254 1.4
vertex 53.21646789112022 -87.0152839661714 1.4
endloop
endfacet
facet normal -0.09801714032953157 -0.9951847266721998 0
outer loop
vertex 52.94914770887297 -86.93419327542546 3.4500000000000015
vertex 52.671144 -86.90681230000014 3.4500000000000015
vertex 52.67114399999991 -86.9068123 1.4
endloop
endfacet
facet normal -0.09801714032953157 -0.9951847266721998 0
outer loop
vertex 52.94914770887297 -86.93419327542546 3.4500000000000015
vertex 52.67114399999991 -86.9068123 1.4
vertex 52.94914770887303 -86.9341932754254 1.4
endloop
endfacet
facet normal 0.09801714032953157 -0.9951847266721998 0
outer loop
vertex 52.671144 -86.90681230000014 3.4500000000000015
vertex 52.393140291127025 -86.93419327542533 3.4500000000000015
vertex 52.39314029112701 -86.9341932754254 1.4
endloop
endfacet
facet normal 0.09801714032953157 -0.9951847266721998 0
outer loop
vertex 52.671144 -86.90681230000014 3.4500000000000015
vertex 52.39314029112701 -86.9341932754254 1.4
vertex 52.67114399999991 -86.9068123 1.4
endloop
endfacet
facet normal 0.29028467725447693 -0.9569403357322045 0
outer loop
vertex 52.393140291127025 -86.93419327542533 3.4500000000000015
vertex 52.1258201088797 -87.01528396617127 3.4499999999999997
vertex 52.12582010887981 -87.0152839661714 1.4
endloop
endfacet
facet normal 0.29028467725447693 -0.9569403357322045 0
outer loop
vertex 52.393140291127025 -86.93419327542533 3.4500000000000015
vertex 52.12582010887981 -87.0152839661714 1.4
vertex 52.39314029112701 -86.9341932754254 1.4
endloop
endfacet
facet normal 0.4713967368260365 -0.8819212643483344 0
outer loop
vertex 52.1258201088797 -87.01528396617127 3.4499999999999997
vertex 51.87945641794707 -87.14696810246888 3.4500000000000015
vertex 51.879456417947004 -87.14696810246886 1.4
endloop
endfacet
facet normal 0.4713967368260365 -0.8819212643483344 0
outer loop
vertex 52.1258201088797 -87.01528396617127 3.4499999999999997
vertex 51.879456417947004 -87.14696810246886 1.4
vertex 52.12582010887981 -87.0152839661714 1.4
endloop
endfacet
facet normal 0.6343932841636089 -0.7730104533627671 0
outer loop
vertex 51.87945641794707 -87.14696810246888 3.4500000000000015
vertex 51.663516836809045 -87.32418513680902 3.4499999999999997
vertex 51.66351683680919 -87.32418513680922 1.4
endloop
endfacet
facet normal 0.6343932841636089 -0.7730104533627671 0
outer loop
vertex 51.87945641794707 -87.14696810246888 3.4500000000000015
vertex 51.66351683680919 -87.32418513680922 1.4
vertex 51.879456417947004 -87.14696810246886 1.4
endloop
endfacet
facet normal 0.7730104533627445 -0.6343932841636364 0
outer loop
vertex 51.663516836809045 -87.32418513680902 3.4499999999999997
vertex 51.48629980246869 -87.54012471794692 3.4500000000000015
vertex 51.48629980246885 -87.54012471794701 1.4
endloop
endfacet
facet normal 0.7730104533627445 -0.6343932841636364 0
outer loop
vertex 51.663516836809045 -87.32418513680902 3.4499999999999997
vertex 51.48629980246885 -87.54012471794701 1.4
vertex 51.66351683680919 -87.32418513680922 1.4
endloop
endfacet
facet normal 0.8819212643483567 -0.47139673682599437 0
outer loop
vertex 51.48629980246869 -87.54012471794692 3.4500000000000015
vertex 51.35461566617168 -87.7864884088799 3.4499999999999997
vertex 51.35461566617144 -87.78648840887979 1.4
endloop
endfacet
facet normal 0.8819212643483567 -0.47139673682599437 0
outer loop
vertex 51.48629980246869 -87.54012471794692 3.4500000000000015
vertex 51.35461566617144 -87.78648840887979 1.4
vertex 51.48629980246885 -87.54012471794701 1.4
endloop
endfacet
facet normal 0.956940335732209 -0.29028467725446194 0
outer loop
vertex 51.35461566617168 -87.7864884088799 3.4499999999999997
vertex 51.27352497542543 -88.05380859112702 3.4500000000000015
vertex 51.27352497542539 -88.053808591127 1.4
endloop
endfacet
facet normal 0.956940335732209 -0.29028467725446194 0
outer loop
vertex 51.35461566617168 -87.7864884088799 3.4499999999999997
vertex 51.27352497542539 -88.053808591127 1.4
vertex 51.35461566617144 -87.78648840887979 1.4
endloop
endfacet
facet normal 0.9951847266721976 -0.09801714032955285 0
outer loop
vertex 51.27352497542543 -88.05380859112702 3.4500000000000015
vertex 51.24614399999985 -88.3318123 3.4499999999999997
vertex 51.246144 -88.33181229999998 1.4
endloop
endfacet
facet normal 0.9951847266721976 -0.09801714032955285 0
outer loop
vertex 51.27352497542543 -88.05380859112702 3.4500000000000015
vertex 51.246144 -88.33181229999998 1.4
vertex 51.27352497542539 -88.053808591127 1.4
endloop
endfacet
facet normal 0.9951847266721969 0.09801714032955997 0
outer loop
vertex 51.24614399999985 -88.3318123 3.4499999999999997
vertex 51.27352497542549 -88.60981600887297 3.4499999999999997
vertex 51.273524975425396 -88.60981600887298 1.4
endloop
endfacet
facet normal 0.9951847266721969 0.09801714032955997 0
outer loop
vertex 51.24614399999985 -88.3318123 3.4499999999999997
vertex 51.273524975425396 -88.60981600887298 1.4
vertex 51.246144 -88.33181229999998 1.4
endloop
endfacet
facet normal 0.9569403357322079 0.29028467725446566 0
outer loop
vertex 51.27352497542549 -88.60981600887297 3.4499999999999997
vertex 51.3546156661715 -88.87713619112023 3.4499999999999997
vertex 51.3546156661714 -88.87713619112021 1.4
endloop
endfacet
facet normal 0.9569403357322079 0.29028467725446566 0
outer loop
vertex 51.27352497542549 -88.60981600887297 3.4499999999999997
vertex 51.3546156661714 -88.87713619112021 1.4
vertex 51.273524975425396 -88.60981600887298 1.4
endloop
endfacet
facet normal 0.8819212643483552 0.4713967368259976 0
outer loop
vertex 51.3546156661715 -88.87713619112023 3.4499999999999997
vertex 51.486299802468615 -89.12349988205307 3.4500000000000015
vertex 51.48629980246887 -89.12349988205293 1.4
endloop
endfacet
facet normal 0.8819212643483552 0.4713967368259976 0
outer loop
vertex 51.3546156661715 -88.87713619112023 3.4499999999999997
vertex 51.48629980246887 -89.12349988205293 1.4
vertex 51.3546156661714 -88.87713619112021 1.4
endloop
endfacet
facet normal 0.7730104533627445 0.6343932841636364 0
outer loop
vertex 51.486299802468615 -89.12349988205307 3.4500000000000015
vertex 51.66351683680967 -89.33943946319042 3.4500000000000015
vertex 51.663516836809144 -89.3394394631908 1.4
endloop
endfacet
facet normal 0.7730104533627445 0.6343932841636364 0
outer loop
vertex 51.486299802468615 -89.12349988205307 3.4500000000000015
vertex 51.663516836809144 -89.3394394631908 1.4
vertex 51.48629980246887 -89.12349988205293 1.4
endloop
endfacet
facet normal 0.6343932841636171 0.7730104533627604 0
outer loop
vertex 51.66351683680967 -89.33943946319042 3.4500000000000015
vertex 51.87945641794742 -89.51665649753072 3.4500000000000015
vertex 51.879456417947075 -89.51665649753112 1.4
endloop
endfacet
facet normal 0.6343932841636171 0.7730104533627604 0
outer loop
vertex 51.66351683680967 -89.33943946319042 3.4500000000000015
vertex 51.879456417947075 -89.51665649753112 1.4
vertex 51.663516836809144 -89.3394394631908 1.4
endloop
endfacet
facet normal 0.4713967368260239 0.8819212643483411 0
outer loop
vertex 51.87945641794742 -89.51665649753072 3.4500000000000015
vertex 52.125820108879736 -89.64834063382861 3.4499999999999997
vertex 52.12582010887974 -89.64834063382858 1.4
endloop
endfacet
facet normal 0.4713967368260239 0.8819212643483411 0
outer loop
vertex 51.87945641794742 -89.51665649753072 3.4500000000000015
vertex 52.12582010887974 -89.64834063382858 1.4
vertex 51.879456417947075 -89.51665649753112 1.4
endloop
endfacet
facet normal 0.29028467725447693 0.9569403357322045 0
outer loop
vertex 52.125820108879736 -89.64834063382861 3.4499999999999997
vertex 52.39314029112687 -89.72943132457513 3.4499999999999997
vertex 52.393140291127004 -89.7294313245746 1.4
endloop
endfacet
facet normal 0.29028467725447693 0.9569403357322045 0
outer loop
vertex 52.125820108879736 -89.64834063382861 3.4499999999999997
vertex 52.393140291127004 -89.7294313245746 1.4
vertex 52.12582010887974 -89.64834063382858 1.4
endloop
endfacet
facet normal 0.09801714032953157 0.9951847266721998 0
outer loop
vertex 52.39314029112687 -89.72943132457513 3.4499999999999997
vertex 52.671144 -89.75681230000012 3.4500000000000015
vertex 52.67114399999997 -89.75681229999999 1.4
endloop
endfacet
facet normal 0.09801714032953157 0.9951847266721998 0
outer loop
vertex 52.39314029112687 -89.72943132457513 3.4499999999999997
vertex 52.67114399999997 -89.75681229999999 1.4
vertex 52.393140291127004 -89.7294313245746 1.4
endloop
endfacet
facet normal -0.09801714032953157 0.9951847266721998 0
outer loop
vertex 52.671144 -89.75681230000012 3.4500000000000015
vertex 52.94914770887296 -89.7294313245744 3.4500000000000015
vertex 52.94914770887294 -89.7294313245746 1.4
endloop
endfacet
facet normal -0.09801714032953157 0.9951847266721998 0
outer loop
vertex 52.671144 -89.75681230000012 3.4500000000000015
vertex 52.94914770887294 -89.7294313245746 1.4
vertex 52.67114399999997 -89.75681229999999 1.4
endloop
endfacet
facet normal -0.29028467725447693 0.9569403357322045 0
outer loop
vertex 52.94914770887296 -89.7294313245744 3.4500000000000015
vertex 53.216467891120246 -89.64834063382854 3.4499999999999997
vertex 53.216467891120274 -89.64834063382858 1.4
endloop
endfacet
facet normal -0.29028467725447693 0.9569403357322045 0
outer loop
vertex 52.94914770887296 -89.7294313245744 3.4500000000000015
vertex 53.216467891120274 -89.64834063382858 1.4
vertex 52.94914770887294 -89.7294313245746 1.4
endloop
endfacet
facet normal -0.4713967368260364 0.8819212643483343 0
outer loop
vertex 53.216467891120246 -89.64834063382854 3.4499999999999997
vertex 53.462831582052935 -89.51665649753112 3.4499999999999997
vertex 53.46283158205295 -89.51665649753112 1.4
endloop
endfacet
facet normal -0.4713967368260364 0.8819212643483343 0
outer loop
vertex 53.216467891120246 -89.64834063382854 3.4499999999999997
vertex 53.46283158205295 -89.51665649753112 1.4
vertex 53.216467891120274 -89.64834063382858 1.4
endloop
endfacet
facet normal -0.6343932841636208 0.7730104533627572 0
outer loop
vertex 53.462831582052935 -89.51665649753112 3.4499999999999997
vertex 53.67877116319088 -89.33943946319089 3.4499999999999997
vertex 53.67877116319076 -89.3394394631908 1.4
endloop
endfacet
facet normal -0.6343932841636208 0.7730104533627572 0
outer loop
vertex 53.462831582052935 -89.51665649753112 3.4499999999999997
vertex 53.67877116319076 -89.3394394631908 1.4
vertex 53.46283158205295 -89.51665649753112 1.4
endloop
endfacet
facet normal -0.7730104533627445 0.6343932841636364 0
outer loop
vertex 53.67877116319088 -89.33943946319089 3.4499999999999997
vertex 53.85598819753098 -89.12349988205281 3.4500000000000015
vertex 53.85598819753109 -89.12349988205293 1.4
endloop
endfacet
facet normal -0.7730104533627445 0.6343932841636364 0
outer loop
vertex 53.67877116319088 -89.33943946319089 3.4499999999999997
vertex 53.85598819753109 -89.12349988205293 1.4
vertex 53.67877116319076 -89.3394394631908 1.4
endloop
endfacet
facet normal -0.8819212643483567 0.47139673682599437 0
outer loop
vertex 53.85598819753098 -89.12349988205281 3.4500000000000015
vertex 53.98767233382887 -88.8771361911204 3.4499999999999997
vertex 53.98767233382863 -88.87713619112021 1.4
endloop
endfacet
facet normal -0.8819212643483567 0.47139673682599437 0
outer loop
vertex 53.85598819753098 -89.12349988205281 3.4500000000000015
vertex 53.98767233382863 -88.87713619112021 1.4
vertex 53.85598819753109 -89.12349988205293 1.4
endloop
endfacet
facet normal -0.956940335732209 0.29028467725446194 0
outer loop
vertex 53.98767233382887 -88.8771361911204 3.4499999999999997
vertex 54.068763024574615 -88.609816008873 3.4499999999999997
vertex 54.0687630245746 -88.60981600887298 1.4
endloop
endfacet
facet normal -0.956940335732209 0.29028467725446194 0
outer loop
vertex 53.98767233382887 -88.8771361911204 3.4499999999999997
vertex 54.0687630245746 -88.60981600887298 1.4
vertex 53.98767233382863 -88.87713619112021 1.4
endloop
endfacet
facet normal -0.9951847266721998 0.09801714032953157 0
outer loop
vertex 108.82195312457443 -67.65128320887297 3.4500000000000015
vertex 108.84933409999982 -67.37327949999998 3.4500000000000015
vertex 108.8493341 -67.37327949999998 1.4
endloop
endfacet
facet normal -0.9951847266721998 0.09801714032953157 0
outer loop
vertex 108.82195312457443 -67.65128320887297 3.4500000000000015
vertex 108.8493341 -67.37327949999998 1.4
vertex 108.82195312457462 -67.65128320887293 1.4
endloop
endfacet
facet normal -0.9951847266721998 -0.09801714032953157 0
outer loop
vertex 108.84933409999982 -67.37327949999998 3.4500000000000015
vertex 108.82195312457499 -67.09527579112698 3.4500000000000015
vertex 108.8219531245746 -67.09527579112704 1.4
endloop
endfacet
facet normal -0.9951847266721998 -0.09801714032953157 0
outer loop
vertex 108.84933409999982 -67.37327949999998 3.4500000000000015
vertex 108.8219531245746 -67.09527579112704 1.4
vertex 108.8493341 -67.37327949999998 1.4
endloop
endfacet
facet normal -0.9569403357322002 -0.2902846772544909 0
outer loop
vertex 108.82195312457499 -67.09527579112698 3.4500000000000015
vertex 108.74086243382918 -66.82795560887955 3.4499999999999997
vertex 108.74086243382857 -66.82795560887973 1.4
endloop
endfacet
facet normal -0.9569403357322002 -0.2902846772544909 0
outer loop
vertex 108.82195312457499 -67.09527579112698 3.4500000000000015
vertex 108.74086243382857 -66.82795560887973 1.4
vertex 108.8219531245746 -67.09527579112704 1.4
endloop
endfacet
facet normal -0.881921264348342 -0.47139673682602246 0
outer loop
vertex 108.74086243382918 -66.82795560887955 3.4499999999999997
vertex 108.60917829753143 -66.58159191794694 3.4500000000000015
vertex 108.60917829753106 -66.58159191794697 1.4
endloop
endfacet
facet normal -0.881921264348342 -0.47139673682602246 0
outer loop
vertex 108.74086243382918 -66.82795560887955 3.4499999999999997
vertex 108.60917829753106 -66.58159191794697 1.4
vertex 108.74086243382857 -66.82795560887973 1.4
endloop
endfacet
facet normal -0.7730104533627572 -0.6343932841636208 0
outer loop
vertex 108.60917829753143 -66.58159191794694 3.4500000000000015
vertex 108.43196126319096 -66.36565233680905 3.4499999999999997
vertex 108.43196126319087 -66.36565233680919 1.4
endloop
endfacet
facet normal -0.7730104533627572 -0.6343932841636208 0
outer loop
vertex 108.60917829753143 -66.58159191794694 3.4500000000000015
vertex 108.43196126319087 -66.36565233680919 1.4
vertex 108.60917829753106 -66.58159191794697 1.4
endloop
endfacet
facet normal -0.6343932841636207 -0.7730104533627574 0
outer loop
vertex 108.43196126319096 -66.36565233680905 3.4499999999999997
vertex 108.21602168205249 -66.18843530246946 3.4500000000000015
vertex 108.21602168205294 -66.18843530246889 1.4
endloop
endfacet
facet normal -0.6343932841636207 -0.7730104533627574 0
outer loop
vertex 108.43196126319096 -66.36565233680905 3.4499999999999997
vertex 108.21602168205294 -66.18843530246889 1.4
vertex 108.43196126319087 -66.36565233680919 1.4
endloop
endfacet
facet normal -0.47139673682602 -0.8819212643483432 0
outer loop
vertex 108.21602168205249 -66.18843530246946 3.4500000000000015
vertex 107.96965799112023 -66.05675116617145 3.4500000000000015
vertex 107.96965799112023 -66.05675116617141 1.4
endloop
endfacet
facet normal -0.47139673682602 -0.8819212643483432 0
outer loop
vertex 108.21602168205249 -66.18843530246946 3.4500000000000015
vertex 107.96965799112023 -66.05675116617141 1.4
vertex 108.21602168205294 -66.18843530246889 1.4
endloop
endfacet
facet normal -0.29028467725447643 -0.9569403357322047 0
outer loop
vertex 107.96965799112023 -66.05675116617145 3.4500000000000015
vertex 107.70233780887331 -65.97566047542442 3.4500000000000015
vertex 107.702337808873 -65.9756604754254 1.4
endloop
endfacet
facet normal -0.29028467725447643 -0.9569403357322047 0
outer loop
vertex 107.96965799112023 -66.05675116617145 3.4500000000000015
vertex 107.702337808873 -65.9756604754254 1.4
vertex 107.96965799112023 -66.05675116617141 1.4
endloop
endfacet
facet normal -0.09801714032952445 -0.9951847266722005 0
outer loop
vertex 107.70233780887331 -65.97566047542442 3.4500000000000015
vertex 107.42433410000001 -65.94827949999973 3.4500000000000015
vertex 107.42433409999994 -65.94827950000001 1.4
endloop
endfacet
facet normal -0.09801714032952445 -0.9951847266722005 0
outer loop
vertex 107.70233780887331 -65.97566047542442 3.4500000000000015
vertex 107.42433409999994 -65.94827950000001 1.4
vertex 107.702337808873 -65.9756604754254 1.4
endloop
endfacet
facet normal 0.09801714032953157 -0.9951847266721998 0
outer loop
vertex 107.42433410000001 -65.94827949999973 3.4500000000000015
vertex 107.14633039112697 -65.97566047542485 3.4500000000000015
vertex 107.1463303911269 -65.9756604754254 1.4
endloop
endfacet
facet normal 0.09801714032953157 -0.9951847266721998 0
outer loop
vertex 107.42433410000001 -65.94827949999973 3.4500000000000015
vertex 107.1463303911269 -65.9756604754254 1.4
vertex 107.42433409999994 -65.94827950000001 1.4
endloop
endfacet
facet normal 0.2902846772544909 -0.9569403357322002 0
outer loop
vertex 107.14633039112697 -65.97566047542485 3.4500000000000015
vertex 106.87901020887958 -66.05675116617087 3.4499999999999997
vertex 106.87901020887979 -66.05675116617141 1.4
endloop
endfacet
facet normal 0.2902846772544909 -0.9569403357322002 0
outer loop
vertex 107.14633039112697 -65.97566047542485 3.4500000000000015
vertex 106.87901020887979 -66.05675116617141 1.4
vertex 107.1463303911269 -65.9756604754254 1.4
endloop
endfacet
facet normal 0.47139673682602246 -0.881921264348342 0
outer loop
vertex 106.87901020887958 -66.05675116617087 3.4499999999999997
vertex 106.63264651794697 -66.18843530246863 3.4500000000000015
vertex 106.63264651794707 -66.18843530246889 1.4
endloop
endfacet
facet normal 0.47139673682602246 -0.881921264348342 0
outer loop
vertex 106.87901020887958 -66.05675116617087 3.4499999999999997
vertex 106.63264651794707 -66.18843530246889 1.4
vertex 106.87901020887979 -66.05675116617141 1.4
endloop
endfacet
facet normal 0.6343932841636208 -0.7730104533627572 0
outer loop
vertex 106.63264651794697 -66.18843530246863 3.4500000000000015
vertex 106.416706936809 -66.36565233680898 3.4499999999999997
vertex 106.41670693680915 -66.36565233680919 1.4
endloop
endfacet
facet normal 0.6343932841636208 -0.7730104533627572 0
outer loop
vertex 106.63264651794697 -66.18843530246863 3.4500000000000015
vertex 106.41670693680915 -66.36565233680919 1.4
vertex 106.63264651794707 -66.18843530246889 1.4
endloop
endfacet
facet normal 0.7730104533627572 -0.6343932841636208 0
outer loop
vertex 106.416706936809 -66.36565233680898 3.4499999999999997
vertex 106.23948990246895 -66.58159191794712 3.4499999999999997
vertex 106.23948990246886 -66.58159191794697 1.4
endloop
endfacet
facet normal 0.7730104533627572 -0.6343932841636208 0
outer loop
vertex 106.416706936809 -66.36565233680898 3.4499999999999997
vertex 106.23948990246886 -66.58159191794697 1.4
vertex 106.41670693680915 -66.36565233680919 1.4
endloop
endfacet
facet normal 0.881921264348342 -0.47139673682602246 0
outer loop
vertex 106.23948990246895 -66.58159191794712 3.4499999999999997
vertex 106.10780576617134 -66.82795560887972 3.4500000000000015
vertex 106.10780576617141 -66.82795560887973 1.4
endloop
endfacet
facet normal 0.881921264348342 -0.47139673682602246 0
outer loop
vertex 106.23948990246895 -66.58159191794712 3.4499999999999997
vertex 106.10780576617141 -66.82795560887973 1.4
vertex 106.23948990246886 -66.58159191794697 1.4
endloop
endfacet
facet normal 0.9569403357321963 -0.2902846772545039 0
outer loop
vertex 106.10780576617134 -66.82795560887972 3.4500000000000015
vertex 106.02671507542522 -67.09527579112695 3.4499999999999997
vertex 106.0267150754254 -67.09527579112704 1.4
endloop
endfacet
facet normal 0.9569403357321963 -0.2902846772545039 0
outer loop
vertex 106.10780576617134 -66.82795560887972 3.4500000000000015
vertex 106.0267150754254 -67.09527579112704 1.4
vertex 106.10780576617141 -66.82795560887973 1.4
endloop
endfacet
facet normal 0.9951847266722013 -0.09801714032951732 0
outer loop
vertex 106.02671507542522 -67.09527579112695 3.4499999999999997
vertex 105.99933409999969 -67.37327949999998 3.4500000000000015
vertex 105.99933410000001 -67.37327949999998 1.4
endloop
endfacet
facet normal 0.9951847266722013 -0.09801714032951732 0
outer loop
vertex 106.02671507542522 -67.09527579112695 3.4499999999999997
vertex 105.99933410000001 -67.37327949999998 1.4
vertex 106.0267150754254 -67.09527579112704 1.4
endloop
endfacet
facet normal 0.9951847266722011 0.09801714032951732 0
outer loop
vertex 105.99933409999969 -67.37327949999998 3.4500000000000015
vertex 106.02671507542566 -67.65128320887297 3.4499999999999997
vertex 106.0267150754254 -67.65128320887293 1.4
endloop
endfacet
facet normal 0.9951847266722011 0.09801714032951732 0
outer loop
vertex 105.99933409999969 -67.37327949999998 3.4500000000000015
vertex 106.0267150754254 -67.65128320887293 1.4
vertex 105.99933410000001 -67.37327949999998 1.4
endloop
endfacet
facet normal 0.9569403357321961 0.2902846772545049 0
outer loop
vertex 106.02671507542566 -67.65128320887297 3.4499999999999997
vertex 106.10780576617226 -67.91860339111999 3.4500000000000015
vertex 106.10780576617142 -67.91860339112021 1.4
endloop
endfacet
facet normal 0.9569403357321961 0.2902846772545049 0
outer loop
vertex 106.02671507542566 -67.65128320887297 3.4499999999999997
vertex 106.10780576617142 -67.91860339112021 1.4
vertex 106.0267150754254 -67.65128320887293 1.4
endloop
endfacet
facet normal 0.881921264348342 0.47139673682602246 0
outer loop
vertex 106.10780576617226 -67.91860339111999 3.4500000000000015
vertex 106.2394899024692 -68.16496708205278 3.4500000000000015
vertex 106.23948990246886 -68.16496708205298 1.4
endloop
endfacet
facet normal 0.881921264348342 0.47139673682602246 0
outer loop
vertex 106.10780576617226 -67.91860339111999 3.4500000000000015
vertex 106.23948990246886 -68.16496708205298 1.4
vertex 106.10780576617142 -67.91860339112021 1.4
endloop
endfacet
facet normal 0.7730104533627572 0.6343932841636208 0
outer loop
vertex 106.2394899024692 -68.16496708205278 3.4500000000000015
vertex 106.41670693680973 -68.38090666319034 3.4499999999999997
vertex 106.41670693680919 -68.38090666319083 1.4
endloop
endfacet
facet normal 0.7730104533627572 0.6343932841636208 0
outer loop
vertex 106.2394899024692 -68.16496708205278 3.4500000000000015
vertex 106.41670693680919 -68.38090666319083 1.4
vertex 106.23948990246886 -68.16496708205298 1.4
endloop
endfacet
facet normal 0.6343932841636092 0.7730104533627669 0
outer loop
vertex 106.41670693680973 -68.38090666319034 3.4499999999999997
vertex 106.63264651794745 -68.55812369753068 3.4500000000000015
vertex 106.63264651794704 -68.55812369753114 1.4
endloop
endfacet
facet normal 0.6343932841636092 0.7730104533627669 0
outer loop
vertex 106.41670693680973 -68.38090666319034 3.4499999999999997
vertex 106.63264651794704 -68.55812369753114 1.4
vertex 106.41670693680919 -68.38090666319083 1.4
endloop
endfacet
facet normal 0.471396736826014 0.8819212643483463 0
outer loop
vertex 106.63264651794745 -68.55812369753068 3.4500000000000015
vertex 106.87901020888013 -68.68980783382784 3.4499999999999997
vertex 106.87901020887972 -68.68980783382857 1.4
endloop
endfacet
facet normal 0.471396736826014 0.8819212643483463 0
outer loop
vertex 106.63264651794745 -68.55812369753068 3.4500000000000015
vertex 106.87901020887972 -68.68980783382857 1.4
vertex 106.63264651794704 -68.55812369753114 1.4
endloop
endfacet
facet normal 0.2902846772544834 0.9569403357322026 0
outer loop
vertex 106.87901020888013 -68.68980783382784 3.4499999999999997
vertex 107.14633039112707 -68.7708985245745 3.4500000000000015
vertex 107.14633039112707 -68.77089852457462 1.4
endloop
endfacet
facet normal 0.2902846772544834 0.9569403357322026 0
outer loop
vertex 106.87901020888013 -68.68980783382784 3.4499999999999997
vertex 107.14633039112707 -68.77089852457462 1.4
vertex 106.87901020887972 -68.68980783382857 1.4
endloop
endfacet
facet normal 0.09801714032953157 0.9951847266721998 0
outer loop
vertex 107.14633039112707 -68.7708985245745 3.4500000000000015
vertex 107.42433410000001 -68.79827949999995 3.4500000000000015
vertex 107.42433410000005 -68.7982795 1.4
endloop
endfacet
facet normal 0.09801714032953157 0.9951847266721998 0
outer loop
vertex 107.14633039112707 -68.7708985245745 3.4500000000000015
vertex 107.42433410000005 -68.7982795 1.4
vertex 107.14633039112707 -68.77089852457462 1.4
endloop
endfacet
facet normal -0.09801714032953157 0.9951847266721998 0
outer loop
vertex 107.42433410000001 -68.79827949999995 3.4500000000000015
vertex 107.70233780887294 -68.77089852457415 3.4500000000000015
vertex 107.70233780887288 -68.77089852457462 1.4
endloop
endfacet
facet normal -0.09801714032953157 0.9951847266721998 0
outer loop
vertex 107.42433410000001 -68.79827949999995 3.4500000000000015
vertex 107.70233780887288 -68.77089852457462 1.4
vertex 107.42433410000005 -68.7982795 1.4
endloop
endfacet
facet normal -0.2902846772544909 0.9569403357322002 0
outer loop
vertex 107.70233780887294 -68.77089852457415 3.4500000000000015
vertex 107.9696579911201 -68.68980783382816 3.4499999999999997
vertex 107.96965799112029 -68.68980783382857 1.4
endloop
endfacet
facet normal -0.2902846772544909 0.9569403357322002 0
outer loop
vertex 107.70233780887294 -68.77089852457415 3.4500000000000015
vertex 107.96965799112029 -68.68980783382857 1.4
vertex 107.70233780887288 -68.77089852457462 1.4
endloop
endfacet
facet normal -0.4713967368260224 0.8819212643483417 0
outer loop
vertex 107.9696579911201 -68.68980783382816 3.4499999999999997
vertex 108.21602168205288 -68.55812369753102 3.4499999999999997
vertex 108.21602168205288 -68.55812369753114 1.4
endloop
endfacet
facet normal -0.4713967368260224 0.8819212643483417 0
outer loop
vertex 107.9696579911201 -68.68980783382816 3.4499999999999997
vertex 108.21602168205288 -68.55812369753114 1.4
vertex 107.96965799112029 -68.68980783382857 1.4
endloop
endfacet
facet normal -0.6343932841636208 0.7730104533627572 0
outer loop
vertex 108.21602168205288 -68.55812369753102 3.4499999999999997
vertex 108.43196126319066 -68.38090666319064 3.4499999999999997
vertex 108.43196126319083 -68.38090666319083 1.4
endloop
endfacet
facet normal -0.6343932841636208 0.7730104533627572 0
outer loop
vertex 108.21602168205288 -68.55812369753102 3.4499999999999997
vertex 108.43196126319083 -68.38090666319083 1.4
vertex 108.21602168205288 -68.55812369753114 1.4
endloop
endfacet
facet normal -0.7730104533627572 0.6343932841636208 0
outer loop
vertex 108.43196126319066 -68.38090666319064 3.4499999999999997
vertex 108.60917829753117 -68.16496708205298 3.4499999999999997
vertex 108.60917829753107 -68.16496708205298 1.4
endloop
endfacet
facet normal -0.7730104533627572 0.6343932841636208 0
outer loop
vertex 108.43196126319066 -68.38090666319064 3.4499999999999997
vertex 108.60917829753107 -68.16496708205298 1.4
vertex 108.43196126319083 -68.38090666319083 1.4
endloop
endfacet
facet normal -0.881921264348342 0.47139673682602246 0
outer loop
vertex 108.60917829753117 -68.16496708205298 3.4499999999999997
vertex 108.74086243382851 -67.91860339112021 3.4500000000000015
vertex 108.74086243382858 -67.91860339112021 1.4
endloop
endfacet
facet normal -0.881921264348342 0.47139673682602246 0
outer loop
vertex 108.60917829753117 -68.16496708205298 3.4499999999999997
vertex 108.74086243382858 -67.91860339112021 1.4
vertex 108.60917829753107 -68.16496708205298 1.4
endloop
endfacet
facet normal -0.9569403357322002 0.2902846772544909 0
outer loop
vertex 108.74086243382851 -67.91860339112021 3.4500000000000015
vertex 108.82195312457443 -67.65128320887297 3.4500000000000015
vertex 108.82195312457462 -67.65128320887293 1.4
endloop
endfacet
facet normal -0.9569403357322002 0.2902846772544909 0
outer loop
vertex 108.74086243382851 -67.91860339112021 3.4500000000000015
vertex 108.82195312457462 -67.65128320887293 1.4
vertex 108.74086243382858 -67.91860339112021 1.4
endloop
endfacet
facet normal 0 0 1
outer loop
vertex 53.25641496604841 -91.27416814120969 3.45
vertex 53.81919429709525 -91.10345089753388 3.45
vertex 54.33785469905882 -90.82622113690763 3.45
endloop
endfacet
facet normal 0 0 1
outer loop
vertex 53.25641496604841 -91.27416814120969 3.45
vertex 54.33785469905882 -90.82622113690763 3.45
vertex 54.79246434355961 -90.45313264355968 3.45
endloop
endfacet
facet normal 0 0 1
outer loop
vertex 53.25641496604841 -91.27416814120969 3.45
vertex 54.79246434355961 -90.45313264355968 3.45
vertex 55.165552836907686 -89.99852299905875 3.45
endloop
endfacet
facet normal 0 0 1
outer loop
vertex 53.25641496604841 -91.27416814120969 3.45
vertex 55.165552836907686 -89.99852299905875 3.45
vertex 55.29474989723306 -89.75681229999995 3.45
endloop
endfacet
facet normal 0 0 1
outer loop
vertex 53.25641496604841 -91.27416814120969 3.45
vertex 55.29474989723306 -89.75681229999995 3.45
vertex 52.671144 -89.75681230000012 3.4500000000000015
endloop
endfacet
facet normal 0 0 1
outer loop
vertex 53.25641496604841 -91.27416814120969 3.45
vertex 52.671144 -89.75681230000012 3.4500000000000015
vertex 50.04753810276696 -89.75681229999995 3.45
endloop
endfacet
facet normal 0 0 1
outer loop
vertex 53.25641496604841 -91.27416814120969 3.45
vertex 50.04753810276696 -89.75681229999995 3.45
vertex 50.176735163092324 -89.99852299905875 3.45
endloop
endfacet
facet normal 0 0 1
outer loop
vertex 53.25641496604841 -91.27416814120969 3.45
vertex 50.176735163092324 -89.99852299905875 3.45
vertex 50.54982365644034 -90.45313264355968 3.45
endloop
endfacet
facet normal 0 0 1
outer loop
vertex 53.25641496604841 -91.27416814120969 3.45
vertex 50.54982365644034 -90.45313264355968 3.45
vertex 51.00443330094118 -90.82622113690763 3.45
endloop
endfacet
facet normal 0 0 1
outer loop
vertex 53.25641496604841 -91.27416814120969 3.45
vertex 51.00443330094118 -90.82622113690763 3.45
vertex 51.52309370290477 -91.10345089753388 3.45
endloop
endfacet
facet normal 0 0 1
outer loop
vertex 53.25641496604841 -91.27416814120969 3.45
vertex 51.52309370290477 -91.10345089753388 3.45
vertex 52.08587303395161 -91.27416814120969 3.45
endloop
endfacet
facet normal 0 0 1
outer loop
vertex 53.25641496604841 -91.27416814120969 3.45
vertex 52.08587303395161 -91.27416814120969 3.45
vertex 52.67114399999997 -91.3318123 3.45
endloop
endfacet
facet normal 0 0 1
outer loop
vertex 52.671144 -89.75681230000012 3.4500000000000015
vertex 52.39314029112687 -89.72943132457513 3.4499999999999997
vertex 50.03290266648887 -89.72943132457452 3.45
endloop
endfacet
facet normal 0 0 1
outer loop
vertex 52.671144 -89.75681230000012 3.4500000000000015
vertex 50.03290266648887 -89.72943132457452 3.45
vertex 50.04753810276696 -89.75681229999995 3.45
endloop
endfacet
facet normal 0 0 1
outer loop
vertex 55.29474989723306 -89.75681229999995 3.45
vertex 55.309385333511145 -89.72943132457452 3.45
vertex 52.94914770887296 -89.7294313245744 3.4500000000000015
endloop
endfacet
facet normal 0 0 1
outer loop
vertex 55.29474989723306 -89.75681229999995 3.45
vertex 52.94914770887296 -89.7294313245744 3.4500000000000015
vertex 52.671144 -89.75681230000012 3.4500000000000015
endloop
endfacet
facet normal 0 0 1
outer loop
vertex 52.39314029112687 -89.72943132457513 3.4499999999999997
vertex 52.125820108879736 -89.64834063382861 3.4499999999999997
vertex 49.9895587892639 -89.64834063382985 3.45
endloop
endfacet
facet normal 0 0 1
outer loop
vertex 52.39314029112687 -89.72943132457513 3.4499999999999997
vertex 49.9895587892639 -89.64834063382985 3.45
vertex 50.03290266648887 -89.72943132457452 3.45
endloop
endfacet
facet normal 0 0 1
outer loop
vertex 55.309385333511145 -89.72943132457452 3.45
vertex 55.352729210736115 -89.64834063382985 3.45
vertex 53.216467891120246 -89.64834063382854 3.4499999999999997
endloop
endfacet
facet normal 0 0 1
outer loop
vertex 55.309385333511145 -89.72943132457452 3.45
vertex 53.216467891120246 -89.64834063382854 3.4499999999999997
vertex 52.94914770887296 -89.7294313245744 3.4500000000000015
endloop
endfacet
facet normal 0 0 1
outer loop
vertex 52.125820108879736 -89.64834063382861 3.4499999999999997
vertex 51.87945641794742 -89.51665649753072 3.4500000000000015
vertex 49.91917215198492 -89.51665649753251 3.45
endloop
endfacet
facet normal 0 0 1
outer loop
vertex 52.125820108879736 -89.64834063382861 3.4499999999999997
vertex 49.91917215198492 -89.51665649753251 3.45
vertex 49.9895587892639 -89.64834063382985 3.45
endloop
endfacet
facet normal 0 0 1
outer loop
vertex 55.352729210736115 -89.64834063382985 3.45
vertex 55.4231158480151 -89.51665649753251 3.45
vertex 53.462831582052935 -89.51665649753112 3.4499999999999997
endloop
endfacet
facet normal 0 0 1
outer loop
vertex 55.352729210736115 -89.64834063382985 3.45
vertex 53.462831582052935 -89.51665649753112 3.4499999999999997
vertex 53.216467891120246 -89.64834063382854 3.4499999999999997
endloop
endfacet
facet normal 0 0 1
outer loop
vertex 51.87945641794742 -89.51665649753072 3.4500000000000015
vertex 51.66351683680967 -89.33943946319042 3.4500000000000015
vertex 49.856908510494485 -89.3394394631908 3.45
endloop
endfacet
facet normal 0 0 1
outer loop
vertex 51.87945641794742 -89.51665649753072 3.4500000000000015
vertex 49.856908510494485 -89.3394394631908 3.45
vertex 49.899505402466154 -89.47986259709528 3.45
endloop
endfacet
facet normal 0 0 1
outer loop
vertex 51.87945641794742 -89.51665649753072 3.4500000000000015
vertex 49.899505402466154 -89.47986259709528 3.45
vertex 49.91917215198492 -89.51665649753251 3.45
endloop
endfacet
facet normal 0 0 1
outer loop
vertex 55.4231158480151 -89.51665649753251 3.45
vertex 55.44278259753386 -89.47986259709528 3.45
vertex 55.48537948950553 -89.3394394631908 3.45
endloop
endfacet
facet normal 0 0 1
outer loop
vertex 55.4231158480151 -89.51665649753251 3.45
vertex 55.48537948950553 -89.3394394631908 3.45
vertex 53.67877116319088 -89.33943946319089 3.4499999999999997
endloop
endfacet
facet normal 0 0 1
outer loop
vertex 55.4231158480151 -89.51665649753251 3.45
vertex 53.67877116319088 -89.33943946319089 3.4499999999999997
vertex 53.462831582052935 -89.51665649753112 3.4499999999999997
endloop
endfacet
facet normal 0 0 1
outer loop
vertex 51.66351683680967 -89.33943946319042 3.4500000000000015
vertex 51.486299802468615 -89.12349988205307 3.4500000000000015
vertex 49.791403954695504 -89.12349988204885 3.45
endloop
endfacet
facet normal 0 0 1
outer loop
vertex 51.66351683680967 -89.33943946319042 3.4500000000000015
vertex 49.791403954695504 -89.12349988204885 3.45
vertex 49.856908510494485 -89.3394394631908 3.45
endloop
endfacet
facet normal 0 0 1
outer loop
vertex 55.48537948950553 -89.3394394631908 3.45
vertex 55.5508840453045 -89.12349988204885 3.45
vertex 53.85598819753098 -89.12349988205281 3.4500000000000015
endloop
endfacet
facet normal 0 0 1
outer loop
vertex 55.48537948950553 -89.3394394631908 3.45
vertex 53.85598819753098 -89.12349988205281 3.4500000000000015
vertex 53.67877116319088 -89.33943946319089 3.4499999999999997
endloop
endfacet
facet normal 0 0 1
outer loop
vertex 51.486299802468615 -89.12349988205307 3.4500000000000015
vertex 51.3546156661715 -88.87713619112023 3.4499999999999997
vertex 49.72485371532081 -88.87713619112206 3.45
endloop
endfacet
facet normal 0 0 1
outer loop
vertex 51.486299802468615 -89.12349988205307 3.4500000000000015
vertex 49.72485371532081 -88.87713619112206 3.45
vertex 49.72878815879032 -88.91708326604842 3.45
endloop
endfacet
facet normal 0 0 1
outer loop
vertex 51.486299802468615 -89.12349988205307 3.4500000000000015
vertex 49.72878815879032 -88.91708326604842 3.45
vertex 49.791403954695504 -89.12349988204885 3.45
endloop
endfacet
facet normal 0 0 1
outer loop
vertex 55.5508840453045 -89.12349988204885 3.45
vertex 55.61349984120967 -88.91708326604842 3.45
vertex 55.617434284679184 -88.87713619112206 3.45
endloop
endfacet
facet normal 0 0 1
outer loop
vertex 55.5508840453045 -89.12349988204885 3.45
vertex 55.617434284679184 -88.87713619112206 3.45
vertex 53.98767233382887 -88.8771361911204 3.4499999999999997
endloop
endfacet
facet normal 0 0 1
outer loop
vertex 55.5508840453045 -89.12349988204885 3.45
vertex 53.98767233382887 -88.8771361911204 3.4499999999999997
vertex 53.85598819753098 -89.12349988205281 3.4500000000000015
endloop
endfacet
facet normal 0 0 1
outer loop
vertex 51.3546156661715 -88.87713619112023 3.4499999999999997
vertex 51.27352497542549 -88.60981600887297 3.4499999999999997
vertex 49.69852497542541 -88.60981600887303 3.45
endloop
endfacet
facet normal 0 0 1
outer loop
vertex 51.3546156661715 -88.87713619112023 3.4499999999999997
vertex 49.69852497542541 -88.60981600887303 3.45
vertex 49.72485371532081 -88.87713619112206 3.45
endloop
endfacet
facet normal 0 0 1
outer loop
vertex 55.617434284679184 -88.87713619112206 3.45
vertex 55.64376302457458 -88.60981600887303 3.45
vertex 54.068763024574615 -88.609816008873 3.4499999999999997
endloop
endfacet
facet normal 0 0 1
outer loop
vertex 55.617434284679184 -88.87713619112206 3.45
vertex 54.068763024574615 -88.609816008873 3.4499999999999997
vertex 53.98767233382887 -88.8771361911204 3.4499999999999997
endloop
endfacet
facet normal 0 0 1
outer loop
vertex 51.27352497542549 -88.60981600887297 3.4499999999999997
vertex 51.24614399999985 -88.3318123 3.4499999999999997
vertex 49.671144 -88.33181229999995 3.45
endloop
endfacet
facet normal 0 0 1
outer loop
vertex 51.27352497542549 -88.60981600887297 3.4499999999999997
vertex 49.671144 -88.33181229999995 3.45
vertex 49.69852497542541 -88.60981600887303 3.45
endloop
endfacet
facet normal 0 0 1
outer loop
vertex 55.64376302457458 -88.60981600887303 3.45
vertex 55.67114399999999 -88.33181229999995 3.45
vertex 54.09614400000001 -88.33181230000002 3.4499999999999997
endloop
endfacet
facet normal 0 0 1
outer loop
vertex 55.64376302457458 -88.60981600887303 3.45
vertex 54.09614400000001 -88.33181230000002 3.4499999999999997
vertex 54.068763024574615 -88.609816008873 3.4499999999999997
endloop
endfacet
facet normal 0 0 1
outer loop
vertex 51.24614399999985 -88.3318123 3.4499999999999997
vertex 51.27352497542543 -88.05380859112702 3.4500000000000015
vertex 49.69852497542538 -88.0538085911271 3.45
endloop
endfacet
facet normal 0 0 1
outer loop
vertex 51.24614399999985 -88.3318123 3.4499999999999997
vertex 49.69852497542538 -88.0538085911271 3.45
vertex 49.671144 -88.33181229999995 3.45
endloop
endfacet
facet normal 0 0 1
outer loop
vertex 55.67114399999999 -88.33181229999995 3.45
vertex 55.64376302457461 -88.0538085911271 3.45
vertex 54.06876302457469 -88.05380859112701 3.4499999999999997
endloop
endfacet
facet normal 0 0 1
outer loop
vertex 55.67114399999999 -88.33181229999995 3.45
vertex 54.06876302457469 -88.05380859112701 3.4499999999999997
vertex 54.09614400000001 -88.33181230000002 3.4499999999999997
endloop
endfacet
facet normal 0 0 1
outer loop
vertex 51.27352497542543 -88.05380859112702 3.4500000000000015
vertex 51.35461566617168 -87.7864884088799 3.4499999999999997
vertex 49.724853715320684 -87.78648840887891 3.45
endloop
endfacet
facet normal 0 0 1
outer loop
vertex 51.27352497542543 -88.05380859112702 3.4500000000000015
vertex 49.724853715320684 -87.78648840887891 3.45
vertex 49.69852497542538 -88.0538085911271 3.45
endloop
endfacet
facet normal 0 0 1
outer loop
vertex 55.64376302457461 -88.0538085911271 3.45
vertex 55.61743428467929 -87.78648840887891 3.45
vertex 53.987672333828655 -87.78648840887973 3.4499999999999997
endloop
endfacet
facet normal 0 0 1
outer loop
vertex 55.64376302457461 -88.0538085911271 3.45
vertex 53.987672333828655 -87.78648840887973 3.4499999999999997
vertex 54.06876302457469 -88.05380859112701 3.4499999999999997
endloop
endfacet
facet normal 0 0 1
outer loop
vertex 51.35461566617168 -87.7864884088799 3.4499999999999997
vertex 51.48629980246869 -87.54012471794692 3.4500000000000015
vertex 49.79140395469576 -87.54012471795023 3.45
endloop
endfacet
facet normal 0 0 1
outer loop
vertex 51.35461566617168 -87.7864884088799 3.4499999999999997
vertex 49.79140395469576 -87.54012471795023 3.45
vertex 49.72878815879029 -87.74654133395161 3.45
endloop
endfacet
facet normal 0 0 1
outer loop
vertex 51.35461566617168 -87.7864884088799 3.4499999999999997
vertex 49.72878815879029 -87.74654133395161 3.45
vertex 49.724853715320684 -87.78648840887891 3.45
endloop
endfacet
facet normal 0 0 1
outer loop
vertex 55.61743428467929 -87.78648840887891 3.45
vertex 55.61349984120969 -87.74654133395161 3.45
vertex 55.55088404530422 -87.54012471795023 3.45
endloop
endfacet
facet normal 0 0 1
outer loop
vertex 55.61743428467929 -87.78648840887891 3.45
vertex 55.55088404530422 -87.54012471795023 3.45
vertex 53.85598819753134 -87.54012471794695 3.4499999999999997
endloop
endfacet
facet normal 0 0 1
outer loop
vertex 55.61743428467929 -87.78648840887891 3.45
vertex 53.85598819753134 -87.54012471794695 3.4499999999999997
vertex 53.987672333828655 -87.78648840887973 3.4499999999999997
endloop
endfacet
facet normal 0 0 1
outer loop
vertex 51.48629980246869 -87.54012471794692 3.4500000000000015
vertex 51.663516836809045 -87.32418513680902 3.4499999999999997
vertex 49.85690851049589 -87.32418513680447 3.45
endloop
endfacet
facet normal 0 0 1
outer loop
vertex 51.48629980246869 -87.54012471794692 3.4500000000000015
vertex 49.85690851049589 -87.32418513680447 3.45
vertex 49.79140395469576 -87.54012471795023 3.45
endloop
endfacet
facet normal 0 0 1
outer loop
vertex 55.55088404530422 -87.54012471795023 3.45
vertex 55.4853794895041 -87.32418513680447 3.45
vertex 53.678771163190454 -87.32418513680949 3.4500000000000015
endloop
endfacet
facet normal 0 0 1
outer loop
vertex 55.55088404530422 -87.54012471795023 3.45
vertex 53.678771163190454 -87.32418513680949 3.4500000000000015
vertex 53.85598819753134 -87.54012471794695 3.4499999999999997
endloop
endfacet
facet normal 0 0 1
outer loop
vertex 51.663516836809045 -87.32418513680902 3.4499999999999997
vertex 51.87945641794707 -87.14696810246888 3.4500000000000015
vertex 49.91917215198222 -87.14696810247253 3.45
endloop
endfacet
facet normal 0 0 1
outer loop
vertex 51.663516836809045 -87.32418513680902 3.4499999999999997
vertex 49.91917215198222 -87.14696810247253 3.45
vertex 49.899505402466126 -87.18376200290474 3.45
endloop
endfacet
facet normal 0 0 1
outer loop
vertex 51.663516836809045 -87.32418513680902 3.4499999999999997
vertex 49.899505402466126 -87.18376200290474 3.45
vertex 49.85690851049589 -87.32418513680447 3.45
endloop
endfacet
facet normal 0 0 1
outer loop
vertex 55.4853794895041 -87.32418513680447 3.45
vertex 55.44278259753386 -87.18376200290474 3.45
vertex 55.42311584801778 -87.14696810247253 3.45
endloop
endfacet
facet normal 0 0 1
outer loop
vertex 55.4853794895041 -87.32418513680447 3.45
vertex 55.42311584801778 -87.14696810247253 3.45
vertex 53.462831582053425 -87.14696810246826 3.4499999999999997
endloop
endfacet
facet normal 0 0 1
outer loop
vertex 55.4853794895041 -87.32418513680447 3.45
vertex 53.462831582053425 -87.14696810246826 3.4499999999999997
vertex 53.678771163190454 -87.32418513680949 3.4500000000000015
endloop
endfacet
facet normal 0 0 1
outer loop
vertex 51.87945641794707 -87.14696810246888 3.4500000000000015
vertex 52.1258201088797 -87.01528396617127 3.4499999999999997
vertex 49.9895587892636 -87.01528396617073 3.45
endloop
endfacet
facet normal 0 0 1
outer loop
vertex 51.87945641794707 -87.14696810246888 3.4500000000000015
vertex 49.9895587892636 -87.01528396617073 3.45
vertex 49.91917215198222 -87.14696810247253 3.45
endloop
endfacet
facet normal 0 0 1
outer loop
vertex 55.42311584801778 -87.14696810247253 3.45
vertex 55.352729210736406 -87.01528396617073 3.45
vertex 53.21646789112001 -87.01528396617192 3.4500000000000015
endloop
endfacet
facet normal 0 0 1
outer loop
vertex 55.42311584801778 -87.14696810247253 3.45
vertex 53.21646789112001 -87.01528396617192 3.4500000000000015
vertex 53.462831582053425 -87.14696810246826 3.4499999999999997
endloop
endfacet
facet normal 0 0 1
outer loop
vertex 52.1258201088797 -87.01528396617127 3.4499999999999997
vertex 52.393140291127025 -86.93419327542533 3.4500000000000015
vertex 50.032902666488845 -86.93419327542554 3.45
endloop
endfacet
facet normal 0 0 1
outer loop
vertex 52.1258201088797 -87.01528396617127 3.4499999999999997
vertex 50.032902666488845 -86.93419327542554 3.45
vertex 49.9895587892636 -87.01528396617073 3.45
endloop
endfacet
facet normal 0 0 1
outer loop
vertex 55.352729210736406 -87.01528396617073 3.45
vertex 55.309385333511166 -86.93419327542554 3.45
vertex 52.94914770887297 -86.93419327542546 3.4500000000000015
endloop
endfacet
facet normal 0 0 1
outer loop
vertex 55.352729210736406 -87.01528396617073 3.45
vertex 52.94914770887297 -86.93419327542546 3.4500000000000015
vertex 53.21646789112001 -87.01528396617192 3.4500000000000015
endloop
endfacet
facet normal 0 0 1
outer loop
vertex 52.393140291127025 -86.93419327542533 3.4500000000000015
vertex 52.671144 -86.90681230000014 3.4500000000000015
vertex 50.04753810276698 -86.90681230000003 3.45
endloop
endfacet
facet normal 0 0 1
outer loop
vertex 52.393140291127025 -86.93419327542533 3.4500000000000015
vertex 50.04753810276698 -86.90681230000003 3.45
vertex 50.032902666488845 -86.93419327542554 3.45
endloop
endfacet
facet normal 0 0 1
outer loop
vertex 55.309385333511166 -86.93419327542554 3.45
vertex 55.29474989723303 -86.90681230000003 3.45
vertex 52.671144 -86.90681230000014 3.4500000000000015
endloop
endfacet
facet normal 0 0 1
outer loop
vertex 55.309385333511166 -86.93419327542554 3.45
vertex 52.671144 -86.90681230000014 3.4500000000000015
vertex 52.94914770887297 -86.93419327542546 3.4500000000000015
endloop
endfacet
facet normal 5.078002115162277e-16 2.7142486789357867e-16 1
outer loop
vertex 52.671144 -86.90681230000014 3.4500000000000015
vertex 55.29474989723303 -86.90681230000003 3.45
vertex 55.165552836907636 -86.66510160094118 3.45
endloop
endfacet
facet normal 5.078002115162277e-16 2.7142486789357867e-16 1
outer loop
vertex 52.671144 -86.90681230000014 3.4500000000000015
vertex 55.165552836907636 -86.66510160094118 3.45
vertex 54.79246434355966 -86.21049195644036 3.45
endloop
endfacet
facet normal 5.078002115162277e-16 2.7142486789357867e-16 1
outer loop
vertex 52.671144 -86.90681230000014 3.4500000000000015
vertex 54.79246434355966 -86.21049195644036 3.45
vertex 54.33785469905878 -85.83740346309234 3.45
endloop
endfacet
facet normal 5.078002115162277e-16 2.7142486789357867e-16 1
outer loop
vertex 52.671144 -86.90681230000014 3.4500000000000015
vertex 54.33785469905878 -85.83740346309234 3.45
vertex 53.819194297095265 -85.56017370246613 3.45
endloop
endfacet
facet normal 5.078002115162277e-16 2.7142486789357867e-16 1
outer loop
vertex 52.671144 -86.90681230000014 3.4500000000000015
vertex 53.819194297095265 -85.56017370246613 3.45
vertex 53.256414966048354 -85.38945645879029 3.45
endloop
endfacet
facet normal 5.078002115162277e-16 2.7142486789357867e-16 1
outer loop
vertex 52.671144 -86.90681230000014 3.4500000000000015
vertex 53.256414966048354 -85.38945645879029 3.45
vertex 52.67114399999998 -85.33181229999998 3.45
endloop
endfacet
facet normal 5.078002115162277e-16 2.7142486789357867e-16 1
outer loop
vertex 52.671144 -86.90681230000014 3.4500000000000015
vertex 52.67114399999998 -85.33181229999998 3.45
vertex 52.085873033951685 -85.38945645879029 3.45
endloop
endfacet
facet normal 5.078002115162277e-16 2.7142486789357867e-16 1
outer loop
vertex 52.671144 -86.90681230000014 3.4500000000000015
vertex 52.085873033951685 -85.38945645879029 3.45
vertex 51.523093702904774 -85.56017370246613 3.45
endloop
endfacet
facet normal 5.078002115162277e-16 2.7142486789357867e-16 1
outer loop
vertex 52.671144 -86.90681230000014 3.4500000000000015
vertex 51.523093702904774 -85.56017370246613 3.45
vertex 51.004433300941145 -85.83740346309234 3.45
endloop
endfacet
facet normal 5.078002115162277e-16 2.7142486789357867e-16 1
outer loop
vertex 52.671144 -86.90681230000014 3.4500000000000015
vertex 51.004433300941145 -85.83740346309234 3.45
vertex 50.549823656440374 -86.21049195644036 3.45
endloop
endfacet
facet normal 5.078002115162277e-16 2.7142486789357867e-16 1
outer loop
vertex 52.671144 -86.90681230000014 3.4500000000000015
vertex 50.549823656440374 -86.21049195644036 3.45
vertex 50.176735163092395 -86.66510160094118 3.45
endloop
endfacet
facet normal 5.078002115162277e-16 2.7142486789357867e-16 1
outer loop
vertex 52.671144 -86.90681230000014 3.4500000000000015
vertex 50.176735163092395 -86.66510160094118 3.45
vertex 50.04753810276698 -86.90681230000003 3.45
endloop
endfacet
facet normal 0 0 1
outer loop
vertex 48.85649116604842 -74.85342914120967 3.45
vertex 49.41927049709525 -74.68271189753392 3.45
vertex 49.937930899058834 -74.4054821369076 3.45
endloop
endfacet
facet normal 0 0 1
outer loop
vertex 48.85649116604842 -74.85342914120967 3.45
vertex 49.937930899058834 -74.4054821369076 3.45
vertex 50.39254054355964 -74.03239364355969 3.45
endloop
endfacet
facet normal 0 0 1
outer loop
vertex 48.85649116604842 -74.85342914120967 3.45
vertex 50.39254054355964 -74.03239364355969 3.45
vertex 50.76562903690765 -73.5777839990588 3.45
endloop
endfacet
facet normal 0 0 1
outer loop
vertex 48.85649116604842 -74.85342914120967 3.45
vertex 50.76562903690765 -73.5777839990588 3.45
vertex 50.89482609723303 -73.33607330000001 3.45
endloop
endfacet
facet normal 0 0 1
outer loop
vertex 48.85649116604842 -74.85342914120967 3.45
vertex 50.89482609723303 -73.33607330000001 3.45
vertex 48.271220199999995 -73.33607330000014 3.4500000000000015
endloop
endfacet
facet normal 0 0 1
outer loop
vertex 48.85649116604842 -74.85342914120967 3.45
vertex 48.271220199999995 -73.33607330000014 3.4500000000000015
vertex 45.64761430276699 -73.33607330000001 3.45
endloop
endfacet
facet normal 0 0 1
outer loop
vertex 48.85649116604842 -74.85342914120967 3.45
vertex 45.64761430276699 -73.33607330000001 3.45
vertex 45.77681136309236 -73.5777839990588 3.45
endloop
endfacet
facet normal 0 0 1
outer loop
vertex 48.85649116604842 -74.85342914120967 3.45
vertex 45.77681136309236 -73.5777839990588 3.45
vertex 46.1498998564404 -74.03239364355969 3.45
endloop
endfacet
facet normal 0 0 1
outer loop
vertex 48.85649116604842 -74.85342914120967 3.45
vertex 46.1498998564404 -74.03239364355969 3.45
vertex 46.60450950094114 -74.4054821369076 3.45
endloop
endfacet
facet normal 0 0 1
outer loop
vertex 48.85649116604842 -74.85342914120967 3.45
vertex 46.60450950094114 -74.4054821369076 3.45
vertex 47.123169902904856 -74.68271189753392 3.45
endloop
endfacet
facet normal 0 0 1
outer loop
vertex 48.85649116604842 -74.85342914120967 3.45
vertex 47.123169902904856 -74.68271189753392 3.45
vertex 47.68594923395153 -74.85342914120967 3.45
endloop
endfacet
facet normal 0 0 1
outer loop
vertex 48.85649116604842 -74.85342914120967 3.45
vertex 47.68594923395153 -74.85342914120967 3.45
vertex 48.27122019999995 -74.91107329999998 3.45
endloop
endfacet
facet normal 0 0 1
outer loop
vertex 48.271220199999995 -73.33607330000014 3.4500000000000015
vertex 47.993216491127 -73.30869232457465 3.4500000000000015
vertex 45.632978866489 -73.30869232457476 3.45
endloop
endfacet
facet normal 0 0 1
outer loop
vertex 48.271220199999995 -73.33607330000014 3.4500000000000015
vertex 45.632978866489 -73.30869232457476 3.45
vertex 45.64761430276699 -73.33607330000001 3.45
endloop
endfacet
facet normal 0 0 1
outer loop
vertex 50.89482609723303 -73.33607330000001 3.45
vertex 50.90946153351102 -73.30869232457476 3.45
vertex 48.549223908872975 -73.30869232457452 3.4500000000000015
endloop
endfacet
facet normal 0 0 1
outer loop
vertex 50.89482609723303 -73.33607330000001 3.45
vertex 48.549223908872975 -73.30869232457452 3.4500000000000015
vertex 48.271220199999995 -73.33607330000014 3.4500000000000015
endloop
endfacet
facet normal 0 0 1
outer loop
vertex 47.993216491127 -73.30869232457465 3.4500000000000015
vertex 47.72589630888003 -73.22760163382804 3.4499999999999997
vertex 45.58963498926376 -73.22760163382958 3.45
endloop
endfacet
facet normal 0 0 1
outer loop
vertex 47.993216491127 -73.30869232457465 3.4500000000000015
vertex 45.58963498926376 -73.22760163382958 3.45
vertex 45.632978866489 -73.30869232457476 3.45
endloop
endfacet
facet normal 0 0 1
outer loop
vertex 50.90946153351102 -73.30869232457476 3.45
vertex 50.95280541073627 -73.22760163382958 3.45
vertex 48.81654409112025 -73.22760163382854 3.4500000000000015
endloop
endfacet
facet normal 0 0 1
outer loop
vertex 50.90946153351102 -73.30869232457476 3.45
vertex 48.81654409112025 -73.22760163382854 3.4500000000000015
vertex 48.549223908872975 -73.30869232457452 3.4500000000000015
endloop
endfacet
facet normal 0 0 1
outer loop
vertex 47.72589630888003 -73.22760163382804 3.4499999999999997
vertex 47.479532617947086 -73.09591749753113 3.4500000000000015
vertex 45.519248351983116 -73.09591749752914 3.45
endloop
endfacet
facet normal 0 0 1
outer loop
vertex 47.72589630888003 -73.22760163382804 3.4499999999999997
vertex 45.519248351983116 -73.09591749752914 3.45
vertex 45.58963498926376 -73.22760163382958 3.45
endloop
endfacet
facet normal 0 0 1
outer loop
vertex 50.95280541073627 -73.22760163382958 3.45
vertex 51.023192048016924 -73.09591749752914 3.45
vertex 49.0629077820529 -73.09591749753106 3.4500000000000015
endloop
endfacet
facet normal 0 0 1
outer loop
vertex 50.95280541073627 -73.22760163382958 3.45
vertex 49.0629077820529 -73.09591749753106 3.4500000000000015
vertex 48.81654409112025 -73.22760163382854 3.4500000000000015
endloop
endfacet
facet normal 0 0 1
outer loop
vertex 47.479532617947086 -73.09591749753113 3.4500000000000015
vertex 47.263593036808636 -72.91870046319129 3.4500000000000015
vertex 45.456984710493785 -72.91870046318851 3.45
endloop
endfacet
facet normal 0 0 1
outer loop
vertex 47.479532617947086 -73.09591749753113 3.4500000000000015
vertex 45.456984710493785 -72.91870046318851 3.45
vertex 45.49958160246615 -73.05912359709528 3.45
endloop
endfacet
facet normal 0 0 1
outer loop
vertex 47.479532617947086 -73.09591749753113 3.4500000000000015
vertex 45.49958160246615 -73.05912359709528 3.45
vertex 45.519248351983116 -73.09591749752914 3.45
endloop
endfacet
facet normal 0 0 1
outer loop
vertex 51.023192048016924 -73.09591749752914 3.45
vertex 51.04285879753389 -73.05912359709528 3.45
vertex 51.08545568950625 -72.91870046318851 3.45
endloop
endfacet
facet normal 0 0 1
outer loop
vertex 51.023192048016924 -73.09591749752914 3.45
vertex 51.08545568950625 -72.91870046318851 3.45
vertex 49.27884736319086 -72.91870046319086 3.4499999999999997
endloop
endfacet
facet normal 0 0 1
outer loop
vertex 51.023192048016924 -73.09591749752914 3.45
vertex 49.27884736319086 -72.91870046319086 3.4499999999999997
vertex 49.0629077820529 -73.09591749753106 3.4500000000000015
endloop
endfacet
facet normal 0 0 1
outer loop
vertex 47.263593036808636 -72.91870046319129 3.4500000000000015
vertex 47.08637600246864 -72.70276088205306 3.4499999999999997
vertex 45.39148015469738 -72.70276088205503 3.45
endloop
endfacet
facet normal 0 0 1
outer loop
vertex 47.263593036808636 -72.91870046319129 3.4500000000000015
vertex 45.39148015469738 -72.70276088205503 3.45
vertex 45.456984710493785 -72.91870046318851 3.45
endloop
endfacet
facet normal 0 0 1
outer loop
vertex 51.08545568950625 -72.91870046318851 3.45
vertex 51.150960245302635 -72.70276088205503 3.45
vertex 49.45606439753104 -72.70276088205286 3.4500000000000015
endloop
endfacet
facet normal 0 0 1
outer loop
vertex 51.08545568950625 -72.91870046318851 3.45
vertex 49.45606439753104 -72.70276088205286 3.4500000000000015
vertex 49.27884736319086 -72.91870046319086 3.4499999999999997
endloop
endfacet
facet normal 0 0 1
outer loop
vertex 47.08637600246864 -72.70276088205306 3.4499999999999997
vertex 46.95469186617149 -72.45639719112022 3.4499999999999997
vertex 45.32492991532079 -72.4563971911219 3.45
endloop
endfacet
facet normal 0 0 1
outer loop
vertex 47.08637600246864 -72.70276088205306 3.4499999999999997
vertex 45.32492991532079 -72.4563971911219 3.45
vertex 45.32886435879031 -72.49634426604837 3.45
endloop
endfacet
facet normal 0 0 1
outer loop
vertex 47.08637600246864 -72.70276088205306 3.4499999999999997
vertex 45.32886435879031 -72.49634426604837 3.45
vertex 45.39148015469738 -72.70276088205503 3.45
endloop
endfacet
facet normal 0 0 1
outer loop
vertex 51.150960245302635 -72.70276088205503 3.45
vertex 51.21357604120969 -72.49634426604837 3.45
vertex 51.21751048467922 -72.4563971911219 3.45
endloop
endfacet
facet normal 0 0 1
outer loop
vertex 51.150960245302635 -72.70276088205503 3.45
vertex 51.21751048467922 -72.4563971911219 3.45
vertex 49.5877485338288 -72.45639719112036 3.4499999999999997
endloop
endfacet
facet normal 0 0 1
outer loop
vertex 51.150960245302635 -72.70276088205503 3.45
vertex 49.5877485338288 -72.45639719112036 3.4499999999999997
vertex 49.45606439753104 -72.70276088205286 3.4500000000000015
endloop
endfacet
facet normal 0 0 1
outer loop
vertex 46.95469186617149 -72.45639719112022 3.4499999999999997
vertex 46.873601175425456 -72.18907700887299 3.4499999999999997
vertex 45.2986011754254 -72.18907700887294 3.45
endloop
endfacet
facet normal 0 0 1
outer loop
vertex 46.95469186617149 -72.45639719112022 3.4499999999999997
vertex 45.2986011754254 -72.18907700887294 3.45
vertex 45.32492991532079 -72.4563971911219 3.45
endloop
endfacet
facet normal 0 0 1
outer loop
vertex 51.21751048467922 -72.4563971911219 3.45
vertex 51.24383922457461 -72.18907700887294 3.45
vertex 49.668839224574526 -72.18907700887299 3.4499999999999997
endloop
endfacet
facet normal 0 0 1
outer loop
vertex 51.21751048467922 -72.4563971911219 3.45
vertex 49.668839224574526 -72.18907700887299 3.4499999999999997
vertex 49.5877485338288 -72.45639719112036 3.4499999999999997
endloop
endfacet
facet normal 0 0 1
outer loop
vertex 46.873601175425456 -72.18907700887299 3.4499999999999997
vertex 46.84622020000008 -71.9110733 3.4499999999999997
vertex 45.2712202 -71.9110733 3.45
endloop
endfacet
facet normal 0 0 1
outer loop
vertex 46.873601175425456 -72.18907700887299 3.4499999999999997
vertex 45.2712202 -71.9110733 3.45
vertex 45.2986011754254 -72.18907700887294 3.45
endloop
endfacet
facet normal 0 0 1
outer loop
vertex 51.24383922457461 -72.18907700887294 3.45
vertex 51.2712202 -71.9110733 3.45
vertex 49.69622019999992 -71.9110733 3.4499999999999997
endloop
endfacet
facet normal 0 0 1
outer loop
vertex 51.24383922457461 -72.18907700887294 3.45
vertex 49.69622019999992 -71.9110733 3.4499999999999997
vertex 49.668839224574526 -72.18907700887299 3.4499999999999997
endloop
endfacet
facet normal 0 0 1
outer loop
vertex 46.84622020000008 -71.9110733 3.4499999999999997
vertex 46.87360117542535 -71.633069591127 3.4500000000000015
vertex 45.298601175425375 -71.63306959112724 3.45
endloop
endfacet
facet normal 0 0 1
outer loop
vertex 46.84622020000008 -71.9110733 3.4499999999999997
vertex 45.298601175425375 -71.63306959112724 3.45
vertex 45.2712202 -71.9110733 3.45
endloop
endfacet
facet normal 0 0 1
outer loop
vertex 51.2712202 -71.9110733 3.45
vertex 51.24383922457463 -71.63306959112724 3.45
vertex 49.66883922457466 -71.63306959112701 3.4499999999999997
endloop
endfacet
facet normal 0 0 1
outer loop
vertex 51.2712202 -71.9110733 3.45
vertex 49.66883922457466 -71.63306959112701 3.4499999999999997
vertex 49.69622019999992 -71.9110733 3.4499999999999997
endloop
endfacet
facet normal 0 0 1
outer loop
vertex 46.87360117542535 -71.633069591127 3.4500000000000015
vertex 46.95469186617164 -71.36574940887988 3.4499999999999997
vertex 45.324929915320475 -71.36574940888133 3.45
endloop
endfacet
facet normal 0 0 1
outer loop
vertex 46.87360117542535 -71.633069591127 3.4500000000000015
vertex 45.324929915320475 -71.36574940888133 3.45
vertex 45.298601175425375 -71.63306959112724 3.45
endloop
endfacet
facet normal 0 0 1
outer loop
vertex 51.24383922457463 -71.63306959112724 3.45
vertex 51.217510484679536 -71.36574940888133 3.45
vertex 49.5877485338286 -71.36574940887975 3.4499999999999997
endloop
endfacet
facet normal 0 0 1
outer loop
vertex 51.24383922457463 -71.63306959112724 3.45
vertex 49.5877485338286 -71.36574940887975 3.4499999999999997
vertex 49.66883922457466 -71.63306959112701 3.4499999999999997
endloop
endfacet
facet normal 0 0 1
outer loop
vertex 46.95469186617164 -71.36574940887988 3.4499999999999997
vertex 47.08637600246895 -71.11938571794715 3.4500000000000015
vertex 45.39148015469788 -71.11938571794332 3.45
endloop
endfacet
facet normal 0 0 1
outer loop
vertex 46.95469186617164 -71.36574940887988 3.4499999999999997
vertex 45.39148015469788 -71.11938571794332 3.45
vertex 45.32886435879031 -71.32580233395161 3.45
endloop
endfacet
facet normal 0 0 1
outer loop
vertex 46.95469186617164 -71.36574940887988 3.4499999999999997
vertex 45.32886435879031 -71.32580233395161 3.45
vertex 45.324929915320475 -71.36574940888133 3.45
endloop
endfacet
facet normal 0 0 1
outer loop
vertex 51.217510484679536 -71.36574940888133 3.45
vertex 51.21357604120969 -71.32580233395161 3.45
vertex 51.15096024530212 -71.11938571794332 3.45
endloop
endfacet
facet normal 0 0 1
outer loop
vertex 51.217510484679536 -71.36574940888133 3.45
vertex 51.15096024530212 -71.11938571794332 3.45
vertex 49.456064397530845 -71.11938571794721 3.4499999999999997
endloop
endfacet
facet normal 0 0 1
outer loop
vertex 51.217510484679536 -71.36574940888133 3.45
vertex 49.456064397530845 -71.11938571794721 3.4499999999999997
vertex 49.5877485338286 -71.36574940887975 3.4499999999999997
endloop
endfacet
facet normal 0 0 1
outer loop
vertex 47.08637600246895 -71.11938571794715 3.4500000000000015
vertex 47.2635930368092 -70.9034461368092 3.4499999999999997
vertex 45.45698471049321 -70.90344613681334 3.45
endloop
endfacet
facet normal 0 0 1
outer loop
vertex 47.08637600246895 -71.11938571794715 3.4500000000000015
vertex 45.45698471049321 -70.90344613681334 3.45
vertex 45.39148015469788 -71.11938571794332 3.45
endloop
endfacet
facet normal 0 0 1
outer loop
vertex 51.15096024530212 -71.11938571794332 3.45
vertex 51.08545568950679 -70.90344613681334 3.45
vertex 49.27884736319126 -70.90344613680881 3.4499999999999997
endloop
endfacet
facet normal 0 0 1
outer loop
vertex 51.15096024530212 -71.11938571794332 3.45
vertex 49.27884736319126 -70.90344613680881 3.4499999999999997
vertex 49.456064397530845 -71.11938571794721 3.4499999999999997
endloop
endfacet
facet normal 0 0 1
outer loop
vertex 47.2635930368092 -70.9034461368092 3.4499999999999997
vertex 47.479532617947044 -70.72622910246884 3.4499999999999997
vertex 45.51924835198498 -70.72622910246734 3.45
endloop
endfacet
facet normal 0 0 1
outer loop
vertex 47.2635930368092 -70.9034461368092 3.4499999999999997
vertex 45.51924835198498 -70.72622910246734 3.45
vertex 45.499581602466144 -70.7630230029047 3.45
endloop
endfacet
facet normal 0 0 1
outer loop
vertex 47.2635930368092 -70.9034461368092 3.4499999999999997
vertex 45.499581602466144 -70.7630230029047 3.45
vertex 45.45698471049321 -70.90344613681334 3.45
endloop
endfacet
facet normal 0 0 1
outer loop
vertex 51.08545568950679 -70.90344613681334 3.45
vertex 51.04285879753385 -70.7630230029047 3.45
vertex 51.02319204801502 -70.72622910246734 3.45
endloop
endfacet
facet normal 0 0 1
outer loop
vertex 51.08545568950679 -70.90344613681334 3.45
vertex 51.02319204801502 -70.72622910246734 3.45
vertex 49.06290778205258 -70.72622910246936 3.4500000000000015
endloop
endfacet
facet normal 0 0 1
outer loop
vertex 51.08545568950679 -70.90344613681334 3.45
vertex 49.06290778205258 -70.72622910246936 3.4500000000000015
vertex 49.27884736319126 -70.90344613680881 3.4499999999999997
endloop
endfacet
facet normal 0 0 1
outer loop
vertex 47.479532617947044 -70.72622910246884 3.4499999999999997
vertex 47.72589630887975 -70.5945449661714 3.4500000000000015
vertex 45.589634989263104 -70.59454496617165 3.45
endloop
endfacet
facet normal 0 0 1
outer loop
vertex 47.479532617947044 -70.72622910246884 3.4499999999999997
vertex 45.589634989263104 -70.59454496617165 3.45
vertex 45.51924835198498 -70.72622910246734 3.45
endloop
endfacet
facet normal 0 0 1
outer loop
vertex 51.02319204801502 -70.72622910246734 3.45
vertex 50.952805410736914 -70.59454496617165 3.45
vertex 48.81654409112028 -70.59454496617141 3.4500000000000015
endloop
endfacet
facet normal 0 0 1
outer loop
vertex 51.02319204801502 -70.72622910246734 3.45
vertex 48.81654409112028 -70.59454496617141 3.4500000000000015
vertex 49.06290778205258 -70.72622910246936 3.4500000000000015
endloop
endfacet
facet normal 0 0 1
outer loop
vertex 47.72589630887975 -70.5945449661714 3.4500000000000015
vertex 47.993216491127 -70.5134542754252 3.4500000000000015
vertex 45.63297886648878 -70.51345427542569 3.45
endloop
endfacet
facet normal 0 0 1
outer loop
vertex 47.72589630887975 -70.5945449661714 3.4500000000000015
vertex 45.63297886648878 -70.51345427542569 3.45
vertex 45.589634989263104 -70.59454496617165 3.45
endloop
endfacet
facet normal 0 0 1
outer loop
vertex 50.952805410736914 -70.59454496617165 3.45
vertex 50.909461533511255 -70.51345427542569 3.45
vertex 48.54922390887296 -70.51345427542547 3.4500000000000015
endloop
endfacet
facet normal 0 0 1
outer loop
vertex 50.952805410736914 -70.59454496617165 3.45
vertex 48.54922390887296 -70.51345427542547 3.4500000000000015
vertex 48.81654409112028 -70.59454496617141 3.4500000000000015
endloop
endfacet
facet normal 0 0 1
outer loop
vertex 47.993216491127 -70.5134542754252 3.4500000000000015
vertex 48.27122019999998 -70.48607330000024 3.4500000000000015
vertex 45.647614302766996 -70.48607330000002 3.45
endloop
endfacet
facet normal 0 0 1
outer loop
vertex 47.993216491127 -70.5134542754252 3.4500000000000015
vertex 45.647614302766996 -70.48607330000002 3.45
vertex 45.63297886648878 -70.51345427542569 3.45
endloop
endfacet
facet normal 0 0 1
outer loop
vertex 50.909461533511255 -70.51345427542569 3.45
vertex 50.89482609723304 -70.48607330000002 3.45
vertex 48.27122019999998 -70.48607330000024 3.4500000000000015
endloop
endfacet
facet normal 0 0 1
outer loop
vertex 50.909461533511255 -70.51345427542569 3.45
vertex 48.27122019999998 -70.48607330000024 3.4500000000000015
vertex 48.54922390887296 -70.51345427542547 3.4500000000000015
endloop
endfacet
facet normal 5.078002115162104e-16 2.714248678935747e-16 1
outer loop
vertex 48.27122019999998 -70.48607330000024 3.4500000000000015
vertex 50.89482609723304 -70.48607330000002 3.45
vertex 50.76562903690768 -70.24436260094124 3.45
endloop
endfacet
facet normal 5.078002115162104e-16 2.714248678935747e-16 1
outer loop
vertex 48.27122019999998 -70.48607330000024 3.4500000000000015
vertex 50.76562903690768 -70.24436260094124 3.45
vertex 50.39254054355964 -69.78975295644035 3.45
endloop
endfacet
facet normal 5.078002115162104e-16 2.714248678935747e-16 1
outer loop
vertex 48.27122019999998 -70.48607330000024 3.4500000000000015
vertex 50.39254054355964 -69.78975295644035 3.45
vertex 49.93793089905878 -69.41666446309235 3.45
endloop
endfacet
facet normal 5.078002115162104e-16 2.714248678935747e-16 1
outer loop
vertex 48.27122019999998 -70.48607330000024 3.4500000000000015
vertex 49.93793089905878 -69.41666446309235 3.45
vertex 49.41927049709525 -69.13943470246612 3.45
endloop
endfacet
facet normal 5.078002115162104e-16 2.714248678935747e-16 1
outer loop
vertex 48.27122019999998 -70.48607330000024 3.4500000000000015
vertex 49.41927049709525 -69.13943470246612 3.45
vertex 48.85649116604845 -68.96871745879032 3.45
endloop
endfacet
facet normal 5.078002115162104e-16 2.714248678935747e-16 1
outer loop
vertex 48.27122019999998 -70.48607330000024 3.4500000000000015
vertex 48.85649116604845 -68.96871745879032 3.45
vertex 48.27122019999999 -68.9110733 3.45
endloop
endfacet
facet normal 5.078002115162104e-16 2.714248678935747e-16 1
outer loop
vertex 48.27122019999998 -70.48607330000024 3.4500000000000015
vertex 48.27122019999999 -68.9110733 3.45
vertex 47.685949233951625 -68.96871745879032 3.45
endloop
endfacet
facet normal 5.078002115162104e-16 2.714248678935747e-16 1
outer loop
vertex 48.27122019999998 -70.48607330000024 3.4500000000000015
vertex 47.685949233951625 -68.96871745879032 3.45
vertex 47.12316990290473 -69.13943470246612 3.45
endloop
endfacet
facet normal 5.078002115162104e-16 2.714248678935747e-16 1
outer loop
vertex 48.27122019999998 -70.48607330000024 3.4500000000000015
vertex 47.12316990290473 -69.13943470246612 3.45
vertex 46.60450950094116 -69.41666446309235 3.45
endloop
endfacet
facet normal 5.078002115162104e-16 2.714248678935747e-16 1
outer loop
vertex 48.27122019999998 -70.48607330000024 3.4500000000000015
vertex 46.60450950094116 -69.41666446309235 3.45
vertex 46.14989985644037 -69.78975295644035 3.45
endloop
endfacet
facet normal 5.078002115162104e-16 2.714248678935747e-16 1
outer loop
vertex 48.27122019999998 -70.48607330000024 3.4500000000000015
vertex 46.14989985644037 -69.78975295644035 3.45
vertex 45.7768113630924 -70.24436260094124 3.45
endloop
endfacet
facet normal 5.078002115162104e-16 2.714248678935747e-16 1
outer loop
vertex 48.27122019999998 -70.48607330000024 3.4500000000000015
vertex 45.7768113630924 -70.24436260094124 3.45
vertex 45.647614302766996 -70.48607330000002 3.45
endloop
endfacet
facet normal 0 0 1
outer loop
vertex 108.00960506604845 -70.31563534120967 3.45
vertex 108.57238439709528 -70.14491809753386 3.45
vertex 109.0910447990588 -69.86768833690763 3.45
endloop
endfacet
facet normal 0 0 1
outer loop
vertex 108.00960506604845 -70.31563534120967 3.45
vertex 109.0910447990588 -69.86768833690763 3.45
vertex 109.54565444355974 -69.49459984355957 3.45
endloop
endfacet
facet normal 0 0 1
outer loop
vertex 108.00960506604845 -70.31563534120967 3.45
vertex 109.54565444355974 -69.49459984355957 3.45
vertex 109.91874293690758 -69.0399901990589 3.45
endloop
endfacet
facet normal 0 0 1
outer loop
vertex 108.00960506604845 -70.31563534120967 3.45
vertex 109.91874293690758 -69.0399901990589 3.45
vertex 110.04793999723316 -68.79827949999974 3.45
endloop
endfacet
facet normal 0 0 1
outer loop
vertex 108.00960506604845 -70.31563534120967 3.45
vertex 110.04793999723316 -68.79827949999974 3.45
vertex 107.42433410000001 -68.79827949999995 3.4500000000000015
endloop
endfacet
facet normal 0 0 1
outer loop
vertex 108.00960506604845 -70.31563534120967 3.45
vertex 107.42433410000001 -68.79827949999995 3.4500000000000015
vertex 104.80072820276679 -68.79827949999974 3.45
endloop
endfacet
facet normal 0 0 1
outer loop
vertex 108.00960506604845 -70.31563534120967 3.45
vertex 104.80072820276679 -68.79827949999974 3.45
vertex 104.9299252630924 -69.0399901990589 3.45
endloop
endfacet
facet normal 0 0 1
outer loop
vertex 108.00960506604845 -70.31563534120967 3.45
vertex 104.9299252630924 -69.0399901990589 3.45
vertex 105.30301375644034 -69.49459984355957 3.45
endloop
endfacet
facet normal 0 0 1
outer loop
vertex 108.00960506604845 -70.31563534120967 3.45
vertex 105.30301375644034 -69.49459984355957 3.45
vertex 105.75762340094116 -69.86768833690763 3.45
endloop
endfacet
facet normal 0 0 1
outer loop
vertex 108.00960506604845 -70.31563534120967 3.45
vertex 105.75762340094116 -69.86768833690763 3.45
vertex 106.27628380290474 -70.14491809753386 3.45
endloop
endfacet
facet normal 0 0 1
outer loop
vertex 108.00960506604845 -70.31563534120967 3.45
vertex 106.27628380290474 -70.14491809753386 3.45
vertex 106.83906313395157 -70.31563534120967 3.45
endloop
endfacet
facet normal 0 0 1
outer loop
vertex 108.00960506604845 -70.31563534120967 3.45
vertex 106.83906313395157 -70.31563534120967 3.45
vertex 107.42433410000001 -70.3732795 3.45
endloop
endfacet
facet normal 0 0 1
outer loop
vertex 107.42433410000001 -68.79827949999995 3.4500000000000015
vertex 107.14633039112707 -68.7708985245745 3.4500000000000015
vertex 104.78609276648885 -68.77089852457459 3.45
endloop
endfacet
facet normal 0 0 1
outer loop
vertex 107.42433410000001 -68.79827949999995 3.4500000000000015
vertex 104.78609276648885 -68.77089852457459 3.45
vertex 104.80072820276679 -68.79827949999974 3.45
endloop
endfacet
facet normal 0 0 1
outer loop
vertex 110.04793999723316 -68.79827949999974 3.45
vertex 110.0625754335111 -68.77089852457459 3.45
vertex 107.70233780887294 -68.77089852457415 3.4500000000000015
endloop
endfacet
facet normal 0 0 1
outer loop
vertex 110.04793999723316 -68.79827949999974 3.45
vertex 107.70233780887294 -68.77089852457415 3.4500000000000015
vertex 107.42433410000001 -68.79827949999995 3.4500000000000015
endloop
endfacet
facet normal 0 0 1
outer loop
vertex 107.14633039112707 -68.7708985245745 3.4500000000000015
vertex 106.87901020888013 -68.68980783382784 3.4499999999999997
vertex 104.74274888926269 -68.6898078338277 3.45
endloop
endfacet
facet normal 0 0 1
outer loop
vertex 107.14633039112707 -68.7708985245745 3.4500000000000015
vertex 104.74274888926269 -68.6898078338277 3.45
vertex 104.78609276648885 -68.77089852457459 3.45
endloop
endfacet
facet normal 0 0 1
outer loop
vertex 110.0625754335111 -68.77089852457459 3.45
vertex 110.10591931073725 -68.6898078338277 3.45
vertex 107.9696579911201 -68.68980783382816 3.4499999999999997
endloop
endfacet
facet normal 0 0 1
outer loop
vertex 110.0625754335111 -68.77089852457459 3.45
vertex 107.9696579911201 -68.68980783382816 3.4499999999999997
vertex 107.70233780887294 -68.77089852457415 3.4500000000000015
endloop
endfacet
facet normal 0 0 1
outer loop
vertex 106.87901020888013 -68.68980783382784 3.4499999999999997
vertex 106.63264651794745 -68.55812369753068 3.4500000000000015
vertex 104.67236225198337 -68.5581236975298 3.45
endloop
endfacet
facet normal 0 0 1
outer loop
vertex 106.87901020888013 -68.68980783382784 3.4499999999999997
vertex 104.67236225198337 -68.5581236975298 3.45
vertex 104.74274888926269 -68.6898078338277 3.45
endloop
endfacet
facet normal 0 0 1
outer loop
vertex 110.10591931073725 -68.6898078338277 3.45
vertex 110.17630594801655 -68.5581236975298 3.45
vertex 108.21602168205288 -68.55812369753102 3.4499999999999997
endloop
endfacet
facet normal 0 0 1
outer loop
vertex 110.10591931073725 -68.6898078338277 3.45
vertex 108.21602168205288 -68.55812369753102 3.4499999999999997
vertex 107.9696579911201 -68.68980783382816 3.4499999999999997
endloop
endfacet
facet normal 0 0 1
outer loop
vertex 106.63264651794745 -68.55812369753068 3.4500000000000015
vertex 106.41670693680973 -68.38090666319034 3.4499999999999997
vertex 104.61009861049446 -68.38090666319098 3.45
endloop
endfacet
facet normal 0 0 1
outer loop
vertex 106.63264651794745 -68.55812369753068 3.4500000000000015
vertex 104.61009861049446 -68.38090666319098 3.45
vertex 104.6526955024661 -68.52132979709536 3.45
endloop
endfacet
facet normal 0 0 1
outer loop
vertex 106.63264651794745 -68.55812369753068 3.4500000000000015
vertex 104.6526955024661 -68.52132979709536 3.45
vertex 104.67236225198337 -68.5581236975298 3.45
endloop
endfacet
facet normal 0 0 1
outer loop
vertex 110.17630594801655 -68.5581236975298 3.45
vertex 110.19597269753382 -68.52132979709536 3.45
vertex 110.23856958950546 -68.38090666319098 3.45
endloop
endfacet
facet normal 0 0 1
outer loop
vertex 110.17630594801655 -68.5581236975298 3.45
vertex 110.23856958950546 -68.38090666319098 3.45
vertex 108.43196126319066 -68.38090666319064 3.4499999999999997
endloop
endfacet
facet normal 0 0 1
outer loop
vertex 110.17630594801655 -68.5581236975298 3.45
vertex 108.43196126319066 -68.38090666319064 3.4499999999999997
vertex 108.21602168205288 -68.55812369753102 3.4499999999999997
endloop
endfacet
facet normal 0 0 1
outer loop
vertex 106.41670693680973 -68.38090666319034 3.4499999999999997
vertex 106.2394899024692 -68.16496708205278 3.4500000000000015
vertex 104.54459405469608 -68.16496708205088 3.45
endloop
endfacet
facet normal 0 0 1
outer loop
vertex 106.41670693680973 -68.38090666319034 3.4499999999999997
vertex 104.54459405469608 -68.16496708205088 3.45
vertex 104.61009861049446 -68.38090666319098 3.45
endloop
endfacet
facet normal 0 0 1
outer loop
vertex 110.23856958950546 -68.38090666319098 3.45
vertex 110.30407414530387 -68.16496708205088 3.45
vertex 108.60917829753117 -68.16496708205298 3.4499999999999997
endloop
endfacet
facet normal 0 0 1
outer loop
vertex 110.23856958950546 -68.38090666319098 3.45
vertex 108.60917829753117 -68.16496708205298 3.4499999999999997
vertex 108.43196126319066 -68.38090666319064 3.4499999999999997
endloop
endfacet
facet normal 0 0 1
outer loop
vertex 106.2394899024692 -68.16496708205278 3.4500000000000015
vertex 106.10780576617226 -67.91860339111999 3.4500000000000015
vertex 104.47804381532082 -67.91860339112253 3.45
endloop
endfacet
facet normal 0 0 1
outer loop
vertex 106.2394899024692 -68.16496708205278 3.4500000000000015
vertex 104.47804381532082 -67.91860339112253 3.45
vertex 104.48197825879028 -67.95855046604837 3.45
endloop
endfacet
facet normal 0 0 1
outer loop
vertex 106.2394899024692 -68.16496708205278 3.4500000000000015
vertex 104.48197825879028 -67.95855046604837 3.45
vertex 104.54459405469608 -68.16496708205088 3.45
endloop
endfacet
facet normal 0 0 1
outer loop
vertex 110.30407414530387 -68.16496708205088 3.45
vertex 110.36668994120969 -67.95855046604837 3.45
vertex 110.37062438467915 -67.91860339112253 3.45
endloop
endfacet
facet normal 0 0 1
outer loop
vertex 110.30407414530387 -68.16496708205088 3.45
vertex 110.37062438467915 -67.91860339112253 3.45
vertex 108.74086243382851 -67.91860339112021 3.4500000000000015
endloop
endfacet
facet normal 0 0 1
outer loop
vertex 110.30407414530387 -68.16496708205088 3.45
vertex 108.74086243382851 -67.91860339112021 3.4500000000000015
vertex 108.60917829753117 -68.16496708205298 3.4499999999999997
endloop
endfacet
facet normal 0 0 1
outer loop
vertex 106.10780576617226 -67.91860339111999 3.4500000000000015
vertex 106.02671507542566 -67.65128320887297 3.4499999999999997
vertex 104.45171507542507 -67.65128320886987 3.45
endloop
endfacet
facet normal 0 0 1
outer loop
vertex 106.10780576617226 -67.91860339111999 3.4500000000000015
vertex 104.45171507542507 -67.65128320886987 3.45
vertex 104.47804381532082 -67.91860339112253 3.45
endloop
endfacet
facet normal 0 0 1
outer loop
vertex 110.37062438467915 -67.91860339112253 3.45
vertex 110.3969531245749 -67.65128320886987 3.45
vertex 108.82195312457443 -67.65128320887297 3.4500000000000015
endloop
endfacet
facet normal 0 0 1
outer loop
vertex 110.37062438467915 -67.91860339112253 3.45
vertex 108.82195312457443 -67.65128320887297 3.4500000000000015
vertex 108.74086243382851 -67.91860339112021 3.4500000000000015
endloop
endfacet
facet normal 0 0 1
outer loop
vertex 106.02671507542566 -67.65128320887297 3.4499999999999997
vertex 105.99933409999969 -67.37327949999998 3.4500000000000015
vertex 104.42433409999998 -67.37327949999992 3.45
endloop
endfacet
facet normal 0 0 1
outer loop
vertex 106.02671507542566 -67.65128320887297 3.4499999999999997
vertex 104.42433409999998 -67.37327949999992 3.45
vertex 104.45171507542507 -67.65128320886987 3.45
endloop
endfacet
facet normal 0 0 1
outer loop
vertex 110.3969531245749 -67.65128320886987 3.45
vertex 110.4243341 -67.37327949999992 3.45
vertex 108.84933409999982 -67.37327949999998 3.4500000000000015
endloop
endfacet
facet normal 0 0 1
outer loop
vertex 110.3969531245749 -67.65128320886987 3.45
vertex 108.84933409999982 -67.37327949999998 3.4500000000000015
vertex 108.82195312457443 -67.65128320887297 3.4500000000000015
endloop
endfacet
facet normal 0 0 1
outer loop
vertex 105.99933409999969 -67.37327949999998 3.4500000000000015
vertex 106.02671507542522 -67.09527579112695 3.4499999999999997
vertex 104.45171507542553 -67.09527579112566 3.45
endloop
endfacet
facet normal 0 0 1
outer loop
vertex 105.99933409999969 -67.37327949999998 3.4500000000000015
vertex 104.45171507542553 -67.09527579112566 3.45
vertex 104.42433409999998 -67.37327949999992 3.45
endloop
endfacet
facet normal 0 0 1
outer loop
vertex 110.4243341 -67.37327949999992 3.45
vertex 110.39695312457448 -67.09527579112566 3.45
vertex 108.82195312457499 -67.09527579112698 3.4500000000000015
endloop
endfacet
facet normal 0 0 1
outer loop
vertex 110.4243341 -67.37327949999992 3.45
vertex 108.82195312457499 -67.09527579112698 3.4500000000000015
vertex 108.84933409999982 -67.37327949999998 3.4500000000000015
endloop
endfacet
facet normal 0 0 1
outer loop
vertex 106.02671507542522 -67.09527579112695 3.4499999999999997
vertex 106.10780576617134 -66.82795560887972 3.4500000000000015
vertex 104.4780438153205 -66.82795560888098 3.45
endloop
endfacet
facet normal 0 0 1
outer loop
vertex 106.02671507542522 -67.09527579112695 3.4499999999999997
vertex 104.4780438153205 -66.82795560888098 3.45
vertex 104.45171507542553 -67.09527579112566 3.45
endloop
endfacet
facet normal 0 0 1
outer loop
vertex 110.39695312457448 -67.09527579112566 3.45
vertex 110.3706243846795 -66.82795560888098 3.45
vertex 108.74086243382918 -66.82795560887955 3.4499999999999997
endloop
endfacet
facet normal 0 0 1
outer loop
vertex 110.39695312457448 -67.09527579112566 3.45
vertex 108.74086243382918 -66.82795560887955 3.4499999999999997
vertex 108.82195312457499 -67.09527579112698 3.4500000000000015
endloop
endfacet
facet normal 0 0 1
outer loop
vertex 106.10780576617134 -66.82795560887972 3.4500000000000015
vertex 106.23948990246895 -66.58159191794712 3.4499999999999997
vertex 104.54459405469659 -66.58159191794755 3.45
endloop
endfacet
facet normal 0 0 1
outer loop
vertex 106.10780576617134 -66.82795560887972 3.4500000000000015
vertex 104.54459405469659 -66.58159191794755 3.45
vertex 104.4819782587903 -66.78800853395165 3.45
endloop
endfacet
facet normal 0 0 1
outer loop
vertex 106.10780576617134 -66.82795560887972 3.4500000000000015
vertex 104.4819782587903 -66.78800853395165 3.45
vertex 104.4780438153205 -66.82795560888098 3.45
endloop
endfacet
facet normal 0 0 1
outer loop
vertex 110.3706243846795 -66.82795560888098 3.45
vertex 110.3666899412097 -66.78800853395165 3.45
vertex 110.3040741453034 -66.58159191794755 3.45
endloop
endfacet
facet normal 0 0 1
outer loop
vertex 110.3706243846795 -66.82795560888098 3.45
vertex 110.3040741453034 -66.58159191794755 3.45
vertex 108.60917829753143 -66.58159191794694 3.4500000000000015
endloop
endfacet
facet normal 0 0 1
outer loop
vertex 110.3706243846795 -66.82795560888098 3.45
vertex 108.60917829753143 -66.58159191794694 3.4500000000000015
vertex 108.74086243382918 -66.82795560887955 3.4499999999999997
endloop
endfacet
facet normal 0 0 1
outer loop
vertex 106.23948990246895 -66.58159191794712 3.4499999999999997
vertex 106.416706936809 -66.36565233680898 3.4499999999999997
vertex 104.61009861049341 -66.36565233681263 3.45
endloop
endfacet
facet normal 0 0 1
outer loop
vertex 106.23948990246895 -66.58159191794712 3.4499999999999997
vertex 104.61009861049341 -66.36565233681263 3.45
vertex 104.54459405469659 -66.58159191794755 3.45
endloop
endfacet
facet normal 0 0 1
outer loop
vertex 110.3040741453034 -66.58159191794755 3.45
vertex 110.23856958950657 -66.36565233681263 3.45
vertex 108.43196126319096 -66.36565233680905 3.4499999999999997
endloop
endfacet
facet normal 0 0 1
outer loop
vertex 110.3040741453034 -66.58159191794755 3.45
vertex 108.43196126319096 -66.36565233680905 3.4499999999999997
vertex 108.60917829753143 -66.58159191794694 3.4500000000000015
endloop
endfacet
facet normal 0 0 1
outer loop
vertex 106.416706936809 -66.36565233680898 3.4499999999999997
vertex 106.63264651794697 -66.18843530246863 3.4500000000000015
vertex 104.67236225198437 -66.18843530246849 3.45
endloop
endfacet
facet normal 0 0 1
outer loop
vertex 106.416706936809 -66.36565233680898 3.4499999999999997
vertex 104.67236225198437 -66.18843530246849 3.45
vertex 104.6526955024661 -66.22522920290477 3.45
endloop
endfacet
facet normal 0 0 1
outer loop
vertex 106.416706936809 -66.36565233680898 3.4499999999999997
vertex 104.6526955024661 -66.22522920290477 3.45
vertex 104.61009861049341 -66.36565233681263 3.45
endloop
endfacet
facet normal 0 0 1
outer loop
vertex 110.23856958950657 -66.36565233681263 3.45
vertex 110.19597269753388 -66.22522920290477 3.45
vertex 110.17630594801562 -66.18843530246849 3.45
endloop
endfacet
facet normal 0 0 1
outer loop
vertex 110.23856958950657 -66.36565233681263 3.45
vertex 110.17630594801562 -66.18843530246849 3.45
vertex 108.21602168205249 -66.18843530246946 3.4500000000000015
endloop
endfacet
facet normal 0 0 1
outer loop
vertex 110.23856958950657 -66.36565233681263 3.45
vertex 108.21602168205249 -66.18843530246946 3.4500000000000015
vertex 108.43196126319096 -66.36565233680905 3.4499999999999997
endloop
endfacet
facet normal 0 0 1
outer loop
vertex 106.63264651794697 -66.18843530246863 3.4500000000000015
vertex 106.87901020887958 -66.05675116617087 3.4499999999999997
vertex 104.7427488892637 -66.05675116617051 3.45
endloop
endfacet
facet normal 0 0 1
outer loop
vertex 106.63264651794697 -66.18843530246863 3.4500000000000015
vertex 104.7427488892637 -66.05675116617051 3.45
vertex 104.67236225198437 -66.18843530246849 3.45
endloop
endfacet
facet normal 0 0 1
outer loop
vertex 110.17630594801562 -66.18843530246849 3.45
vertex 110.10591931073628 -66.05675116617051 3.45
vertex 107.96965799112023 -66.05675116617145 3.4500000000000015
endloop
endfacet
facet normal 0 0 1
outer loop
vertex 110.17630594801562 -66.18843530246849 3.45
vertex 107.96965799112023 -66.05675116617145 3.4500000000000015
vertex 108.21602168205249 -66.18843530246946 3.4500000000000015
endloop
endfacet
facet normal 0 0 1
outer loop
vertex 106.87901020887958 -66.05675116617087 3.4499999999999997
vertex 107.14633039112697 -65.97566047542485 3.4500000000000015
vertex 104.78609276648919 -65.97566047542485 3.45
endloop
endfacet
facet normal 0 0 1
outer loop
vertex 106.87901020887958 -66.05675116617087 3.4499999999999997
vertex 104.78609276648919 -65.97566047542485 3.45
vertex 104.7427488892637 -66.05675116617051 3.45
endloop
endfacet
facet normal 0 0 1
outer loop
vertex 110.10591931073628 -66.05675116617051 3.45
vertex 110.06257543351079 -65.97566047542485 3.45
vertex 107.70233780887331 -65.97566047542442 3.4500000000000015
endloop
endfacet
facet normal 0 0 1
outer loop
vertex 110.10591931073628 -66.05675116617051 3.45
vertex 107.70233780887331 -65.97566047542442 3.4500000000000015
vertex 107.96965799112023 -66.05675116617145 3.4500000000000015
endloop
endfacet
facet normal 0 0 1
outer loop
vertex 107.14633039112697 -65.97566047542485 3.4500000000000015
vertex 107.42433410000001 -65.94827949999973 3.4500000000000015
vertex 104.80072820276717 -65.94827949999959 3.45
endloop
endfacet
facet normal 0 0 1
outer loop
vertex 107.14633039112697 -65.97566047542485 3.4500000000000015
vertex 104.80072820276717 -65.94827949999959 3.45
vertex 104.78609276648919 -65.97566047542485 3.45
endloop
endfacet
facet normal 0 0 1
outer loop
vertex 110.06257543351079 -65.97566047542485 3.45
vertex 110.04793999723279 -65.94827949999959 3.45
vertex 107.42433410000001 -65.94827949999973 3.4500000000000015
endloop
endfacet
facet normal 0 0 1
outer loop
vertex 110.06257543351079 -65.97566047542485 3.45
vertex 107.42433410000001 -65.94827949999973 3.4500000000000015
vertex 107.70233780887331 -65.97566047542442 3.4500000000000015
endloop
endfacet
facet normal 5.078002115162742e-16 2.7142486789360466e-16 1
outer loop
vertex 107.42433410000001 -65.94827949999973 3.4500000000000015
vertex 110.04793999723279 -65.94827949999959 3.45
vertex 109.91874293690762 -65.70656880094117 3.45
endloop
endfacet
facet normal 5.078002115162742e-16 2.7142486789360466e-16 1
outer loop
vertex 107.42433410000001 -65.94827949999973 3.4500000000000015
vertex 109.91874293690762 -65.70656880094117 3.45
vertex 109.54565444355961 -65.25195915644031 3.45
endloop
endfacet
facet normal 5.078002115162742e-16 2.7142486789360466e-16 1
outer loop
vertex 107.42433410000001 -65.94827949999973 3.4500000000000015
vertex 109.54565444355961 -65.25195915644031 3.45
vertex 109.09104479905886 -64.8788706630924 3.45
endloop
endfacet
facet normal 5.078002115162742e-16 2.7142486789360466e-16 1
outer loop
vertex 107.42433410000001 -65.94827949999973 3.4500000000000015
vertex 109.09104479905886 -64.8788706630924 3.45
vertex 108.57238439709519 -64.6016409024661 3.45
endloop
endfacet
facet normal 5.078002115162742e-16 2.7142486789360466e-16 1
outer loop
vertex 107.42433410000001 -65.94827949999973 3.4500000000000015
vertex 108.57238439709519 -64.6016409024661 3.45
vertex 108.00960506604844 -64.43092365879032 3.45
endloop
endfacet
facet normal 5.078002115162742e-16 2.7142486789360466e-16 1
outer loop
vertex 107.42433410000001 -65.94827949999973 3.4500000000000015
vertex 108.00960506604844 -64.43092365879032 3.45
vertex 107.42433409999992 -64.3732795 3.45
endloop
endfacet
facet normal 5.078002115162742e-16 2.7142486789360466e-16 1
outer loop
vertex 107.42433410000001 -65.94827949999973 3.4500000000000015
vertex 107.42433409999992 -64.3732795 3.45
vertex 106.83906313395163 -64.43092365879032 3.45
endloop
endfacet
facet normal 5.078002115162742e-16 2.7142486789360466e-16 1
outer loop
vertex 107.42433410000001 -65.94827949999973 3.4500000000000015
vertex 106.83906313395163 -64.43092365879032 3.45
vertex 106.27628380290476 -64.6016409024661 3.45
endloop
endfacet
facet normal 5.078002115162742e-16 2.7142486789360466e-16 1
outer loop
vertex 107.42433410000001 -65.94827949999973 3.4500000000000015
vertex 106.27628380290476 -64.6016409024661 3.45
vertex 105.75762340094113 -64.8788706630924 3.45
endloop
endfacet
facet normal 5.078002115162742e-16 2.7142486789360466e-16 1
outer loop
vertex 107.42433410000001 -65.94827949999973 3.4500000000000015
vertex 105.75762340094113 -64.8788706630924 3.45
vertex 105.30301375644041 -65.25195915644031 3.45
endloop
endfacet
facet normal 5.078002115162742e-16 2.7142486789360466e-16 1
outer loop
vertex 107.42433410000001 -65.94827949999973 3.4500000000000015
vertex 105.30301375644041 -65.25195915644031 3.45
vertex 104.92992526309234 -65.70656880094117 3.45
endloop
endfacet
facet normal 5.078002115162742e-16 2.7142486789360466e-16 1
outer loop
vertex 107.42433410000001 -65.94827949999973 3.4500000000000015
vertex 104.92992526309234 -65.70656880094117 3.45
vertex 104.80072820276717 -65.94827949999959 3.45
endloop
endfacet
facet normal 0 0 1
outer loop
vertex 108.00960506604837 -53.315635341209706 3.45
vertex 108.57238439709528 -53.144918097533846 3.45
vertex 109.09104479905878 -52.86768833690764 3.45
endloop
endfacet
facet normal 0 0 1
outer loop
vertex 108.00960506604837 -53.315635341209706 3.45
vertex 109.09104479905878 -52.86768833690764 3.45
vertex 109.54565444355964 -52.49459984355964 3.45
endloop
endfacet
facet normal 0 0 1
outer loop
vertex 108.00960506604837 -53.315635341209706 3.45
vertex 109.54565444355964 -52.49459984355964 3.45
vertex 109.91874293690765 -52.039990199058806 3.45
endloop
endfacet
facet normal 0 0 1
outer loop
vertex 108.00960506604837 -53.315635341209706 3.45
vertex 109.91874293690765 -52.039990199058806 3.45
vertex 110.04793999723303 -51.79827949999996 3.45
endloop
endfacet
facet normal 0 0 1
outer loop
vertex 108.00960506604837 -53.315635341209706 3.45
vertex 110.04793999723303 -51.79827949999996 3.45
vertex 107.42433410000001 -51.79827949999997 3.4499999999999997
endloop
endfacet
facet normal 0 0 1
outer loop
vertex 108.00960506604837 -53.315635341209706 3.45
vertex 107.42433410000001 -51.79827949999997 3.4499999999999997
vertex 104.80072820276695 -51.79827949999996 3.45
endloop
endfacet
facet normal 0 0 1
outer loop
vertex 108.00960506604837 -53.315635341209706 3.45
vertex 104.80072820276695 -51.79827949999996 3.45
vertex 104.92992526309236 -52.039990199058806 3.45
endloop
endfacet
facet normal 0 0 1
outer loop
vertex 108.00960506604837 -53.315635341209706 3.45
vertex 104.92992526309236 -52.039990199058806 3.45
vertex 105.30301375644034 -52.49459984355964 3.45
endloop
endfacet
facet normal 0 0 1
outer loop
vertex 108.00960506604837 -53.315635341209706 3.45
vertex 105.30301375644034 -52.49459984355964 3.45
vertex 105.75762340094117 -52.86768833690764 3.45
endloop
endfacet
facet normal 0 0 1
outer loop
vertex 108.00960506604837 -53.315635341209706 3.45
vertex 105.75762340094117 -52.86768833690764 3.45
vertex 106.2762838029047 -53.144918097533846 3.45
endloop
endfacet
facet normal 0 0 1
outer loop
vertex 108.00960506604837 -53.315635341209706 3.45
vertex 106.2762838029047 -53.144918097533846 3.45
vertex 106.83906313395167 -53.315635341209706 3.45
endloop
endfacet
facet normal 0 0 1
outer loop
vertex 108.00960506604837 -53.315635341209706 3.45
vertex 106.83906313395167 -53.315635341209706 3.45
vertex 107.42433409999997 -53.37327950000001 3.45
endloop
endfacet
facet normal 0 0 1
outer loop
vertex 107.42433410000001 -51.79827949999997 3.4499999999999997
vertex 107.146330391127 -51.77089852457469 3.4500000000000015
vertex 104.78609276648886 -51.77089852457452 3.45
endloop
endfacet
facet normal 0 0 1
outer loop
vertex 107.42433410000001 -51.79827949999997 3.4499999999999997
vertex 104.78609276648886 -51.77089852457452 3.45
vertex 104.80072820276695 -51.79827949999996 3.45
endloop
endfacet
facet normal 0 0 1
outer loop
vertex 110.04793999723303 -51.79827949999996 3.45
vertex 110.06257543351113 -51.77089852457452 3.45
vertex 107.70233780887298 -51.77089852457454 3.4499999999999997
endloop
endfacet
facet normal 0 0 1
outer loop
vertex 110.04793999723303 -51.79827949999996 3.45
vertex 107.70233780887298 -51.77089852457454 3.4499999999999997
vertex 107.42433410000001 -51.79827949999997 3.4499999999999997
endloop
endfacet
facet normal 0 0 1
outer loop
vertex 107.146330391127 -51.77089852457469 3.4500000000000015
vertex 106.87901020887993 -51.68980783382826 3.4500000000000015
vertex 104.74274888926364 -51.68980783382936 3.45
endloop
endfacet
facet normal 0 0 1
outer loop
vertex 107.146330391127 -51.77089852457469 3.4500000000000015
vertex 104.74274888926364 -51.68980783382936 3.45
vertex 104.78609276648886 -51.77089852457452 3.45
endloop
endfacet
facet normal 0 0 1
outer loop
vertex 110.06257543351113 -51.77089852457452 3.45
vertex 110.10591931073634 -51.68980783382936 3.45
vertex 107.9696579911202 -51.689807833828425 3.4500000000000015
endloop
endfacet
facet normal 0 0 1
outer loop
vertex 110.06257543351113 -51.77089852457452 3.45
vertex 107.9696579911202 -51.689807833828425 3.4500000000000015
vertex 107.70233780887298 -51.77089852457454 3.4499999999999997
endloop
endfacet
facet normal 0 0 1
outer loop
vertex 106.87901020887993 -51.68980783382826 3.4500000000000015
vertex 106.63264651794688 -51.55812369753136 3.4500000000000015
vertex 104.67236225198315 -51.55812369752921 3.45
endloop
endfacet
facet normal 0 0 1
outer loop
vertex 106.87901020887993 -51.68980783382826 3.4500000000000015
vertex 104.67236225198315 -51.55812369752921 3.45
vertex 104.74274888926364 -51.68980783382936 3.45
endloop
endfacet
facet normal 0 0 1
outer loop
vertex 110.10591931073634 -51.68980783382936 3.45
vertex 110.17630594801682 -51.55812369752921 3.45
vertex 108.2160216820532 -51.55812369753163 3.4499999999999997
endloop
endfacet
facet normal 0 0 1
outer loop
vertex 110.10591931073634 -51.68980783382936 3.45
vertex 108.2160216820532 -51.55812369753163 3.4499999999999997
vertex 107.9696579911202 -51.689807833828425 3.4500000000000015
endloop
endfacet
facet normal 0 0 1
outer loop
vertex 106.63264651794688 -51.55812369753136 3.4500000000000015
vertex 106.41670693680945 -51.38090666319061 3.4499999999999997
vertex 104.61009861049519 -51.38090666319319 3.45
endloop
endfacet
facet normal 0 0 1
outer loop
vertex 106.63264651794688 -51.55812369753136 3.4500000000000015
vertex 104.61009861049519 -51.38090666319319 3.45
vertex 104.65269550246612 -51.521329797095234 3.45
endloop
endfacet
facet normal 0 0 1
outer loop
vertex 106.63264651794688 -51.55812369753136 3.4500000000000015
vertex 104.65269550246612 -51.521329797095234 3.45
vertex 104.67236225198315 -51.55812369752921 3.45
endloop
endfacet
facet normal 0 0 1
outer loop
vertex 110.17630594801682 -51.55812369752921 3.45
vertex 110.19597269753385 -51.521329797095234 3.45
vertex 110.23856958950479 -51.38090666319319 3.45
endloop
endfacet
facet normal 0 0 1
outer loop
vertex 110.17630594801682 -51.55812369752921 3.45
vertex 110.23856958950479 -51.38090666319319 3.45
vertex 108.43196126319066 -51.38090666319061 3.4500000000000015
endloop
endfacet
facet normal 0 0 1
outer loop
vertex 110.17630594801682 -51.55812369752921 3.45
vertex 108.43196126319066 -51.38090666319061 3.4500000000000015
vertex 108.2160216820532 -51.55812369753163 3.4499999999999997
endloop
endfacet
facet normal 0 0 1
outer loop
vertex 106.41670693680945 -51.38090666319061 3.4499999999999997
vertex 106.23948990246897 -51.16496708205289 3.4499999999999997
vertex 104.54459405469636 -51.16496708205172 3.45
endloop
endfacet
facet normal 0 0 1
outer loop
vertex 106.41670693680945 -51.38090666319061 3.4499999999999997
vertex 104.54459405469636 -51.16496708205172 3.45
vertex 104.61009861049519 -51.38090666319319 3.45
endloop
endfacet
facet normal 0 0 1
outer loop
vertex 110.23856958950479 -51.38090666319319 3.45
vertex 110.30407414530363 -51.16496708205172 3.45
vertex 108.60917829753126 -51.16496708205306 3.4499999999999997
endloop
endfacet
facet normal 0 0 1
outer loop
vertex 110.23856958950479 -51.38090666319319 3.45
vertex 108.60917829753126 -51.16496708205306 3.4499999999999997
vertex 108.43196126319066 -51.38090666319061 3.4500000000000015
endloop
endfacet
facet normal 0 0 1
outer loop
vertex 106.23948990246897 -51.16496708205289 3.4499999999999997
vertex 106.10780576617175 -50.91860339112017 3.4500000000000015
vertex 104.4780438153207 -50.91860339112122 3.45
endloop
endfacet
facet normal 0 0 1
outer loop
vertex 106.23948990246897 -51.16496708205289 3.4499999999999997
vertex 104.4780438153207 -50.91860339112122 3.45
vertex 104.48197825879029 -50.958550466048365 3.45
endloop
endfacet
facet normal 0 0 1
outer loop
vertex 106.23948990246897 -51.16496708205289 3.4499999999999997
vertex 104.48197825879029 -50.958550466048365 3.45
vertex 104.54459405469636 -51.16496708205172 3.45
endloop
endfacet
facet normal 0 0 1
outer loop
vertex 110.30407414530363 -51.16496708205172 3.45
vertex 110.3666899412097 -50.958550466048365 3.45
vertex 110.37062438467929 -50.91860339112122 3.45
endloop
endfacet
facet normal 0 0 1
outer loop
vertex 110.30407414530363 -51.16496708205172 3.45
vertex 110.37062438467929 -50.91860339112122 3.45
vertex 108.74086243382864 -50.91860339112029 3.4499999999999997
endloop
endfacet
facet normal 0 0 1
outer loop
vertex 110.30407414530363 -51.16496708205172 3.45
vertex 108.74086243382864 -50.91860339112029 3.4499999999999997
vertex 108.60917829753126 -51.16496708205306 3.4499999999999997
endloop
endfacet
facet normal 0 0 1
outer loop
vertex 106.10780576617175 -50.91860339112017 3.4500000000000015
vertex 106.02671507542544 -50.65128320887299 3.4500000000000015
vertex 104.45171507542523 -50.65128320887145 3.45
endloop
endfacet
facet normal 0 0 1
outer loop
vertex 106.10780576617175 -50.91860339112017 3.4500000000000015
vertex 104.45171507542523 -50.65128320887145 3.45
vertex 104.4780438153207 -50.91860339112122 3.45
endloop
endfacet
facet normal 0 0 1
outer loop
vertex 110.37062438467929 -50.91860339112122 3.45
vertex 110.39695312457476 -50.65128320887145 3.45
vertex 108.8219531245746 -50.651283208873 3.4500000000000015
endloop
endfacet
facet normal 0 0 1
outer loop
vertex 110.37062438467929 -50.91860339112122 3.45
vertex 108.8219531245746 -50.651283208873 3.4500000000000015
vertex 108.74086243382864 -50.91860339112029 3.4499999999999997
endloop
endfacet
facet normal 0 0 1
outer loop
vertex 106.02671507542544 -50.65128320887299 3.4500000000000015
vertex 105.99933409999996 -50.37327950000001 3.4500000000000015
vertex 104.4243341 -50.3732795000001 3.45
endloop
endfacet
facet normal 0 0 1
outer loop
vertex 106.02671507542544 -50.65128320887299 3.4500000000000015
vertex 104.4243341 -50.3732795000001 3.45
vertex 104.45171507542523 -50.65128320887145 3.45
endloop
endfacet
facet normal 0 0 1
outer loop
vertex 110.39695312457476 -50.65128320887145 3.45
vertex 110.4243341 -50.3732795000001 3.45
vertex 108.8493341 -50.37327950000001 3.4500000000000015
endloop
endfacet
facet normal 0 0 1
outer loop
vertex 110.39695312457476 -50.65128320887145 3.45
vertex 108.8493341 -50.37327950000001 3.4500000000000015
vertex 108.8219531245746 -50.651283208873 3.4500000000000015
endloop
endfacet
facet normal 0 0 1
outer loop
vertex 105.99933409999996 -50.37327950000001 3.4500000000000015
vertex 106.02671507542539 -50.09527579112703 3.4500000000000015
vertex 104.45171507542545 -50.095275791126475 3.45
endloop
endfacet
facet normal 0 0 1
outer loop
vertex 105.99933409999996 -50.37327950000001 3.4500000000000015
vertex 104.45171507542545 -50.095275791126475 3.45
vertex 104.4243341 -50.3732795000001 3.45
endloop
endfacet
facet normal 0 0 1
outer loop
vertex 110.4243341 -50.3732795000001 3.45
vertex 110.39695312457454 -50.095275791126475 3.45
vertex 108.82195312457466 -50.09527579112702 3.4500000000000015
endloop
endfacet
facet normal 0 0 1
outer loop
vertex 110.4243341 -50.3732795000001 3.45
vertex 108.82195312457466 -50.09527579112702 3.4500000000000015
vertex 108.8493341 -50.37327950000001 3.4500000000000015
endloop
endfacet
facet normal 0 0 1
outer loop
vertex 106.02671507542539 -50.09527579112703 3.4500000000000015
vertex 106.10780576617147 -49.827955608879776 3.4499999999999997
vertex 104.47804381532075 -49.82795560887857 3.45
endloop
endfacet
facet normal 0 0 1
outer loop
vertex 106.02671507542539 -50.09527579112703 3.4500000000000015
vertex 104.47804381532075 -49.82795560887857 3.45
vertex 104.45171507542545 -50.095275791126475 3.45
endloop
endfacet
facet normal 0 0 1
outer loop
vertex 110.39695312457454 -50.095275791126475 3.45
vertex 110.37062438467925 -49.82795560887857 3.45
vertex 108.74086243382874 -49.827955608879705 3.4500000000000015
endloop
endfacet
facet normal 0 0 1
outer loop
vertex 110.39695312457454 -50.095275791126475 3.45
vertex 108.74086243382874 -49.827955608879705 3.4500000000000015
vertex 108.82195312457466 -50.09527579112702 3.4500000000000015
endloop
endfacet
facet normal 0 0 1
outer loop
vertex 106.10780576617147 -49.827955608879776 3.4499999999999997
vertex 106.239489902469 -49.58159191794717 3.4499999999999997
vertex 104.54459405469643 -49.581591917948 3.45
endloop
endfacet
facet normal 0 0 1
outer loop
vertex 106.10780576617147 -49.827955608879776 3.4499999999999997
vertex 104.54459405469643 -49.581591917948 3.45
vertex 104.48197825879032 -49.78800853395152 3.45
endloop
endfacet
facet normal 0 0 1
outer loop
vertex 106.10780576617147 -49.827955608879776 3.4499999999999997
vertex 104.48197825879032 -49.78800853395152 3.45
vertex 104.47804381532075 -49.82795560887857 3.45
endloop
endfacet
facet normal 0 0 1
outer loop
vertex 110.37062438467925 -49.82795560887857 3.45
vertex 110.36668994120967 -49.78800853395152 3.45
vertex 110.30407414530353 -49.581591917948 3.45
endloop
endfacet
facet normal 0 0 1
outer loop
vertex 110.37062438467925 -49.82795560887857 3.45
vertex 110.30407414530353 -49.581591917948 3.45
vertex 108.60917829753146 -49.581591917946916 3.4499999999999997
endloop
endfacet
facet normal 0 0 1
outer loop
vertex 110.37062438467925 -49.82795560887857 3.45
vertex 108.60917829753146 -49.581591917946916 3.4499999999999997
vertex 108.74086243382874 -49.827955608879705 3.4500000000000015
endloop
endfacet
facet normal 0 0 1
outer loop
vertex 106.239489902469 -49.58159191794717 3.4499999999999997
vertex 106.41670693680899 -49.36565233680894 3.4500000000000015
vertex 104.610098610494 -49.365652336810676 3.45
endloop
endfacet
facet normal 0 0 1
outer loop
vertex 106.239489902469 -49.58159191794717 3.4499999999999997
vertex 104.610098610494 -49.365652336810676 3.45
vertex 104.54459405469643 -49.581591917948 3.45
endloop
endfacet
facet normal 0 0 1
outer loop
vertex 110.30407414530353 -49.581591917948 3.45
vertex 110.23856958950593 -49.365652336810676 3.45
vertex 108.43196126319091 -49.36565233680911 3.4499999999999997
endloop
endfacet
facet normal 0 0 1
outer loop
vertex 110.30407414530353 -49.581591917948 3.45
vertex 108.43196126319091 -49.36565233680911 3.4499999999999997
vertex 108.60917829753146 -49.581591917946916 3.4499999999999997
endloop
endfacet
facet normal 0 0 1
outer loop
vertex 106.41670693680899 -49.36565233680894 3.4500000000000015
vertex 106.63264651794735 -49.18843530246937 3.4499999999999997
vertex 104.67236225198415 -49.18843530246892 3.45
endloop
endfacet
facet normal 0 0 1
outer loop
vertex 106.41670693680899 -49.36565233680894 3.4500000000000015
vertex 104.67236225198415 -49.18843530246892 3.45
vertex 104.65269550246609 -49.22522920290484 3.45
endloop
endfacet
facet normal 0 0 1
outer loop
vertex 106.41670693680899 -49.36565233680894 3.4500000000000015
vertex 104.65269550246609 -49.22522920290484 3.45
vertex 104.610098610494 -49.365652336810676 3.45
endloop
endfacet
facet normal 0 0 1
outer loop
vertex 110.23856958950593 -49.365652336810676 3.45
vertex 110.19597269753383 -49.22522920290484 3.45
vertex 110.17630594801578 -49.18843530246892 3.45
endloop
endfacet
facet normal 0 0 1
outer loop
vertex 110.23856958950593 -49.365652336810676 3.45
vertex 110.17630594801578 -49.18843530246892 3.45
vertex 108.21602168205277 -49.1884353024691 3.4500000000000015
endloop
endfacet
facet normal 0 0 1
outer loop
vertex 110.23856958950593 -49.365652336810676 3.45
vertex 108.21602168205277 -49.1884353024691 3.4500000000000015
vertex 108.43196126319091 -49.36565233680911 3.4499999999999997
endloop
endfacet
facet normal 0 0 1
outer loop
vertex 106.63264651794735 -49.18843530246937 3.4499999999999997
vertex 106.87901020887976 -49.05675116617148 3.4500000000000015
vertex 104.74274888926324 -49.0567511661714 3.45
endloop
endfacet
facet normal 0 0 1
outer loop
vertex 106.63264651794735 -49.18843530246937 3.4499999999999997
vertex 104.74274888926324 -49.0567511661714 3.45
vertex 104.67236225198415 -49.18843530246892 3.45
endloop
endfacet
facet normal 0 0 1
outer loop
vertex 110.17630594801578 -49.18843530246892 3.45
vertex 110.10591931073675 -49.0567511661714 3.45
vertex 107.96965799112014 -49.05675116617162 3.4499999999999997
endloop
endfacet
facet normal 0 0 1
outer loop
vertex 110.17630594801578 -49.18843530246892 3.45
vertex 107.96965799112014 -49.05675116617162 3.4499999999999997
vertex 108.21602168205277 -49.1884353024691 3.4500000000000015
endloop
endfacet
facet normal 0 0 1
outer loop
vertex 106.87901020887976 -49.05675116617148 3.4500000000000015
vertex 107.14633039112701 -48.97566047542534 3.4499999999999997
vertex 104.78609276648888 -48.97566047542548 3.45
endloop
endfacet
facet normal 0 0 1
outer loop
vertex 106.87901020887976 -49.05675116617148 3.4500000000000015
vertex 104.78609276648888 -48.97566047542548 3.45
vertex 104.74274888926324 -49.0567511661714 3.45
endloop
endfacet
facet normal 0 0 1
outer loop
vertex 110.10591931073675 -49.0567511661714 3.45
vertex 110.06257543351114 -48.97566047542548 3.45
vertex 107.70233780887294 -48.97566047542553 3.4499999999999997
endloop
endfacet
facet normal 0 0 1
outer loop
vertex 110.10591931073675 -49.0567511661714 3.45
vertex 107.70233780887294 -48.97566047542553 3.4499999999999997
vertex 107.96965799112014 -49.05675116617162 3.4499999999999997
endloop
endfacet
facet normal 0 0 1
outer loop
vertex 107.14633039112701 -48.97566047542534 3.4499999999999997
vertex 107.42433410000001 -48.9482795000001 3.4499999999999997
vertex 104.80072820276698 -48.94827950000003 3.45
endloop
endfacet
facet normal 0 0 1
outer loop
vertex 107.14633039112701 -48.97566047542534 3.4499999999999997
vertex 104.80072820276698 -48.94827950000003 3.45
vertex 104.78609276648888 -48.97566047542548 3.45
endloop
endfacet
facet normal 0 0 1
outer loop
vertex 110.06257543351114 -48.97566047542548 3.45
vertex 110.04793999723306 -48.94827950000003 3.45
vertex 107.42433410000001 -48.9482795000001 3.4499999999999997
endloop
endfacet
facet normal 0 0 1
outer loop
vertex 110.06257543351114 -48.97566047542548 3.45
vertex 107.42433410000001 -48.9482795000001 3.4499999999999997
vertex 107.70233780887294 -48.97566047542553 3.4499999999999997
endloop
endfacet
facet normal -1.6926673717207645e-16 -9.047495596445943e-17 1
outer loop
vertex 107.42433410000001 -48.9482795000001 3.4499999999999997
vertex 110.04793999723306 -48.94827950000003 3.45
vertex 109.9187429369077 -48.706568800941085 3.45
endloop
endfacet
facet normal -1.6926673717207645e-16 -9.047495596445943e-17 1
outer loop
vertex 107.42433410000001 -48.9482795000001 3.4499999999999997
vertex 109.9187429369077 -48.706568800941085 3.45
vertex 109.54565444355961 -48.25195915644046 3.45
endloop
endfacet
facet normal -1.6926673717207645e-16 -9.047495596445943e-17 1
outer loop
vertex 107.42433410000001 -48.9482795000001 3.4499999999999997
vertex 109.54565444355961 -48.25195915644046 3.45
vertex 109.09104479905884 -47.87887066309233 3.45
endloop
endfacet
facet normal -1.6926673717207645e-16 -9.047495596445943e-17 1
outer loop
vertex 107.42433410000001 -48.9482795000001 3.4499999999999997
vertex 109.09104479905884 -47.87887066309233 3.45
vertex 108.57238439709529 -47.60164090246619 3.45
endloop
endfacet
facet normal -1.6926673717207645e-16 -9.047495596445943e-17 1
outer loop
vertex 107.42433410000001 -48.9482795000001 3.4499999999999997
vertex 108.57238439709529 -47.60164090246619 3.45
vertex 108.00960506604837 -47.430923658790306 3.45
endloop
endfacet
facet normal -1.6926673717207645e-16 -9.047495596445943e-17 1
outer loop
vertex 107.42433410000001 -48.9482795000001 3.4499999999999997
vertex 108.00960506604837 -47.430923658790306 3.45
vertex 107.4243341 -47.3732795 3.45
endloop
endfacet
facet normal -1.6926673717207645e-16 -9.047495596445943e-17 1
outer loop
vertex 107.42433410000001 -48.9482795000001 3.4499999999999997
vertex 107.4243341 -47.3732795 3.45
vertex 106.83906313395167 -47.430923658790306 3.45
endloop
endfacet
facet normal -1.6926673717207645e-16 -9.047495596445943e-17 1
outer loop
vertex 107.42433410000001 -48.9482795000001 3.4499999999999997
vertex 106.83906313395167 -47.430923658790306 3.45
vertex 106.27628380290463 -47.60164090246619 3.45
endloop
endfacet
facet normal -1.6926673717207645e-16 -9.047495596445943e-17 1
outer loop
vertex 107.42433410000001 -48.9482795000001 3.4499999999999997
vertex 106.27628380290463 -47.60164090246619 3.45
vertex 105.75762340094124 -47.87887066309233 3.45
endloop
endfacet
facet normal -1.6926673717207645e-16 -9.047495596445943e-17 1
outer loop
vertex 107.42433410000001 -48.9482795000001 3.4499999999999997
vertex 105.75762340094124 -47.87887066309233 3.45
vertex 105.30301375644024 -48.25195915644046 3.45
endloop
endfacet
facet normal -1.6926673717207645e-16 -9.047495596445943e-17 1
outer loop
vertex 107.42433410000001 -48.9482795000001 3.4499999999999997
vertex 105.30301375644024 -48.25195915644046 3.45
vertex 104.92992526309243 -48.706568800941085 3.45
endloop
endfacet
facet normal -1.6926673717207645e-16 -9.047495596445943e-17 1
outer loop
vertex 107.42433410000001 -48.9482795000001 3.4499999999999997
vertex 104.92992526309243 -48.706568800941085 3.45
vertex 104.80072820276698 -48.94827950000003 3.45
endloop
endfacet
endsolid csg.js
