solid csg.js
facet normal 0 0 -1
outer loop
vertex 89.42433204999998 -27.5062796902952 0
vertex 89.69027064056839 -27.527209520988265 0
vertex 89.9496609404374 -27.589483622298246 0
endloop
endfacet
facet normal 0 0 -1
outer loop
vertex 89.42433204999998 -27.5062796902952 0
vertex 89.9496609404374 -27.589483622298246 0
vertex 90.19611589955724 -27.69156860887979 0
endloop
endfacet
facet normal 0 0 -1
outer loop
vertex 89.42433204999998 -27.5062796902952 0
vertex 90.19611589955724 -27.69156860887979 0
vertex 90.42356697889716 -27.83095080956255 0
endloop
endfacet
facet normal 0 0 -1
outer loop
vertex 89.42433204999998 -27.5062796902952 0
vertex 90.42356697889716 -27.83095080956255 0
vertex 90.62641357801718 -28.00419817198292 0
endloop
endfacet
facet normal 0 0 -1
outer loop
vertex 89.42433204999998 -27.5062796902952 0
vertex 90.62641357801718 -28.00419817198292 0
vertex 90.79966094043742 -28.207044771102787 0
endloop
endfacet
facet normal 0 0 -1
outer loop
vertex 89.42433204999998 -27.5062796902952 0
vertex 90.79966094043742 -28.207044771102787 0
vertex 90.93904314112021 -28.43449585044273 0
endloop
endfacet
facet normal 0 0 -1
outer loop
vertex 89.42433204999998 -27.5062796902952 0
vertex 90.93904314112021 -28.43449585044273 0
vertex 91.04112812770181 -28.680950809562702 0
endloop
endfacet
facet normal 0 0 -1
outer loop
vertex 89.42433204999998 -27.5062796902952 0
vertex 91.04112812770181 -28.680950809562702 0
vertex 91.04720897778392 -28.706279373011668 0
endloop
endfacet
facet normal 0 0 -1
outer loop
vertex 89.42433204999998 -27.5062796902952 0
vertex 91.04720897778392 -28.706279373011668 0
vertex 89.4243283125062 -28.706279373011668 0
endloop
endfacet
facet normal 0 0 -1
outer loop
vertex 89.42433204999998 -27.5062796902952 0
vertex 89.4243283125062 -28.706279373011668 0
vertex 71.42433410000002 -28.706279373011668 0
endloop
endfacet
facet normal 0 0 -1
outer loop
vertex 89.42433204999998 -27.5062796902952 0
vertex 71.42433410000002 -28.706279373011668 0
vertex 69.80503444245696 -28.706279373011668 0
endloop
endfacet
facet normal 0 0 -1
outer loop
vertex 89.42433204999998 -27.5062796902952 0
vertex 69.80503444245696 -28.706279373011668 0
vertex 69.82685459466391 -28.624845456346435 0
endloop
endfacet
facet normal 0 0 -1
outer loop
vertex 89.42433204999998 -27.5062796902952 0
vertex 69.82685459466391 -28.624845456346435 0
vertex 69.95208886356647 -28.35627969999996 0
endloop
endfacet
facet normal 0 0 -1
outer loop
vertex 89.42433204999998 -27.5062796902952 0
vertex 69.95208886356647 -28.35627969999996 0
vertex 70.12205649669771 -28.113540763532903 0
endloop
endfacet
facet normal 0 0 -1
outer loop
vertex 89.42433204999998 -27.5062796902952 0
vertex 70.12205649669771 -28.113540763532903 0
vertex 70.33159311353286 -27.90400414669776 0
endloop
endfacet
facet normal 0 0 -1
outer loop
vertex 89.42433204999998 -27.5062796902952 0
vertex 70.33159311353286 -27.90400414669776 0
vertex 70.57433205000002 -27.73403651356645 0
endloop
endfacet
facet normal 0 0 -1
outer loop
vertex 89.42433204999998 -27.5062796902952 0
vertex 70.57433205000002 -27.73403651356645 0
vertex 70.84289780634633 -27.608802244663977 0
endloop
endfacet
facet normal 0 0 -1
outer loop
vertex 89.42433204999998 -27.5062796902952 0
vertex 70.84289780634633 -27.608802244663977 0
vertex 71.12913014796622 -27.53210651987925 0
endloop
endfacet
facet normal 0 0 -1
outer loop
vertex 89.42433204999998 -27.5062796902952 0
vertex 71.12913014796622 -27.53210651987925 0
vertex 71.4243341 -27.5062796902952 0
endloop
endfacet
facet normal 0 0 -1
outer loop
vertex 71.42433410000002 -28.706279373011668 0
vertex 71.3375076688458 -28.713875823493908 0
vertex 69.8029989796849 -28.713875823493908 0
endloop
endfacet
facet normal 0 0 -1
outer loop
vertex 71.42433410000002 -28.706279373011668 0
vertex 69.8029989796849 -28.713875823493908 0
vertex 69.80503444245696 -28.706279373011668 0
endloop
endfacet
facet normal 0 0 -1
outer loop
vertex 91.04720897778392 -28.706279373011668 0
vertex 91.0490327241891 -28.713875823493908 0
vertex 89.51115613883353 -28.713875823493908 0
endloop
endfacet
facet normal 0 0 -1
outer loop
vertex 91.04720897778392 -28.706279373011668 0
vertex 89.51115613883353 -28.713875823493908 0
vertex 89.4243283125062 -28.706279373011668 0
endloop
endfacet
facet normal 0 0 -1
outer loop
vertex 71.3375076688458 -28.713875823493908 0
vertex 71.25332197833724 -28.736433389607036 0
vertex 69.79695469806168 -28.736433389607036 0
endloop
endfacet
facet normal 0 0 -1
outer loop
vertex 71.3375076688458 -28.713875823493908 0
vertex 69.79695469806168 -28.736433389607036 0
vertex 69.8029989796849 -28.713875823493908 0
endloop
endfacet
facet normal 0 0 -1
outer loop
vertex 91.0490327241891 -28.713875823493908 0
vertex 91.05444831666941 -28.736433389607036 0
vertex 89.59534212166281 -28.736433389607036 0
endloop
endfacet
facet normal 0 0 -1
outer loop
vertex 91.0490327241891 -28.713875823493908 0
vertex 89.59534212166281 -28.736433389607036 0
vertex 89.51115613883353 -28.713875823493908 0
endloop
endfacet
facet normal 0 0 -1
outer loop
vertex 71.25332197833724 -28.736433389607036 0
vertex 71.17433204999995 -28.773266998107786 0
vertex 69.78708516240958 -28.773266998107786 0
endloop
endfacet
facet normal 0 0 -1
outer loop
vertex 71.25332197833724 -28.736433389607036 0
vertex 69.78708516240958 -28.773266998107786 0
vertex 69.79695469806168 -28.736433389607036 0
endloop
endfacet
facet normal 0 0 -1
outer loop
vertex 91.05444831666941 -28.736433389607036 0
vertex 91.06329128369072 -28.773266998107786 0
vertex 89.67433205 -28.773266998107786 0
endloop
endfacet
facet normal 0 0 -1
outer loop
vertex 91.05444831666941 -28.736433389607036 0
vertex 89.67433205 -28.773266998107786 0
vertex 89.59534212166281 -28.736433389607036 0
endloop
endfacet
facet normal 0 0 -1
outer loop
vertex 71.17433204999995 -28.773266998107786 0
vertex 71.10293824515679 -28.82325747844051 0
vertex 69.77369025357518 -28.82325747844051 0
endloop
endfacet
facet normal 0 0 -1
outer loop
vertex 71.17433204999995 -28.773266998107786 0
vertex 69.77369025357518 -28.82325747844051 0
vertex 69.78708516240958 -28.773266998107786 0
endloop
endfacet
facet normal 0 0 -1
outer loop
vertex 91.06329128369072 -28.773266998107786 0
vertex 91.07529293617482 -28.82325747844051 0
vertex 89.74572585484327 -28.82325747844051 0
endloop
endfacet
facet normal 0 0 -1
outer loop
vertex 91.06329128369072 -28.773266998107786 0
vertex 89.74572585484327 -28.82325747844051 0
vertex 89.67433205 -28.773266998107786 0
endloop
endfacet
facet normal 0 0 -1
outer loop
vertex 71.10293824515679 -28.82325747844051 0
vertex 71.04130982844048 -28.884885895156714 0
vertex 69.75717696908526 -28.884885895156714 0
endloop
endfacet
facet normal 0 0 -1
outer loop
vertex 71.10293824515679 -28.82325747844051 0
vertex 69.75717696908526 -28.884885895156714 0
vertex 69.77369025357518 -28.82325747844051 0
endloop
endfacet
facet normal 0 0 -1
outer loop
vertex 91.07529293617482 -28.82325747844051 0
vertex 91.09008860998411 -28.884885895156714 0
vertex 89.80735427155948 -28.884885895156714 0
endloop
endfacet
facet normal 0 0 -1
outer loop
vertex 91.07529293617482 -28.82325747844051 0
vertex 89.80735427155948 -28.884885895156714 0
vertex 89.74572585484327 -28.82325747844051 0
endloop
endfacet
facet normal 0 0 -1
outer loop
vertex 71.04130982844048 -28.884885895156714 0
vertex 70.99131934810777 -28.956279699999982 0
vertex 69.74620421588146 -28.956279699999982 0
endloop
endfacet
facet normal 0 0 -1
outer loop
vertex 71.04130982844048 -28.884885895156714 0
vertex 69.74620421588146 -28.956279699999982 0
vertex 69.75015886987923 -28.911077797966215 0
endloop
endfacet
facet normal 0 0 -1
outer loop
vertex 71.04130982844048 -28.884885895156714 0
vertex 69.75015886987923 -28.911077797966215 0
vertex 69.75717696908526 -28.884885895156714 0
endloop
endfacet
facet normal 0 0 -1
outer loop
vertex 91.09008860998411 -28.884885895156714 0
vertex 91.10340222901173 -28.94034110943157 0
vertex 91.1046567475724 -28.956279699999982 0
endloop
endfacet
facet normal 0 0 -1
outer loop
vertex 91.09008860998411 -28.884885895156714 0
vertex 91.1046567475724 -28.956279699999982 0
vertex 89.85734475189223 -28.956279699999982 0
endloop
endfacet
facet normal 0 0 -1
outer loop
vertex 91.09008860998411 -28.884885895156714 0
vertex 89.85734475189223 -28.956279699999982 0
vertex 89.80735427155948 -28.884885895156714 0
endloop
endfacet
facet normal 0 0 -1
outer loop
vertex 70.99131934810777 -28.956279699999982 0
vertex 70.9544857396072 -29.035269628337055 0
vertex 69.73929349261925 -29.035269628337055 0
endloop
endfacet
facet normal 0 0 -1
outer loop
vertex 70.99131934810777 -28.956279699999982 0
vertex 69.73929349261925 -29.035269628337055 0
vertex 69.74620421588146 -28.956279699999982 0
endloop
endfacet
facet normal 0 0 -1
outer loop
vertex 91.1046567475724 -28.956279699999982 0
vertex 91.1108740056656 -29.035269628337055 0
vertex 89.89417836039291 -29.035269628337055 0
endloop
endfacet
facet normal 0 0 -1
outer loop
vertex 91.1046567475724 -28.956279699999982 0
vertex 89.89417836039291 -29.035269628337055 0
vertex 89.85734475189223 -28.956279699999982 0
endloop
endfacet
facet normal 0 0 -1
outer loop
vertex 70.9544857396072 -29.035269628337055 0
vertex 70.93192817349387 -29.11945561116655 0
vertex 69.73192817349388 -29.11945561116655 0
endloop
endfacet
facet normal 0 0 -1
outer loop
vertex 70.9544857396072 -29.035269628337055 0
vertex 69.73192817349388 -29.11945561116655 0
vertex 69.73929349261925 -29.035269628337055 0
endloop
endfacet
facet normal 0 0 -1
outer loop
vertex 91.1108740056656 -29.035269628337055 0
vertex 91.11750024263148 -29.11945561116655 0
vertex 89.91673592650609 -29.11945561116655 0
endloop
endfacet
facet normal 0 0 -1
outer loop
vertex 91.1108740056656 -29.035269628337055 0
vertex 89.91673592650609 -29.11945561116655 0
vertex 89.89417836039291 -29.035269628337055 0
endloop
endfacet
facet normal 0 0 -1
outer loop
vertex 70.93192817349387 -29.11945561116655 0
vertex 70.92433207624657 -29.206279399999993 0
vertex 69.72433205 -29.206279399999993 0
endloop
endfacet
facet normal 0 0 -1
outer loop
vertex 70.93192817349387 -29.11945561116655 0
vertex 69.72433205 -29.206279399999993 0
vertex 69.73192817349388 -29.11945561116655 0
endloop
endfacet
facet normal 0 0 -1
outer loop
vertex 91.11750024263148 -29.11945561116655 0
vertex 91.1243341 -29.206279399999993 0
vertex 89.9243341 -29.206279399999993 0
endloop
endfacet
facet normal 0 0 -1
outer loop
vertex 91.11750024263148 -29.11945561116655 0
vertex 89.9243341 -29.206279399999993 0
vertex 89.91673592650609 -29.11945561116655 0
endloop
endfacet
facet normal 0 0 -1
outer loop
vertex 91.1243341 -29.206279399999993 0
vertex 91.1243341 -33.17327974627096 0
vertex 89.92433214839227 -33.17327974627096 0
endloop
endfacet
facet normal 0 0 -1
outer loop
vertex 91.1243341 -29.206279399999993 0
vertex 89.92433214839227 -33.17327974627096 0
vertex 89.9243341 -29.206279399999993 0
endloop
endfacet
facet normal 0 0 -1
outer loop
vertex 70.92433207624657 -29.206279399999993 0
vertex 70.92433402292264 -33.8972811 0
vertex 69.72433409999998 -33.8972811 0
endloop
endfacet
facet normal 0 0 -1
outer loop
vertex 70.92433207624657 -29.206279399999993 0
vertex 69.72433409999998 -33.8972811 0
vertex 69.72433205 -29.206279399999993 0
endloop
endfacet
facet normal 0 0 -1
outer loop
vertex 91.1243341 -33.17327974627096 0
vertex 107.42433204999998 -33.17327974627096 0
vertex 107.69027064056837 -33.19420957098827 0
endloop
endfacet
facet normal 0 0 -1
outer loop
vertex 91.1243341 -33.17327974627096 0
vertex 107.69027064056837 -33.19420957098827 0
vertex 107.94966094043743 -33.256483672298245 0
endloop
endfacet
facet normal 0 0 -1
outer loop
vertex 91.1243341 -33.17327974627096 0
vertex 107.94966094043743 -33.256483672298245 0
vertex 108.1961158995572 -33.35856865887976 0
endloop
endfacet
facet normal 0 0 -1
outer loop
vertex 91.1243341 -33.17327974627096 0
vertex 108.1961158995572 -33.35856865887976 0
vertex 108.42356697889723 -33.49795085956261 0
endloop
endfacet
facet normal 0 0 -1
outer loop
vertex 91.1243341 -33.17327974627096 0
vertex 108.42356697889723 -33.49795085956261 0
vertex 108.62641357801716 -33.6711982219829 0
endloop
endfacet
facet normal 0 0 -1
outer loop
vertex 91.1243341 -33.17327974627096 0
vertex 108.62641357801716 -33.6711982219829 0
vertex 108.7996609404374 -33.87404482110278 0
endloop
endfacet
facet normal 0 0 -1
outer loop
vertex 91.1243341 -33.17327974627096 0
vertex 108.7996609404374 -33.87404482110278 0
vertex 108.93904314112022 -34.10149590044277 0
endloop
endfacet
facet normal 0 0 -1
outer loop
vertex 91.1243341 -33.17327974627096 0
vertex 108.93904314112022 -34.10149590044277 0
vertex 109.04112812770177 -34.34795085956261 0
endloop
endfacet
facet normal 0 0 -1
outer loop
vertex 91.1243341 -33.17327974627096 0
vertex 109.04112812770177 -34.34795085956261 0
vertex 109.04720892334859 -34.373279196272286 0
endloop
endfacet
facet normal 0 0 -1
outer loop
vertex 91.1243341 -33.17327974627096 0
vertex 109.04720892334859 -34.373279196272286 0
vertex 107.42432570600508 -34.373279196272286 0
endloop
endfacet
facet normal 0 0 -1
outer loop
vertex 91.1243341 -33.17327974627096 0
vertex 107.42432570600508 -34.373279196272286 0
vertex 90.92433410000002 -34.373279196272286 0
endloop
endfacet
facet normal 0 0 -1
outer loop
vertex 91.1243341 -33.17327974627096 0
vertex 90.92433410000002 -34.373279196272286 0
vertex 90.75068387233303 -34.3580875030122 0
endloop
endfacet
facet normal 0 0 -1
outer loop
vertex 91.1243341 -33.17327974627096 0
vertex 90.75068387233303 -34.3580875030122 0
vertex 90.58231190667433 -34.31297237078591 0
endloop
endfacet
facet normal 0 0 -1
outer loop
vertex 91.1243341 -33.17327974627096 0
vertex 90.58231190667433 -34.31297237078591 0
vertex 90.42433205 -34.23930515378444 0
endloop
endfacet
facet normal 0 0 -1
outer loop
vertex 91.1243341 -33.17327974627096 0
vertex 90.42433205 -34.23930515378444 0
vertex 90.28154444031348 -34.139324193118995 0
endloop
endfacet
facet normal 0 0 -1
outer loop
vertex 91.1243341 -33.17327974627096 0
vertex 90.28154444031348 -34.139324193118995 0
vertex 90.15828760688103 -34.016067359686545 0
endloop
endfacet
facet normal 0 0 -1
outer loop
vertex 91.1243341 -33.17327974627096 0
vertex 90.15828760688103 -34.016067359686545 0
vertex 90.05830664621561 -33.87327975000007 0
endloop
endfacet
facet normal 0 0 -1
outer loop
vertex 91.1243341 -33.17327974627096 0
vertex 90.05830664621561 -33.87327975000007 0
vertex 89.98463942921408 -33.71529989332562 0
endloop
endfacet
facet normal 0 0 -1
outer loop
vertex 91.1243341 -33.17327974627096 0
vertex 89.98463942921408 -33.71529989332562 0
vertex 89.9395242969878 -33.54692792766696 0
endloop
endfacet
facet normal 0 0 -1
outer loop
vertex 91.1243341 -33.17327974627096 0
vertex 89.9395242969878 -33.54692792766696 0
vertex 89.92433205 -33.37327975000004 0
endloop
endfacet
facet normal 0 0 -1
outer loop
vertex 91.1243341 -33.17327974627096 0
vertex 89.92433205 -33.37327975000004 0
vertex 89.92433214839227 -33.17327974627096 0
endloop
endfacet
facet normal 0 0 -1
outer loop
vertex 109.04720892334859 -34.373279196272286 0
vertex 109.04903272418909 -34.3808758734939 0
vertex 107.51115613883346 -34.3808758734939 0
endloop
endfacet
facet normal 0 0 -1
outer loop
vertex 109.04720892334859 -34.373279196272286 0
vertex 107.51115613883346 -34.3808758734939 0
vertex 107.42432570600508 -34.373279196272286 0
endloop
endfacet
facet normal 0 0 -1
outer loop
vertex 109.04903272418909 -34.3808758734939 0
vertex 109.0544483166694 -34.40343343960705 0
vertex 107.59534212166282 -34.40343343960705 0
endloop
endfacet
facet normal 0 0 -1
outer loop
vertex 109.04903272418909 -34.3808758734939 0
vertex 107.59534212166282 -34.40343343960705 0
vertex 107.51115613883346 -34.3808758734939 0
endloop
endfacet
facet normal 0 0 -1
outer loop
vertex 109.0544483166694 -34.40343343960705 0
vertex 109.0632912836907 -34.440267048107806 0
vertex 107.67433205000003 -34.440267048107806 0
endloop
endfacet
facet normal 0 0 -1
outer loop
vertex 109.0544483166694 -34.40343343960705 0
vertex 107.67433205000003 -34.440267048107806 0
vertex 107.59534212166282 -34.40343343960705 0
endloop
endfacet
facet normal 0 0 -1
outer loop
vertex 109.0632912836907 -34.440267048107806 0
vertex 109.07529293617479 -34.49025752844047 0
vertex 107.74572585484322 -34.49025752844047 0
endloop
endfacet
facet normal 0 0 -1
outer loop
vertex 109.0632912836907 -34.440267048107806 0
vertex 107.74572585484322 -34.49025752844047 0
vertex 107.67433205000003 -34.440267048107806 0
endloop
endfacet
facet normal 0 0 -1
outer loop
vertex 109.07529293617479 -34.49025752844047 0
vertex 109.0900886099841 -34.55188594515673 0
vertex 107.80735427155946 -34.55188594515673 0
endloop
endfacet
facet normal 0 0 -1
outer loop
vertex 109.07529293617479 -34.49025752844047 0
vertex 107.80735427155946 -34.55188594515673 0
vertex 107.74572585484322 -34.49025752844047 0
endloop
endfacet
facet normal 0 0 -1
outer loop
vertex 109.0900886099841 -34.55188594515673 0
vertex 109.10340222901176 -34.60734115943174 0
vertex 109.10465674733656 -34.62327975000005 0
endloop
endfacet
facet normal 0 0 -1
outer loop
vertex 109.0900886099841 -34.55188594515673 0
vertex 109.10465674733656 -34.62327975000005 0
vertex 107.85734475189224 -34.62327975000005 0
endloop
endfacet
facet normal 0 0 -1
outer loop
vertex 109.0900886099841 -34.55188594515673 0
vertex 107.85734475189224 -34.62327975000005 0
vertex 107.80735427155946 -34.55188594515673 0
endloop
endfacet
facet normal 0 0 -1
outer loop
vertex 109.10465674733656 -34.62327975000005 0
vertex 109.11087400426082 -34.702269678337146 0
vertex 107.89417836039294 -34.702269678337146 0
endloop
endfacet
facet normal 0 0 -1
outer loop
vertex 109.10465674733656 -34.62327975000005 0
vertex 107.89417836039294 -34.702269678337146 0
vertex 107.85734475189224 -34.62327975000005 0
endloop
endfacet
facet normal 0 0 -1
outer loop
vertex 109.11087400426082 -34.702269678337146 0
vertex 109.11750023998086 -34.78645566116657 0
vertex 107.9167359265061 -34.78645566116657 0
endloop
endfacet
facet normal 0 0 -1
outer loop
vertex 109.11087400426082 -34.702269678337146 0
vertex 107.9167359265061 -34.78645566116657 0
vertex 107.89417836039294 -34.702269678337146 0
endloop
endfacet
facet normal 0 0 -1
outer loop
vertex 109.11750023998086 -34.78645566116657 0
vertex 109.1243341 -34.87327949999991 0
vertex 107.9243341 -34.87327949999991 0
endloop
endfacet
facet normal 0 0 -1
outer loop
vertex 109.11750023998086 -34.78645566116657 0
vertex 107.9243341 -34.87327949999991 0
vertex 107.9167359265061 -34.78645566116657 0
endloop
endfacet
facet normal 0 0 -1
outer loop
vertex 109.1243341 -34.87327949999991 0
vertex 109.1243341 -36.006279400000004 0
vertex 107.92433235757736 -36.006279400000004 0
endloop
endfacet
facet normal 0 0 -1
outer loop
vertex 109.1243341 -34.87327949999991 0
vertex 107.92433235757736 -36.006279400000004 0
vertex 107.9243341 -34.87327949999991 0
endloop
endfacet
facet normal 0 0 -1
outer loop
vertex 109.1243341 -36.006279400000004 0
vertex 125.42433205000012 -36.006279400000004 0
vertex 125.69027064056836 -36.027209520988265 0
endloop
endfacet
facet normal 0 0 -1
outer loop
vertex 109.1243341 -36.006279400000004 0
vertex 125.69027064056836 -36.027209520988265 0
vertex 125.94966094043744 -36.089483622298246 0
endloop
endfacet
facet normal 0 0 -1
outer loop
vertex 109.1243341 -36.006279400000004 0
vertex 125.94966094043744 -36.089483622298246 0
vertex 126.19611589955719 -36.191568608879756 0
endloop
endfacet
facet normal 0 0 -1
outer loop
vertex 109.1243341 -36.006279400000004 0
vertex 126.19611589955719 -36.191568608879756 0
vertex 126.42356697889706 -36.3309508095625 0
endloop
endfacet
facet normal 0 0 -1
outer loop
vertex 109.1243341 -36.006279400000004 0
vertex 126.42356697889706 -36.3309508095625 0
vertex 126.62641357801719 -36.50419817198296 0
endloop
endfacet
facet normal 0 0 -1
outer loop
vertex 109.1243341 -36.006279400000004 0
vertex 126.62641357801719 -36.50419817198296 0
vertex 126.79966094043743 -36.70704477110283 0
endloop
endfacet
facet normal 0 0 -1
outer loop
vertex 109.1243341 -36.006279400000004 0
vertex 126.79966094043743 -36.70704477110283 0
vertex 126.80324062238422 -36.71288628112708 0
endloop
endfacet
facet normal 0 0 -1
outer loop
vertex 109.1243341 -36.006279400000004 0
vertex 126.80324062238422 -36.71288628112708 0
vertex 119.7848291167456 -36.71288628112708 0
endloop
endfacet
facet normal 0 0 -1
outer loop
vertex 109.1243341 -36.006279400000004 0
vertex 119.7848291167456 -36.71288628112708 0
vertex 108.06293262412255 -36.71288628112708 0
endloop
endfacet
facet normal 0 0 -1
outer loop
vertex 109.1243341 -36.006279400000004 0
vertex 108.06293262412255 -36.71288628112708 0
vertex 108.05830664621554 -36.70627969999995 0
endloop
endfacet
facet normal 0 0 -1
outer loop
vertex 109.1243341 -36.006279400000004 0
vertex 108.05830664621554 -36.70627969999995 0
vertex 107.98463942921413 -36.54829984332573 0
endloop
endfacet
facet normal 0 0 -1
outer loop
vertex 109.1243341 -36.006279400000004 0
vertex 107.98463942921413 -36.54829984332573 0
vertex 107.93952429698778 -36.379927877666816 0
endloop
endfacet
facet normal 0 0 -1
outer loop
vertex 109.1243341 -36.006279400000004 0
vertex 107.93952429698778 -36.379927877666816 0
vertex 107.92433205000002 -36.20627970000015 0
endloop
endfacet
facet normal 0 0 -1
outer loop
vertex 109.1243341 -36.006279400000004 0
vertex 107.92433205000002 -36.20627970000015 0
vertex 107.92433235757736 -36.006279400000004 0
endloop
endfacet
facet normal 0 0 -1
outer loop
vertex 70.92433402292264 -33.8972811 0
vertex 70.92433410000001 -34.080547299999864 0
vertex 70.9107781281204 -34.24463507937341 0
endloop
endfacet
facet normal 0 0 -1
outer loop
vertex 70.92433402292264 -33.8972811 0
vertex 70.9107781281204 -34.24463507937341 0
vertex 70.87048194308636 -34.40427819217123 0
endloop
endfacet
facet normal 0 0 -1
outer loop
vertex 70.92433402292264 -33.8972811 0
vertex 70.87048194308636 -34.40427819217123 0
vertex 70.80453591262675 -34.55514511054201 0
endloop
endfacet
facet normal 0 0 -1
outer loop
vertex 70.92433402292264 -33.8972811 0
vertex 70.80453591262675 -34.55514511054201 0
vertex 70.71472781423854 -34.69314587668498 0
endloop
endfacet
facet normal 0 0 -1
outer loop
vertex 70.92433402292264 -33.8972811 0
vertex 70.71472781423854 -34.69314587668498 0
vertex 70.60349231906503 -34.81453933040289 0
endloop
endfacet
facet normal 0 0 -1
outer loop
vertex 70.92433402292264 -33.8972811 0
vertex 70.60349231906503 -34.81453933040289 0
vertex 70.47384498867599 -34.91603453085639 0
endloop
endfacet
facet normal 0 0 -1
outer loop
vertex 70.92433402292264 -33.8972811 0
vertex 70.47384498867599 -34.91603453085639 0
vertex 70.32930052408099 -34.99487997300154 0
endloop
endfacet
facet normal 0 0 -1
outer loop
vertex 70.92433402292264 -33.8972811 0
vertex 70.32930052408099 -34.99487997300154 0
vertex 70.17377748321806 -35.04893818008287 0
endloop
endfacet
facet normal 0 0 -1
outer loop
vertex 70.92433402292264 -33.8972811 0
vertex 70.17377748321806 -35.04893818008287 0
vertex 70.01149205000004 -35.07674365 0
endloop
endfacet
facet normal 0 0 -1
outer loop
vertex 70.92433402292264 -33.8972811 0
vertex 70.01149205000004 -35.07674365 0
vertex 48.79164558254851 -36.93323800000002 0
endloop
endfacet
facet normal 0 0 -1
outer loop
vertex 70.92433402292264 -33.8972811 0
vertex 48.79164558254851 -36.93323800000002 0
vertex 47.214298092715715 -36.93323800000002 0
endloop
endfacet
facet normal 0 0 -1
outer loop
vertex 70.92433402292264 -33.8972811 0
vertex 47.214298092715715 -36.93323800000002 0
vertex 47.294498815321 -36.71288628112708 0
endloop
endfacet
facet normal 0 0 -1
outer loop
vertex 70.92433402292264 -33.8972811 0
vertex 47.294498815321 -36.71288628112708 0
vertex 47.44266273678213 -36.45625703321172 0
endloop
endfacet
facet normal 0 0 -1
outer loop
vertex 70.92433402292264 -33.8972811 0
vertex 47.44266273678213 -36.45625703321172 0
vertex 47.6331389009663 -36.22925494206273 0
endloop
endfacet
facet normal 0 0 -1
outer loop
vertex 70.92433402292264 -33.8972811 0
vertex 47.6331389009663 -36.22925494206273 0
vertex 47.86013979056341 -36.03877734592494 0
endloop
endfacet
facet normal 0 0 -1
outer loop
vertex 70.92433402292264 -33.8972811 0
vertex 47.86013979056341 -36.03877734592494 0
vertex 48.116768103837316 -35.890611805617475 0
endloop
endfacet
facet normal 0 0 -1
outer loop
vertex 70.92433402292264 -33.8972811 0
vertex 48.116768103837316 -35.890611805617475 0
vertex 48.39522632548348 -35.78926025256569 0
endloop
endfacet
facet normal 0 0 -1
outer loop
vertex 70.92433402292264 -33.8972811 0
vertex 48.39522632548348 -35.78926025256569 0
vertex 48.68705729999991 -35.73780440000001 0
endloop
endfacet
facet normal 0 0 -1
outer loop
vertex 70.92433402292264 -33.8972811 0
vertex 48.68705729999991 -35.73780440000001 0
vertex 69.72433409999998 -33.8972811 0
endloop
endfacet
facet normal 0 0 -1
outer loop
vertex 48.79164558254851 -36.93323800000002 0
vertex 48.71425845716316 -36.946183477655616 0
vertex 47.209586367897955 -36.946183477655616 0
endloop
endfacet
facet normal 0 0 -1
outer loop
vertex 48.79164558254851 -36.93323800000002 0
vertex 47.209586367897955 -36.946183477655616 0
vertex 47.214298092715715 -36.93323800000002 0
endloop
endfacet
facet normal 0 0 -1
outer loop
vertex 48.71425845716316 -36.946183477655616 0
vertex 48.63985329788603 -36.97107907963476 0
vertex 47.20052519388655 -36.97107907963476 0
endloop
endfacet
facet normal 0 0 -1
outer loop
vertex 48.71425845716316 -36.946183477655616 0
vertex 47.20052519388655 -36.97107907963476 0
vertex 47.209586367897955 -36.946183477655616 0
endloop
endfacet
facet normal 0 0 -1
outer loop
vertex 48.63985329788603 -36.97107907963476 0
vertex 48.57025876338939 -37.00730778478698 0
vertex 47.19033442217985 -37.00730778478698 0
endloop
endfacet
facet normal 0 0 -1
outer loop
vertex 48.63985329788603 -36.97107907963476 0
vertex 47.19033442217985 -37.00730778478698 0
vertex 47.19314901882032 -36.99134514210592 0
endloop
endfacet
facet normal 0 0 -1
outer loop
vertex 48.63985329788603 -36.97107907963476 0
vertex 47.19314901882032 -36.99134514210592 0
vertex 47.20052519388655 -36.97107907963476 0
endloop
endfacet
facet normal 0 0 -1
outer loop
vertex 48.57025876338939 -37.00730778478698 0
vertex 48.50718852464933 -37.05397750934036 0
vertex 47.18210543074252 -37.05397750934036 0
endloop
endfacet
facet normal 0 0 -1
outer loop
vertex 48.57025876338939 -37.00730778478698 0
vertex 47.18210543074252 -37.05397750934036 0
vertex 47.19033442217985 -37.00730778478698 0
endloop
endfacet
facet normal 0 0 -1
outer loop
vertex 48.50718852464933 -37.05397750934036 0
vertex 48.452195602140414 -37.109939073280515 0
vertex 47.17223806629895 -37.109939073280515 0
endloop
endfacet
facet normal 0 0 -1
outer loop
vertex 48.50718852464933 -37.05397750934036 0
vertex 47.17223806629895 -37.109939073280515 0
vertex 47.18210543074252 -37.05397750934036 0
endloop
endfacet
facet normal 0 0 -1
outer loop
vertex 48.452195602140414 -37.109939073280515 0
vertex 48.4066341234332 -37.17381449738295 0
vertex 47.16097529940811 -37.17381449738295 0
endloop
endfacet
facet normal 0 0 -1
outer loop
vertex 48.452195602140414 -37.109939073280515 0
vertex 47.16097529940811 -37.17381449738295 0
vertex 47.17223806629895 -37.109939073280515 0
endloop
endfacet
facet normal 0 0 -1
outer loop
vertex 119.7848291167456 -36.71288628112708 0
vertex 125.42433205000003 -37.206278299383776 0
vertex 108.92433409999994 -37.206278299383776 0
endloop
endfacet
facet normal 0 0 -1
outer loop
vertex 119.7848291167456 -36.71288628112708 0
vertex 108.92433409999994 -37.206278299383776 0
vertex 108.75068387233311 -37.19108745301221 0
endloop
endfacet
facet normal 0 0 -1
outer loop
vertex 119.7848291167456 -36.71288628112708 0
vertex 108.75068387233311 -37.19108745301221 0
vertex 108.58231190667429 -37.14597232078589 0
endloop
endfacet
facet normal 0 0 -1
outer loop
vertex 119.7848291167456 -36.71288628112708 0
vertex 108.58231190667429 -37.14597232078589 0
vertex 108.42433205000002 -37.07230510378445 0
endloop
endfacet
facet normal 0 0 -1
outer loop
vertex 119.7848291167456 -36.71288628112708 0
vertex 108.42433205000002 -37.07230510378445 0
vertex 108.28154444031345 -36.97232414311897 0
endloop
endfacet
facet normal 0 0 -1
outer loop
vertex 119.7848291167456 -36.71288628112708 0
vertex 108.28154444031345 -36.97232414311897 0
vertex 108.15828760688106 -36.84906730968657 0
endloop
endfacet
facet normal 0 0 -1
outer loop
vertex 119.7848291167456 -36.71288628112708 0
vertex 108.15828760688106 -36.84906730968657 0
vertex 108.06293262412255 -36.71288628112708 0
endloop
endfacet
facet normal 0 0 -1
outer loop
vertex 126.80324062238422 -36.71288628112708 0
vertex 126.93904314112022 -36.93449585044278 0
vertex 127.04112812770174 -37.18095080956253 0
endloop
endfacet
facet normal 0 0 -1
outer loop
vertex 126.80324062238422 -36.71288628112708 0
vertex 127.04112812770174 -37.18095080956253 0
vertex 127.04903272418908 -37.21387582349389 0
endloop
endfacet
facet normal 0 0 -1
outer loop
vertex 126.80324062238422 -36.71288628112708 0
vertex 127.04903272418908 -37.21387582349389 0
vertex 125.5111561388335 -37.21387582349389 0
endloop
endfacet
facet normal 0 0 -1
outer loop
vertex 126.80324062238422 -36.71288628112708 0
vertex 125.5111561388335 -37.21387582349389 0
vertex 125.42433205000003 -37.206278299383776 0
endloop
endfacet
facet normal 0 0 -1
outer loop
vertex 126.80324062238422 -36.71288628112708 0
vertex 125.42433205000003 -37.206278299383776 0
vertex 119.7848291167456 -36.71288628112708 0
endloop
endfacet
facet normal 0 0 -1
outer loop
vertex 127.04903272418908 -37.21387582349389 0
vertex 127.05444831666938 -37.23643338960703 0
vertex 125.59534212166281 -37.23643338960703 0
endloop
endfacet
facet normal 0 0 -1
outer loop
vertex 127.04903272418908 -37.21387582349389 0
vertex 125.59534212166281 -37.23643338960703 0
vertex 125.5111561388335 -37.21387582349389 0
endloop
endfacet
facet normal 0 0 -1
outer loop
vertex 48.4066341234332 -37.17381449738295 0
vertex 48.37162597941069 -37.24403093412197 0
vertex 47.148594457064014 -37.24403093412197 0
endloop
endfacet
facet normal 0 0 -1
outer loop
vertex 48.4066341234332 -37.17381449738295 0
vertex 47.148594457064014 -37.24403093412197 0
vertex 47.16097529940811 -37.17381449738295 0
endloop
endfacet
facet normal 0 0 -1
outer loop
vertex 127.05444831666938 -37.23643338960703 0
vertex 127.06329128369069 -37.273266998107765 0
vertex 125.67433204999998 -37.273266998107765 0
endloop
endfacet
facet normal 0 0 -1
outer loop
vertex 127.05444831666938 -37.23643338960703 0
vertex 125.67433204999998 -37.273266998107765 0
vertex 125.59534212166281 -37.23643338960703 0
endloop
endfacet
facet normal 0 0 -1
outer loop
vertex 48.37162597941069 -37.24403093412197 0
vertex 48.34803319910935 -37.3188593969531 0
vertex 47.14169290864351 -37.3188593969531 0
endloop
endfacet
facet normal 0 0 -1
outer loop
vertex 48.37162597941069 -37.24403093412197 0
vertex 47.14169290864351 -37.3188593969531 0
vertex 47.14169280713871 -37.28317279122042 0
endloop
endfacet
facet normal 0 0 -1
outer loop
vertex 48.37162597941069 -37.24403093412197 0
vertex 47.14169280713871 -37.28317279122042 0
vertex 47.148594457064014 -37.24403093412197 0
endloop
endfacet
facet normal 0 0 -1
outer loop
vertex 127.06329128369069 -37.273266998107765 0
vertex 127.07529293617479 -37.32325747844052 0
vertex 125.74572585484327 -37.32325747844052 0
endloop
endfacet
facet normal 0 0 -1
outer loop
vertex 127.06329128369069 -37.273266998107765 0
vertex 125.74572585484327 -37.32325747844052 0
vertex 125.67433204999998 -37.273266998107765 0
endloop
endfacet
facet normal 0 0 -1
outer loop
vertex 127.07529293617479 -37.32325747844052 0
vertex 127.0900886099841 -37.38488589515676 0
vertex 125.80735427155952 -37.38488589515676 0
endloop
endfacet
facet normal 0 0 -1
outer loop
vertex 127.07529293617479 -37.32325747844052 0
vertex 125.80735427155952 -37.38488589515676 0
vertex 125.74572585484327 -37.32325747844052 0
endloop
endfacet
facet normal 0 0 -1
outer loop
vertex 48.34803319910935 -37.3188593969531 0
vertex 48.3364367233654 -37.39645733431187 0
vertex 47.14169312935836 -37.39645733431187 0
endloop
endfacet
facet normal 0 0 -1
outer loop
vertex 48.34803319910935 -37.3188593969531 0
vertex 47.14169312935836 -37.39645733431187 0
vertex 47.14169290864351 -37.3188593969531 0
endloop
endfacet
facet normal 0 0 -1
outer loop
vertex 127.0900886099841 -37.38488589515676 0
vertex 127.10340222901173 -37.44034110943167 0
vertex 127.1046567475724 -37.45627969999996 0
endloop
endfacet
facet normal 0 0 -1
outer loop
vertex 127.0900886099841 -37.38488589515676 0
vertex 127.1046567475724 -37.45627969999996 0
vertex 125.85734475189221 -37.45627969999996 0
endloop
endfacet
facet normal 0 0 -1
outer loop
vertex 127.0900886099841 -37.38488589515676 0
vertex 125.85734475189221 -37.45627969999996 0
vertex 125.80735427155952 -37.38488589515676 0
endloop
endfacet
facet normal 0 0 -1
outer loop
vertex 48.3364367233654 -37.39645733431187 0
vertex 48.33712210000001 -37.474914000000155 0
vertex 47.14169335251571 -37.474914000000155 0
endloop
endfacet
facet normal 0 0 -1
outer loop
vertex 48.3364367233654 -37.39645733431187 0
vertex 47.14169335251571 -37.474914000000155 0
vertex 47.14169312935836 -37.39645733431187 0
endloop
endfacet
facet normal 0 0 -1
outer loop
vertex 127.1046567475724 -37.45627969999996 0
vertex 127.1108740056656 -37.535269628337176 0
vertex 125.89417836039297 -37.535269628337176 0
endloop
endfacet
facet normal 0 0 -1
outer loop
vertex 127.1046567475724 -37.45627969999996 0
vertex 125.89417836039297 -37.535269628337176 0
vertex 125.85734475189221 -37.45627969999996 0
endloop
endfacet
facet normal 0 0 -1
outer loop
vertex 127.1108740056656 -37.535269628337176 0
vertex 127.11750024263148 -37.619455611166615 0
vertex 125.91673592650614 -37.619455611166615 0
endloop
endfacet
facet normal 0 0 -1
outer loop
vertex 127.1108740056656 -37.535269628337176 0
vertex 125.91673592650614 -37.619455611166615 0
vertex 125.89417836039297 -37.535269628337176 0
endloop
endfacet
facet normal 0 0 -1
outer loop
vertex 127.11750024263148 -37.619455611166615 0
vertex 127.1243341 -37.706279400000014 0
vertex 125.9243341 -37.706279400000014 0
endloop
endfacet
facet normal 0 0 -1
outer loop
vertex 127.11750024263148 -37.619455611166615 0
vertex 125.9243341 -37.706279400000014 0
vertex 125.91673592650614 -37.619455611166615 0
endloop
endfacet
facet normal 0 0 -1
outer loop
vertex 48.33712210000001 -37.474914000000155 0
vertex 49.78476674961236 -54.0215367 0
vertex 48.58018309999999 -54.0215367 0
endloop
endfacet
facet normal 0 0 -1
outer loop
vertex 48.33712210000001 -37.474914000000155 0
vertex 48.58018309999999 -54.0215367 0
vertex 47.14169365000001 -37.57950220000009 0
endloop
endfacet
facet normal 0 0 -1
outer loop
vertex 48.33712210000001 -37.474914000000155 0
vertex 47.14169365000001 -37.57950220000009 0
vertex 47.14169335251571 -37.474914000000155 0
endloop
endfacet
facet normal 0 0 1
outer loop
vertex 49.78476674961236 -54.0215367 0
vertex 49.81874489999993 -54.40990800000003 0
vertex 49.86337555537291 -54.92003775836797 0
endloop
endfacet
facet normal 0 0 1
outer loop
vertex 49.78476674961236 -54.0215367 0
vertex 49.86337555537291 -54.92003775836797 0
vertex 25.777524800000037 -61.37382199999998 0
endloop
endfacet
facet normal 0 0 1
outer loop
vertex 49.78476674961236 -54.0215367 0
vertex 25.777524800000037 -61.37382199999998 0
vertex 24.280503566683386 -61.37382199999998 0
endloop
endfacet
facet normal 0 0 1
outer loop
vertex 49.78476674961236 -54.0215367 0
vertex 24.280503566683386 -61.37382199999998 0
vertex 24.366213833796373 -61.13833595052204 0
endloop
endfacet
facet normal 0 0 1
outer loop
vertex 49.78476674961236 -54.0215367 0
vertex 24.366213833796373 -61.13833595052204 0
vertex 24.51437830489745 -60.8817080067074 0
endloop
endfacet
facet normal 0 0 1
outer loop
vertex 49.78476674961236 -54.0215367 0
vertex 24.51437830489745 -60.8817080067074 0
vertex 24.70485466937069 -60.65470719917543 0
endloop
endfacet
facet normal 0 0 1
outer loop
vertex 49.78476674961236 -54.0215367 0
vertex 24.70485466937069 -60.65470719917543 0
vertex 24.93185543720096 -60.4642307873874 0
endloop
endfacet
facet normal 0 0 1
outer loop
vertex 49.78476674961236 -54.0215367 0
vertex 24.93185543720096 -60.4642307873874 0
vertex 25.188483350132863 -60.31606626279642 0
endloop
endfacet
facet normal 0 0 1
outer loop
vertex 49.78476674961236 -54.0215367 0
vertex 25.188483350132863 -60.31606626279642 0
vertex 25.46694189999993 -60.21471100000002 0
endloop
endfacet
facet normal 0 0 1
outer loop
vertex 49.78476674961236 -54.0215367 0
vertex 25.46694189999993 -60.21471100000002 0
vertex 48.58018309999999 -54.0215367 0
endloop
endfacet
facet normal 0 0 -1
outer loop
vertex 25.777524800000037 -61.37382199999998 0
vertex 25.695628666026956 -61.40363400535784 0
vertex 24.26965283922815 -61.40363400535784 0
endloop
endfacet
facet normal 0 0 -1
outer loop
vertex 25.777524800000037 -61.37382199999998 0
vertex 24.26965283922815 -61.40363400535784 0
vertex 24.280503566683386 -61.37382199999998 0
endloop
endfacet
facet normal 0 0 -1
outer loop
vertex 25.695628666026956 -61.40363400535784 0
vertex 25.62015016142983 -61.447210548974624 0
vertex 24.25949973556525 -61.447210548974624 0
endloop
endfacet
facet normal 0 0 -1
outer loop
vertex 25.695628666026956 -61.40363400535784 0
vertex 24.25949973556525 -61.447210548974624 0
vertex 24.264863129040066 -61.416793571514006 0
endloop
endfacet
facet normal 0 0 -1
outer loop
vertex 25.695628666026956 -61.40363400535784 0
vertex 24.264863129040066 -61.416793571514006 0
vertex 24.26965283922815 -61.40363400535784 0
endloop
endfacet
facet normal 0 0 -1
outer loop
vertex 25.62015016142983 -61.447210548974624 0
vertex 25.553385200881895 -61.50323161512665 0
vertex 24.24962160020348 -61.50323161512665 0
endloop
endfacet
facet normal 0 0 -1
outer loop
vertex 25.62015016142983 -61.447210548974624 0
vertex 24.24962160020348 -61.50323161512665 0
vertex 24.25949973556525 -61.447210548974624 0
endloop
endfacet
facet normal 0 0 -1
outer loop
vertex 25.553385200881895 -61.50323161512665 0
vertex 25.497362349528622 -61.569995077709514 0
vertex 24.23784926943733 -61.569995077709514 0
endloop
endfacet
facet normal 0 0 -1
outer loop
vertex 25.553385200881895 -61.50323161512665 0
vertex 24.23784926943733 -61.569995077709514 0
vertex 24.24962160020348 -61.50323161512665 0
endloop
endfacet
facet normal 0 0 -1
outer loop
vertex 25.497362349528622 -61.569995077709514 0
vertex 25.453783787715683 -61.64547241709114 0
vertex 24.224540429988703 -61.64547241709114 0
endloop
endfacet
facet normal 0 0 -1
outer loop
vertex 25.497362349528622 -61.569995077709514 0
vertex 24.224540429988703 -61.64547241709114 0
vertex 24.23784926943733 -61.569995077709514 0
endloop
endfacet
facet normal 0 0 -1
outer loop
vertex 25.453783787715683 -61.64547241709114 0
vertex 25.42397359248702 -61.727370354001714 0
vertex 24.21340561389254 -61.727370354001714 0
endloop
endfacet
facet normal 0 0 -1
outer loop
vertex 25.453783787715683 -61.64547241709114 0
vertex 24.21340561389254 -61.727370354001714 0
vertex 24.213405660322458 -61.70862013123104 0
endloop
endfacet
facet normal 0 0 -1
outer loop
vertex 25.453783787715683 -61.64547241709114 0
vertex 24.213405660322458 -61.70862013123104 0
vertex 24.224540429988703 -61.64547241709114 0
endloop
endfacet
facet normal 0 0 -1
outer loop
vertex 25.42397359248702 -61.727370354001714 0
vertex 25.408837507252382 -61.81320052779611 0
vertex 24.213405401357054 -61.81320052779611 0
endloop
endfacet
facet normal 0 0 -1
outer loop
vertex 25.42397359248702 -61.727370354001714 0
vertex 24.213405401357054 -61.81320052779611 0
vertex 24.21340561389254 -61.727370354001714 0
endloop
endfacet
facet normal 0 0 -1
outer loop
vertex 25.408837507252382 -61.81320052779611 0
vertex 25.408835421970537 -61.90035510200448 0
vertex 24.21340518554204 -61.90035510200448 0
endloop
endfacet
facet normal 0 0 -1
outer loop
vertex 25.408837507252382 -61.81320052779611 0
vertex 24.21340518554204 -61.90035510200448 0
vertex 24.213405401357054 -61.81320052779611 0
endloop
endfacet
facet normal 0 0 -1
outer loop
vertex 25.408835421970537 -61.90035510200448 0
vertex 25.42396740000001 -61.98618600000003 0
vertex 24.21340497300476 -61.98618600000003 0
endloop
endfacet
facet normal 0 0 -1
outer loop
vertex 25.408835421970537 -61.90035510200448 0
vertex 24.21340497300476 -61.98618600000003 0
vertex 24.21340518554204 -61.90035510200448 0
endloop
endfacet
facet normal 0 0 -1
outer loop
vertex 127.1243341 -37.706279400000014 0
vertex 127.1243341 -95.4451247 0
vertex 125.92433290264233 -95.4451247 0
endloop
endfacet
facet normal 0 0 -1
outer loop
vertex 127.1243341 -37.706279400000014 0
vertex 125.92433290264233 -95.4451247 0
vertex 125.9243341 -37.706279400000014 0
endloop
endfacet
facet normal 0 0 -1
outer loop
vertex 127.1243341 -95.4451247 0
vertex 141.27707414999983 -102.04464814999994 0
vertex 141.50925051468894 -102.17600878892623 0
endloop
endfacet
facet normal 0 0 -1
outer loop
vertex 127.1243341 -95.4451247 0
vertex 141.50925051468894 -102.17600878892623 0
vertex 141.7180190551698 -102.34207256668867 0
endloop
endfacet
facet normal 0 0 -1
outer loop
vertex 127.1243341 -95.4451247 0
vertex 141.7180190551698 -102.34207256668867 0
vertex 141.8982391905812 -102.53875043674917 0
endloop
endfacet
facet normal 0 0 -1
outer loop
vertex 127.1243341 -95.4451247 0
vertex 141.8982391905812 -102.53875043674917 0
vertex 142.0454732974343 -102.76119953105685 0
endloop
endfacet
facet normal 0 0 -1
outer loop
vertex 127.1243341 -95.4451247 0
vertex 142.0454732974343 -102.76119953105685 0
vertex 142.1560959787703 -103.00394240768448 0
endloop
endfacet
facet normal 0 0 -1
outer loop
vertex 127.1243341 -95.4451247 0
vertex 142.1560959787703 -103.00394240768448 0
vertex 142.19167033605422 -103.13222219999994 0
endloop
endfacet
facet normal 0 0 -1
outer loop
vertex 127.1243341 -95.4451247 0
vertex 142.19167033605422 -103.13222219999994 0
vertex 140.7699244999999 -103.13222219999994 0
endloop
endfacet
facet normal 0 0 -1
outer loop
vertex 127.1243341 -95.4451247 0
vertex 140.7699244999999 -103.13222219999994 0
vertex 126.50171579999996 -96.47884659999998 0
endloop
endfacet
facet normal 0 0 -1
outer loop
vertex 127.1243341 -95.4451247 0
vertex 126.50171579999996 -96.47884659999998 0
vertex 126.36101230708748 -96.39877473319618 0
endloop
endfacet
facet normal 0 0 -1
outer loop
vertex 127.1243341 -95.4451247 0
vertex 126.36101230708748 -96.39877473319618 0
vertex 126.23507501310417 -96.29705241401214 0
endloop
endfacet
facet normal 0 0 -1
outer loop
vertex 127.1243341 -95.4451247 0
vertex 126.23507501310417 -96.29705241401214 0
vertex 126.12720153633589 -96.17634224357954 0
endloop
endfacet
facet normal 0 0 -1
outer loop
vertex 127.1243341 -95.4451247 0
vertex 126.12720153633589 -96.17634224357954 0
vertex 126.04021898518954 -96.0398077496519 0
endloop
endfacet
facet normal 0 0 -1
outer loop
vertex 127.1243341 -95.4451247 0
vertex 126.04021898518954 -96.0398077496519 0
vertex 125.97640696637667 -95.89102717803387 0
endloop
endfacet
facet normal 0 0 -1
outer loop
vertex 127.1243341 -95.4451247 0
vertex 125.97640696637667 -95.89102717803387 0
vertex 125.93743784181851 -95.73389971523015 0
endloop
endfacet
facet normal 0 0 -1
outer loop
vertex 127.1243341 -95.4451247 0
vertex 125.93743784181851 -95.73389971523015 0
vertex 125.9243329 -95.57254329999991 0
endloop
endfacet
facet normal 0 0 -1
outer loop
vertex 127.1243341 -95.4451247 0
vertex 125.9243329 -95.57254329999991 0
vertex 125.92433290264233 -95.4451247 0
endloop
endfacet
facet normal 0 0 -1
outer loop
vertex 142.19167033605422 -103.13222219999994 0
vertex 142.20375540765423 -103.17580051295703 0
vertex 140.8454025242227 -103.17580051295703 0
endloop
endfacet
facet normal 0 0 -1
outer loop
vertex 142.19167033605422 -103.13222219999994 0
vertex 140.8454025242227 -103.17580051295703 0
vertex 140.7699244999999 -103.13222219999994 0
endloop
endfacet
facet normal 0 0 -1
outer loop
vertex 142.20375540765423 -103.17580051295703 0
vertex 142.21929156218746 -103.23182330097256 0
vertex 140.91216665174443 -103.23182330097256 0
endloop
endfacet
facet normal 0 0 -1
outer loop
vertex 142.20375540765423 -103.17580051295703 0
vertex 140.91216665174443 -103.23182330097256 0
vertex 140.8454025242227 -103.17580051295703 0
endloop
endfacet
facet normal 0 0 -1
outer loop
vertex 142.21929156218746 -103.23182330097256 0
vertex 142.22738333357768 -103.26100192379671 0
vertex 142.23166554975325 -103.29858836731897 0
endloop
endfacet
facet normal 0 0 -1
outer loop
vertex 142.21929156218746 -103.23182330097256 0
vertex 142.23166554975325 -103.29858836731897 0
vertex 140.9681883209134 -103.29858836731897 0
endloop
endfacet
facet normal 0 0 -1
outer loop
vertex 142.21929156218746 -103.23182330097256 0
vertex 140.9681883209134 -103.29858836731897 0
vertex 140.91216665174443 -103.23182330097256 0
endloop
endfacet
facet normal 0 0 -1
outer loop
vertex 142.23166554975325 -103.29858836731897 0
vertex 142.240264829524 -103.3740671218201 0
vertex 141.0117653689978 -103.3740671218201 0
endloop
endfacet
facet normal 0 0 -1
outer loop
vertex 142.23166554975325 -103.29858836731897 0
vertex 141.0117653689978 -103.3740671218201 0
vertex 140.9681883209134 -103.29858836731897 0
endloop
endfacet
facet normal 0 0 -1
outer loop
vertex 142.240264829524 -103.3740671218201 0
vertex 142.2495955775175 -103.4559662175454 0
vertex 141.04157375070656 -103.4559662175454 0
endloop
endfacet
facet normal 0 0 -1
outer loop
vertex 142.240264829524 -103.3740671218201 0
vertex 141.04157375070656 -103.4559662175454 0
vertex 141.0117653689978 -103.3740671218201 0
endloop
endfacet
facet normal 0 0 -1
outer loop
vertex 142.2495955775175 -103.4559662175454 0
vertex 142.25758002836156 -103.52604841293262 0
vertex 142.25689232810046 -103.54179723187913 0
endloop
endfacet
facet normal 0 0 -1
outer loop
vertex 142.2495955775175 -103.4559662175454 0
vertex 142.25689232810046 -103.54179723187913 0
vertex 141.05670776799116 -103.54179723187913 0
endloop
endfacet
facet normal 0 0 -1
outer loop
vertex 142.2495955775175 -103.4559662175454 0
vertex 141.05670776799116 -103.54179723187913 0
vertex 141.04157375070656 -103.4559662175454 0
endloop
endfacet
facet normal 0 0 -1
outer loop
vertex 142.25689232810046 -103.54179723187913 0
vertex 142.25308654774625 -103.62895227476679 0
vertex 141.05670758877955 -103.62895227476679 0
endloop
endfacet
facet normal 0 0 -1
outer loop
vertex 142.25689232810046 -103.54179723187913 0
vertex 141.05670758877955 -103.62895227476679 0
vertex 141.05670776799116 -103.54179723187913 0
endloop
endfacet
facet normal 0 0 -1
outer loop
vertex 142.25308654774625 -103.62895227476679 0
vertex 142.24933858617746 -103.71478322686183 0
vertex 141.04157321851682 -103.71478322686183 0
endloop
endfacet
facet normal 0 0 -1
outer loop
vertex 142.25308654774625 -103.62895227476679 0
vertex 141.04157321851682 -103.71478322686183 0
vertex 141.05670758877955 -103.62895227476679 0
endloop
endfacet
facet normal 0 0 -1
outer loop
vertex 142.24933858617746 -103.71478322686183 0
vertex 142.24594251933465 -103.79255554259869 0
vertex 142.24510246830872 -103.79668439999989 0
endloop
endfacet
facet normal 0 0 -1
outer loop
vertex 142.24933858617746 -103.71478322686183 0
vertex 142.24510246830872 -103.79668439999989 0
vertex 141.01176900000007 -103.79668439999989 0
endloop
endfacet
facet normal 0 0 -1
outer loop
vertex 142.24933858617746 -103.71478322686183 0
vertex 141.01176900000007 -103.79668439999989 0
vertex 141.04157321851682 -103.71478322686183 0
endloop
endfacet
facet normal 0 0 -1
outer loop
vertex 86.4045534428969 -108.1693232 0
vertex 56.68335200000004 -108.1693232 0
vertex 52.046901025562676 -108.1693232 0
endloop
endfacet
facet normal 0 0 -1
outer loop
vertex 86.4045534428969 -108.1693232 0
vertex 52.046901025562676 -108.1693232 0
vertex 56.40218190000007 -107.0023311 0
endloop
endfacet
facet normal 0 0 -1
outer loop
vertex 86.4045534428969 -108.1693232 0
vertex 56.40218190000007 -107.0023311 0
vertex 56.500626536732526 -106.98119946494997 0
endloop
endfacet
facet normal 0 0 -1
outer loop
vertex 86.4045534428969 -108.1693232 0
vertex 56.500626536732526 -106.98119946494997 0
vertex 56.6006980469339 -106.97007520549377 0
endloop
endfacet
facet normal 0 0 -1
outer loop
vertex 86.4045534428969 -108.1693232 0
vertex 56.6006980469339 -106.97007520549377 0
vertex 56.7013809500003 -106.96907055000001 0
endloop
endfacet
facet normal 0 0 -1
outer loop
vertex 86.4045534428969 -108.1693232 0
vertex 98.96418770000011 -108.6768358 0
vertex 99.03106508242347 -108.68178705456098 0
endloop
endfacet
facet normal 0 0 -1
outer loop
vertex 86.4045534428969 -108.1693232 0
vertex 99.03106508242347 -108.68178705456098 0
vertex 99.09746385000015 -108.69121290000002 0
endloop
endfacet
facet normal 0 0 -1
outer loop
vertex 86.4045534428969 -108.1693232 0
vertex 99.09746385000015 -108.69121290000002 0
vertex 105.81283998987118 -109.87531500000001 0
endloop
endfacet
facet normal 0 0 -1
outer loop
vertex 86.4045534428969 -108.1693232 0
vertex 105.81283998987118 -109.87531500000001 0
vertex 98.90231420000009 -109.87531500000001 0
endloop
endfacet
facet normal 0 0 -1
outer loop
vertex 86.4045534428969 -108.1693232 0
vertex 98.90231420000009 -109.87531500000001 0
vertex 56.68335200000004 -108.1693232 0
endloop
endfacet
facet normal 0 0 -1
outer loop
vertex 25.42396740000001 -61.98618600000003 0
vertex 38.62374577749731 -111.24841057538677 0
vertex 37.38140879774059 -111.24841057538677 0
endloop
endfacet
facet normal 0 0 -1
outer loop
vertex 25.42396740000001 -61.98618600000003 0
vertex 37.38140879774059 -111.24841057538677 0
vertex 24.264860949999992 -62.29677549999999 0
endloop
endfacet
facet normal 0 0 -1
outer loop
vertex 25.42396740000001 -61.98618600000003 0
vertex 24.264860949999992 -62.29677549999999 0
vertex 24.213404926543987 -62.004948685445186 0
endloop
endfacet
facet normal 0 0 -1
outer loop
vertex 25.42396740000001 -61.98618600000003 0
vertex 24.213404926543987 -62.004948685445186 0
vertex 24.21340497300476 -61.98618600000003 0
endloop
endfacet
facet normal 0 0 -1
outer loop
vertex 38.62374577749731 -111.24841057538677 0
vertex 38.65355215796788 -111.33031463336408 0
vertex 37.40335491851325 -111.33031463336408 0
endloop
endfacet
facet normal 0 0 -1
outer loop
vertex 38.62374577749731 -111.24841057538677 0
vertex 37.40335491851325 -111.33031463336408 0
vertex 37.38140879774059 -111.24841057538677 0
endloop
endfacet
facet normal 0 0 -1
outer loop
vertex 38.65355215796788 -111.33031463336408 0
vertex 38.697131669888066 -111.40579274740166 0
vertex 37.42357921322182 -111.40579274740166 0
endloop
endfacet
facet normal 0 0 -1
outer loop
vertex 38.65355215796788 -111.33031463336408 0
vertex 37.42357921322182 -111.40579274740166 0
vertex 37.40335491851325 -111.33031463336408 0
endloop
endfacet
facet normal 0 0 -1
outer loop
vertex 38.697131669888066 -111.40579274740166 0
vertex 38.75315574502924 -111.47255667899978 0
vertex 37.44146855035962 -111.47255667899978 0
endloop
endfacet
facet normal 0 0 -1
outer loop
vertex 38.697131669888066 -111.40579274740166 0
vertex 37.44146855035962 -111.47255667899978 0
vertex 37.42357921322182 -111.40579274740166 0
endloop
endfacet
facet normal 0 0 -1
outer loop
vertex 38.75315574502924 -111.47255667899978 0
vertex 38.819922121099935 -111.52857784093223 0
vertex 37.456479371751826 -111.52857784093223 0
endloop
endfacet
facet normal 0 0 -1
outer loop
vertex 38.75315574502924 -111.47255667899978 0
vertex 37.456479371751826 -111.52857784093223 0
vertex 37.44146855035962 -111.47255667899978 0
endloop
endfacet
facet normal 0 0 -1
outer loop
vertex 38.819922121099935 -111.52857784093223 0
vertex 38.8954021365998 -111.57215405942372 0
vertex 37.46941942134201 -111.57215405942372 0
endloop
endfacet
facet normal 0 0 -1
outer loop
vertex 38.819922121099935 -111.52857784093223 0
vertex 37.46941942134201 -111.57215405942372 0
vertex 37.46462958708361 -111.558994866154 0
endloop
endfacet
facet normal 0 0 -1
outer loop
vertex 38.819922121099935 -111.52857784093223 0
vertex 37.46462958708361 -111.558994866154 0
vertex 37.456479371751826 -111.52857784093223 0
endloop
endfacet
facet normal 0 0 -1
outer loop
vertex 56.68335200000004 -108.1693232 0
vertex 43.8725952646975 -111.60195569999998 0
vertex 39.23612135000003 -111.60195569999998 0
endloop
endfacet
facet normal 0 0 -1
outer loop
vertex 56.68335200000004 -108.1693232 0
vertex 39.23612135000003 -111.60195569999998 0
vertex 52.046901025562676 -108.1693232 0
endloop
endfacet
facet normal 0 0 -1
outer loop
vertex 38.8954021365998 -111.57215405942372 0
vertex 38.97730237064086 -111.60196129381207 0
vertex 37.48026900075733 -111.60196129381207 0
endloop
endfacet
facet normal 0 0 -1
outer loop
vertex 38.8954021365998 -111.57215405942372 0
vertex 37.48026900075733 -111.60196129381207 0
vertex 37.46941942134201 -111.57215405942372 0
endloop
endfacet
facet normal 0 0 -1
outer loop
vertex 43.8725952646975 -111.60195569999998 0
vertex 43.81610826336775 -111.61709134893925 0
vertex 39.15029004749186 -111.61709134893925 0
endloop
endfacet
facet normal 0 0 -1
outer loop
vertex 43.8725952646975 -111.60195569999998 0
vertex 39.15029004749186 -111.61709134893925 0
vertex 39.23612135000003 -111.60195569999998 0
endloop
endfacet
facet normal 0 0 -1
outer loop
vertex 38.97730237064086 -111.60196129381207 0
vertex 39.06313432734481 -111.61709386683287 0
vertex 37.485777128435615 -111.61709386683287 0
endloop
endfacet
facet normal 0 0 -1
outer loop
vertex 38.97730237064086 -111.60196129381207 0
vertex 37.485777128435615 -111.61709386683287 0
vertex 37.48026900075733 -111.60196129381207 0
endloop
endfacet
facet normal 0 0 1
outer loop
vertex 43.81610826336775 -111.61709134893925 0
vertex 39.17963424751889 -111.61709134893925 0
vertex 39.06313432734481 -111.61709386683287 0
endloop
endfacet
facet normal 0 0 1
outer loop
vertex 43.81610826336775 -111.61709134893925 0
vertex 39.06313432734481 -111.61709386683287 0
vertex 39.17963424751889 -111.61709134893925 0
endloop
endfacet
facet normal 0 0 -1
outer loop
vertex 39.06313432734481 -111.61709386683287 0
vertex 39.15029004749186 -111.61709134893925 0
vertex 43.81610826336775 -111.61709134893925 0
endloop
endfacet
facet normal 0 0 -1
outer loop
vertex 39.06313432734481 -111.61709386683287 0
vertex 43.81610826336775 -111.61709134893925 0
vertex 39.54669585000019 -112.76107714999995 0
endloop
endfacet
facet normal 0 0 -1
outer loop
vertex 39.06313432734481 -111.61709386683287 0
vertex 39.54669585000019 -112.76107714999995 0
vertex 39.254869035444976 -112.81253317345602 0
endloop
endfacet
facet normal 0 0 -1
outer loop
vertex 39.06313432734481 -111.61709386683287 0
vertex 39.254869035444976 -112.81253317345602 0
vertex 38.958540481231125 -112.81253317345602 0
endloop
endfacet
facet normal 0 0 -1
outer loop
vertex 39.06313432734481 -111.61709386683287 0
vertex 38.958540481231125 -112.81253317345602 0
vertex 38.66671392151404 -112.76107497095992 0
endloop
endfacet
facet normal 0 0 -1
outer loop
vertex 39.06313432734481 -111.61709386683287 0
vertex 38.66671392151404 -112.76107497095992 0
vertex 38.38825630052195 -112.65972426620357 0
endloop
endfacet
facet normal 0 0 -1
outer loop
vertex 39.06313432734481 -111.61709386683287 0
vertex 38.38825630052195 -112.65972426620357 0
vertex 38.13162835670739 -112.51155979510254 0
endloop
endfacet
facet normal 0 0 -1
outer loop
vertex 39.06313432734481 -111.61709386683287 0
vertex 38.13162835670739 -112.51155979510254 0
vertex 37.90462754917548 -112.32108343062936 0
endloop
endfacet
facet normal 0 0 -1
outer loop
vertex 39.06313432734481 -111.61709386683287 0
vertex 37.90462754917548 -112.32108343062936 0
vertex 37.71415113738744 -112.09408266279907 0
endloop
endfacet
facet normal 0 0 -1
outer loop
vertex 39.06313432734481 -111.61709386683287 0
vertex 37.71415113738744 -112.09408266279907 0
vertex 37.56598661279641 -111.83745474986708 0
endloop
endfacet
facet normal 0 0 -1
outer loop
vertex 39.06313432734481 -111.61709386683287 0
vertex 37.56598661279641 -111.83745474986708 0
vertex 37.485777128435615 -111.61709386683287 0
endloop
endfacet
facet normal 0 0 -1
outer loop
vertex 105.81283998987118 -109.87531500000001 0
vertex 116.69249679999996 -111.79369219999998 0
vertex 116.87895669999996 -111.85248269999998 0
endloop
endfacet
facet normal 0 0 -1
outer loop
vertex 105.81283998987118 -109.87531500000001 0
vertex 116.87895669999996 -111.85248269999998 0
vertex 119.2579034707639 -112.96180379999996 0
endloop
endfacet
facet normal 0 0 -1
outer loop
vertex 105.81283998987118 -109.87531500000001 0
vertex 119.2579034707639 -112.96180379999996 0
vertex 116.4066619999998 -112.96180379999996 0
endloop
endfacet
facet normal 0 0 -1
outer loop
vertex 105.81283998987118 -109.87531500000001 0
vertex 116.4066619999998 -112.96180379999996 0
vertex 98.90231420000009 -109.87531500000001 0
endloop
endfacet
facet normal 0 0 -1
outer loop
vertex 119.2579034707639 -112.96180379999996 0
vertex 119.28254020956457 -112.97329210000004 0
vertex 116.44309830000009 -112.97329210000004 0
endloop
endfacet
facet normal 0 0 -1
outer loop
vertex 119.2579034707639 -112.96180379999996 0
vertex 116.44309830000009 -112.97329210000004 0
vertex 116.4066619999998 -112.96180379999996 0
endloop
endfacet
facet normal 0 0 -1
outer loop
vertex 142.24510246830872 -103.79668439999989 0
vertex 142.19275736095585 -104.05396101443799 0
vertex 142.09933829999994 -104.30382630000013 0
endloop
endfacet
facet normal 0 0 -1
outer loop
vertex 142.24510246830872 -103.79668439999989 0
vertex 142.09933829999994 -104.30382630000013 0
vertex 135.15131253970068 -119.2039207499998 0
endloop
endfacet
facet normal 0 0 -1
outer loop
vertex 142.24510246830872 -103.79668439999989 0
vertex 135.15131253970068 -119.2039207499998 0
vertex 133.8272578000001 -119.2039207499998 0
endloop
endfacet
facet normal 0 0 -1
outer loop
vertex 142.24510246830872 -103.79668439999989 0
vertex 133.8272578000001 -119.2039207499998 0
vertex 141.01176900000007 -103.79668439999989 0
endloop
endfacet
facet normal 0 0 -1
outer loop
vertex 135.15131253970068 -119.2039207499998 0
vertex 135.11611657108463 -119.27939877422284 0
vertex 133.7836794870429 -119.27939877422284 0
endloop
endfacet
facet normal 0 0 -1
outer loop
vertex 135.15131253970068 -119.2039207499998 0
vertex 133.7836794870429 -119.27939877422284 0
vertex 133.8272578000001 -119.2039207499998 0
endloop
endfacet
facet normal 0 0 -1
outer loop
vertex 135.11611657108463 -119.27939877422284 0
vertex 135.0849839578358 -119.34616290174435 0
vertex 133.7276566990275 -119.34616290174435 0
endloop
endfacet
facet normal 0 0 -1
outer loop
vertex 135.11611657108463 -119.27939877422284 0
vertex 133.7276566990275 -119.34616290174435 0
vertex 133.7836794870429 -119.27939877422284 0
endloop
endfacet
facet normal 0 0 -1
outer loop
vertex 135.0849839578358 -119.34616290174435 0
vertex 135.0588606334617 -119.40218457091346 0
vertex 133.660891632681 -119.40218457091346 0
endloop
endfacet
facet normal 0 0 -1
outer loop
vertex 135.0849839578358 -119.34616290174435 0
vertex 133.660891632681 -119.40218457091346 0
vertex 133.7276566990275 -119.34616290174435 0
endloop
endfacet
facet normal 0 0 -1
outer loop
vertex 119.28254020956457 -112.97329210000004 0
vertex 133.16279559999984 -119.44576149999995 0
vertex 130.32335379688044 -119.44576149999995 0
endloop
endfacet
facet normal 0 0 -1
outer loop
vertex 119.28254020956457 -112.97329210000004 0
vertex 130.32335379688044 -119.44576149999995 0
vertex 116.44309830000009 -112.97329210000004 0
endloop
endfacet
facet normal 0 0 -1
outer loop
vertex 135.0588606334617 -119.40218457091346 0
vertex 135.03854038469657 -119.44576149999995 0
vertex 133.5854128781799 -119.44576149999995 0
endloop
endfacet
facet normal 0 0 -1
outer loop
vertex 135.0588606334617 -119.40218457091346 0
vertex 133.5854128781799 -119.44576149999995 0
vertex 133.660891632681 -119.40218457091346 0
endloop
endfacet
facet normal 0 0 -1
outer loop
vertex 133.16279559999984 -119.44576149999995 0
vertex 133.24469677313837 -119.47556946851684 0
vertex 130.38727719200028 -119.47556946851684 0
endloop
endfacet
facet normal 0 0 -1
outer loop
vertex 133.16279559999984 -119.44576149999995 0
vertex 130.38727719200028 -119.47556946851684 0
vertex 130.32335379688044 -119.44576149999995 0
endloop
endfacet
facet normal 0 0 -1
outer loop
vertex 135.03854038469657 -119.44576149999995 0
vertex 135.0246407054823 -119.47556946851684 0
vertex 133.50351378245466 -119.47556946851684 0
endloop
endfacet
facet normal 0 0 -1
outer loop
vertex 135.03854038469657 -119.44576149999995 0
vertex 133.50351378245466 -119.47556946851684 0
vertex 133.5854128781799 -119.44576149999995 0
endloop
endfacet
facet normal 0 0 -1
outer loop
vertex 133.24469677313837 -119.47556946851684 0
vertex 133.33052772523328 -119.49070383877954 0
vertex 130.41973295394342 -119.49070383877954 0
endloop
endfacet
facet normal 0 0 -1
outer loop
vertex 133.24469677313837 -119.47556946851684 0
vertex 130.41973295394342 -119.49070383877954 0
vertex 130.38727719200028 -119.47556946851684 0
endloop
endfacet
facet normal 0 0 -1
outer loop
vertex 135.0246407054823 -119.47556946851684 0
vertex 135.01758181753937 -119.49070730776647 0
vertex 133.41768276812076 -119.49070383877954 0
endloop
endfacet
facet normal 0 0 -1
outer loop
vertex 135.0246407054823 -119.47556946851684 0
vertex 133.41768276812076 -119.49070383877954 0
vertex 133.50351378245466 -119.47556946851684 0
endloop
endfacet
facet normal 0 0 -1
outer loop
vertex 133.33052772523328 -119.49070383877954 0
vertex 133.41768276812076 -119.49070383877954 0
vertex 135.01758181753937 -119.49070730776647 0
endloop
endfacet
facet normal 0 0 -1
outer loop
vertex 133.33052772523328 -119.49070383877954 0
vertex 135.01758181753937 -119.49070730776647 0
vertex 134.91483184999993 -119.7110554000001 0
endloop
endfacet
facet normal 0 0 -1
outer loop
vertex 133.33052772523328 -119.49070383877954 0
vertex 134.91483184999993 -119.7110554000001 0
vertex 134.7834731456989 -119.9432339672931 0
endloop
endfacet
facet normal 0 0 -1
outer loop
vertex 133.33052772523328 -119.49070383877954 0
vertex 134.7834731456989 -119.9432339672931 0
vertex 134.61741081537951 -120.15200489140577 0
endloop
endfacet
facet normal 0 0 -1
outer loop
vertex 133.33052772523328 -119.49070383877954 0
vertex 134.61741081537951 -120.15200489140577 0
vertex 134.42073389950417 -120.33222749561484 0
endloop
endfacet
facet normal 0 0 -1
outer loop
vertex 133.33052772523328 -119.49070383877954 0
vertex 134.42073389950417 -120.33222749561484 0
vertex 134.19828527764486 -120.47946406355466 0
endloop
endfacet
facet normal 0 0 -1
outer loop
vertex 133.33052772523328 -119.49070383877954 0
vertex 134.19828527764486 -120.47946406355466 0
vertex 133.9555424196993 -120.5900891114529 0
endloop
endfacet
facet normal 0 0 -1
outer loop
vertex 133.33052772523328 -119.49070383877954 0
vertex 133.9555424196993 -120.5900891114529 0
vertex 133.69848251126 -120.66137866033002 0
endloop
endfacet
facet normal 0 0 -1
outer loop
vertex 133.33052772523328 -119.49070383877954 0
vertex 133.69848251126 -120.66137866033002 0
vertex 133.433435274214 -120.69157730997375 0
endloop
endfacet
facet normal 0 0 -1
outer loop
vertex 133.33052772523328 -119.49070383877954 0
vertex 133.433435274214 -120.69157730997375 0
vertex 133.1669271066597 -120.67994146308496 0
endloop
endfacet
facet normal 0 0 -1
outer loop
vertex 133.33052772523328 -119.49070383877954 0
vertex 133.1669271066597 -120.67994146308496 0
vertex 132.90552037995857 -120.62675763526686 0
endloop
endfacet
facet normal 0 0 -1
outer loop
vertex 133.33052772523328 -119.49070383877954 0
vertex 132.90552037995857 -120.62675763526686 0
vertex 132.65565370000013 -120.53333080000007 0
endloop
endfacet
facet normal 0 0 -1
outer loop
vertex 133.33052772523328 -119.49070383877954 0
vertex 132.65565370000013 -120.53333080000007 0
vertex 130.41973295394342 -119.49070383877954 0
endloop
endfacet
facet normal 0 0 1
outer loop
vertex 133.6984825112601 -120.66137866033002 2.2
vertex 133.95554241969916 -120.59008911145295 2.2
vertex 134.19828527764474 -120.47946406355469 2.2
endloop
endfacet
facet normal 0 0 1
outer loop
vertex 133.6984825112601 -120.66137866033002 2.2
vertex 134.19828527764474 -120.47946406355469 2.2
vertex 134.42073389950446 -120.33222749561462 2.2
endloop
endfacet
facet normal 0 0 1
outer loop
vertex 133.6984825112601 -120.66137866033002 2.2
vertex 134.42073389950446 -120.33222749561462 2.2
vertex 134.61741081537957 -120.15200489140575 2.2
endloop
endfacet
facet normal 0 0 1
outer loop
vertex 133.6984825112601 -120.66137866033002 2.2
vertex 134.61741081537957 -120.15200489140575 2.2
vertex 134.78347314569876 -119.94323396729331 2.2
endloop
endfacet
facet normal 0 0 1
outer loop
vertex 133.6984825112601 -120.66137866033002 2.2
vertex 134.78347314569876 -119.94323396729331 2.2
vertex 134.91483185 -119.71105539999988 2.2
endloop
endfacet
facet normal 0 0 1
outer loop
vertex 133.6984825112601 -120.66137866033002 2.2
vertex 134.91483185 -119.71105539999988 2.2
vertex 135.01758181753934 -119.49070730776647 2.2
endloop
endfacet
facet normal 0 0 1
outer loop
vertex 133.6984825112601 -120.66137866033002 2.2
vertex 135.01758181753934 -119.49070730776647 2.2
vertex 133.3305277252332 -119.49070383877954 2.2
endloop
endfacet
facet normal 0 0 1
outer loop
vertex 133.6984825112601 -120.66137866033002 2.2
vertex 133.3305277252332 -119.49070383877954 2.2
vertex 130.41973295394345 -119.49070383877954 2.2
endloop
endfacet
facet normal 0 0 1
outer loop
vertex 133.6984825112601 -120.66137866033002 2.2
vertex 130.41973295394345 -119.49070383877954 2.2
vertex 132.65565370000007 -120.53333080000003 2.2
endloop
endfacet
facet normal 0 0 1
outer loop
vertex 133.6984825112601 -120.66137866033002 2.2
vertex 132.65565370000007 -120.53333080000003 2.2
vertex 132.90552037995874 -120.6267576352669 2.2
endloop
endfacet
facet normal 0 0 1
outer loop
vertex 133.6984825112601 -120.66137866033002 2.2
vertex 132.90552037995874 -120.6267576352669 2.2
vertex 133.16692710665967 -120.67994146308496 2.2
endloop
endfacet
facet normal 0 0 1
outer loop
vertex 133.6984825112601 -120.66137866033002 2.2
vertex 133.16692710665967 -120.67994146308496 2.2
vertex 133.43343527421402 -120.69157730997375 2.2
endloop
endfacet
facet normal 0 0 1
outer loop
vertex 133.3305277252332 -119.49070383877954 2.2
vertex 135.01758181753934 -119.49070730776647 2.2
vertex 136.27791674703 -116.7879094 2.2
endloop
endfacet
facet normal 0 0 1
outer loop
vertex 133.3305277252332 -119.49070383877954 2.2
vertex 136.27791674703 -116.7879094 2.2
vertex 132.19541649999996 -116.7879094 2.2
endloop
endfacet
facet normal 0 0 1
outer loop
vertex 133.3305277252332 -119.49070383877954 2.2
vertex 132.19541649999996 -116.7879094 2.2
vertex 124.62357154361561 -116.7879094 2.2
endloop
endfacet
facet normal 0 0 1
outer loop
vertex 133.3305277252332 -119.49070383877954 2.2
vertex 124.62357154361561 -116.7879094 2.2
vertex 130.41973295394345 -119.49070383877954 2.2
endloop
endfacet
facet normal 0 0 1
outer loop
vertex 132.19541649999996 -116.7879094 2.2
vertex 124.01494322399155 -112.97329210000001 2.2
vertex 116.44309830000002 -112.97329210000001 2.2
endloop
endfacet
facet normal 0 0 1
outer loop
vertex 132.19541649999996 -116.7879094 2.2
vertex 116.44309830000002 -112.97329210000001 2.2
vertex 124.62357154361561 -116.7879094 2.2
endloop
endfacet
facet normal 0 0 1
outer loop
vertex 124.01494322399155 -112.97329210000001 2.2
vertex 123.99030648490448 -112.96180379999997 2.2
vertex 116.4066619999999 -112.96180379999997 2.2
endloop
endfacet
facet normal 0 0 1
outer loop
vertex 124.01494322399155 -112.97329210000001 2.2
vertex 116.4066619999999 -112.96180379999997 2.2
vertex 116.44309830000002 -112.97329210000001 2.2
endloop
endfacet
facet normal 0 0 1
outer loop
vertex 39.254869035445125 -112.81253243967754 2.2
vertex 39.54669585000032 -112.76107714999993 2.2
vertex 43.81609886646237 -111.61709386683289 2.2
endloop
endfacet
facet normal 0 0 1
outer loop
vertex 39.254869035445125 -112.81253243967754 2.2
vertex 43.81609886646237 -111.61709386683289 2.2
vertex 37.48577712843562 -111.61709386683289 2.2
endloop
endfacet
facet normal 0 0 1
outer loop
vertex 39.254869035445125 -112.81253243967754 2.2
vertex 37.48577712843562 -111.61709386683289 2.2
vertex 37.565986612796415 -111.83745474986709 2.2
endloop
endfacet
facet normal 0 0 1
outer loop
vertex 39.254869035445125 -112.81253243967754 2.2
vertex 37.565986612796415 -111.83745474986709 2.2
vertex 37.71415113738741 -112.09408266279902 2.2
endloop
endfacet
facet normal 0 0 1
outer loop
vertex 39.254869035445125 -112.81253243967754 2.2
vertex 37.71415113738741 -112.09408266279902 2.2
vertex 37.90462754917548 -112.32108343062936 2.2
endloop
endfacet
facet normal 0 0 1
outer loop
vertex 39.254869035445125 -112.81253243967754 2.2
vertex 37.90462754917548 -112.32108343062936 2.2
vertex 38.13162835670737 -112.51155979510253 2.2
endloop
endfacet
facet normal 0 0 1
outer loop
vertex 39.254869035445125 -112.81253243967754 2.2
vertex 38.13162835670737 -112.51155979510253 2.2
vertex 38.388256300521974 -112.65972426620358 2.2
endloop
endfacet
facet normal 0 0 1
outer loop
vertex 39.254869035445125 -112.81253243967754 2.2
vertex 38.388256300521974 -112.65972426620358 2.2
vertex 38.66671392151393 -112.7610749709599 2.2
endloop
endfacet
facet normal 0 0 1
outer loop
vertex 39.254869035445125 -112.81253243967754 2.2
vertex 38.66671392151393 -112.7610749709599 2.2
vertex 38.95854048123118 -112.81253243967754 2.2
endloop
endfacet
facet normal 0 0 1
outer loop
vertex 39.063134327344954 -111.61709386683289 2.2
vertex 39.15029004749177 -111.61709134893925 2.2
vertex 39.063134327344954 -111.61709386683289 2.2
endloop
endfacet
facet normal 0 0 1
outer loop
vertex 39.063134327344954 -111.61709386683289 2.2
vertex 39.063134327344954 -111.61709386683289 2.2
vertex 37.48577712843562 -111.61709386683289 2.2
endloop
endfacet
facet normal 0 0 -1
outer loop
vertex 39.15029004749177 -111.61709134893925 2.2
vertex 39.17963424751889 -111.61709134893925 2.2
vertex 43.81609886646237 -111.61709386683289 2.2
endloop
endfacet
facet normal 0 0 -1
outer loop
vertex 39.15029004749177 -111.61709134893925 2.2
vertex 43.81609886646237 -111.61709386683289 2.2
vertex 43.81610826336776 -111.61709134893925 2.2
endloop
endfacet
facet normal 0 0 -1
outer loop
vertex 39.15029004749177 -111.61709134893925 2.2
vertex 43.81610826336776 -111.61709134893925 2.2
vertex 43.81609886646237 -111.61709386683289 2.2
endloop
endfacet
facet normal 0 0 -1
outer loop
vertex 39.15029004749177 -111.61709134893925 2.2
vertex 43.81609886646237 -111.61709386683289 2.2
vertex 39.17963424751889 -111.61709134893925 2.2
endloop
endfacet
facet normal 0 0 -1
outer loop
vertex 39.15029004749177 -111.61709134893925 2.2
vertex 39.17963424751889 -111.61709134893925 2.2
vertex 39.15029004749177 -111.61709134893925 2.2
endloop
endfacet
facet normal 0 0 -1
outer loop
vertex 39.15029004749177 -111.61709134893925 2.2
vertex 39.15029004749177 -111.61709134893925 2.2
vertex 39.063134327344954 -111.61709386683289 2.2
endloop
endfacet
facet normal 0 0 1
outer loop
vertex 123.99030648490448 -112.96180379999997 2.2
vertex 119.50710749999998 -110.87125379999999 2.2
vertex 104.550563804118 -110.87125379999999 2.2
endloop
endfacet
facet normal 0 0 1
outer loop
vertex 123.99030648490448 -112.96180379999997 2.2
vertex 104.550563804118 -110.87125379999999 2.2
vertex 116.4066619999999 -112.96180379999997 2.2
endloop
endfacet
facet normal 0 0 1
outer loop
vertex 119.50710749999998 -110.87125379999999 2.2
vertex 119.97152138511876 -109.875315 2.2
vertex 98.90231420000003 -109.875315 2.2
endloop
endfacet
facet normal 0 0 1
outer loop
vertex 119.50710749999998 -110.87125379999999 2.2
vertex 98.90231420000003 -109.875315 2.2
vertex 104.550563804118 -110.87125379999999 2.2
endloop
endfacet
facet normal 0 0 1
outer loop
vertex 119.97152138511876 -109.875315 2.2
vertex 120.15470754905333 -109.48247099999999 2.2
vertex 115.1024511 -109.48247099999999 2.2
endloop
endfacet
facet normal 0 0 1
outer loop
vertex 119.97152138511876 -109.875315 2.2
vertex 115.1024511 -109.48247099999999 2.2
vertex 89.18042339929565 -109.48247099999999 2.2
endloop
endfacet
facet normal 0 0 1
outer loop
vertex 119.97152138511876 -109.875315 2.2
vertex 89.18042339929565 -109.48247099999999 2.2
vertex 98.90231420000003 -109.875315 2.2
endloop
endfacet
facet normal 0 0 1
outer loop
vertex 43.81609886646237 -111.61709386683289 2.2
vertex 43.81610826336776 -111.61709134893925 2.2
vertex 53.01417977583953 -109.1524751 2.2
endloop
endfacet
facet normal 0 0 1
outer loop
vertex 43.81609886646237 -111.61709386683289 2.2
vertex 53.01417977583953 -109.1524751 2.2
vertex 40.65032869999998 -109.1524751 2.2
endloop
endfacet
facet normal 0 0 1
outer loop
vertex 43.81609886646237 -111.61709386683289 2.2
vertex 40.65032869999998 -109.1524751 2.2
vertex 36.81980471840086 -109.1524751 2.2
endloop
endfacet
facet normal 0 0 1
outer loop
vertex 43.81609886646237 -111.61709386683289 2.2
vertex 36.81980471840086 -109.1524751 2.2
vertex 37.464629587083614 -111.558994866154 2.2
endloop
endfacet
facet normal 0 0 1
outer loop
vertex 43.81609886646237 -111.61709386683289 2.2
vertex 37.464629587083614 -111.558994866154 2.2
vertex 37.48577712843562 -111.61709386683289 2.2
endloop
endfacet
facet normal 0 0 1
outer loop
vertex 53.01417977583953 -109.1524751 2.2
vertex 56.68335200000006 -108.1693232 2.2
vertex 44.3195015828595 -108.1693232 2.2
endloop
endfacet
facet normal 0 0 1
outer loop
vertex 53.01417977583953 -109.1524751 2.2
vertex 44.3195015828595 -108.1693232 2.2
vertex 40.65032869999998 -109.1524751 2.2
endloop
endfacet
facet normal 0 0 1
outer loop
vertex 115.1024511 -109.48247099999999 2.2
vertex 107.6552199169588 -108.1693232 2.2
vertex 56.68335200000006 -108.1693232 2.2
endloop
endfacet
facet normal 0 0 1
outer loop
vertex 115.1024511 -109.48247099999999 2.2
vertex 56.68335200000006 -108.1693232 2.2
vertex 89.18042339929565 -109.48247099999999 2.2
endloop
endfacet
facet normal 0 0 1
outer loop
vertex 56.68335200000006 -108.1693232 2.2
vertex 107.6552199169588 -108.1693232 2.2
vertex 101.31514259999994 -107.05139649999998 2.2
endloop
endfacet
facet normal 0 0 1
outer loop
vertex 56.68335200000006 -108.1693232 2.2
vertex 101.31514259999994 -107.05139649999998 2.2
vertex 48.49166087245109 -107.05139649999998 2.2
endloop
endfacet
facet normal 0 0 1
outer loop
vertex 56.68335200000006 -108.1693232 2.2
vertex 48.49166087245109 -107.05139649999998 2.2
vertex 44.3195015828595 -108.1693232 2.2
endloop
endfacet
facet normal 0 0 1
outer loop
vertex 101.31514259999994 -107.05139649999998 2.2
vertex 101.5835806817261 -105.52900849999999 2.2
vertex 54.17329030000002 -105.52900849999999 2.2
endloop
endfacet
facet normal 0 0 1
outer loop
vertex 101.31514259999994 -107.05139649999998 2.2
vertex 54.17329030000002 -105.52900849999999 2.2
vertex 48.49166087245109 -107.05139649999998 2.2
endloop
endfacet
facet normal 0 0 1
outer loop
vertex 136.27791674703 -116.7879094 2.2
vertex 142.09933830000003 -104.30382629999994 2.2
vertex 142.175693811963 -104.0996004 2.2
endloop
endfacet
facet normal 0 0 1
outer loop
vertex 136.27791674703 -116.7879094 2.2
vertex 142.175693811963 -104.0996004 2.2
vertex 138.1120721 -104.0996004 2.2
endloop
endfacet
facet normal 0 0 1
outer loop
vertex 136.27791674703 -116.7879094 2.2
vertex 138.1120721 -104.0996004 2.2
vertex 132.19541649999996 -116.7879094 2.2
endloop
endfacet
facet normal 0 0 1
outer loop
vertex 120.15470754905333 -109.48247099999999 2.2
vertex 125.42376310000002 -98.1829448 2.2
vertex 117.0948624547544 -98.1829448 2.2
endloop
endfacet
facet normal 0 0 1
outer loop
vertex 120.15470754905333 -109.48247099999999 2.2
vertex 117.0948624547544 -98.1829448 2.2
vertex 115.1024511 -109.48247099999999 2.2
endloop
endfacet
facet normal 0 0 1
outer loop
vertex 142.175693811963 -104.0996004 2.2
vertex 142.19275736095585 -104.05396101443803 2.2
vertex 142.24594251933462 -103.79255554259882 2.2
endloop
endfacet
facet normal 0 0 1
outer loop
vertex 142.175693811963 -104.0996004 2.2
vertex 142.24594251933462 -103.79255554259882 2.2
vertex 142.25758002836153 -103.52604841293265 2.2
endloop
endfacet
facet normal 0 0 1
outer loop
vertex 142.175693811963 -104.0996004 2.2
vertex 142.25758002836153 -103.52604841293265 2.2
vertex 142.22738333357762 -103.26100192379664 2.2
endloop
endfacet
facet normal 0 0 1
outer loop
vertex 142.175693811963 -104.0996004 2.2
vertex 142.22738333357762 -103.26100192379664 2.2
vertex 142.15609597877022 -103.00394240768424 2.2
endloop
endfacet
facet normal 0 0 1
outer loop
vertex 142.175693811963 -104.0996004 2.2
vertex 142.15609597877022 -103.00394240768424 2.2
vertex 142.04547329743443 -102.76119953105702 2.2
endloop
endfacet
facet normal 0 0 1
outer loop
vertex 142.175693811963 -104.0996004 2.2
vertex 142.04547329743443 -102.76119953105702 2.2
vertex 141.8982391905812 -102.53875043674915 2.2
endloop
endfacet
facet normal 0 0 1
outer loop
vertex 142.175693811963 -104.0996004 2.2
vertex 141.8982391905812 -102.53875043674915 2.2
vertex 141.71801905516992 -102.34207256668878 2.2
endloop
endfacet
facet normal 0 0 1
outer loop
vertex 142.175693811963 -104.0996004 2.2
vertex 141.71801905516992 -102.34207256668878 2.2
vertex 141.50925051468877 -102.17600878892613 2.2
endloop
endfacet
facet normal 0 0 1
outer loop
vertex 142.175693811963 -104.0996004 2.2
vertex 141.50925051468877 -102.17600878892613 2.2
vertex 141.27707414999992 -102.04464814999999 2.2
endloop
endfacet
facet normal 0 0 1
outer loop
vertex 142.175693811963 -104.0996004 2.2
vertex 141.27707414999992 -102.04464814999999 2.2
vertex 132.99561502998364 -98.1829448 2.2
endloop
endfacet
facet normal 0 0 1
outer loop
vertex 142.175693811963 -104.0996004 2.2
vertex 132.99561502998364 -98.1829448 2.2
vertex 125.42376310000002 -98.1829448 2.2
endloop
endfacet
facet normal 0 0 1
outer loop
vertex 142.175693811963 -104.0996004 2.2
vertex 125.42376310000002 -98.1829448 2.2
vertex 138.1120721 -104.0996004 2.2
endloop
endfacet
facet normal 0 0 1
outer loop
vertex 125.42376310000002 -98.1829448 2.2
vertex 132.99561502998364 -98.1829448 2.2
vertex 127.6605425115443 -95.6951625 2.2
endloop
endfacet
facet normal 0 0 1
outer loop
vertex 125.42376310000002 -98.1829448 2.2
vertex 127.6605425115443 -95.6951625 2.2
vertex 117.5335256 -95.6951625 2.2
endloop
endfacet
facet normal 0 0 1
outer loop
vertex 125.42376310000002 -98.1829448 2.2
vertex 117.5335256 -95.6951625 2.2
vertex 117.0948624547544 -98.1829448 2.2
endloop
endfacet
facet normal 0 0 1
outer loop
vertex 40.65032869999998 -109.1524751 2.2
vertex 37.0268621 -95.6295135 2.2
vertex 33.196338973152564 -95.6295135 2.2
endloop
endfacet
facet normal 0 0 1
outer loop
vertex 40.65032869999998 -109.1524751 2.2
vertex 33.196338973152564 -95.6295135 2.2
vertex 36.81980471840086 -109.1524751 2.2
endloop
endfacet
facet normal 0 0 1
outer loop
vertex 127.6605425115443 -95.6951625 2.2
vertex 127.1243341 -95.4451247 2.2
vertex 116.11549078236632 -95.4451247 2.2
endloop
endfacet
facet normal 0 0 1
outer loop
vertex 127.6605425115443 -95.6951625 2.2
vertex 116.11549078236632 -95.4451247 2.2
vertex 117.5335256 -95.6951625 2.2
endloop
endfacet
facet normal 0 0 1
outer loop
vertex 101.5835806817261 -105.52900849999999 2.2
vertex 103.7462171 -93.264088 2.2
vertex 50.88691479306923 -93.264088 2.2
endloop
endfacet
facet normal 0 0 1
outer loop
vertex 101.5835806817261 -105.52900849999999 2.2
vertex 50.88691479306923 -93.264088 2.2
vertex 54.17329030000002 -105.52900849999999 2.2
endloop
endfacet
facet normal 0 0 1
outer loop
vertex 127.1243341 -95.4451247 2.2
vertex 127.1243341 -93.264088 2.2
vertex 103.7462171 -93.264088 2.2
endloop
endfacet
facet normal 0 0 1
outer loop
vertex 127.1243341 -95.4451247 2.2
vertex 103.7462171 -93.264088 2.2
vertex 116.11549078236632 -95.4451247 2.2
endloop
endfacet
facet normal 0 0 1
outer loop
vertex 37.0268621 -95.6295135 2.2
vertex 47.84151479327284 -92.7317360764011 2.2
vertex 36.25040498807234 -92.7317360764011 2.2
endloop
endfacet
facet normal 0 0 1
outer loop
vertex 37.0268621 -95.6295135 2.2
vertex 36.25040498807234 -92.7317360764011 2.2
vertex 32.41988204438598 -92.7317360764011 2.2
endloop
endfacet
facet normal 0 0 1
outer loop
vertex 37.0268621 -95.6295135 2.2
vertex 32.41988204438598 -92.7317360764011 2.2
vertex 33.196338973152564 -95.6295135 2.2
endloop
endfacet
facet normal 0 0 1
outer loop
vertex 47.84151479327284 -92.7317360764011 2.2
vertex 50.54982369999998 -92.00604689999996 2.2
vertex 38.958713894799466 -92.00604689999996 2.2
endloop
endfacet
facet normal 0 0 1
outer loop
vertex 47.84151479327284 -92.7317360764011 2.2
vertex 38.958713894799466 -92.00604689999996 2.2
vertex 36.25040498807234 -92.7317360764011 2.2
endloop
endfacet
facet normal 0 0 1
outer loop
vertex 103.7462171 -93.264088 2.2
vertex 127.1243341 -93.264088 2.2
vertex 127.1243341 -92.00604689999996 2.2
endloop
endfacet
facet normal 0 0 1
outer loop
vertex 103.7462171 -93.264088 2.2
vertex 127.1243341 -92.00604689999996 2.2
vertex 50.54982369999998 -92.00604689999996 2.2
endloop
endfacet
facet normal 0 0 1
outer loop
vertex 103.7462171 -93.264088 2.2
vertex 50.54982369999998 -92.00604689999996 2.2
vertex 50.88691479306923 -93.264088 2.2
endloop
endfacet
facet normal 0 0 1
outer loop
vertex 50.54982369999998 -92.00604689999996 2.2
vertex 127.1243341 -92.00604689999996 2.2
vertex 127.1243341 -89.10826947640112 2.2
endloop
endfacet
facet normal 0 0 1
outer loop
vertex 50.54982369999998 -92.00604689999996 2.2
vertex 127.1243341 -89.10826947640112 2.2
vertex 49.77336658807234 -89.10826947640112 2.2
endloop
endfacet
facet normal 0 0 1
outer loop
vertex 50.54982369999998 -92.00604689999996 2.2
vertex 49.77336658807234 -89.10826947640112 2.2
vertex 38.958713894799466 -92.00604689999996 2.2
endloop
endfacet
facet normal 0 0 1
outer loop
vertex 127.1243341 -89.10826947640112 2.2
vertex 127.1243341 -87.2062794 2.2
vertex 123.4243341 -87.2062794 2.2
endloop
endfacet
facet normal 0 0 1
outer loop
vertex 127.1243341 -89.10826947640112 2.2
vertex 123.4243341 -87.2062794 2.2
vertex 109.4243341 -87.2062794 2.2
endloop
endfacet
facet normal 0 0 1
outer loop
vertex 127.1243341 -89.10826947640112 2.2
vertex 109.4243341 -87.2062794 2.2
vertex 49.263729888714195 -87.2062794 2.2
endloop
endfacet
facet normal 0 0 1
outer loop
vertex 127.1243341 -89.10826947640112 2.2
vertex 49.263729888714195 -87.2062794 2.2
vertex 49.77336658807234 -89.10826947640112 2.2
endloop
endfacet
facet normal 0 0 1
outer loop
vertex 109.4243341 -87.2062794 2.2
vertex 109.4243341 -86.56866140000001 2.2
vertex 55.141820699999926 -86.56866140000001 2.2
endloop
endfacet
facet normal 0 0 1
outer loop
vertex 109.4243341 -87.2062794 2.2
vertex 55.141820699999926 -86.56866140000001 2.2
vertex 49.09288066242055 -86.56866140000001 2.2
endloop
endfacet
facet normal 0 0 1
outer loop
vertex 109.4243341 -87.2062794 2.2
vertex 49.09288066242055 -86.56866140000001 2.2
vertex 49.263729888714195 -87.2062794 2.2
endloop
endfacet
facet normal 0 0 1
outer loop
vertex 109.4243341 -86.56866140000001 2.2
vertex 109.4243341 -85.34848100000002 2.2
vertex 69.08854649999992 -85.34848100000002 2.2
endloop
endfacet
facet normal 0 0 1
outer loop
vertex 109.4243341 -86.56866140000001 2.2
vertex 69.08854649999992 -85.34848100000002 2.2
vertex 55.141820699999926 -86.56866140000001 2.2
endloop
endfacet
facet normal 0 0 1
outer loop
vertex 109.4243341 -85.34848100000002 2.2
vertex 109.4243341 -84.3732795 2.2
vertex 105.4243341 -84.3732795 2.2
endloop
endfacet
facet normal 0 0 1
outer loop
vertex 109.4243341 -85.34848100000002 2.2
vertex 105.4243341 -84.3732795 2.2
vertex 91.4243341 -84.3732795 2.2
endloop
endfacet
facet normal 0 0 1
outer loop
vertex 109.4243341 -85.34848100000002 2.2
vertex 91.4243341 -84.3732795 2.2
vertex 69.00322742415278 -84.3732795 2.2
endloop
endfacet
facet normal 0 0 1
outer loop
vertex 109.4243341 -85.34848100000002 2.2
vertex 69.00322742415278 -84.3732795 2.2
vertex 69.08854649999992 -85.34848100000002 2.2
endloop
endfacet
facet normal 0 0 1
outer loop
vertex 36.25040498807234 -92.7317360764011 2.2
vertex 32.626938388072325 -79.20877447640105 2.2
vertex 28.79641629913767 -79.20877447640105 2.2
endloop
endfacet
facet normal 0 0 1
outer loop
vertex 36.25040498807234 -92.7317360764011 2.2
vertex 28.79641629913767 -79.20877447640105 2.2
vertex 32.41988204438598 -92.7317360764011 2.2
endloop
endfacet
facet normal 0 0 1
outer loop
vertex 91.4243341 -84.3732795 2.2
vertex 91.4243341 -78.7062794 2.2
vertex 87.4243341 -78.7062794 2.2
endloop
endfacet
facet normal 0 0 1
outer loop
vertex 91.4243341 -84.3732795 2.2
vertex 87.4243341 -78.7062794 2.2
vertex 73.4243341 -78.7062794 2.2
endloop
endfacet
facet normal 0 0 1
outer loop
vertex 91.4243341 -84.3732795 2.2
vertex 73.4243341 -78.7062794 2.2
vertex 68.50742915952941 -78.7062794 2.2
endloop
endfacet
facet normal 0 0 1
outer loop
vertex 91.4243341 -84.3732795 2.2
vertex 68.50742915952941 -78.7062794 2.2
vertex 69.00322742415278 -84.3732795 2.2
endloop
endfacet
facet normal 0 0 1
outer loop
vertex 32.626938388072325 -79.20877447640105 2.2
vertex 43.441591081345294 -76.31099705280216 2.2
vertex 31.850481276144663 -76.31099705280216 2.2
endloop
endfacet
facet normal 0 0 1
outer loop
vertex 32.626938388072325 -79.20877447640105 2.2
vertex 31.850481276144663 -76.31099705280216 2.2
vertex 28.01995937037109 -76.31099705280216 2.2
endloop
endfacet
facet normal 0 0 1
outer loop
vertex 32.626938388072325 -79.20877447640105 2.2
vertex 28.01995937037109 -76.31099705280216 2.2
vertex 28.79641629913767 -79.20877447640105 2.2
endloop
endfacet
facet normal 0 0 1
outer loop
vertex 43.441591081345294 -76.31099705280216 2.2
vertex 46.14989998807232 -75.58530787640106 2.2
vertex 34.55879018287163 -75.58530787640106 2.2
endloop
endfacet
facet normal 0 0 1
outer loop
vertex 43.441591081345294 -76.31099705280216 2.2
vertex 34.55879018287163 -75.58530787640106 2.2
vertex 31.850481276144663 -76.31099705280216 2.2
endloop
endfacet
facet normal 0 0 1
outer loop
vertex 55.141820699999926 -86.56866140000001 2.2
vertex 54.18090177982116 -75.58530787640106 2.2
vertex 46.14989998807232 -75.58530787640106 2.2
endloop
endfacet
facet normal 0 0 1
outer loop
vertex 55.141820699999926 -86.56866140000001 2.2
vertex 46.14989998807232 -75.58530787640106 2.2
vertex 49.09288066242055 -86.56866140000001 2.2
endloop
endfacet
facet normal 0 0 1
outer loop
vertex 109.4243341 -84.3732795 2.2
vertex 109.4243341 -73.2062794 2.2
vertex 105.4243341 -73.2062794 2.2
endloop
endfacet
facet normal 0 0 1
outer loop
vertex 109.4243341 -84.3732795 2.2
vertex 105.4243341 -73.2062794 2.2
vertex 105.4243341 -84.3732795 2.2
endloop
endfacet
facet normal 0 0 1
outer loop
vertex 127.1243341 -87.2062794 2.2
vertex 127.1243341 -73.2062794 2.2
vertex 123.4243341 -73.2062794 2.2
endloop
endfacet
facet normal 0 0 1
outer loop
vertex 127.1243341 -87.2062794 2.2
vertex 123.4243341 -73.2062794 2.2
vertex 123.4243341 -87.2062794 2.2
endloop
endfacet
facet normal 0 0 1
outer loop
vertex 46.14989998807232 -75.58530787640106 2.2
vertex 54.18090177982116 -75.58530787640106 2.2
vertex 53.92737910600206 -72.68753045280216 2.2
endloop
endfacet
facet normal 0 0 1
outer loop
vertex 46.14989998807232 -75.58530787640106 2.2
vertex 53.92737910600206 -72.68753045280216 2.2
vertex 45.373442876144665 -72.68753045280216 2.2
endloop
endfacet
facet normal 0 0 1
outer loop
vertex 46.14989998807232 -75.58530787640106 2.2
vertex 45.373442876144665 -72.68753045280216 2.2
vertex 34.55879018287163 -75.58530787640106 2.2
endloop
endfacet
facet normal 0 0 1
outer loop
vertex 53.92737910600206 -72.68753045280216 2.2
vertex 53.9216403 -72.62193559999997 2.2
vertex 45.35586678850269 -72.62193559999997 2.2
endloop
endfacet
facet normal 0 0 1
outer loop
vertex 53.92737910600206 -72.68753045280216 2.2
vertex 45.35586678850269 -72.62193559999997 2.2
vertex 45.373442876144665 -72.68753045280216 2.2
endloop
endfacet
facet normal 0 0 1
outer loop
vertex 53.9216403 -72.62193559999997 2.2
vertex 67.86836609999999 -71.4017552 2.2
vertex 45.02892043931136 -71.4017552 2.2
endloop
endfacet
facet normal 0 0 1
outer loop
vertex 53.9216403 -72.62193559999997 2.2
vertex 45.02892043931136 -71.4017552 2.2
vertex 45.35586678850269 -72.62193559999997 2.2
endloop
endfacet
facet normal 0 0 1
outer loop
vertex 73.4243341 -78.7062794 2.2
vertex 73.4243341 -71.4017552 2.2
vertex 67.86836609999999 -71.4017552 2.2
endloop
endfacet
facet normal 0 0 1
outer loop
vertex 73.4243341 -78.7062794 2.2
vertex 67.86836609999999 -71.4017552 2.2
vertex 68.50742915952941 -78.7062794 2.2
endloop
endfacet
facet normal 0 0 1
outer loop
vertex 91.4243341 -78.7062794 2.2
vertex 91.4243341 -70.3732795 2.2
vertex 87.4243341 -70.3732795 2.2
endloop
endfacet
facet normal 0 0 1
outer loop
vertex 91.4243341 -78.7062794 2.2
vertex 87.4243341 -70.3732795 2.2
vertex 87.4243341 -78.7062794 2.2
endloop
endfacet
facet normal 0 0 1
outer loop
vertex 109.4243341 -73.2062794 2.2
vertex 123.4243341 -73.2062794 2.2
vertex 127.1243341 -73.2062794 2.2
endloop
endfacet
facet normal 0 0 1
outer loop
vertex 109.4243341 -73.2062794 2.2
vertex 127.1243341 -73.2062794 2.2
vertex 127.1243341 -70.3732795 2.2
endloop
endfacet
facet normal 0 0 1
outer loop
vertex 109.4243341 -73.2062794 2.2
vertex 127.1243341 -70.3732795 2.2
vertex 105.4243341 -70.3732795 2.2
endloop
endfacet
facet normal 0 0 1
outer loop
vertex 109.4243341 -73.2062794 2.2
vertex 105.4243341 -70.3732795 2.2
vertex 105.4243341 -73.2062794 2.2
endloop
endfacet
facet normal 0 0 1
outer loop
vertex 91.4243341 -70.3732795 2.2
vertex 105.4243341 -70.3732795 2.2
vertex 127.1243341 -70.3732795 2.2
endloop
endfacet
facet normal 0 0 1
outer loop
vertex 91.4243341 -70.3732795 2.2
vertex 127.1243341 -70.3732795 2.2
vertex 127.1243341 -70.2062794 2.2
endloop
endfacet
facet normal 0 0 1
outer loop
vertex 91.4243341 -70.3732795 2.2
vertex 127.1243341 -70.2062794 2.2
vertex 123.4243341 -70.2062794 2.2
endloop
endfacet
facet normal 0 0 1
outer loop
vertex 91.4243341 -70.3732795 2.2
vertex 123.4243341 -70.2062794 2.2
vertex 109.4243341 -70.2062794 2.2
endloop
endfacet
facet normal 0 0 1
outer loop
vertex 91.4243341 -70.3732795 2.2
vertex 109.4243341 -70.2062794 2.2
vertex 87.4243341 -70.2062794 2.2
endloop
endfacet
facet normal 0 0 1
outer loop
vertex 91.4243341 -70.3732795 2.2
vertex 87.4243341 -70.2062794 2.2
vertex 87.4243341 -70.3732795 2.2
endloop
endfacet
facet normal 0 0 1
outer loop
vertex 67.86836609999999 -71.4017552 2.2
vertex 73.4243341 -71.4017552 2.2
vertex 73.4243341 -69.63335150248068 2.2
endloop
endfacet
facet normal 0 0 1
outer loop
vertex 67.86836609999999 -71.4017552 2.2
vertex 73.4243341 -69.63335150248068 2.2
vertex 53.6601730716456 -69.63335150248068 2.2
endloop
endfacet
facet normal 0 0 1
outer loop
vertex 67.86836609999999 -71.4017552 2.2
vertex 53.6601730716456 -69.63335150248068 2.2
vertex 44.55507810189928 -69.63335150248068 2.2
endloop
endfacet
facet normal 0 0 1
outer loop
vertex 67.86836609999999 -71.4017552 2.2
vertex 44.55507810189928 -69.63335150248068 2.2
vertex 45.02892043931136 -71.4017552 2.2
endloop
endfacet
facet normal 0 0 1
outer loop
vertex 73.4243341 -69.63335150248068 2.2
vertex 73.4243341 -68.41317110248067 2.2
vertex 67.60689887164558 -68.41317110248067 2.2
endloop
endfacet
facet normal 0 0 1
outer loop
vertex 73.4243341 -69.63335150248068 2.2
vertex 67.60689887164558 -68.41317110248067 2.2
vertex 53.6601730716456 -69.63335150248068 2.2
endloop
endfacet
facet normal 0 0 1
outer loop
vertex 109.4243341 -70.2062794 2.2
vertex 109.4243341 -67.3732795 2.2
vertex 105.4243341 -67.3732795 2.2
endloop
endfacet
facet normal 0 0 1
outer loop
vertex 109.4243341 -70.2062794 2.2
vertex 105.4243341 -67.3732795 2.2
vertex 91.4243341 -67.3732795 2.2
endloop
endfacet
facet normal 0 0 1
outer loop
vertex 109.4243341 -70.2062794 2.2
vertex 91.4243341 -67.3732795 2.2
vertex 87.4243341 -67.3732795 2.2
endloop
endfacet
facet normal 0 0 1
outer loop
vertex 109.4243341 -70.2062794 2.2
vertex 87.4243341 -67.3732795 2.2
vertex 87.4243341 -70.2062794 2.2
endloop
endfacet
facet normal 0 0 1
outer loop
vertex 73.4243341 -68.41317110248067 2.2
vertex 73.4243341 -64.7062794 2.2
vertex 67.28258787097406 -64.7062794 2.2
endloop
endfacet
facet normal 0 0 1
outer loop
vertex 73.4243341 -68.41317110248067 2.2
vertex 67.28258787097406 -64.7062794 2.2
vertex 67.60689887164558 -68.41317110248067 2.2
endloop
endfacet
facet normal 0 0 1
outer loop
vertex 91.4243341 -67.3732795 2.2
vertex 91.4243341 -64.7062794 2.2
vertex 87.4243341 -64.7062794 2.2
endloop
endfacet
facet normal 0 0 1
outer loop
vertex 91.4243341 -67.3732795 2.2
vertex 87.4243341 -64.7062794 2.2
vertex 87.4243341 -67.3732795 2.2
endloop
endfacet
facet normal 0 0 1
outer loop
vertex 31.850481276144663 -76.31099705280216 2.2
vertex 28.22701467614465 -62.7880354528021 2.2
vertex 24.396493625122776 -62.7880354528021 2.2
endloop
endfacet
facet normal 0 0 1
outer loop
vertex 31.850481276144663 -76.31099705280216 2.2
vertex 24.396493625122776 -62.7880354528021 2.2
vertex 28.01995937037109 -76.31099705280216 2.2
endloop
endfacet
facet normal 0 0 1
outer loop
vertex 73.4243341 -64.7062794 2.2
vertex 87.4243341 -64.7062794 2.2
vertex 91.4243341 -64.7062794 2.2
endloop
endfacet
facet normal 0 0 1
outer loop
vertex 73.4243341 -64.7062794 2.2
vertex 91.4243341 -64.7062794 2.2
vertex 91.4243341 -61.7062794 2.2
endloop
endfacet
facet normal 0 0 1
outer loop
vertex 73.4243341 -64.7062794 2.2
vertex 91.4243341 -61.7062794 2.2
vertex 87.4243341 -61.7062794 2.2
endloop
endfacet
facet normal 0 0 1
outer loop
vertex 73.4243341 -64.7062794 2.2
vertex 87.4243341 -61.7062794 2.2
vertex 73.4243341 -61.7062794 2.2
endloop
endfacet
facet normal 0 0 1
outer loop
vertex 73.4243341 -64.7062794 2.2
vertex 73.4243341 -61.7062794 2.2
vertex 67.0201218834302 -61.7062794 2.2
endloop
endfacet
facet normal 0 0 1
outer loop
vertex 73.4243341 -64.7062794 2.2
vertex 67.0201218834302 -61.7062794 2.2
vertex 67.28258787097406 -64.7062794 2.2
endloop
endfacet
facet normal 0 0 1
outer loop
vertex 28.22701467614465 -62.7880354528021 2.2
vertex 41.74997627614466 -59.164568852802184 2.2
vertex 29.386125757374934 -59.164568852802184 2.2
endloop
endfacet
facet normal 0 0 1
outer loop
vertex 28.22701467614465 -62.7880354528021 2.2
vertex 29.386125757374934 -59.164568852802184 2.2
vertex 25.466941899999803 -60.214711000000065 2.2
endloop
endfacet
facet normal 0 0 1
outer loop
vertex 28.22701467614465 -62.7880354528021 2.2
vertex 25.466941899999803 -60.214711000000065 2.2
vertex 25.188483350132955 -60.31606626279638 2.2
endloop
endfacet
facet normal 0 0 1
outer loop
vertex 28.22701467614465 -62.7880354528021 2.2
vertex 25.188483350132955 -60.31606626279638 2.2
vertex 24.931855437200923 -60.464230787387436 2.2
endloop
endfacet
facet normal 0 0 1
outer loop
vertex 28.22701467614465 -62.7880354528021 2.2
vertex 24.931855437200923 -60.464230787387436 2.2
vertex 24.70485466937069 -60.65470719917543 2.2
endloop
endfacet
facet normal 0 0 1
outer loop
vertex 28.22701467614465 -62.7880354528021 2.2
vertex 24.70485466937069 -60.65470719917543 2.2
vertex 24.514378304897434 -60.88170800670742 2.2
endloop
endfacet
facet normal 0 0 1
outer loop
vertex 28.22701467614465 -62.7880354528021 2.2
vertex 24.514378304897434 -60.88170800670742 2.2
vertex 24.36621383379638 -61.13833595052202 2.2
endloop
endfacet
facet normal 0 0 1
outer loop
vertex 28.22701467614465 -62.7880354528021 2.2
vertex 24.36621383379638 -61.13833595052202 2.2
vertex 24.264863129040073 -61.416793571514 2.2
endloop
endfacet
facet normal 0 0 1
outer loop
vertex 28.22701467614465 -62.7880354528021 2.2
vertex 24.264863129040073 -61.416793571514 2.2
vertex 24.21340566032245 -61.70862013123106 2.2
endloop
endfacet
facet normal 0 0 1
outer loop
vertex 28.22701467614465 -62.7880354528021 2.2
vertex 24.21340566032245 -61.70862013123106 2.2
vertex 24.21340492654398 -62.004948685445164 2.2
endloop
endfacet
facet normal 0 0 1
outer loop
vertex 28.22701467614465 -62.7880354528021 2.2
vertex 24.21340492654398 -62.004948685445164 2.2
vertex 24.264860949999992 -62.296775499999995 2.2
endloop
endfacet
facet normal 0 0 1
outer loop
vertex 28.22701467614465 -62.7880354528021 2.2
vertex 24.264860949999992 -62.296775499999995 2.2
vertex 24.396493625122776 -62.7880354528021 2.2
endloop
endfacet
facet normal 0 0 1
outer loop
vertex 53.6601730716456 -69.63335150248068 2.2
vertex 52.744273270956185 -59.164568852802184 2.2
vertex 41.74997627614466 -59.164568852802184 2.2
endloop
endfacet
facet normal 0 0 1
outer loop
vertex 53.6601730716456 -69.63335150248068 2.2
vertex 41.74997627614466 -59.164568852802184 2.2
vertex 44.55507810189928 -69.63335150248068 2.2
endloop
endfacet
facet normal 0 0 1
outer loop
vertex 109.4243341 -67.3732795 2.2
vertex 109.4243341 -56.2062794 2.2
vertex 105.4243341 -56.2062794 2.2
endloop
endfacet
facet normal 0 0 1
outer loop
vertex 109.4243341 -67.3732795 2.2
vertex 105.4243341 -56.2062794 2.2
vertex 105.4243341 -67.3732795 2.2
endloop
endfacet
facet normal 0 0 1
outer loop
vertex 127.1243341 -70.2062794 2.2
vertex 127.1243341 -56.2062794 2.2
vertex 123.4243341 -56.2062794 2.2
endloop
endfacet
facet normal 0 0 1
outer loop
vertex 127.1243341 -70.2062794 2.2
vertex 123.4243341 -56.2062794 2.2
vertex 123.4243341 -70.2062794 2.2
endloop
endfacet
facet normal 0 0 1
outer loop
vertex 41.74997627614466 -59.164568852802184 2.2
vertex 52.744273270956185 -59.164568852802184 2.2
vertex 52.439992673496064 -55.6866257024807 2.2
endloop
endfacet
facet normal 0 0 1
outer loop
vertex 41.74997627614466 -59.164568852802184 2.2
vertex 52.439992673496064 -55.6866257024807 2.2
vertex 42.36598632956458 -55.6866257024807 2.2
endloop
endfacet
facet normal 0 0 1
outer loop
vertex 41.74997627614466 -59.164568852802184 2.2
vertex 42.36598632956458 -55.6866257024807 2.2
vertex 29.386125757374934 -59.164568852802184 2.2
endloop
endfacet
facet normal 0 0 1
outer loop
vertex 52.439992673496064 -55.6866257024807 2.2
vertex 66.38671847164557 -54.46644530248071 2.2
vertex 46.919761587062524 -54.46644530248071 2.2
endloop
endfacet
facet normal 0 0 1
outer loop
vertex 52.439992673496064 -55.6866257024807 2.2
vertex 46.919761587062524 -54.46644530248071 2.2
vertex 42.36598632956458 -55.6866257024807 2.2
endloop
endfacet
facet normal 0 0 1
outer loop
vertex 73.4243341 -61.7062794 2.2
vertex 73.4243341 -54.46644530248071 2.2
vertex 66.38671847164557 -54.46644530248071 2.2
endloop
endfacet
facet normal 0 0 1
outer loop
vertex 73.4243341 -61.7062794 2.2
vertex 66.38671847164557 -54.46644530248071 2.2
vertex 67.0201218834302 -61.7062794 2.2
endloop
endfacet
facet normal 0 0 1
outer loop
vertex 66.38671847164557 -54.46644530248071 2.2
vertex 73.4243341 -54.46644530248071 2.2
vertex 73.4243341 -54.021536700000006 2.2
endloop
endfacet
facet normal 0 0 1
outer loop
vertex 66.38671847164557 -54.46644530248071 2.2
vertex 73.4243341 -54.021536700000006 2.2
vertex 48.5801831 -54.021536700000006 2.2
endloop
endfacet
facet normal 0 0 1
outer loop
vertex 66.38671847164557 -54.46644530248071 2.2
vertex 48.5801831 -54.021536700000006 2.2
vertex 46.919761587062524 -54.46644530248071 2.2
endloop
endfacet
facet normal 0 0 1
outer loop
vertex 91.4243341 -61.7062794 2.2
vertex 91.4243341 -53.3732795 2.2
vertex 87.4243341 -53.3732795 2.2
endloop
endfacet
facet normal 0 0 1
outer loop
vertex 91.4243341 -61.7062794 2.2
vertex 87.4243341 -53.3732795 2.2
vertex 87.4243341 -61.7062794 2.2
endloop
endfacet
facet normal 0 0 1
outer loop
vertex 109.4243341 -56.2062794 2.2
vertex 123.4243341 -56.2062794 2.2
vertex 127.1243341 -56.2062794 2.2
endloop
endfacet
facet normal 0 0 1
outer loop
vertex 109.4243341 -56.2062794 2.2
vertex 127.1243341 -56.2062794 2.2
vertex 127.1243341 -53.3732795 2.2
endloop
endfacet
facet normal 0 0 1
outer loop
vertex 109.4243341 -56.2062794 2.2
vertex 127.1243341 -53.3732795 2.2
vertex 105.4243341 -53.3732795 2.2
endloop
endfacet
facet normal 0 0 1
outer loop
vertex 109.4243341 -56.2062794 2.2
vertex 105.4243341 -53.3732795 2.2
vertex 105.4243341 -56.2062794 2.2
endloop
endfacet
facet normal 0 0 1
outer loop
vertex 91.4243341 -53.3732795 2.2
vertex 105.4243341 -53.3732795 2.2
vertex 127.1243341 -53.3732795 2.2
endloop
endfacet
facet normal 0 0 1
outer loop
vertex 91.4243341 -53.3732795 2.2
vertex 127.1243341 -53.3732795 2.2
vertex 127.1243341 -53.2062794 2.2
endloop
endfacet
facet normal 0 0 1
outer loop
vertex 91.4243341 -53.3732795 2.2
vertex 127.1243341 -53.2062794 2.2
vertex 123.4243341 -53.2062794 2.2
endloop
endfacet
facet normal 0 0 1
outer loop
vertex 91.4243341 -53.3732795 2.2
vertex 123.4243341 -53.2062794 2.2
vertex 109.4243341 -53.2062794 2.2
endloop
endfacet
facet normal 0 0 1
outer loop
vertex 91.4243341 -53.3732795 2.2
vertex 109.4243341 -53.2062794 2.2
vertex 87.4243341 -53.2062794 2.2
endloop
endfacet
facet normal 0 0 1
outer loop
vertex 91.4243341 -53.3732795 2.2
vertex 87.4243341 -53.2062794 2.2
vertex 87.4243341 -53.3732795 2.2
endloop
endfacet
facet normal 0 0 1
outer loop
vertex 73.4243341 -54.021536700000006 2.2
vertex 73.4243341 -52.69804160496139 2.2
vertex 52.17852544329121 -52.69804160496139 2.2
endloop
endfacet
facet normal 0 0 1
outer loop
vertex 73.4243341 -54.021536700000006 2.2
vertex 52.17852544329121 -52.69804160496139 2.2
vertex 48.464392457951426 -52.69804160496139 2.2
endloop
endfacet
facet normal 0 0 1
outer loop
vertex 73.4243341 -54.021536700000006 2.2
vertex 48.464392457951426 -52.69804160496139 2.2
vertex 48.5801831 -54.021536700000006 2.2
endloop
endfacet
facet normal 0 0 1
outer loop
vertex 73.4243341 -52.69804160496139 2.2
vertex 73.4243341 -51.4778612049614 2.2
vertex 66.12525124329116 -51.4778612049614 2.2
endloop
endfacet
facet normal 0 0 1
outer loop
vertex 73.4243341 -52.69804160496139 2.2
vertex 66.12525124329116 -51.4778612049614 2.2
vertex 52.17852544329121 -52.69804160496139 2.2
endloop
endfacet
facet normal 0 0 1
outer loop
vertex 109.4243341 -53.2062794 2.2
vertex 109.4243341 -50.3732795 2.2
vertex 105.4243341 -50.3732795 2.2
endloop
endfacet
facet normal 0 0 1
outer loop
vertex 109.4243341 -53.2062794 2.2
vertex 105.4243341 -50.3732795 2.2
vertex 91.4243341 -50.3732795 2.2
endloop
endfacet
facet normal 0 0 1
outer loop
vertex 109.4243341 -53.2062794 2.2
vertex 91.4243341 -50.3732795 2.2
vertex 87.4243341 -50.3732795 2.2
endloop
endfacet
facet normal 0 0 1
outer loop
vertex 109.4243341 -53.2062794 2.2
vertex 87.4243341 -50.3732795 2.2
vertex 87.4243341 -53.2062794 2.2
endloop
endfacet
facet normal 0 0 1
outer loop
vertex 73.4243341 -51.4778612049614 2.2
vertex 73.4243341 -47.7062794 2.2
vertex 65.79528060822558 -47.7062794 2.2
endloop
endfacet
facet normal 0 0 1
outer loop
vertex 73.4243341 -51.4778612049614 2.2
vertex 65.79528060822558 -47.7062794 2.2
vertex 66.12525124329116 -51.4778612049614 2.2
endloop
endfacet
facet normal 0 0 1
outer loop
vertex 91.4243341 -50.3732795 2.2
vertex 91.4243341 -47.7062794 2.2
vertex 87.4243341 -47.7062794 2.2
endloop
endfacet
facet normal 0 0 1
outer loop
vertex 91.4243341 -50.3732795 2.2
vertex 87.4243341 -47.7062794 2.2
vertex 87.4243341 -50.3732795 2.2
endloop
endfacet
facet normal 0 0 1
outer loop
vertex 73.4243341 -47.7062794 2.2
vertex 87.4243341 -47.7062794 2.2
vertex 91.4243341 -47.7062794 2.2
endloop
endfacet
facet normal 0 0 1
outer loop
vertex 73.4243341 -47.7062794 2.2
vertex 91.4243341 -47.7062794 2.2
vertex 91.4243341 -44.7062794 2.2
endloop
endfacet
facet normal 0 0 1
outer loop
vertex 73.4243341 -47.7062794 2.2
vertex 91.4243341 -44.7062794 2.2
vertex 87.4243341 -44.7062794 2.2
endloop
endfacet
facet normal 0 0 1
outer loop
vertex 73.4243341 -47.7062794 2.2
vertex 87.4243341 -44.7062794 2.2
vertex 73.4243341 -44.7062794 2.2
endloop
endfacet
facet normal 0 0 1
outer loop
vertex 73.4243341 -47.7062794 2.2
vertex 73.4243341 -44.7062794 2.2
vertex 65.53281462068172 -44.7062794 2.2
endloop
endfacet
facet normal 0 0 1
outer loop
vertex 73.4243341 -47.7062794 2.2
vertex 65.53281462068172 -44.7062794 2.2
vertex 65.79528060822558 -47.7062794 2.2
endloop
endfacet
facet normal 0 0 1
outer loop
vertex 109.4243341 -50.3732795 2.2
vertex 109.4243341 -39.2062794 2.2
vertex 105.4243341 -39.2062794 2.2
endloop
endfacet
facet normal 0 0 1
outer loop
vertex 109.4243341 -50.3732795 2.2
vertex 105.4243341 -39.2062794 2.2
vertex 105.4243341 -50.3732795 2.2
endloop
endfacet
facet normal 0 0 1
outer loop
vertex 127.1243341 -53.2062794 2.2
vertex 127.1243341 -39.2062794 2.2
vertex 123.4243341 -39.2062794 2.2
endloop
endfacet
facet normal 0 0 1
outer loop
vertex 127.1243341 -53.2062794 2.2
vertex 123.4243341 -39.2062794 2.2
vertex 123.4243341 -53.2062794 2.2
endloop
endfacet
facet normal 0 0 1
outer loop
vertex 52.17852544329121 -52.69804160496139 2.2
vertex 50.95834504699213 -38.75131580496139 2.2
vertex 47.24421390125622 -38.75131580496139 2.2
endloop
endfacet
facet normal 0 0 1
outer loop
vertex 52.17852544329121 -52.69804160496139 2.2
vertex 47.24421390125622 -38.75131580496139 2.2
vertex 48.464392457951426 -52.69804160496139 2.2
endloop
endfacet
facet normal 0 0 1
outer loop
vertex 50.95834504699213 -38.75131580496139 2.2
vertex 64.90507084329116 -37.5311354049614 2.2
vertex 47.141693512428446 -37.5311354049614 2.2
endloop
endfacet
facet normal 0 0 1
outer loop
vertex 50.95834504699213 -38.75131580496139 2.2
vertex 47.141693512428446 -37.5311354049614 2.2
vertex 47.14169365000001 -37.57950220000009 2.2
endloop
endfacet
facet normal 0 0 1
outer loop
vertex 50.95834504699213 -38.75131580496139 2.2
vertex 47.14169365000001 -37.57950220000009 2.2
vertex 47.24421390125622 -38.75131580496139 2.2
endloop
endfacet
facet normal 0 0 1
outer loop
vertex 73.4243341 -44.7062794 2.2
vertex 73.4243341 -37.5311354049614 2.2
vertex 64.90507084329116 -37.5311354049614 2.2
endloop
endfacet
facet normal 0 0 1
outer loop
vertex 73.4243341 -44.7062794 2.2
vertex 64.90507084329116 -37.5311354049614 2.2
vertex 65.53281462068172 -44.7062794 2.2
endloop
endfacet
facet normal 0 0 1
outer loop
vertex 109.4243341 -39.2062794 2.2
vertex 123.4243341 -39.2062794 2.2
vertex 127.1243341 -39.2062794 2.2
endloop
endfacet
facet normal 0 0 1
outer loop
vertex 109.4243341 -39.2062794 2.2
vertex 127.1243341 -39.2062794 2.2
vertex 127.1243341 -37.70627939999991 2.2
endloop
endfacet
facet normal 0 0 1
outer loop
vertex 109.4243341 -39.2062794 2.2
vertex 127.1243341 -37.70627939999991 2.2
vertex 127.10340222901175 -37.44034110943165 2.2
endloop
endfacet
facet normal 0 0 1
outer loop
vertex 109.4243341 -39.2062794 2.2
vertex 127.10340222901175 -37.44034110943165 2.2
vertex 127.0490327241891 -37.21387582349389 2.2
endloop
endfacet
facet normal 0 0 1
outer loop
vertex 109.4243341 -39.2062794 2.2
vertex 127.0490327241891 -37.21387582349389 2.2
vertex 125.51115613883343 -37.21387582349389 2.2
endloop
endfacet
facet normal 0 0 1
outer loop
vertex 109.4243341 -39.2062794 2.2
vertex 125.51115613883343 -37.21387582349389 2.2
vertex 105.4243341 -37.21387582349389 2.2
endloop
endfacet
facet normal 0 0 1
outer loop
vertex 109.4243341 -39.2062794 2.2
vertex 105.4243341 -37.21387582349389 2.2
vertex 105.4243341 -39.2062794 2.2
endloop
endfacet
facet normal 0 0 1
outer loop
vertex 125.51115613883343 -37.21387582349389 2.2
vertex 125.42433205000005 -37.206278299383776 2.2
vertex 108.92433410000004 -37.206278299383776 2.2
endloop
endfacet
facet normal 0 0 1
outer loop
vertex 125.51115613883343 -37.21387582349389 2.2
vertex 108.92433410000004 -37.206278299383776 2.2
vertex 105.4243341 -37.206278299383776 2.2
endloop
endfacet
facet normal 0 0 1
outer loop
vertex 125.51115613883343 -37.21387582349389 2.2
vertex 105.4243341 -37.206278299383776 2.2
vertex 105.4243341 -37.21387582349389 2.2
endloop
endfacet
facet normal 0 0 1
outer loop
vertex 108.92433410000004 -37.206278299383776 2.2
vertex 107.82313300364952 -37.10993907328056 2.2
vertex 105.4243341 -37.10993907328056 2.2
endloop
endfacet
facet normal 0 0 1
outer loop
vertex 108.92433410000004 -37.206278299383776 2.2
vertex 105.4243341 -37.10993907328056 2.2
vertex 105.4243341 -37.206278299383776 2.2
endloop
endfacet
facet normal 0 0 1
outer loop
vertex 125.42433205000005 -37.206278299383776 2.2
vertex 124.32316843548364 -37.10993907328056 2.2
vertex 107.82313300364952 -37.10993907328056 2.2
endloop
endfacet
facet normal 0 0 1
outer loop
vertex 125.42433205000005 -37.206278299383776 2.2
vertex 107.82313300364952 -37.10993907328056 2.2
vertex 107.82312438133954 -37.10993907328056 2.2
endloop
endfacet
facet normal 0 0 1
outer loop
vertex 125.42433205000005 -37.206278299383776 2.2
vertex 107.82312438133954 -37.10993907328056 2.2
vertex 107.82313300364952 -37.10993907328056 2.2
endloop
endfacet
facet normal 0 0 1
outer loop
vertex 125.42433205000005 -37.206278299383776 2.2
vertex 107.82313300364952 -37.10993907328056 2.2
vertex 108.92433410000004 -37.206278299383776 2.2
endloop
endfacet
facet normal 0 0 1
outer loop
vertex 107.82313300364952 -37.10993907328056 2.2
vertex 124.32316843548364 -37.10993907328056 2.2
vertex 119.7848292205409 -36.71288628112713 2.2
endloop
endfacet
facet normal 0 0 1
outer loop
vertex 107.82313300364952 -37.10993907328056 2.2
vertex 119.7848292205409 -36.71288628112713 2.2
vertex 105.4243341 -36.71288628112713 2.2
endloop
endfacet
facet normal 0 0 1
outer loop
vertex 107.82313300364952 -37.10993907328056 2.2
vertex 105.4243341 -36.71288628112713 2.2
vertex 105.4243341 -37.10993907328056 2.2
endloop
endfacet
facet normal 0 0 1
outer loop
vertex 127.0490327241891 -37.21387582349389 2.2
vertex 127.04112812770177 -37.18095080956256 2.2
vertex 126.9390431411203 -36.93449585044291 2.2
endloop
endfacet
facet normal 0 0 1
outer loop
vertex 127.0490327241891 -37.21387582349389 2.2
vertex 126.9390431411203 -36.93449585044291 2.2
vertex 126.80324062238425 -36.71288628112713 2.2
endloop
endfacet
facet normal 0 0 1
outer loop
vertex 127.0490327241891 -37.21387582349389 2.2
vertex 126.80324062238425 -36.71288628112713 2.2
vertex 119.7848292205409 -36.71288628112713 2.2
endloop
endfacet
facet normal 0 0 1
outer loop
vertex 127.0490327241891 -37.21387582349389 2.2
vertex 119.7848292205409 -36.71288628112713 2.2
vertex 124.32316843548364 -37.10993907328056 2.2
endloop
endfacet
facet normal 0 0 1
outer loop
vertex 127.0490327241891 -37.21387582349389 2.2
vertex 124.32316843548364 -37.10993907328056 2.2
vertex 125.42433205000005 -37.206278299383776 2.2
endloop
endfacet
facet normal 0 0 1
outer loop
vertex 127.0490327241891 -37.21387582349389 2.2
vertex 125.42433205000005 -37.206278299383776 2.2
vertex 125.51115613883343 -37.21387582349389 2.2
endloop
endfacet
facet normal 0 0 1
outer loop
vertex 91.4243341 -44.7062794 2.2
vertex 91.4243341 -36.3732795 2.2
vertex 87.4243341 -36.3732795 2.2
endloop
endfacet
facet normal 0 0 1
outer loop
vertex 91.4243341 -44.7062794 2.2
vertex 87.4243341 -36.3732795 2.2
vertex 87.4243341 -44.7062794 2.2
endloop
endfacet
facet normal 0 0 1
outer loop
vertex 119.7848292205409 -36.71288628112713 2.2
vertex 126.80324062238425 -36.71288628112713 2.2
vertex 126.79966094043736 -36.70704477110273 2.2
endloop
endfacet
facet normal 0 0 1
outer loop
vertex 119.7848292205409 -36.71288628112713 2.2
vertex 126.79966094043736 -36.70704477110273 2.2
vertex 126.62641357801722 -36.50419817198297 2.2
endloop
endfacet
facet normal 0 0 1
outer loop
vertex 119.7848292205409 -36.71288628112713 2.2
vertex 126.62641357801722 -36.50419817198297 2.2
vertex 126.47312750772993 -36.3732795 2.2
endloop
endfacet
facet normal 0 0 1
outer loop
vertex 119.7848292205409 -36.71288628112713 2.2
vertex 126.47312750772993 -36.3732795 2.2
vertex 105.4243341 -36.3732795 2.2
endloop
endfacet
facet normal 0 0 1
outer loop
vertex 119.7848292205409 -36.71288628112713 2.2
vertex 105.4243341 -36.3732795 2.2
vertex 105.4243341 -36.71288628112713 2.2
endloop
endfacet
facet normal 0 0 1
outer loop
vertex 64.90507084329116 -37.5311354049614 2.2
vertex 73.4243341 -37.5311354049614 2.2
vertex 73.4243341 -36.03877734592487 2.2
endloop
endfacet
facet normal 0 0 1
outer loop
vertex 64.90507084329116 -37.5311354049614 2.2
vertex 73.4243341 -36.03877734592487 2.2
vertex 59.01539595383732 -36.03877734592487 2.2
endloop
endfacet
facet normal 0 0 1
outer loop
vertex 64.90507084329116 -37.5311354049614 2.2
vertex 59.01539595383732 -36.03877734592487 2.2
vertex 47.8601397905635 -36.03877734592487 2.2
endloop
endfacet
facet normal 0 0 1
outer loop
vertex 64.90507084329116 -37.5311354049614 2.2
vertex 47.8601397905635 -36.03877734592487 2.2
vertex 47.63313890096633 -36.22925494206272 2.2
endloop
endfacet
facet normal 0 0 1
outer loop
vertex 64.90507084329116 -37.5311354049614 2.2
vertex 47.63313890096633 -36.22925494206272 2.2
vertex 47.44266273678211 -36.45625703321177 2.2
endloop
endfacet
facet normal 0 0 1
outer loop
vertex 64.90507084329116 -37.5311354049614 2.2
vertex 47.44266273678211 -36.45625703321177 2.2
vertex 47.29449881532098 -36.71288628112713 2.2
endloop
endfacet
facet normal 0 0 1
outer loop
vertex 64.90507084329116 -37.5311354049614 2.2
vertex 47.29449881532098 -36.71288628112713 2.2
vertex 47.193149018820336 -36.991345142105885 2.2
endloop
endfacet
facet normal 0 0 1
outer loop
vertex 64.90507084329116 -37.5311354049614 2.2
vertex 47.193149018820336 -36.991345142105885 2.2
vertex 47.14169280713871 -37.28317279122048 2.2
endloop
endfacet
facet normal 0 0 1
outer loop
vertex 64.90507084329116 -37.5311354049614 2.2
vertex 47.14169280713871 -37.28317279122048 2.2
vertex 47.141693512428446 -37.5311354049614 2.2
endloop
endfacet
facet normal 0 0 1
outer loop
vertex 91.4243341 -36.3732795 2.2
vertex 105.4243341 -36.3732795 2.2
vertex 126.47312750772993 -36.3732795 2.2
endloop
endfacet
facet normal 0 0 1
outer loop
vertex 91.4243341 -36.3732795 2.2
vertex 126.47312750772993 -36.3732795 2.2
vertex 126.42356697889711 -36.33095080956254 2.2
endloop
endfacet
facet normal 0 0 1
outer loop
vertex 91.4243341 -36.3732795 2.2
vertex 126.42356697889711 -36.33095080956254 2.2
vertex 126.19611589955721 -36.19156860887977 2.2
endloop
endfacet
facet normal 0 0 1
outer loop
vertex 91.4243341 -36.3732795 2.2
vertex 126.19611589955721 -36.19156860887977 2.2
vertex 125.94966094043744 -36.089483622298246 2.2
endloop
endfacet
facet normal 0 0 1
outer loop
vertex 91.4243341 -36.3732795 2.2
vertex 125.94966094043744 -36.089483622298246 2.2
vertex 125.69027064056837 -36.027209520988265 2.2
endloop
endfacet
facet normal 0 0 1
outer loop
vertex 91.4243341 -36.3732795 2.2
vertex 125.69027064056837 -36.027209520988265 2.2
vertex 125.42433205000015 -36.006279377914076 2.2
endloop
endfacet
facet normal 0 0 1
outer loop
vertex 91.4243341 -36.3732795 2.2
vertex 125.42433205000015 -36.006279377914076 2.2
vertex 109.1243341 -36.006279377914076 2.2
endloop
endfacet
facet normal 0 0 1
outer loop
vertex 91.4243341 -36.3732795 2.2
vertex 109.1243341 -36.006279377914076 2.2
vertex 87.4243341 -36.006279377914076 2.2
endloop
endfacet
facet normal 0 0 1
outer loop
vertex 91.4243341 -36.3732795 2.2
vertex 87.4243341 -36.006279377914076 2.2
vertex 87.4243341 -36.3732795 2.2
endloop
endfacet
facet normal 0 0 1
outer loop
vertex 59.01539595383732 -36.03877734592487 2.2
vertex 60.70893645631135 -35.89061180561745 2.2
vertex 48.11676810383736 -35.89061180561745 2.2
endloop
endfacet
facet normal 0 0 1
outer loop
vertex 59.01539595383732 -36.03877734592487 2.2
vertex 48.11676810383736 -35.89061180561745 2.2
vertex 47.8601397905635 -36.03877734592487 2.2
endloop
endfacet
facet normal 0 0 1
outer loop
vertex 73.4243341 -36.03877734592487 2.2
vertex 73.4243341 -35.89061180561745 2.2
vertex 60.70893645631135 -35.89061180561745 2.2
endloop
endfacet
facet normal 0 0 1
outer loop
vertex 73.4243341 -36.03877734592487 2.2
vertex 60.70893645631135 -35.89061180561745 2.2
vertex 59.01539595383732 -36.03877734592487 2.2
endloop
endfacet
facet normal 0 0 1
outer loop
vertex 60.70893645631135 -35.89061180561745 2.2
vertex 73.4243341 -35.89061180561745 2.2
vertex 73.4243341 -33.8972811 2.2
endloop
endfacet
facet normal 0 0 1
outer loop
vertex 60.70893645631135 -35.89061180561745 2.2
vertex 73.4243341 -33.8972811 2.2
vertex 69.7243341 -33.8972811 2.2
endloop
endfacet
facet normal 0 0 1
outer loop
vertex 60.70893645631135 -35.89061180561745 2.2
vertex 69.7243341 -33.8972811 2.2
vertex 48.68705729999998 -35.7378044 2.2
endloop
endfacet
facet normal 0 0 1
outer loop
vertex 60.70893645631135 -35.89061180561745 2.2
vertex 48.68705729999998 -35.7378044 2.2
vertex 48.39522632548341 -35.78926025256571 2.2
endloop
endfacet
facet normal 0 0 1
outer loop
vertex 60.70893645631135 -35.89061180561745 2.2
vertex 48.39522632548341 -35.78926025256571 2.2
vertex 48.11676810383736 -35.89061180561745 2.2
endloop
endfacet
facet normal 0 0 1
outer loop
vertex 109.1243341 -36.006279377914076 2.2
vertex 109.1243341 -34.87327949999999 2.2
vertex 109.10340222901176 -34.607341159431726 2.2
endloop
endfacet
facet normal 0 0 1
outer loop
vertex 109.1243341 -36.006279377914076 2.2
vertex 109.10340222901176 -34.607341159431726 2.2
vertex 109.04112812770177 -34.34795085956261 2.2
endloop
endfacet
facet normal 0 0 1
outer loop
vertex 109.1243341 -36.006279377914076 2.2
vertex 109.04112812770177 -34.34795085956261 2.2
vertex 108.93904314112021 -34.10149590044275 2.2
endloop
endfacet
facet normal 0 0 1
outer loop
vertex 109.1243341 -36.006279377914076 2.2
vertex 108.93904314112021 -34.10149590044275 2.2
vertex 108.79966094043742 -33.87404482110279 2.2
endloop
endfacet
facet normal 0 0 1
outer loop
vertex 109.1243341 -36.006279377914076 2.2
vertex 108.79966094043742 -33.87404482110279 2.2
vertex 108.62641357801715 -33.67119822198288 2.2
endloop
endfacet
facet normal 0 0 1
outer loop
vertex 109.1243341 -36.006279377914076 2.2
vertex 108.62641357801715 -33.67119822198288 2.2
vertex 108.42356697889726 -33.49795085956262 2.2
endloop
endfacet
facet normal 0 0 1
outer loop
vertex 109.1243341 -36.006279377914076 2.2
vertex 108.42356697889726 -33.49795085956262 2.2
vertex 108.19611589955724 -33.35856865887979 2.2
endloop
endfacet
facet normal 0 0 1
outer loop
vertex 109.1243341 -36.006279377914076 2.2
vertex 108.19611589955724 -33.35856865887979 2.2
vertex 107.94966094043735 -33.256483672298224 2.2
endloop
endfacet
facet normal 0 0 1
outer loop
vertex 109.1243341 -36.006279377914076 2.2
vertex 107.94966094043735 -33.256483672298224 2.2
vertex 107.69027064056841 -33.19420957098827 2.2
endloop
endfacet
facet normal 0 0 1
outer loop
vertex 109.1243341 -36.006279377914076 2.2
vertex 107.69027064056841 -33.19420957098827 2.2
vertex 107.42433205000006 -33.173279750000006 2.2
endloop
endfacet
facet normal 0 0 1
outer loop
vertex 109.1243341 -36.006279377914076 2.2
vertex 107.42433205000006 -33.173279750000006 2.2
vertex 91.1243341 -33.173279750000006 2.2
endloop
endfacet
facet normal 0 0 1
outer loop
vertex 109.1243341 -36.006279377914076 2.2
vertex 91.1243341 -33.173279750000006 2.2
vertex 87.4243341 -33.173279750000006 2.2
endloop
endfacet
facet normal 0 0 1
outer loop
vertex 109.1243341 -36.006279377914076 2.2
vertex 87.4243341 -33.173279750000006 2.2
vertex 87.4243341 -36.006279377914076 2.2
endloop
endfacet
facet normal 0 0 1
outer loop
vertex 73.4243341 -33.8972811 2.2
vertex 73.4243341 -30.7062794 2.2
vertex 69.72433270551021 -30.7062794 2.2
endloop
endfacet
facet normal 0 0 1
outer loop
vertex 73.4243341 -33.8972811 2.2
vertex 69.72433270551021 -30.7062794 2.2
vertex 69.7243341 -33.8972811 2.2
endloop
endfacet
facet normal 0 0 1
outer loop
vertex 91.1243341 -33.173279750000006 2.2
vertex 91.1243341 -30.7062794 2.2
vertex 87.4243341 -30.7062794 2.2
endloop
endfacet
facet normal 0 0 1
outer loop
vertex 91.1243341 -33.173279750000006 2.2
vertex 87.4243341 -30.7062794 2.2
vertex 87.4243341 -33.173279750000006 2.2
endloop
endfacet
facet normal 0 0 1
outer loop
vertex 73.4243341 -30.7062794 2.2
vertex 87.4243341 -30.7062794 2.2
vertex 91.1243341 -30.7062794 2.2
endloop
endfacet
facet normal 0 0 1
outer loop
vertex 73.4243341 -30.7062794 2.2
vertex 91.1243341 -30.7062794 2.2
vertex 91.1243341 -29.206279399999865 2.2
endloop
endfacet
facet normal 0 0 1
outer loop
vertex 73.4243341 -30.7062794 2.2
vertex 91.1243341 -29.206279399999865 2.2
vertex 91.10340222901175 -28.94034110943165 2.2
endloop
endfacet
facet normal 0 0 1
outer loop
vertex 73.4243341 -30.7062794 2.2
vertex 91.10340222901175 -28.94034110943165 2.2
vertex 91.0411281277018 -28.680950809562688 2.2
endloop
endfacet
facet normal 0 0 1
outer loop
vertex 73.4243341 -30.7062794 2.2
vertex 91.0411281277018 -28.680950809562688 2.2
vertex 90.9390431411202 -28.43449585044273 2.2
endloop
endfacet
facet normal 0 0 1
outer loop
vertex 73.4243341 -30.7062794 2.2
vertex 90.9390431411202 -28.43449585044273 2.2
vertex 90.7996609404374 -28.207044771102773 2.2
endloop
endfacet
facet normal 0 0 1
outer loop
vertex 73.4243341 -30.7062794 2.2
vertex 90.7996609404374 -28.207044771102773 2.2
vertex 90.62641357801719 -28.004198171982935 2.2
endloop
endfacet
facet normal 0 0 1
outer loop
vertex 73.4243341 -30.7062794 2.2
vertex 90.62641357801719 -28.004198171982935 2.2
vertex 90.42356697889718 -27.83095080956258 2.2
endloop
endfacet
facet normal 0 0 1
outer loop
vertex 73.4243341 -30.7062794 2.2
vertex 90.42356697889718 -27.83095080956258 2.2
vertex 90.1961158995572 -27.691568608879763 2.2
endloop
endfacet
facet normal 0 0 1
outer loop
vertex 73.4243341 -30.7062794 2.2
vertex 90.1961158995572 -27.691568608879763 2.2
vertex 89.9496609404374 -27.58948362229824 2.2
endloop
endfacet
facet normal 0 0 1
outer loop
vertex 73.4243341 -30.7062794 2.2
vertex 89.9496609404374 -27.58948362229824 2.2
vertex 89.6902706405684 -27.527209520988265 2.2
endloop
endfacet
facet normal 0 0 1
outer loop
vertex 73.4243341 -30.7062794 2.2
vertex 89.6902706405684 -27.527209520988265 2.2
vertex 89.42433205000002 -27.5062797 2.2
endloop
endfacet
facet normal 0 0 1
outer loop
vertex 73.4243341 -30.7062794 2.2
vertex 89.42433205000002 -27.5062797 2.2
vertex 71.42433410000002 -27.5062797 2.2
endloop
endfacet
facet normal 0 0 1
outer loop
vertex 73.4243341 -30.7062794 2.2
vertex 71.42433410000002 -27.5062797 2.2
vertex 71.12913014796621 -27.53210651987925 2.2
endloop
endfacet
facet normal 0 0 1
outer loop
vertex 73.4243341 -30.7062794 2.2
vertex 71.12913014796621 -27.53210651987925 2.2
vertex 70.84289780634631 -27.608802244663977 2.2
endloop
endfacet
facet normal 0 0 1
outer loop
vertex 73.4243341 -30.7062794 2.2
vertex 70.84289780634631 -27.608802244663977 2.2
vertex 70.57433205000004 -27.734036513566437 2.2
endloop
endfacet
facet normal 0 0 1
outer loop
vertex 73.4243341 -30.7062794 2.2
vertex 70.57433205000004 -27.734036513566437 2.2
vertex 70.3315931135329 -27.90400414669773 2.2
endloop
endfacet
facet normal 0 0 1
outer loop
vertex 73.4243341 -30.7062794 2.2
vertex 70.3315931135329 -27.90400414669773 2.2
vertex 70.12205649669768 -28.11354076353294 2.2
endloop
endfacet
facet normal 0 0 1
outer loop
vertex 73.4243341 -30.7062794 2.2
vertex 70.12205649669768 -28.11354076353294 2.2
vertex 69.95208886356649 -28.356279699999938 2.2
endloop
endfacet
facet normal 0 0 1
outer loop
vertex 73.4243341 -30.7062794 2.2
vertex 69.95208886356649 -28.356279699999938 2.2
vertex 69.82685459466393 -28.624845456346435 2.2
endloop
endfacet
facet normal 0 0 1
outer loop
vertex 73.4243341 -30.7062794 2.2
vertex 69.82685459466393 -28.624845456346435 2.2
vertex 69.75015886987926 -28.911077797966207 2.2
endloop
endfacet
facet normal 0 0 1
outer loop
vertex 73.4243341 -30.7062794 2.2
vertex 69.75015886987926 -28.911077797966207 2.2
vertex 69.72433204999999 -29.206279399999865 2.2
endloop
endfacet
facet normal 0 0 1
outer loop
vertex 73.4243341 -30.7062794 2.2
vertex 69.72433204999999 -29.206279399999865 2.2
vertex 69.72433270551021 -30.7062794 2.2
endloop
endfacet
facet normal 0 0 1
outer loop
vertex 56.68335200000006 -108.1693232 2.2
vertex 53.01417977583953 -109.1524751 2.2
vertex 43.81610826336776 -111.61709134893925 2.2
endloop
endfacet
facet normal 0 0 1
outer loop
vertex 56.68335200000006 -108.1693232 2.2
vertex 43.81610826336776 -111.61709134893925 2.2
vertex 43.81609886646237 -111.61709386683289 2.2
endloop
endfacet
facet normal 0 0 1
outer loop
vertex 56.68335200000006 -108.1693232 2.2
vertex 43.81609886646237 -111.61709386683289 2.2
vertex 39.54669585000032 -112.76107714999993 2.2
endloop
endfacet
facet normal 0 0 1
outer loop
vertex 56.68335200000006 -108.1693232 2.2
vertex 39.54669585000032 -112.76107714999993 2.2
vertex 39.54669585000019 -112.76107714999995 0
endloop
endfacet
facet normal 0 0 1
outer loop
vertex 56.68335200000006 -108.1693232 2.2
vertex 39.54669585000019 -112.76107714999995 0
vertex 43.81610826336775 -111.61709134893925 0
endloop
endfacet
facet normal 0 0 1
outer loop
vertex 56.68335200000006 -108.1693232 2.2
vertex 43.81610826336775 -111.61709134893925 0
vertex 43.8725952646975 -111.60195569999998 0
endloop
endfacet
facet normal 0 0 1
outer loop
vertex 56.68335200000006 -108.1693232 2.2
vertex 43.8725952646975 -111.60195569999998 0
vertex 56.68335200000004 -108.1693232 0
endloop
endfacet
facet normal 0 0 1
outer loop
vertex 98.90231420000003 -109.875315 2.2
vertex 89.18042339929565 -109.48247099999999 2.2
vertex 56.68335200000006 -108.1693232 2.2
endloop
endfacet
facet normal 0 0 1
outer loop
vertex 98.90231420000003 -109.875315 2.2
vertex 56.68335200000006 -108.1693232 2.2
vertex 56.68335200000004 -108.1693232 0
endloop
endfacet
facet normal 0 0 1
outer loop
vertex 98.90231420000003 -109.875315 2.2
vertex 56.68335200000004 -108.1693232 0
vertex 98.90231420000009 -109.87531500000001 0
endloop
endfacet
facet normal 0 0 1
outer loop
vertex 116.4066619999999 -112.96180379999997 2.2
vertex 104.550563804118 -110.87125379999999 2.2
vertex 98.90231420000003 -109.875315 2.2
endloop
endfacet
facet normal 0 0 1
outer loop
vertex 116.4066619999999 -112.96180379999997 2.2
vertex 98.90231420000003 -109.875315 2.2
vertex 98.90231420000009 -109.87531500000001 0
endloop
endfacet
facet normal 0 0 1
outer loop
vertex 116.4066619999999 -112.96180379999997 2.2
vertex 98.90231420000009 -109.87531500000001 0
vertex 116.4066619999998 -112.96180379999996 0
endloop
endfacet
facet normal -0.30070529331507645 -0.9537171103489199 0
outer loop
vertex 116.44309830000002 -112.97329210000001 2.2
vertex 116.4066619999999 -112.96180379999997 2.2
vertex 116.4066619999998 -112.96180379999996 0
endloop
endfacet
facet normal -0.30070529331507645 -0.9537171103489199 0
outer loop
vertex 116.44309830000002 -112.97329210000001 2.2
vertex 116.4066619999998 -112.96180379999996 0
vertex 116.44309830000009 -112.97329210000004 0
endloop
endfacet
facet normal 0 0 -1
outer loop
vertex 132.65565370000007 -120.53333080000003 2.2
vertex 130.41973295394345 -119.49070383877954 2.2
vertex 124.62357154361561 -116.7879094 2.2
endloop
endfacet
facet normal 0 0 -1
outer loop
vertex 132.65565370000007 -120.53333080000003 2.2
vertex 124.62357154361561 -116.7879094 2.2
vertex 116.44309830000002 -112.97329210000001 2.2
endloop
endfacet
facet normal 0 0 -1
outer loop
vertex 132.65565370000007 -120.53333080000003 2.2
vertex 116.44309830000002 -112.97329210000001 2.2
vertex 116.44309830000009 -112.97329210000004 0
endloop
endfacet
facet normal 0 0 -1
outer loop
vertex 132.65565370000007 -120.53333080000003 2.2
vertex 116.44309830000009 -112.97329210000004 0
vertex 130.32335379688044 -119.44576149999995 0
endloop
endfacet
facet normal 0 0 -1
outer loop
vertex 132.65565370000007 -120.53333080000003 2.2
vertex 130.32335379688044 -119.44576149999995 0
vertex 130.38727719200028 -119.47556946851684 0
endloop
endfacet
facet normal 0 0 -1
outer loop
vertex 132.65565370000007 -120.53333080000003 2.2
vertex 130.38727719200028 -119.47556946851684 0
vertex 130.41973295394342 -119.49070383877954 0
endloop
endfacet
facet normal 0 0 -1
outer loop
vertex 132.65565370000007 -120.53333080000003 2.2
vertex 130.41973295394342 -119.49070383877954 0
vertex 132.65565370000013 -120.53333080000007 0
endloop
endfacet
facet normal -0.35022550870861885 -0.9366654114729491 0
outer loop
vertex 132.90552037995874 -120.6267576352669 2.2
vertex 132.65565370000007 -120.53333080000003 2.2
vertex 132.65565370000013 -120.53333080000007 0
endloop
endfacet
facet normal -0.35022550870861885 -0.9366654114729491 0
outer loop
vertex 132.90552037995874 -120.6267576352669 2.2
vertex 132.65565370000013 -120.53333080000007 0
vertex 132.90552037995857 -120.62675763526686 0
endloop
endfacet
facet normal -0.19936803587694377 -0.9799246839786053 0
outer loop
vertex 133.16692710665967 -120.67994146308496 2.2
vertex 132.90552037995874 -120.6267576352669 2.2
vertex 132.90552037995857 -120.62675763526686 0
endloop
endfacet
facet normal -0.19936803587694377 -0.9799246839786053 0
outer loop
vertex 133.16692710665967 -120.67994146308496 2.2
vertex 132.90552037995857 -120.62675763526686 0
vertex 133.1669271066597 -120.67994146308496 0
endloop
endfacet
facet normal -0.04361882239687987 -0.9990482462487533 0
outer loop
vertex 133.43343527421402 -120.69157730997375 2.2
vertex 133.16692710665967 -120.67994146308496 2.2
vertex 133.1669271066597 -120.67994146308496 0
endloop
endfacet
facet normal -0.04361882239687987 -0.9990482462487533 0
outer loop
vertex 133.43343527421402 -120.69157730997375 2.2
vertex 133.1669271066597 -120.67994146308496 0
vertex 133.433435274214 -120.69157730997375 0
endloop
endfacet
facet normal 0.11320444038358356 -0.9935717159206172 0
outer loop
vertex 133.6984825112601 -120.66137866033002 2.2
vertex 133.43343527421402 -120.69157730997375 2.2
vertex 133.433435274214 -120.69157730997375 0
endloop
endfacet
facet normal 0.11320444038358356 -0.9935717159206172 0
outer loop
vertex 133.6984825112601 -120.66137866033002 2.2
vertex 133.433435274214 -120.69157730997375 0
vertex 133.69848251126 -120.66137866033002 0
endloop
endfacet
facet normal 0.26724021044145807 -0.9636299444928044 0
outer loop
vertex 133.95554241969916 -120.59008911145295 2.2
vertex 133.6984825112601 -120.66137866033002 2.2
vertex 133.69848251126 -120.66137866033002 0
endloop
endfacet
facet normal 0.26724021044145807 -0.9636299444928044 0
outer loop
vertex 133.95554241969916 -120.59008911145295 2.2
vertex 133.69848251126 -120.66137866033002 0
vertex 133.9555424196993 -120.5900891114529 0
endloop
endfacet
facet normal 0.4146955836591242 -0.9099602040164275 0
outer loop
vertex 134.19828527764474 -120.47946406355469 2.2
vertex 133.95554241969916 -120.59008911145295 2.2
vertex 133.9555424196993 -120.5900891114529 0
endloop
endfacet
facet normal 0.4146955836591242 -0.9099602040164275 0
outer loop
vertex 134.19828527764474 -120.47946406355469 2.2
vertex 133.9555424196993 -120.5900891114529 0
vertex 134.19828527764486 -120.47946406355466 0
endloop
endfacet
facet normal 0.551939688505659 -0.8338840328560538 0
outer loop
vertex 134.42073389950446 -120.33222749561462 2.2
vertex 134.19828527764474 -120.47946406355469 2.2
vertex 134.19828527764486 -120.47946406355466 0
endloop
endfacet
facet normal 0.551939688505659 -0.8338840328560538 0
outer loop
vertex 134.42073389950446 -120.33222749561462 2.2
vertex 134.19828527764486 -120.47946406355466 0
vertex 134.42073389950417 -120.33222749561484 0
endloop
endfacet
facet normal 0.6755930909042714 -0.7372746947525141 0
outer loop
vertex 134.61741081537957 -120.15200489140575 2.2
vertex 134.42073389950446 -120.33222749561462 2.2
vertex 134.42073389950417 -120.33222749561484 0
endloop
endfacet
facet normal 0.6755930909042714 -0.7372746947525141 0
outer loop
vertex 134.61741081537957 -120.15200489140575 2.2
vertex 134.42073389950417 -120.33222749561484 0
vertex 134.61741081537951 -120.15200489140577 0
endloop
endfacet
facet normal 0.7826110078221467 -0.6225110524606001 0
outer loop
vertex 134.78347314569876 -119.94323396729331 2.2
vertex 134.61741081537957 -120.15200489140575 2.2
vertex 134.61741081537951 -120.15200489140577 0
endloop
endfacet
facet normal 0.7826110078221467 -0.6225110524606001 0
outer loop
vertex 134.78347314569876 -119.94323396729331 2.2
vertex 134.61741081537951 -120.15200489140577 0
vertex 134.7834731456989 -119.9432339672931 0
endloop
endfacet
facet normal 0.8703582805713489 -0.4924189917548725 0
outer loop
vertex 134.91483185 -119.71105539999988 2.2
vertex 134.78347314569876 -119.94323396729331 2.2
vertex 134.7834731456989 -119.9432339672931 0
endloop
endfacet
facet normal 0.8703582805713489 -0.4924189917548725 0
outer loop
vertex 134.91483185 -119.71105539999988 2.2
vertex 134.7834731456989 -119.9432339672931 0
vertex 134.91483184999993 -119.7110554000001 0
endloop
endfacet
facet normal 0 0 -1
outer loop
vertex 142.09933830000003 -104.30382629999994 2.2
vertex 136.27791674703 -116.7879094 2.2
vertex 135.01758181753934 -119.49070730776647 2.2
endloop
endfacet
facet normal 0 0 -1
outer loop
vertex 142.09933830000003 -104.30382629999994 2.2
vertex 135.01758181753934 -119.49070730776647 2.2
vertex 134.91483185 -119.71105539999988 2.2
endloop
endfacet
facet normal 0 0 -1
outer loop
vertex 142.09933830000003 -104.30382629999994 2.2
vertex 134.91483185 -119.71105539999988 2.2
vertex 134.91483184999993 -119.7110554000001 0
endloop
endfacet
facet normal 0 0 -1
outer loop
vertex 142.09933830000003 -104.30382629999994 2.2
vertex 134.91483184999993 -119.7110554000001 0
vertex 135.01758181753937 -119.49070730776647 0
endloop
endfacet
facet normal 0 0 -1
outer loop
vertex 142.09933830000003 -104.30382629999994 2.2
vertex 135.01758181753937 -119.49070730776647 0
vertex 135.0246407054823 -119.47556946851684 0
endloop
endfacet
facet normal 0 0 -1
outer loop
vertex 142.09933830000003 -104.30382629999994 2.2
vertex 135.0246407054823 -119.47556946851684 0
vertex 135.03854038469657 -119.44576149999995 0
endloop
endfacet
facet normal 0 0 -1
outer loop
vertex 142.09933830000003 -104.30382629999994 2.2
vertex 135.03854038469657 -119.44576149999995 0
vertex 135.0588606334617 -119.40218457091346 0
endloop
endfacet
facet normal 0 0 -1
outer loop
vertex 142.09933830000003 -104.30382629999994 2.2
vertex 135.0588606334617 -119.40218457091346 0
vertex 135.0849839578358 -119.34616290174435 0
endloop
endfacet
facet normal 0 0 -1
outer loop
vertex 142.09933830000003 -104.30382629999994 2.2
vertex 135.0849839578358 -119.34616290174435 0
vertex 135.11611657108463 -119.27939877422284 0
endloop
endfacet
facet normal 0 0 -1
outer loop
vertex 142.09933830000003 -104.30382629999994 2.2
vertex 135.11611657108463 -119.27939877422284 0
vertex 135.15131253970068 -119.2039207499998 0
endloop
endfacet
facet normal 0 0 -1
outer loop
vertex 142.09933830000003 -104.30382629999994 2.2
vertex 135.15131253970068 -119.2039207499998 0
vertex 142.09933829999994 -104.30382630000013 0
endloop
endfacet
facet normal 0 0 1
outer loop
vertex 142.19275736095585 -104.05396101443803 2.2
vertex 142.175693811963 -104.0996004 2.2
vertex 142.09933830000003 -104.30382629999994 2.2
endloop
endfacet
facet normal 0 0 1
outer loop
vertex 142.19275736095585 -104.05396101443803 2.2
vertex 142.09933830000003 -104.30382629999994 2.2
vertex 142.09933829999994 -104.30382630000013 0
endloop
endfacet
facet normal 0 0 1
outer loop
vertex 142.19275736095585 -104.05396101443803 2.2
vertex 142.09933829999994 -104.30382630000013 0
vertex 142.19275736095585 -104.05396101443799 0
endloop
endfacet
facet normal 0.9799235225346375 -0.19937374446829126 -3.863319900734263e-15
outer loop
vertex 142.24594251933462 -103.79255554259882 2.2
vertex 142.19275736095585 -104.05396101443803 2.2
vertex 142.19275736095585 -104.05396101443799 0
endloop
endfacet
facet normal 0.9799235225346375 -0.19937374446829126 -3.863319900734263e-15
outer loop
vertex 142.24594251933462 -103.79255554259882 2.2
vertex 142.19275736095585 -104.05396101443799 0
vertex 142.24510246830872 -103.79668439999989 0
endloop
endfacet
facet normal 0.9799235225346375 -0.19937374446829126 -3.863319900734263e-15
outer loop
vertex 142.24594251933462 -103.79255554259882 2.2
vertex 142.24510246830872 -103.79668439999989 0
vertex 142.24594251933465 -103.79255554259869 0
endloop
endfacet
facet normal 0.9990479673038747 -0.04362521089916098 1.0369925051072253e-14
outer loop
vertex 142.25758002836153 -103.52604841293265 2.2
vertex 142.24594251933462 -103.79255554259882 2.2
vertex 142.24594251933465 -103.79255554259869 0
endloop
endfacet
facet normal 0.9990479673038747 -0.04362521089916098 1.0369925051072253e-14
outer loop
vertex 142.25758002836153 -103.52604841293265 2.2
vertex 142.24594251933465 -103.79255554259869 0
vertex 142.24933858617746 -103.71478322686183 0
endloop
endfacet
facet normal 0.9990479673038747 -0.04362521089916098 1.0369925051072253e-14
outer loop
vertex 142.25758002836153 -103.52604841293265 2.2
vertex 142.24933858617746 -103.71478322686183 0
vertex 142.25308654774625 -103.62895227476679 0
endloop
endfacet
facet normal 0.9990479673038747 -0.04362521089916098 1.0369925051072253e-14
outer loop
vertex 142.25758002836153 -103.52604841293265 2.2
vertex 142.25308654774625 -103.62895227476679 0
vertex 142.25689232810046 -103.54179723187913 0
endloop
endfacet
facet normal 0.9990479673038747 -0.04362521089916098 1.0369925051072253e-14
outer loop
vertex 142.25758002836153 -103.52604841293265 2.2
vertex 142.25689232810046 -103.54179723187913 0
vertex 142.25758002836156 -103.52604841293262 0
endloop
endfacet
facet normal 0.9935725042108441 0.11319752151081817 1.4297535087879924e-14
outer loop
vertex 142.22738333357762 -103.26100192379664 2.2
vertex 142.25758002836153 -103.52604841293265 2.2
vertex 142.25758002836156 -103.52604841293262 0
endloop
endfacet
facet normal 0.9935725042108441 0.11319752151081817 1.4297535087879924e-14
outer loop
vertex 142.22738333357762 -103.26100192379664 2.2
vertex 142.25758002836156 -103.52604841293262 0
vertex 142.2495955775175 -103.4559662175454 0
endloop
endfacet
facet normal 0.9935725042108441 0.11319752151081817 1.4297535087879924e-14
outer loop
vertex 142.22738333357762 -103.26100192379664 2.2
vertex 142.2495955775175 -103.4559662175454 0
vertex 142.240264829524 -103.3740671218201 0
endloop
endfacet
facet normal 0.9935725042108441 0.11319752151081817 1.4297535087879924e-14
outer loop
vertex 142.22738333357762 -103.26100192379664 2.2
vertex 142.240264829524 -103.3740671218201 0
vertex 142.23166554975325 -103.29858836731897 0
endloop
endfacet
facet normal 0.9935725042108441 0.11319752151081817 1.4297535087879924e-14
outer loop
vertex 142.22738333357762 -103.26100192379664 2.2
vertex 142.23166554975325 -103.29858836731897 0
vertex 142.22738333357768 -103.26100192379671 0
endloop
endfacet
facet normal 0.9636319575002581 0.26723295171857253 1.6269099260614192e-14
outer loop
vertex 142.15609597877022 -103.00394240768424 2.2
vertex 142.22738333357762 -103.26100192379664 2.2
vertex 142.22738333357768 -103.26100192379671 0
endloop
endfacet
facet normal 0.9636319575002581 0.26723295171857253 1.6269099260614192e-14
outer loop
vertex 142.15609597877022 -103.00394240768424 2.2
vertex 142.22738333357768 -103.26100192379671 0
vertex 142.21929156218746 -103.23182330097256 0
endloop
endfacet
facet normal 0.9636319575002581 0.26723295171857253 1.6269099260614192e-14
outer loop
vertex 142.15609597877022 -103.00394240768424 2.2
vertex 142.21929156218746 -103.23182330097256 0
vertex 142.20375540765423 -103.17580051295703 0
endloop
endfacet
facet normal 0.9636319575002581 0.26723295171857253 1.6269099260614192e-14
outer loop
vertex 142.15609597877022 -103.00394240768424 2.2
vertex 142.20375540765423 -103.17580051295703 0
vertex 142.19167033605422 -103.13222219999994 0
endloop
endfacet
facet normal 0.9636319575002581 0.26723295171857253 1.6269099260614192e-14
outer loop
vertex 142.15609597877022 -103.00394240768424 2.2
vertex 142.19167033605422 -103.13222219999994 0
vertex 142.1560959787703 -103.00394240768448 0
endloop
endfacet
facet normal 0.9099635637358662 0.4146882113987836 0
outer loop
vertex 142.04547329743443 -102.76119953105702 2.2
vertex 142.15609597877022 -103.00394240768424 2.2
vertex 142.1560959787703 -103.00394240768448 0
endloop
endfacet
facet normal 0.9099635637358662 0.4146882113987836 0
outer loop
vertex 142.04547329743443 -102.76119953105702 2.2
vertex 142.1560959787703 -103.00394240768448 0
vertex 142.0454732974343 -102.76119953105685 0
endloop
endfacet
facet normal 0.8338888185663992 0.5519324580688609 0
outer loop
vertex 141.8982391905812 -102.53875043674915 2.2
vertex 142.04547329743443 -102.76119953105702 2.2
vertex 142.0454732974343 -102.76119953105685 0
endloop
endfacet
facet normal 0.8338888185663992 0.5519324580688609 0
outer loop
vertex 141.8982391905812 -102.53875043674915 2.2
vertex 142.0454732974343 -102.76119953105685 0
vertex 141.8982391905812 -102.53875043674917 0
endloop
endfacet
facet normal 0.7372809370756671 0.6755862785942491 0
outer loop
vertex 141.71801905516992 -102.34207256668878 2.2
vertex 141.8982391905812 -102.53875043674915 2.2
vertex 141.8982391905812 -102.53875043674917 0
endloop
endfacet
facet normal 0.7372809370756671 0.6755862785942491 0
outer loop
vertex 141.71801905516992 -102.34207256668878 2.2
vertex 141.8982391905812 -102.53875043674917 0
vertex 141.7180190551698 -102.34207256668867 0
endloop
endfacet
facet normal 0.6225187289518043 0.7826049016612597 0
outer loop
vertex 141.50925051468877 -102.17600878892613 2.2
vertex 141.71801905516992 -102.34207256668878 2.2
vertex 141.7180190551698 -102.34207256668867 0
endloop
endfacet
facet normal 0.6225187289518043 0.7826049016612597 0
outer loop
vertex 141.50925051468877 -102.17600878892613 2.2
vertex 141.7180190551698 -102.34207256668867 0
vertex 141.50925051468894 -102.17600878892623 0
endloop
endfacet
facet normal 0.49242802422327625 0.8703531702473202 0
outer loop
vertex 141.27707414999992 -102.04464814999999 2.2
vertex 141.50925051468877 -102.17600878892613 2.2
vertex 141.50925051468894 -102.17600878892623 0
endloop
endfacet
facet normal 0.49242802422327625 0.8703531702473202 0
outer loop
vertex 141.27707414999992 -102.04464814999999 2.2
vertex 141.50925051468894 -102.17600878892623 0
vertex 141.27707414999983 -102.04464814999994 0
endloop
endfacet
facet normal 0 0 -1
outer loop
vertex 127.1243341 -95.4451247 2.2
vertex 127.6605425115443 -95.6951625 2.2
vertex 132.99561502998364 -98.1829448 2.2
endloop
endfacet
facet normal 0 0 -1
outer loop
vertex 127.1243341 -95.4451247 2.2
vertex 132.99561502998364 -98.1829448 2.2
vertex 141.27707414999992 -102.04464814999999 2.2
endloop
endfacet
facet normal 0 0 -1
outer loop
vertex 127.1243341 -95.4451247 2.2
vertex 141.27707414999992 -102.04464814999999 2.2
vertex 141.27707414999983 -102.04464814999994 0
endloop
endfacet
facet normal 0 0 -1
outer loop
vertex 127.1243341 -95.4451247 2.2
vertex 141.27707414999983 -102.04464814999994 0
vertex 127.1243341 -95.4451247 0
endloop
endfacet
facet normal 1 0 0
outer loop
vertex 127.1243341 -37.706279400000014 0
vertex 127.1243341 -37.70627939999991 2.2
vertex 127.1243341 -39.2062794 2.2
endloop
endfacet
facet normal 1 0 0
outer loop
vertex 127.1243341 -37.706279400000014 0
vertex 127.1243341 -39.2062794 2.2
vertex 127.1243341 -53.2062794 2.2
endloop
endfacet
facet normal 1 0 0
outer loop
vertex 127.1243341 -37.706279400000014 0
vertex 127.1243341 -53.2062794 2.2
vertex 127.1243341 -53.3732795 2.2
endloop
endfacet
facet normal 1 0 0
outer loop
vertex 127.1243341 -37.706279400000014 0
vertex 127.1243341 -53.3732795 2.2
vertex 127.1243341 -56.2062794 2.2
endloop
endfacet
facet normal 1 0 0
outer loop
vertex 127.1243341 -37.706279400000014 0
vertex 127.1243341 -56.2062794 2.2
vertex 127.1243341 -70.2062794 2.2
endloop
endfacet
facet normal 1 0 0
outer loop
vertex 127.1243341 -37.706279400000014 0
vertex 127.1243341 -70.2062794 2.2
vertex 127.1243341 -70.3732795 2.2
endloop
endfacet
facet normal 1 0 0
outer loop
vertex 127.1243341 -37.706279400000014 0
vertex 127.1243341 -70.3732795 2.2
vertex 127.1243341 -73.2062794 2.2
endloop
endfacet
facet normal 1 0 0
outer loop
vertex 127.1243341 -37.706279400000014 0
vertex 127.1243341 -73.2062794 2.2
vertex 127.1243341 -87.2062794 2.2
endloop
endfacet
facet normal 1 0 0
outer loop
vertex 127.1243341 -37.706279400000014 0
vertex 127.1243341 -87.2062794 2.2
vertex 127.1243341 -89.10826947640112 2.2
endloop
endfacet
facet normal 1 0 0
outer loop
vertex 127.1243341 -37.706279400000014 0
vertex 127.1243341 -89.10826947640112 2.2
vertex 127.1243341 -92.00604689999996 2.2
endloop
endfacet
facet normal 1 0 0
outer loop
vertex 127.1243341 -37.706279400000014 0
vertex 127.1243341 -92.00604689999996 2.2
vertex 127.1243341 -93.264088 2.2
endloop
endfacet
facet normal 1 0 0
outer loop
vertex 127.1243341 -37.706279400000014 0
vertex 127.1243341 -93.264088 2.2
vertex 127.1243341 -95.4451247 2.2
endloop
endfacet
facet normal 1 0 0
outer loop
vertex 127.1243341 -37.706279400000014 0
vertex 127.1243341 -95.4451247 2.2
vertex 127.1243341 -95.4451247 0
endloop
endfacet
facet normal 0.9969167256975096 0.07846682117020107 -3.801251050556201e-15
outer loop
vertex 127.10340222901175 -37.44034110943165 2.2
vertex 127.1243341 -37.70627939999991 2.2
vertex 127.1243341 -37.706279400000014 0
endloop
endfacet
facet normal 0.9969167256975096 0.07846682117020107 -3.801251050556201e-15
outer loop
vertex 127.10340222901175 -37.44034110943165 2.2
vertex 127.1243341 -37.706279400000014 0
vertex 127.11750024263148 -37.619455611166615 0
endloop
endfacet
facet normal 0.9969167256975096 0.07846682117020107 -3.801251050556201e-15
outer loop
vertex 127.10340222901175 -37.44034110943165 2.2
vertex 127.11750024263148 -37.619455611166615 0
vertex 127.1108740056656 -37.535269628337176 0
endloop
endfacet
facet normal 0.9969167256975096 0.07846682117020107 -3.801251050556201e-15
outer loop
vertex 127.10340222901175 -37.44034110943165 2.2
vertex 127.1108740056656 -37.535269628337176 0
vertex 127.1046567475724 -37.45627969999996 0
endloop
endfacet
facet normal 0.9969167256975096 0.07846682117020107 -3.801251050556201e-15
outer loop
vertex 127.10340222901175 -37.44034110943165 2.2
vertex 127.1046567475724 -37.45627969999996 0
vertex 127.10340222901173 -37.44034110943167 0
endloop
endfacet
facet normal 0 0 -1
outer loop
vertex 127.04112812770177 -37.18095080956256 2.2
vertex 127.0490327241891 -37.21387582349389 2.2
vertex 127.10340222901175 -37.44034110943165 2.2
endloop
endfacet
facet normal 0 0 -1
outer loop
vertex 127.04112812770177 -37.18095080956256 2.2
vertex 127.10340222901175 -37.44034110943165 2.2
vertex 127.10340222901173 -37.44034110943167 0
endloop
endfacet
facet normal 0 0 -1
outer loop
vertex 127.04112812770177 -37.18095080956256 2.2
vertex 127.10340222901173 -37.44034110943167 0
vertex 127.0900886099841 -37.38488589515676 0
endloop
endfacet
facet normal 0 0 -1
outer loop
vertex 127.04112812770177 -37.18095080956256 2.2
vertex 127.0900886099841 -37.38488589515676 0
vertex 127.07529293617479 -37.32325747844052 0
endloop
endfacet
facet normal 0 0 -1
outer loop
vertex 127.04112812770177 -37.18095080956256 2.2
vertex 127.07529293617479 -37.32325747844052 0
vertex 127.06329128369069 -37.273266998107765 0
endloop
endfacet
facet normal 0 0 -1
outer loop
vertex 127.04112812770177 -37.18095080956256 2.2
vertex 127.06329128369069 -37.273266998107765 0
vertex 127.05444831666938 -37.23643338960703 0
endloop
endfacet
facet normal 0 0 -1
outer loop
vertex 127.04112812770177 -37.18095080956256 2.2
vertex 127.05444831666938 -37.23643338960703 0
vertex 127.04903272418908 -37.21387582349389 0
endloop
endfacet
facet normal 0 0 -1
outer loop
vertex 127.04112812770177 -37.18095080956256 2.2
vertex 127.04903272418908 -37.21387582349389 0
vertex 127.04112812770174 -37.18095080956253 0
endloop
endfacet
facet normal 0.9238795325112825 0.3826834323651 0
outer loop
vertex 126.9390431411203 -36.93449585044291 2.2
vertex 127.04112812770177 -37.18095080956256 2.2
vertex 127.04112812770174 -37.18095080956253 0
endloop
endfacet
facet normal 0.9238795325112825 0.3826834323651 0
outer loop
vertex 126.9390431411203 -36.93449585044291 2.2
vertex 127.04112812770174 -37.18095080956253 0
vertex 126.93904314112022 -36.93449585044278 0
endloop
endfacet
facet normal 0 0 -1
outer loop
vertex 126.79966094043736 -36.70704477110273 2.2
vertex 126.80324062238425 -36.71288628112713 2.2
vertex 126.9390431411203 -36.93449585044291 2.2
endloop
endfacet
facet normal 0 0 -1
outer loop
vertex 126.79966094043736 -36.70704477110273 2.2
vertex 126.9390431411203 -36.93449585044291 2.2
vertex 126.93904314112022 -36.93449585044278 0
endloop
endfacet
facet normal 0 0 -1
outer loop
vertex 126.79966094043736 -36.70704477110273 2.2
vertex 126.93904314112022 -36.93449585044278 0
vertex 126.80324062238422 -36.71288628112708 0
endloop
endfacet
facet normal 0 0 -1
outer loop
vertex 126.79966094043736 -36.70704477110273 2.2
vertex 126.80324062238422 -36.71288628112708 0
vertex 126.79966094043743 -36.70704477110283 0
endloop
endfacet
facet normal 0.7604059656000292 0.6494480483301859 0
outer loop
vertex 126.62641357801722 -36.50419817198297 2.2
vertex 126.79966094043736 -36.70704477110273 2.2
vertex 126.79966094043743 -36.70704477110283 0
endloop
endfacet
facet normal 0.7604059656000292 0.6494480483301859 0
outer loop
vertex 126.62641357801722 -36.50419817198297 2.2
vertex 126.79966094043743 -36.70704477110283 0
vertex 126.62641357801719 -36.50419817198296 0
endloop
endfacet
facet normal 0 0 1
outer loop
vertex 126.42356697889711 -36.33095080956254 2.2
vertex 126.47312750772993 -36.3732795 2.2
vertex 126.62641357801722 -36.50419817198297 2.2
endloop
endfacet
facet normal 0 0 1
outer loop
vertex 126.42356697889711 -36.33095080956254 2.2
vertex 126.62641357801722 -36.50419817198297 2.2
vertex 126.62641357801719 -36.50419817198296 0
endloop
endfacet
facet normal 0 0 1
outer loop
vertex 126.42356697889711 -36.33095080956254 2.2
vertex 126.62641357801719 -36.50419817198296 0
vertex 126.42356697889706 -36.3309508095625 0
endloop
endfacet
facet normal 0.5224985647159274 0.8526401643541054 0
outer loop
vertex 126.19611589955721 -36.19156860887977 2.2
vertex 126.42356697889711 -36.33095080956254 2.2
vertex 126.42356697889706 -36.3309508095625 0
endloop
endfacet
facet normal 0.5224985647159274 0.8526401643541054 0
outer loop
vertex 126.19611589955721 -36.19156860887977 2.2
vertex 126.42356697889706 -36.3309508095625 0
vertex 126.19611589955719 -36.191568608879756 0
endloop
endfacet
facet normal 0.3826834323651003 0.9238795325112825 0
outer loop
vertex 125.94966094043744 -36.089483622298246 2.2
vertex 126.19611589955721 -36.19156860887977 2.2
vertex 126.19611589955719 -36.191568608879756 0
endloop
endfacet
facet normal 0.3826834323651003 0.9238795325112825 0
outer loop
vertex 125.94966094043744 -36.089483622298246 2.2
vertex 126.19611589955719 -36.191568608879756 0
vertex 125.94966094043744 -36.089483622298246 0
endloop
endfacet
facet normal 0.23344536385589534 0.9723699203976791 0
outer loop
vertex 125.69027064056837 -36.027209520988265 2.2
vertex 125.94966094043744 -36.089483622298246 2.2
vertex 125.94966094043744 -36.089483622298246 0
endloop
endfacet
facet normal 0.23344536385589534 0.9723699203976791 0
outer loop
vertex 125.69027064056837 -36.027209520988265 2.2
vertex 125.94966094043744 -36.089483622298246 0
vertex 125.69027064056836 -36.027209520988265 0
endloop
endfacet
facet normal 0.07845909572786526 0.9969173337331265 0
outer loop
vertex 125.42433205000015 -36.006279377914076 2.2
vertex 125.69027064056837 -36.027209520988265 2.2
vertex 125.69027064056836 -36.027209520988265 0
endloop
endfacet
facet normal 0.07845909572786526 0.9969173337331265 0
outer loop
vertex 125.42433205000015 -36.006279377914076 2.2
vertex 125.69027064056836 -36.027209520988265 0
vertex 125.42433205000012 -36.006279400000004 0
endloop
endfacet
facet normal 1.840491137272693e-8 0.9999999999999998 0
outer loop
vertex 109.1243341 -36.006279377914076 2.2
vertex 125.42433205000015 -36.006279377914076 2.2
vertex 125.42433205000012 -36.006279400000004 0
endloop
endfacet
facet normal 1.840491137272693e-8 0.9999999999999998 0
outer loop
vertex 109.1243341 -36.006279377914076 2.2
vertex 125.42433205000012 -36.006279400000004 0
vertex 109.1243341 -36.006279400000004 0
endloop
endfacet
facet normal 1 0 0
outer loop
vertex 109.1243341 -34.87327949999991 0
vertex 109.1243341 -34.87327949999999 2.2
vertex 109.1243341 -36.006279377914076 2.2
endloop
endfacet
facet normal 1 0 0
outer loop
vertex 109.1243341 -34.87327949999991 0
vertex 109.1243341 -36.006279377914076 2.2
vertex 109.1243341 -36.006279400000004 0
endloop
endfacet
facet normal 0.9969167268515515 0.0784668065081584 2.787386524785835e-15
outer loop
vertex 109.10340222901176 -34.607341159431726 2.2
vertex 109.1243341 -34.87327949999999 2.2
vertex 109.1243341 -34.87327949999991 0
endloop
endfacet
facet normal 0.9969167268515515 0.0784668065081584 2.787386524785835e-15
outer loop
vertex 109.10340222901176 -34.607341159431726 2.2
vertex 109.1243341 -34.87327949999991 0
vertex 109.11750023998086 -34.78645566116657 0
endloop
endfacet
facet normal 0.9969167268515515 0.0784668065081584 2.787386524785835e-15
outer loop
vertex 109.10340222901176 -34.607341159431726 2.2
vertex 109.11750023998086 -34.78645566116657 0
vertex 109.11087400426082 -34.702269678337146 0
endloop
endfacet
facet normal 0.9969167268515515 0.0784668065081584 2.787386524785835e-15
outer loop
vertex 109.10340222901176 -34.607341159431726 2.2
vertex 109.11087400426082 -34.702269678337146 0
vertex 109.10465674733656 -34.62327975000005 0
endloop
endfacet
facet normal 0.9969167268515515 0.0784668065081584 2.787386524785835e-15
outer loop
vertex 109.10340222901176 -34.607341159431726 2.2
vertex 109.10465674733656 -34.62327975000005 0
vertex 109.10340222901176 -34.60734115943174 0
endloop
endfacet
facet normal 0.9723699203976779 0.23344536385589998 -1.507493803459182e-15
outer loop
vertex 109.04112812770177 -34.34795085956261 2.2
vertex 109.10340222901176 -34.607341159431726 2.2
vertex 109.10340222901176 -34.60734115943174 0
endloop
endfacet
facet normal 0.9723699203976779 0.23344536385589998 -1.507493803459182e-15
outer loop
vertex 109.04112812770177 -34.34795085956261 2.2
vertex 109.10340222901176 -34.60734115943174 0
vertex 109.0900886099841 -34.55188594515673 0
endloop
endfacet
facet normal 0.9723699203976779 0.23344536385589998 -1.507493803459182e-15
outer loop
vertex 109.04112812770177 -34.34795085956261 2.2
vertex 109.0900886099841 -34.55188594515673 0
vertex 109.07529293617479 -34.49025752844047 0
endloop
endfacet
facet normal 0.9723699203976779 0.23344536385589998 -1.507493803459182e-15
outer loop
vertex 109.04112812770177 -34.34795085956261 2.2
vertex 109.07529293617479 -34.49025752844047 0
vertex 109.0632912836907 -34.440267048107806 0
endloop
endfacet
facet normal 0.9723699203976779 0.23344536385589998 -1.507493803459182e-15
outer loop
vertex 109.04112812770177 -34.34795085956261 2.2
vertex 109.0632912836907 -34.440267048107806 0
vertex 109.0544483166694 -34.40343343960705 0
endloop
endfacet
facet normal 0.9723699203976779 0.23344536385589998 -1.507493803459182e-15
outer loop
vertex 109.04112812770177 -34.34795085956261 2.2
vertex 109.0544483166694 -34.40343343960705 0
vertex 109.04903272418909 -34.3808758734939 0
endloop
endfacet
facet normal 0.9723699203976779 0.23344536385589998 -1.507493803459182e-15
outer loop
vertex 109.04112812770177 -34.34795085956261 2.2
vertex 109.04903272418909 -34.3808758734939 0
vertex 109.04720892334859 -34.373279196272286 0
endloop
endfacet
facet normal 0.9723699203976779 0.23344536385589998 -1.507493803459182e-15
outer loop
vertex 109.04112812770177 -34.34795085956261 2.2
vertex 109.04720892334859 -34.373279196272286 0
vertex 109.04112812770177 -34.34795085956261 0
endloop
endfacet
facet normal 0.9238795325112775 0.3826834323651121 0
outer loop
vertex 108.93904314112021 -34.10149590044275 2.2
vertex 109.04112812770177 -34.34795085956261 2.2
vertex 109.04112812770177 -34.34795085956261 0
endloop
endfacet
facet normal 0.9238795325112775 0.3826834323651121 0
outer loop
vertex 108.93904314112021 -34.10149590044275 2.2
vertex 109.04112812770177 -34.34795085956261 0
vertex 108.93904314112022 -34.10149590044277 0
endloop
endfacet
facet normal 0.8526401643541102 0.5224985647159196 0
outer loop
vertex 108.79966094043742 -33.87404482110279 2.2
vertex 108.93904314112021 -34.10149590044275 2.2
vertex 108.93904314112022 -34.10149590044277 0
endloop
endfacet
facet normal 0.8526401643541102 0.5224985647159196 0
outer loop
vertex 108.79966094043742 -33.87404482110279 2.2
vertex 108.93904314112022 -34.10149590044277 0
vertex 108.7996609404374 -33.87404482110278 0
endloop
endfacet
facet normal 0.7604059656000292 0.6494480483301859 0
outer loop
vertex 108.62641357801715 -33.67119822198288 2.2
vertex 108.79966094043742 -33.87404482110279 2.2
vertex 108.7996609404374 -33.87404482110278 0
endloop
endfacet
facet normal 0.7604059656000292 0.6494480483301859 0
outer loop
vertex 108.62641357801715 -33.67119822198288 2.2
vertex 108.7996609404374 -33.87404482110278 0
vertex 108.62641357801716 -33.6711982219829 0
endloop
endfacet
facet normal 0.6494480483301859 0.760405965600029 0
outer loop
vertex 108.42356697889726 -33.49795085956262 2.2
vertex 108.62641357801715 -33.67119822198288 2.2
vertex 108.62641357801716 -33.6711982219829 0
endloop
endfacet
facet normal 0.6494480483301859 0.760405965600029 0
outer loop
vertex 108.42356697889726 -33.49795085956262 2.2
vertex 108.62641357801716 -33.6711982219829 0
vertex 108.42356697889723 -33.49795085956261 0
endloop
endfacet
facet normal 0.5224985647159424 0.8526401643540962 0
outer loop
vertex 108.19611589955724 -33.35856865887979 2.2
vertex 108.42356697889726 -33.49795085956262 2.2
vertex 108.42356697889723 -33.49795085956261 0
endloop
endfacet
facet normal 0.5224985647159424 0.8526401643540962 0
outer loop
vertex 108.19611589955724 -33.35856865887979 2.2
vertex 108.42356697889723 -33.49795085956261 0
vertex 108.1961158995572 -33.35856865887976 0
endloop
endfacet
facet normal 0.3826834323651003 0.9238795325112825 0
outer loop
vertex 107.94966094043735 -33.256483672298224 2.2
vertex 108.19611589955724 -33.35856865887979 2.2
vertex 108.1961158995572 -33.35856865887976 0
endloop
endfacet
facet normal 0.3826834323651003 0.9238795325112825 0
outer loop
vertex 107.94966094043735 -33.256483672298224 2.2
vertex 108.1961158995572 -33.35856865887976 0
vertex 107.94966094043743 -33.256483672298245 0
endloop
endfacet
facet normal 0.23344536385589176 0.9723699203976799 0
outer loop
vertex 107.69027064056841 -33.19420957098827 2.2
vertex 107.94966094043735 -33.256483672298224 2.2
vertex 107.94966094043743 -33.256483672298245 0
endloop
endfacet
facet normal 0.23344536385589176 0.9723699203976799 0
outer loop
vertex 107.69027064056841 -33.19420957098827 2.2
vertex 107.94966094043743 -33.256483672298245 0
vertex 107.69027064056837 -33.19420957098827 0
endloop
endfacet
facet normal 0.07845909572786525 0.9969173337331265 0
outer loop
vertex 107.42433205000006 -33.173279750000006 2.2
vertex 107.69027064056841 -33.19420957098827 2.2
vertex 107.69027064056837 -33.19420957098827 0
endloop
endfacet
facet normal 0.07845909572786525 0.9969173337331265 0
outer loop
vertex 107.42433205000006 -33.173279750000006 2.2
vertex 107.69027064056837 -33.19420957098827 0
vertex 107.42433204999998 -33.17327974627096 0
endloop
endfacet
facet normal 1.5337427328177e-8 1 0
outer loop
vertex 91.1243341 -33.173279750000006 2.2
vertex 107.42433205000006 -33.173279750000006 2.2
vertex 107.42433204999998 -33.17327974627096 0
endloop
endfacet
facet normal 1.5337427328177e-8 1 0
outer loop
vertex 91.1243341 -33.173279750000006 2.2
vertex 107.42433204999998 -33.17327974627096 0
vertex 91.1243341 -33.17327974627096 0
endloop
endfacet
facet normal 1 0 0
outer loop
vertex 91.1243341 -29.206279399999993 0
vertex 91.1243341 -29.206279399999865 2.2
vertex 91.1243341 -30.7062794 2.2
endloop
endfacet
facet normal 1 0 0
outer loop
vertex 91.1243341 -29.206279399999993 0
vertex 91.1243341 -30.7062794 2.2
vertex 91.1243341 -33.173279750000006 2.2
endloop
endfacet
facet normal 1 0 0
outer loop
vertex 91.1243341 -29.206279399999993 0
vertex 91.1243341 -33.173279750000006 2.2
vertex 91.1243341 -33.17327974627096 0
endloop
endfacet
facet normal 0.9969167256975087 0.07846682117021357 -4.5609100863212704e-15
outer loop
vertex 91.10340222901175 -28.94034110943165 2.2
vertex 91.1243341 -29.206279399999865 2.2
vertex 91.1243341 -29.206279399999993 0
endloop
endfacet
facet normal 0.9969167256975087 0.07846682117021357 -4.5609100863212704e-15
outer loop
vertex 91.10340222901175 -28.94034110943165 2.2
vertex 91.1243341 -29.206279399999993 0
vertex 91.11750024263148 -29.11945561116655 0
endloop
endfacet
facet normal 0.9969167256975087 0.07846682117021357 -4.5609100863212704e-15
outer loop
vertex 91.10340222901175 -28.94034110943165 2.2
vertex 91.11750024263148 -29.11945561116655 0
vertex 91.1108740056656 -29.035269628337055 0
endloop
endfacet
facet normal 0.9969167256975087 0.07846682117021357 -4.5609100863212704e-15
outer loop
vertex 91.10340222901175 -28.94034110943165 2.2
vertex 91.1108740056656 -29.035269628337055 0
vertex 91.1046567475724 -28.956279699999982 0
endloop
endfacet
facet normal 0.9969167256975087 0.07846682117021357 -4.5609100863212704e-15
outer loop
vertex 91.10340222901175 -28.94034110943165 2.2
vertex 91.1046567475724 -28.956279699999982 0
vertex 91.10340222901173 -28.94034110943157 0
endloop
endfacet
facet normal 0.9723699203976823 0.23344536385588188 2.009991737946796e-15
outer loop
vertex 91.0411281277018 -28.680950809562688 2.2
vertex 91.10340222901175 -28.94034110943165 2.2
vertex 91.10340222901173 -28.94034110943157 0
endloop
endfacet
facet normal 0.9723699203976823 0.23344536385588188 2.009991737946796e-15
outer loop
vertex 91.0411281277018 -28.680950809562688 2.2
vertex 91.10340222901173 -28.94034110943157 0
vertex 91.09008860998411 -28.884885895156714 0
endloop
endfacet
facet normal 0.9723699203976823 0.23344536385588188 2.009991737946796e-15
outer loop
vertex 91.0411281277018 -28.680950809562688 2.2
vertex 91.09008860998411 -28.884885895156714 0
vertex 91.07529293617482 -28.82325747844051 0
endloop
endfacet
facet normal 0.9723699203976823 0.23344536385588188 2.009991737946796e-15
outer loop
vertex 91.0411281277018 -28.680950809562688 2.2
vertex 91.07529293617482 -28.82325747844051 0
vertex 91.06329128369072 -28.773266998107786 0
endloop
endfacet
facet normal 0.9723699203976823 0.23344536385588188 2.009991737946796e-15
outer loop
vertex 91.0411281277018 -28.680950809562688 2.2
vertex 91.06329128369072 -28.773266998107786 0
vertex 91.05444831666941 -28.736433389607036 0
endloop
endfacet
facet normal 0.9723699203976823 0.23344536385588188 2.009991737946796e-15
outer loop
vertex 91.0411281277018 -28.680950809562688 2.2
vertex 91.05444831666941 -28.736433389607036 0
vertex 91.0490327241891 -28.713875823493908 0
endloop
endfacet
facet normal 0.9723699203976823 0.23344536385588188 2.009991737946796e-15
outer loop
vertex 91.0411281277018 -28.680950809562688 2.2
vertex 91.0490327241891 -28.713875823493908 0
vertex 91.04720897778392 -28.706279373011668 0
endloop
endfacet
facet normal 0.9723699203976823 0.23344536385588188 2.009991737946796e-15
outer loop
vertex 91.0411281277018 -28.680950809562688 2.2
vertex 91.04720897778392 -28.706279373011668 0
vertex 91.04112812770181 -28.680950809562702 0
endloop
endfacet
facet normal 0.9238795325112714 0.38268343236512675 0
outer loop
vertex 90.9390431411202 -28.43449585044273 2.2
vertex 91.0411281277018 -28.680950809562688 2.2
vertex 91.04112812770181 -28.680950809562702 0
endloop
endfacet
facet normal 0.9238795325112714 0.38268343236512675 0
outer loop
vertex 90.9390431411202 -28.43449585044273 2.2
vertex 91.04112812770181 -28.680950809562702 0
vertex 90.93904314112021 -28.43449585044273 0
endloop
endfacet
facet normal 0.8526401643541122 0.5224985647159165 0
outer loop
vertex 90.7996609404374 -28.207044771102773 2.2
vertex 90.9390431411202 -28.43449585044273 2.2
vertex 90.93904314112021 -28.43449585044273 0
endloop
endfacet
facet normal 0.8526401643541122 0.5224985647159165 0
outer loop
vertex 90.7996609404374 -28.207044771102773 2.2
vertex 90.93904314112021 -28.43449585044273 0
vertex 90.79966094043742 -28.207044771102787 0
endloop
endfacet
facet normal 0.7604059656000256 0.64944804833019 0
outer loop
vertex 90.62641357801719 -28.004198171982935 2.2
vertex 90.7996609404374 -28.207044771102773 2.2
vertex 90.79966094043742 -28.207044771102787 0
endloop
endfacet
facet normal 0.7604059656000256 0.64944804833019 0
outer loop
vertex 90.62641357801719 -28.004198171982935 2.2
vertex 90.79966094043742 -28.207044771102787 0
vertex 90.62641357801718 -28.00419817198292 0
endloop
endfacet
facet normal 0.6494480483301859 0.760405965600029 0
outer loop
vertex 90.42356697889718 -27.83095080956258 2.2
vertex 90.62641357801719 -28.004198171982935 2.2
vertex 90.62641357801718 -28.00419817198292 0
endloop
endfacet
facet normal 0.6494480483301859 0.760405965600029 0
outer loop
vertex 90.42356697889718 -27.83095080956258 2.2
vertex 90.62641357801718 -28.00419817198292 0
vertex 90.42356697889716 -27.83095080956255 0
endloop
endfacet
facet normal 0.5224985647159491 0.8526401643540921 0
outer loop
vertex 90.1961158995572 -27.691568608879763 2.2
vertex 90.42356697889718 -27.83095080956258 2.2
vertex 90.42356697889716 -27.83095080956255 0
endloop
endfacet
facet normal 0.5224985647159491 0.8526401643540921 0
outer loop
vertex 90.1961158995572 -27.691568608879763 2.2
vertex 90.42356697889716 -27.83095080956255 0
vertex 90.19611589955724 -27.69156860887979 0
endloop
endfacet
facet normal 0.3826834323651003 0.9238795325112825 0
outer loop
vertex 89.9496609404374 -27.58948362229824 2.2
vertex 90.1961158995572 -27.691568608879763 2.2
vertex 90.19611589955724 -27.69156860887979 0
endloop
endfacet
facet normal 0.3826834323651003 0.9238795325112825 0
outer loop
vertex 89.9496609404374 -27.58948362229824 2.2
vertex 90.19611589955724 -27.69156860887979 0
vertex 89.9496609404374 -27.589483622298246 0
endloop
endfacet
facet normal 0.233445363855922 0.9723699203976727 0
outer loop
vertex 89.6902706405684 -27.527209520988265 2.2
vertex 89.9496609404374 -27.58948362229824 2.2
vertex 89.9496609404374 -27.589483622298246 0
endloop
endfacet
facet normal 0.233445363855922 0.9723699203976727 0
outer loop
vertex 89.6902706405684 -27.527209520988265 2.2
vertex 89.9496609404374 -27.589483622298246 0
vertex 89.69027064056839 -27.527209520988265 0
endloop
endfacet
facet normal 0.07845909572783683 0.9969173337331287 0
outer loop
vertex 89.42433205000002 -27.5062797 2.2
vertex 89.6902706405684 -27.527209520988265 2.2
vertex 89.69027064056839 -27.527209520988265 0
endloop
endfacet
facet normal 0.07845909572783683 0.9969173337331287 0
outer loop
vertex 89.42433205000002 -27.5062797 2.2
vertex 89.69027064056839 -27.527209520988265 0
vertex 89.42433204999998 -27.5062796902952 0
endloop
endfacet
facet normal 1.6666660940245492e-8 1 0
outer loop
vertex 71.42433410000002 -27.5062797 2.2
vertex 89.42433205000002 -27.5062797 2.2
vertex 89.42433204999998 -27.5062796902952 0
endloop
endfacet
facet normal 1.6666660940245492e-8 1 0
outer loop
vertex 71.42433410000002 -27.5062797 2.2
vertex 89.42433204999998 -27.5062796902952 0
vertex 71.4243341 -27.5062796902952 0
endloop
endfacet
facet normal -0.08715614679428542 0.9961946627421636 0
outer loop
vertex 71.12913014796621 -27.53210651987925 2.2
vertex 71.42433410000002 -27.5062797 2.2
vertex 71.4243341 -27.5062796902952 0
endloop
endfacet
facet normal -0.08715614679428542 0.9961946627421636 0
outer loop
vertex 71.12913014796621 -27.53210651987925 2.2
vertex 71.4243341 -27.5062796902952 0
vertex 71.12913014796622 -27.53210651987925 0
endloop
endfacet
facet normal -0.2588190451025271 0.9659258262890666 0
outer loop
vertex 70.84289780634631 -27.608802244663977 2.2
vertex 71.12913014796621 -27.53210651987925 2.2
vertex 71.12913014796622 -27.53210651987925 0
endloop
endfacet
facet normal -0.2588190451025271 0.9659258262890666 0
outer loop
vertex 70.84289780634631 -27.608802244663977 2.2
vertex 71.12913014796622 -27.53210651987925 0
vertex 70.84289780634633 -27.608802244663977 0
endloop
endfacet
facet normal -0.42261826174070904 0.9063077870366456 0
outer loop
vertex 70.57433205000004 -27.734036513566437 2.2
vertex 70.84289780634631 -27.608802244663977 2.2
vertex 70.84289780634633 -27.608802244663977 0
endloop
endfacet
facet normal -0.42261826174070904 0.9063077870366456 0
outer loop
vertex 70.57433205000004 -27.734036513566437 2.2
vertex 70.84289780634633 -27.608802244663977 0
vertex 70.57433205000002 -27.73403651356645 0
endloop
endfacet
facet normal -0.5735764363510389 0.8191520442889969 0
outer loop
vertex 70.3315931135329 -27.90400414669773 2.2
vertex 70.57433205000004 -27.734036513566437 2.2
vertex 70.57433205000002 -27.73403651356645 0
endloop
endfacet
facet normal -0.5735764363510389 0.8191520442889969 0
outer loop
vertex 70.3315931135329 -27.90400414669773 2.2
vertex 70.57433205000002 -27.73403651356645 0
vertex 70.33159311353286 -27.90400414669776 0
endloop
endfacet
facet normal -0.707106781186537 0.7071067811865583 0
outer loop
vertex 70.12205649669768 -28.11354076353294 2.2
vertex 70.3315931135329 -27.90400414669773 2.2
vertex 70.33159311353286 -27.90400414669776 0
endloop
endfacet
facet normal -0.707106781186537 0.7071067811865583 0
outer loop
vertex 70.12205649669768 -28.11354076353294 2.2
vertex 70.33159311353286 -27.90400414669776 0
vertex 70.12205649669771 -28.113540763532903 0
endloop
endfacet
facet normal -0.8191520442889969 0.5735764363510389 0
outer loop
vertex 69.95208886356649 -28.356279699999938 2.2
vertex 70.12205649669768 -28.11354076353294 2.2
vertex 70.12205649669771 -28.113540763532903 0
endloop
endfacet
facet normal -0.8191520442889969 0.5735764363510389 0
outer loop
vertex 69.95208886356649 -28.356279699999938 2.2
vertex 70.12205649669771 -28.113540763532903 0
vertex 69.95208886356647 -28.35627969999996 0
endloop
endfacet
facet normal -0.9063077870366456 0.42261826174070904 0
outer loop
vertex 69.82685459466393 -28.624845456346435 2.2
vertex 69.95208886356649 -28.356279699999938 2.2
vertex 69.95208886356647 -28.35627969999996 0
endloop
endfacet
facet normal -0.9063077870366456 0.42261826174070904 0
outer loop
vertex 69.82685459466393 -28.624845456346435 2.2
vertex 69.95208886356647 -28.35627969999996 0
vertex 69.82685459466391 -28.624845456346435 0
endloop
endfacet
facet normal -0.9659258262890824 0.25881904510246784 6.24253027703998e-15
outer loop
vertex 69.75015886987926 -28.911077797966207 2.2
vertex 69.82685459466393 -28.624845456346435 2.2
vertex 69.82685459466391 -28.624845456346435 0
endloop
endfacet
facet normal -0.9659258262890824 0.25881904510246784 6.24253027703998e-15
outer loop
vertex 69.75015886987926 -28.911077797966207 2.2
vertex 69.82685459466391 -28.624845456346435 0
vertex 69.80503444245696 -28.706279373011668 0
endloop
endfacet
facet normal -0.9659258262890824 0.25881904510246784 6.24253027703998e-15
outer loop
vertex 69.75015886987926 -28.911077797966207 2.2
vertex 69.80503444245696 -28.706279373011668 0
vertex 69.8029989796849 -28.713875823493908 0
endloop
endfacet
facet normal -0.9659258262890824 0.25881904510246784 6.24253027703998e-15
outer loop
vertex 69.75015886987926 -28.911077797966207 2.2
vertex 69.8029989796849 -28.713875823493908 0
vertex 69.79695469806168 -28.736433389607036 0
endloop
endfacet
facet normal -0.9659258262890824 0.25881904510246784 6.24253027703998e-15
outer loop
vertex 69.75015886987926 -28.911077797966207 2.2
vertex 69.79695469806168 -28.736433389607036 0
vertex 69.78708516240958 -28.773266998107786 0
endloop
endfacet
facet normal -0.9659258262890824 0.25881904510246784 6.24253027703998e-15
outer loop
vertex 69.75015886987926 -28.911077797966207 2.2
vertex 69.78708516240958 -28.773266998107786 0
vertex 69.77369025357518 -28.82325747844051 0
endloop
endfacet
facet normal -0.9659258262890824 0.25881904510246784 6.24253027703998e-15
outer loop
vertex 69.75015886987926 -28.911077797966207 2.2
vertex 69.77369025357518 -28.82325747844051 0
vertex 69.75717696908526 -28.884885895156714 0
endloop
endfacet
facet normal -0.9659258262890824 0.25881904510246784 6.24253027703998e-15
outer loop
vertex 69.75015886987926 -28.911077797966207 2.2
vertex 69.75717696908526 -28.884885895156714 0
vertex 69.75015886987923 -28.911077797966215 0
endloop
endfacet
facet normal -0.996194690401511 0.08715583064739651 1.258884932913849e-14
outer loop
vertex 69.72433204999999 -29.206279399999865 2.2
vertex 69.75015886987926 -28.911077797966207 2.2
vertex 69.75015886987923 -28.911077797966215 0
endloop
endfacet
facet normal -0.996194690401511 0.08715583064739651 1.258884932913849e-14
outer loop
vertex 69.72433204999999 -29.206279399999865 2.2
vertex 69.75015886987923 -28.911077797966215 0
vertex 69.74620421588146 -28.956279699999982 0
endloop
endfacet
facet normal -0.996194690401511 0.08715583064739651 1.258884932913849e-14
outer loop
vertex 69.72433204999999 -29.206279399999865 2.2
vertex 69.74620421588146 -28.956279699999982 0
vertex 69.73929349261925 -29.035269628337055 0
endloop
endfacet
facet normal -0.996194690401511 0.08715583064739651 1.258884932913849e-14
outer loop
vertex 69.72433204999999 -29.206279399999865 2.2
vertex 69.73929349261925 -29.035269628337055 0
vertex 69.73192817349388 -29.11945561116655 0
endloop
endfacet
facet normal -0.996194690401511 0.08715583064739651 1.258884932913849e-14
outer loop
vertex 69.72433204999999 -29.206279399999865 2.2
vertex 69.73192817349388 -29.11945561116655 0
vertex 69.72433205 -29.206279399999993 0
endloop
endfacet
facet normal 0 0 -1
outer loop
vertex 69.7243341 -33.8972811 2.2
vertex 69.72433270551021 -30.7062794 2.2
vertex 69.72433204999999 -29.206279399999865 2.2
endloop
endfacet
facet normal 0 0 -1
outer loop
vertex 69.7243341 -33.8972811 2.2
vertex 69.72433204999999 -29.206279399999865 2.2
vertex 69.72433205 -29.206279399999993 0
endloop
endfacet
facet normal 0 0 -1
outer loop
vertex 69.7243341 -33.8972811 2.2
vertex 69.72433205 -29.206279399999993 0
vertex 69.72433409999998 -33.8972811 0
endloop
endfacet
facet normal -0.0871557459687793 0.9961946978099341 0
outer loop
vertex 48.68705729999998 -35.7378044 2.2
vertex 69.7243341 -33.8972811 2.2
vertex 69.72433409999998 -33.8972811 0
endloop
endfacet
facet normal -0.0871557459687793 0.9961946978099341 0
outer loop
vertex 48.68705729999998 -35.7378044 2.2
vertex 69.72433409999998 -33.8972811 0
vertex 48.68705729999991 -35.73780440000001 0
endloop
endfacet
facet normal -0.17364221441025043 0.9848088044766379 0
outer loop
vertex 48.39522632548341 -35.78926025256571 2.2
vertex 48.68705729999998 -35.7378044 2.2
vertex 48.68705729999991 -35.73780440000001 0
endloop
endfacet
facet normal -0.17364221441025043 0.9848088044766379 0
outer loop
vertex 48.39522632548341 -35.78926025256571 2.2
vertex 48.68705729999991 -35.73780440000001 0
vertex 48.39522632548348 -35.78926025256569 0
endloop
endfacet
facet normal -0.3420232688641958 0.939691483177032 0
outer loop
vertex 48.11676810383736 -35.89061180561745 2.2
vertex 48.39522632548341 -35.78926025256571 2.2
vertex 48.39522632548348 -35.78926025256569 0
endloop
endfacet
facet normal -0.3420232688641958 0.939691483177032 0
outer loop
vertex 48.11676810383736 -35.89061180561745 2.2
vertex 48.39522632548348 -35.78926025256569 0
vertex 48.116768103837316 -35.890611805617475 0
endloop
endfacet
facet normal -0.5000028209047042 0.8660237751282226 0
outer loop
vertex 47.8601397905635 -36.03877734592487 2.2
vertex 48.11676810383736 -35.89061180561745 2.2
vertex 48.116768103837316 -35.890611805617475 0
endloop
endfacet
facet normal -0.5000028209047042 0.8660237751282226 0
outer loop
vertex 47.8601397905635 -36.03877734592487 2.2
vertex 48.116768103837316 -35.890611805617475 0
vertex 47.86013979056341 -36.03877734592494 0
endloop
endfacet
facet normal -0.6427900521975018 0.7660423936022945 0
outer loop
vertex 47.63313890096633 -36.22925494206272 2.2
vertex 47.8601397905635 -36.03877734592487 2.2
vertex 47.86013979056341 -36.03877734592494 0
endloop
endfacet
facet normal -0.6427900521975018 0.7660423936022945 0
outer loop
vertex 47.63313890096633 -36.22925494206272 2.2
vertex 47.86013979056341 -36.03877734592494 0
vertex 47.6331389009663 -36.22925494206273 0
endloop
endfacet
facet normal -0.7660464483866649 0.6427852198939993 0
outer loop
vertex 47.44266273678211 -36.45625703321177 2.2
vertex 47.63313890096633 -36.22925494206272 2.2
vertex 47.6331389009663 -36.22925494206273 0
endloop
endfacet
facet normal -0.7660464483866649 0.6427852198939993 0
outer loop
vertex 47.44266273678211 -36.45625703321177 2.2
vertex 47.6331389009663 -36.22925494206273 0
vertex 47.44266273678213 -36.45625703321172 0
endloop
endfacet
facet normal -0.8660269291909647 0.49999735790908717 0
outer loop
vertex 47.29449881532098 -36.71288628112713 2.2
vertex 47.44266273678211 -36.45625703321177 2.2
vertex 47.44266273678213 -36.45625703321172 0
endloop
endfacet
facet normal -0.8660269291909647 0.49999735790908717 0
outer loop
vertex 47.29449881532098 -36.71288628112713 2.2
vertex 47.44266273678213 -36.45625703321172 0
vertex 47.294498815321 -36.71288628112708 0
endloop
endfacet
facet normal -0.939693640683664 0.3420173411666156 -1.373037890021878e-15
outer loop
vertex 47.193149018820336 -36.991345142105885 2.2
vertex 47.29449881532098 -36.71288628112713 2.2
vertex 47.294498815321 -36.71288628112708 0
endloop
endfacet
facet normal -0.939693640683664 0.3420173411666156 -1.373037890021878e-15
outer loop
vertex 47.193149018820336 -36.991345142105885 2.2
vertex 47.294498815321 -36.71288628112708 0
vertex 47.214298092715715 -36.93323800000002 0
endloop
endfacet
facet normal -0.939693640683664 0.3420173411666156 -1.373037890021878e-15
outer loop
vertex 47.193149018820336 -36.991345142105885 2.2
vertex 47.214298092715715 -36.93323800000002 0
vertex 47.209586367897955 -36.946183477655616 0
endloop
endfacet
facet normal -0.939693640683664 0.3420173411666156 -1.373037890021878e-15
outer loop
vertex 47.193149018820336 -36.991345142105885 2.2
vertex 47.209586367897955 -36.946183477655616 0
vertex 47.20052519388655 -36.97107907963476 0
endloop
endfacet
facet normal -0.939693640683664 0.3420173411666156 -1.373037890021878e-15
outer loop
vertex 47.193149018820336 -36.991345142105885 2.2
vertex 47.20052519388655 -36.97107907963476 0
vertex 47.19314901882032 -36.99134514210592 0
endloop
endfacet
facet normal -0.9848082588740629 0.17364530875735348 3.554997327652134e-15
outer loop
vertex 47.14169280713871 -37.28317279122048 2.2
vertex 47.193149018820336 -36.991345142105885 2.2
vertex 47.19314901882032 -36.99134514210592 0
endloop
endfacet
facet normal -0.9848082588740629 0.17364530875735348 3.554997327652134e-15
outer loop
vertex 47.14169280713871 -37.28317279122048 2.2
vertex 47.19314901882032 -36.99134514210592 0
vertex 47.19033442217985 -37.00730778478698 0
endloop
endfacet
facet normal -0.9848082588740629 0.17364530875735348 3.554997327652134e-15
outer loop
vertex 47.14169280713871 -37.28317279122048 2.2
vertex 47.19033442217985 -37.00730778478698 0
vertex 47.18210543074252 -37.05397750934036 0
endloop
endfacet
facet normal -0.9848082588740629 0.17364530875735348 3.554997327652134e-15
outer loop
vertex 47.14169280713871 -37.28317279122048 2.2
vertex 47.18210543074252 -37.05397750934036 0
vertex 47.17223806629895 -37.109939073280515 0
endloop
endfacet
facet normal -0.9848082588740629 0.17364530875735348 3.554997327652134e-15
outer loop
vertex 47.14169280713871 -37.28317279122048 2.2
vertex 47.17223806629895 -37.109939073280515 0
vertex 47.16097529940811 -37.17381449738295 0
endloop
endfacet
facet normal -0.9848082588740629 0.17364530875735348 3.554997327652134e-15
outer loop
vertex 47.14169280713871 -37.28317279122048 2.2
vertex 47.16097529940811 -37.17381449738295 0
vertex 47.148594457064014 -37.24403093412197 0
endloop
endfacet
facet normal -0.9848082588740629 0.17364530875735348 3.554997327652134e-15
outer loop
vertex 47.14169280713871 -37.28317279122048 2.2
vertex 47.148594457064014 -37.24403093412197 0
vertex 47.14169280713871 -37.28317279122042 0
endloop
endfacet
facet normal 0 0 1
outer loop
vertex 47.14169365000001 -37.57950220000009 2.2
vertex 47.141693512428446 -37.5311354049614 2.2
vertex 47.14169280713871 -37.28317279122048 2.2
endloop
endfacet
facet normal 0 0 1
outer loop
vertex 47.14169365000001 -37.57950220000009 2.2
vertex 47.14169280713871 -37.28317279122048 2.2
vertex 47.14169280713871 -37.28317279122042 0
endloop
endfacet
facet normal 0 0 1
outer loop
vertex 47.14169365000001 -37.57950220000009 2.2
vertex 47.14169280713871 -37.28317279122042 0
vertex 47.14169290864351 -37.3188593969531 0
endloop
endfacet
facet normal 0 0 1
outer loop
vertex 47.14169365000001 -37.57950220000009 2.2
vertex 47.14169290864351 -37.3188593969531 0
vertex 47.14169312935836 -37.39645733431187 0
endloop
endfacet
facet normal 0 0 1
outer loop
vertex 47.14169365000001 -37.57950220000009 2.2
vertex 47.14169312935836 -37.39645733431187 0
vertex 47.14169335251571 -37.474914000000155 0
endloop
endfacet
facet normal 0 0 1
outer loop
vertex 47.14169365000001 -37.57950220000009 2.2
vertex 47.14169335251571 -37.474914000000155 0
vertex 47.14169365000001 -37.57950220000009 0
endloop
endfacet
facet normal 0 0 1
outer loop
vertex 48.5801831 -54.021536700000006 2.2
vertex 48.464392457951426 -52.69804160496139 2.2
vertex 47.24421390125622 -38.75131580496139 2.2
endloop
endfacet
facet normal 0 0 1
outer loop
vertex 48.5801831 -54.021536700000006 2.2
vertex 47.24421390125622 -38.75131580496139 2.2
vertex 47.14169365000001 -37.57950220000009 2.2
endloop
endfacet
facet normal 0 0 1
outer loop
vertex 48.5801831 -54.021536700000006 2.2
vertex 47.14169365000001 -37.57950220000009 2.2
vertex 47.14169365000001 -37.57950220000009 0
endloop
endfacet
facet normal 0 0 1
outer loop
vertex 48.5801831 -54.021536700000006 2.2
vertex 47.14169365000001 -37.57950220000009 0
vertex 48.58018309999999 -54.0215367 0
endloop
endfacet
facet normal 0 0 1
outer loop
vertex 25.466941899999803 -60.214711000000065 2.2
vertex 29.386125757374934 -59.164568852802184 2.2
vertex 42.36598632956458 -55.6866257024807 2.2
endloop
endfacet
facet normal 0 0 1
outer loop
vertex 25.466941899999803 -60.214711000000065 2.2
vertex 42.36598632956458 -55.6866257024807 2.2
vertex 46.919761587062524 -54.46644530248071 2.2
endloop
endfacet
facet normal 0 0 1
outer loop
vertex 25.466941899999803 -60.214711000000065 2.2
vertex 46.919761587062524 -54.46644530248071 2.2
vertex 48.5801831 -54.021536700000006 2.2
endloop
endfacet
facet normal 0 0 1
outer loop
vertex 25.466941899999803 -60.214711000000065 2.2
vertex 48.5801831 -54.021536700000006 2.2
vertex 48.58018309999999 -54.0215367 0
endloop
endfacet
facet normal 0 0 1
outer loop
vertex 25.466941899999803 -60.214711000000065 2.2
vertex 48.58018309999999 -54.0215367 0
vertex 25.46694189999993 -60.21471100000002 0
endloop
endfacet
facet normal -0.3420339673181866 0.9396875891489586 0
outer loop
vertex 25.188483350132955 -60.31606626279638 2.2
vertex 25.466941899999803 -60.214711000000065 2.2
vertex 25.46694189999993 -60.21471100000002 0
endloop
endfacet
facet normal -0.3420339673181866 0.9396875891489586 0
outer loop
vertex 25.188483350132955 -60.31606626279638 2.2
vertex 25.46694189999993 -60.21471100000002 0
vertex 25.188483350132863 -60.31606626279642 0
endloop
endfacet
facet normal -0.5000008351660911 0.8660249216005342 0
outer loop
vertex 24.931855437200923 -60.464230787387436 2.2
vertex 25.188483350132955 -60.31606626279638 2.2
vertex 25.188483350132863 -60.31606626279642 0
endloop
endfacet
facet normal -0.5000008351660911 0.8660249216005342 0
outer loop
vertex 24.931855437200923 -60.464230787387436 2.2
vertex 25.188483350132863 -60.31606626279642 0
vertex 24.93185543720096 -60.4642307873874 0
endloop
endfacet
facet normal -0.6427879091591031 0.7660441918315605 0
outer loop
vertex 24.70485466937069 -60.65470719917543 2.2
vertex 24.931855437200923 -60.464230787387436 2.2
vertex 24.93185543720096 -60.4642307873874 0
endloop
endfacet
facet normal -0.6427879091591031 0.7660441918315605 0
outer loop
vertex 24.70485466937069 -60.65470719917543 2.2
vertex 24.93185543720096 -60.4642307873874 0
vertex 24.70485466937069 -60.65470719917543 0
endloop
endfacet
facet normal -0.7660443258104982 0.6427877494893157 0
outer loop
vertex 24.514378304897434 -60.88170800670742 2.2
vertex 24.70485466937069 -60.65470719917543 2.2
vertex 24.70485466937069 -60.65470719917543 0
endloop
endfacet
facet normal -0.7660443258104982 0.6427877494893157 0
outer loop
vertex 24.514378304897434 -60.88170800670742 2.2
vertex 24.70485466937069 -60.65470719917543 0
vertex 24.51437830489745 -60.8817080067074 0
endloop
endfacet
facet normal -0.8660250258177498 0.5000006546569374 0
outer loop
vertex 24.36621383379638 -61.13833595052202 2.2
vertex 24.514378304897434 -60.88170800670742 2.2
vertex 24.51437830489745 -60.8817080067074 0
endloop
endfacet
facet normal -0.8660250258177498 0.5000006546569374 0
outer loop
vertex 24.36621383379638 -61.13833595052202 2.2
vertex 24.51437830489745 -60.8817080067074 0
vertex 24.366213833796373 -61.13833595052204 0
endloop
endfacet
facet normal -0.9396921661150747 0.34202139252093433 -2.7673711698390364e-16
outer loop
vertex 24.264863129040073 -61.416793571514 2.2
vertex 24.36621383379638 -61.13833595052202 2.2
vertex 24.366213833796373 -61.13833595052204 0
endloop
endfacet
facet normal -0.9396921661150747 0.34202139252093433 -2.7673711698390364e-16
outer loop
vertex 24.264863129040073 -61.416793571514 2.2
vertex 24.366213833796373 -61.13833595052204 0
vertex 24.280503566683386 -61.37382199999998 0
endloop
endfacet
facet normal -0.9396921661150747 0.34202139252093433 -2.7673711698390364e-16
outer loop
vertex 24.264863129040073 -61.416793571514 2.2
vertex 24.280503566683386 -61.37382199999998 0
vertex 24.26965283922815 -61.40363400535784 0
endloop
endfacet
facet normal -0.9396921661150747 0.34202139252093433 -2.7673711698390364e-16
outer loop
vertex 24.264863129040073 -61.416793571514 2.2
vertex 24.26965283922815 -61.40363400535784 0
vertex 24.264863129040066 -61.416793571514006 0
endloop
endfacet
facet normal -0.9848074225927621 0.1736500515583019 2.618358876078377e-15
outer loop
vertex 24.21340566032245 -61.70862013123106 2.2
vertex 24.264863129040073 -61.416793571514 2.2
vertex 24.264863129040066 -61.416793571514006 0
endloop
endfacet
facet normal -0.9848074225927621 0.1736500515583019 2.618358876078377e-15
outer loop
vertex 24.21340566032245 -61.70862013123106 2.2
vertex 24.264863129040066 -61.416793571514006 0
vertex 24.25949973556525 -61.447210548974624 0
endloop
endfacet
facet normal -0.9848074225927621 0.1736500515583019 2.618358876078377e-15
outer loop
vertex 24.21340566032245 -61.70862013123106 2.2
vertex 24.25949973556525 -61.447210548974624 0
vertex 24.24962160020348 -61.50323161512665 0
endloop
endfacet
facet normal -0.9848074225927621 0.1736500515583019 2.618358876078377e-15
outer loop
vertex 24.21340566032245 -61.70862013123106 2.2
vertex 24.24962160020348 -61.50323161512665 0
vertex 24.23784926943733 -61.569995077709514 0
endloop
endfacet
facet normal -0.9848074225927621 0.1736500515583019 2.618358876078377e-15
outer loop
vertex 24.21340566032245 -61.70862013123106 2.2
vertex 24.23784926943733 -61.569995077709514 0
vertex 24.224540429988703 -61.64547241709114 0
endloop
endfacet
facet normal -0.9848074225927621 0.1736500515583019 2.618358876078377e-15
outer loop
vertex 24.21340566032245 -61.70862013123106 2.2
vertex 24.224540429988703 -61.64547241709114 0
vertex 24.213405660322458 -61.70862013123104 0
endloop
endfacet
facet normal -0.9999999999969341 0.0000024762327505618337 -3.2297157290414748e-15
outer loop
vertex 24.21340492654398 -62.004948685445164 2.2
vertex 24.21340566032245 -61.70862013123106 2.2
vertex 24.213405660322458 -61.70862013123104 0
endloop
endfacet
facet normal -0.9999999999969341 0.0000024762327505618337 -3.2297157290414748e-15
outer loop
vertex 24.21340492654398 -62.004948685445164 2.2
vertex 24.213405660322458 -61.70862013123104 0
vertex 24.21340561389254 -61.727370354001714 0
endloop
endfacet
facet normal -0.9999999999969341 0.0000024762327505618337 -3.2297157290414748e-15
outer loop
vertex 24.21340492654398 -62.004948685445164 2.2
vertex 24.21340561389254 -61.727370354001714 0
vertex 24.213405401357054 -61.81320052779611 0
endloop
endfacet
facet normal -0.9999999999969341 0.0000024762327505618337 -3.2297157290414748e-15
outer loop
vertex 24.21340492654398 -62.004948685445164 2.2
vertex 24.213405401357054 -61.81320052779611 0
vertex 24.21340518554204 -61.90035510200448 0
endloop
endfacet
facet normal -0.9999999999969341 0.0000024762327505618337 -3.2297157290414748e-15
outer loop
vertex 24.21340492654398 -62.004948685445164 2.2
vertex 24.21340518554204 -61.90035510200448 0
vertex 24.21340497300476 -61.98618600000003 0
endloop
endfacet
facet normal -0.9999999999969341 0.0000024762327505618337 -3.2297157290414748e-15
outer loop
vertex 24.21340492654398 -62.004948685445164 2.2
vertex 24.21340497300476 -61.98618600000003 0
vertex 24.213404926543987 -62.004948685445186 0
endloop
endfacet
facet normal -0.9848082825765802 -0.1736451743313552 0
outer loop
vertex 24.264860949999992 -62.296775499999995 2.2
vertex 24.21340492654398 -62.004948685445164 2.2
vertex 24.213404926543987 -62.004948685445186 0
endloop
endfacet
facet normal -0.9848082825765802 -0.1736451743313552 0
outer loop
vertex 24.264860949999992 -62.296775499999995 2.2
vertex 24.213404926543987 -62.004948685445186 0
vertex 24.264860949999992 -62.29677549999999 0
endloop
endfacet
facet normal 0 0 1
outer loop
vertex 37.464629587083614 -111.558994866154 2.2
vertex 36.81980471840086 -109.1524751 2.2
vertex 33.196338973152564 -95.6295135 2.2
endloop
endfacet
facet normal 0 0 1
outer loop
vertex 37.464629587083614 -111.558994866154 2.2
vertex 33.196338973152564 -95.6295135 2.2
vertex 32.41988204438598 -92.7317360764011 2.2
endloop
endfacet
facet normal 0 0 1
outer loop
vertex 37.464629587083614 -111.558994866154 2.2
vertex 32.41988204438598 -92.7317360764011 2.2
vertex 28.79641629913767 -79.20877447640105 2.2
endloop
endfacet
facet normal 0 0 1
outer loop
vertex 37.464629587083614 -111.558994866154 2.2
vertex 28.79641629913767 -79.20877447640105 2.2
vertex 28.01995937037109 -76.31099705280216 2.2
endloop
endfacet
facet normal 0 0 1
outer loop
vertex 37.464629587083614 -111.558994866154 2.2
vertex 28.01995937037109 -76.31099705280216 2.2
vertex 24.396493625122776 -62.7880354528021 2.2
endloop
endfacet
facet normal 0 0 1
outer loop
vertex 37.464629587083614 -111.558994866154 2.2
vertex 24.396493625122776 -62.7880354528021 2.2
vertex 24.264860949999992 -62.296775499999995 2.2
endloop
endfacet
facet normal 0 0 1
outer loop
vertex 37.464629587083614 -111.558994866154 2.2
vertex 24.264860949999992 -62.296775499999995 2.2
vertex 24.264860949999992 -62.29677549999999 0
endloop
endfacet
facet normal 0 0 1
outer loop
vertex 37.464629587083614 -111.558994866154 2.2
vertex 24.264860949999992 -62.29677549999999 0
vertex 37.38140879774059 -111.24841057538677 0
endloop
endfacet
facet normal 0 0 1
outer loop
vertex 37.464629587083614 -111.558994866154 2.2
vertex 37.38140879774059 -111.24841057538677 0
vertex 37.40335491851325 -111.33031463336408 0
endloop
endfacet
facet normal 0 0 1
outer loop
vertex 37.464629587083614 -111.558994866154 2.2
vertex 37.40335491851325 -111.33031463336408 0
vertex 37.42357921322182 -111.40579274740166 0
endloop
endfacet
facet normal 0 0 1
outer loop
vertex 37.464629587083614 -111.558994866154 2.2
vertex 37.42357921322182 -111.40579274740166 0
vertex 37.44146855035962 -111.47255667899978 0
endloop
endfacet
facet normal 0 0 1
outer loop
vertex 37.464629587083614 -111.558994866154 2.2
vertex 37.44146855035962 -111.47255667899978 0
vertex 37.456479371751826 -111.52857784093223 0
endloop
endfacet
facet normal 0 0 1
outer loop
vertex 37.464629587083614 -111.558994866154 2.2
vertex 37.456479371751826 -111.52857784093223 0
vertex 37.46462958708361 -111.558994866154 0
endloop
endfacet
facet normal 0 0 -1
outer loop
vertex 37.565986612796415 -111.83745474986709 2.2
vertex 37.48577712843562 -111.61709386683289 2.2
vertex 37.464629587083614 -111.558994866154 2.2
endloop
endfacet
facet normal 0 0 -1
outer loop
vertex 37.565986612796415 -111.83745474986709 2.2
vertex 37.464629587083614 -111.558994866154 2.2
vertex 37.46462958708361 -111.558994866154 0
endloop
endfacet
facet normal 0 0 -1
outer loop
vertex 37.565986612796415 -111.83745474986709 2.2
vertex 37.46462958708361 -111.558994866154 0
vertex 37.46941942134201 -111.57215405942372 0
endloop
endfacet
facet normal 0 0 -1
outer loop
vertex 37.565986612796415 -111.83745474986709 2.2
vertex 37.46941942134201 -111.57215405942372 0
vertex 37.48026900075733 -111.60196129381207 0
endloop
endfacet
facet normal 0 0 -1
outer loop
vertex 37.565986612796415 -111.83745474986709 2.2
vertex 37.48026900075733 -111.60196129381207 0
vertex 37.485777128435615 -111.61709386683287 0
endloop
endfacet
facet normal 0 0 -1
outer loop
vertex 37.565986612796415 -111.83745474986709 2.2
vertex 37.485777128435615 -111.61709386683287 0
vertex 37.56598661279641 -111.83745474986708 0
endloop
endfacet
facet normal -0.8660249216005264 -0.5000008351661048 0
outer loop
vertex 37.71415113738741 -112.09408266279902 2.2
vertex 37.565986612796415 -111.83745474986709 2.2
vertex 37.56598661279641 -111.83745474986708 0
endloop
endfacet
facet normal -0.8660249216005264 -0.5000008351661048 0
outer loop
vertex 37.71415113738741 -112.09408266279902 2.2
vertex 37.56598661279641 -111.83745474986708 0
vertex 37.71415113738744 -112.09408266279907 0
endloop
endfacet
facet normal -0.7660441918315719 -0.6427879091590896 0
outer loop
vertex 37.90462754917548 -112.32108343062936 2.2
vertex 37.71415113738741 -112.09408266279902 2.2
vertex 37.71415113738744 -112.09408266279907 0
endloop
endfacet
facet normal -0.7660441918315719 -0.6427879091590896 0
outer loop
vertex 37.90462754917548 -112.32108343062936 2.2
vertex 37.71415113738744 -112.09408266279907 0
vertex 37.90462754917548 -112.32108343062936 0
endloop
endfacet
facet normal -0.6427877494893123 -0.7660443258105012 0
outer loop
vertex 38.13162835670737 -112.51155979510253 2.2
vertex 37.90462754917548 -112.32108343062936 2.2
vertex 37.90462754917548 -112.32108343062936 0
endloop
endfacet
facet normal -0.6427877494893123 -0.7660443258105012 0
outer loop
vertex 38.13162835670737 -112.51155979510253 2.2
vertex 37.90462754917548 -112.32108343062936 0
vertex 38.13162835670739 -112.51155979510254 0
endloop
endfacet
facet normal -0.500000654656929 -0.8660250258177545 0
outer loop
vertex 38.388256300521974 -112.65972426620358 2.2
vertex 38.13162835670737 -112.51155979510253 2.2
vertex 38.13162835670739 -112.51155979510254 0
endloop
endfacet
facet normal -0.500000654656929 -0.8660250258177545 0
outer loop
vertex 38.388256300521974 -112.65972426620358 2.2
vertex 38.13162835670739 -112.51155979510254 0
vertex 38.38825630052195 -112.65972426620357 0
endloop
endfacet
facet normal -0.3420213925209619 -0.9396921661150647 0
outer loop
vertex 38.66671392151393 -112.7610749709599 2.2
vertex 38.388256300521974 -112.65972426620358 2.2
vertex 38.38825630052195 -112.65972426620357 0
endloop
endfacet
facet normal -0.3420213925209619 -0.9396921661150647 0
outer loop
vertex 38.66671392151393 -112.7610749709599 2.2
vertex 38.38825630052195 -112.65972426620357 0
vertex 38.66671392151404 -112.76107497095992 0
endloop
endfacet
facet normal -0.17365005155826874 -0.9848074225927679 0
outer loop
vertex 38.95854048123118 -112.81253243967754 2.2
vertex 38.66671392151393 -112.7610749709599 2.2
vertex 38.66671392151404 -112.76107497095992 0
endloop
endfacet
facet normal -0.17365005155826874 -0.9848074225927679 0
outer loop
vertex 38.95854048123118 -112.81253243967754 2.2
vertex 38.66671392151404 -112.76107497095992 0
vertex 38.958540481231125 -112.81253317345602 0
endloop
endfacet
facet normal -0.000002476232779713428 -0.9999999999969341 0
outer loop
vertex 39.254869035445125 -112.81253243967754 2.2
vertex 38.95854048123118 -112.81253243967754 2.2
vertex 38.958540481231125 -112.81253317345602 0
endloop
endfacet
facet normal -0.000002476232779713428 -0.9999999999969341 0
outer loop
vertex 39.254869035445125 -112.81253243967754 2.2
vertex 38.958540481231125 -112.81253317345602 0
vertex 39.254869035444976 -112.81253317345602 0
endloop
endfacet
facet normal 0.1736451743313408 -0.9848082825765827 0
outer loop
vertex 39.54669585000032 -112.76107714999993 2.2
vertex 39.254869035445125 -112.81253243967754 2.2
vertex 39.254869035444976 -112.81253317345602 0
endloop
endfacet
facet normal 0.1736451743313408 -0.9848082825765827 0
outer loop
vertex 39.54669585000032 -112.76107714999993 2.2
vertex 39.254869035444976 -112.81253317345602 0
vertex 39.54669585000019 -112.76107714999995 0
endloop
endfacet
facet normal -0.20987430006934427 0.9777283764780498 0
outer loop
vertex 56.40218190000003 -107.0023311000001 1.0000000000000004
vertex 56.5006265367324 -106.98119946495008 1.0000000000000004
vertex 56.500626536732526 -106.98119946494997 0
endloop
endfacet
facet normal -0.20987430006934427 0.9777283764780498 0
outer loop
vertex 56.40218190000003 -107.0023311000001 1.0000000000000004
vertex 56.500626536732526 -106.98119946494997 0
vertex 56.40218190000007 -107.0023311 0
endloop
endfacet
facet normal -0.1104825679908429 0.9938780620227758 0
outer loop
vertex 56.5006265367324 -106.98119946495008 1.0000000000000004
vertex 56.60069804693393 -106.97007520549356 1
vertex 56.6006980469339 -106.97007520549377 0
endloop
endfacet
facet normal -0.1104825679908429 0.9938780620227758 0
outer loop
vertex 56.5006265367324 -106.98119946495008 1.0000000000000004
vertex 56.6006980469339 -106.97007520549377 0
vertex 56.500626536732526 -106.98119946494997 0
endloop
endfacet
facet normal -0.00997791532401493 0.9999502193638377 0
outer loop
vertex 56.60069804693393 -106.97007520549356 1
vertex 56.701380950000015 -106.96907055000014 1.0000000000000004
vertex 56.7013809500003 -106.96907055000001 0
endloop
endfacet
facet normal -0.00997791532401493 0.9999502193638377 0
outer loop
vertex 56.60069804693393 -106.97007520549356 1
vertex 56.7013809500003 -106.96907055000001 0
vertex 56.6006980469339 -106.97007520549377 0
endloop
endfacet
facet normal 0.07383274608650937 0.9972706380944569 0
outer loop
vertex 98.96418769999998 -108.67683580000062 1.0000000000000004
vertex 99.03106508242355 -108.68178705456161 1.0000000000000004
vertex 99.03106508242347 -108.68178705456098 0
endloop
endfacet
facet normal 0.07383274608650937 0.9972706380944569 0
outer loop
vertex 98.96418769999998 -108.67683580000062 1.0000000000000004
vertex 99.03106508242347 -108.68178705456098 0
vertex 98.96418770000011 -108.6768358 0
endloop
endfacet
facet normal 0.1405490222898037 0.9900737206558815 0
outer loop
vertex 99.03106508242355 -108.68178705456161 1.0000000000000004
vertex 99.09746385000004 -108.69121289999985 1.0000000000000004
vertex 99.09746385000015 -108.69121290000002 0
endloop
endfacet
facet normal 0.1405490222898037 0.9900737206558815 0
outer loop
vertex 99.03106508242355 -108.68178705456161 1.0000000000000004
vertex 99.09746385000015 -108.69121290000002 0
vertex 99.03106508242347 -108.68178705456098 0
endloop
endfacet
facet normal 0.3007054243172011 0.9537170690441752 0
outer loop
vertex 116.69249679999965 -111.79369220000106 1
vertex 116.87895669999966 -111.85248270000105 1
vertex 116.87895669999996 -111.85248269999998 0
endloop
endfacet
facet normal 0.3007054243172011 0.9537170690441752 0
outer loop
vertex 116.69249679999965 -111.79369220000106 1
vertex 116.87895669999996 -111.85248269999998 0
vertex 116.69249679999996 -111.79369219999998 0
endloop
endfacet
facet normal 0.3420037237252552 0.9396985968692618 0
outer loop
vertex 133.16279559999984 -119.44576150000054 1.0000000000000004
vertex 133.2446967731383 -119.47556946851739 1.0000000000000004
vertex 133.24469677313837 -119.47556946851684 0
endloop
endfacet
facet normal 0.3420037237252552 0.9396985968692618 0
outer loop
vertex 133.16279559999984 -119.44576150000054 1.0000000000000004
vertex 133.24469677313837 -119.47556946851684 0
vertex 133.16279559999984 -119.44576149999995 0
endloop
endfacet
facet normal 0.17364881894661732 0.9848076399370818 0
outer loop
vertex 133.2446967731383 -119.47556946851739 1.0000000000000004
vertex 133.33052772523328 -119.49070383877968 1
vertex 133.33052772523328 -119.49070383877954 0
endloop
endfacet
facet normal 0.17364881894661732 0.9848076399370818 0
outer loop
vertex 133.2446967731383 -119.47556946851739 1.0000000000000004
vertex 133.33052772523328 -119.49070383877954 0
vertex 133.24469677313837 -119.47556946851684 0
endloop
endfacet
facet normal 0.00000205623931037735 0.9999999999978859 0
outer loop
vertex 133.33052772523328 -119.49070383877968 1
vertex 133.4176827681207 -119.49070401799149 1
vertex 133.41768276812076 -119.49070383877954 0
endloop
endfacet
facet normal 0.00000205623931037735 0.9999999999978859 0
outer loop
vertex 133.33052772523328 -119.49070383877968 1
vertex 133.41768276812076 -119.49070383877954 0
vertex 133.33052772523328 -119.49070383877954 0
endloop
endfacet
facet normal -0.173644768944996 0.9848083540557722 0
outer loop
vertex 133.4176827681207 -119.49070401799149 1
vertex 133.50351378245477 -119.47557000070756 1
vertex 133.50351378245466 -119.47556946851684 0
endloop
endfacet
facet normal -0.173644768944996 0.9848083540557722 0
outer loop
vertex 133.4176827681207 -119.49070401799149 1
vertex 133.50351378245466 -119.47556946851684 0
vertex 133.41768276812076 -119.49070383877954 0
endloop
endfacet
facet normal -0.34201557042717856 0.9396942851722424 0
outer loop
vertex 133.50351378245477 -119.47557000070756 1
vertex 133.58541287818014 -119.44576161899798 1
vertex 133.5854128781799 -119.44576149999995 0
endloop
endfacet
facet normal -0.34201557042717856 0.9396942851722424 0
outer loop
vertex 133.50351378245477 -119.47557000070756 1
vertex 133.5854128781799 -119.44576149999995 0
vertex 133.50351378245466 -119.47556946851684 0
endloop
endfacet
facet normal -0.49999456876434667 0.8660285394870976 0
outer loop
vertex 133.58541287818014 -119.44576161899798 1
vertex 133.66089163268077 -119.40218457091316 1
vertex 133.660891632681 -119.40218457091346 0
endloop
endfacet
facet normal -0.49999456876434667 0.8660285394870976 0
outer loop
vertex 133.58541287818014 -119.44576161899798 1
vertex 133.660891632681 -119.40218457091346 0
vertex 133.5854128781799 -119.44576149999995 0
endloop
endfacet
facet normal -0.6427817291230472 0.7660493774591723 0
outer loop
vertex 133.66089163268077 -119.40218457091316 1
vertex 133.7276566990276 -119.3461629017445 1
vertex 133.7276566990275 -119.34616290174435 0
endloop
endfacet
facet normal -0.6427817291230472 0.7660493774591723 0
outer loop
vertex 133.66089163268077 -119.40218457091316 1
vertex 133.7276566990275 -119.34616290174435 0
vertex 133.660891632681 -119.40218457091346 0
endloop
endfacet
facet normal -0.7660386055650295 0.6427945665482754 0
outer loop
vertex 133.7276566990276 -119.3461629017445 1
vertex 133.78367948704292 -119.2793987742227 1
vertex 133.7836794870429 -119.27939877422284 0
endloop
endfacet
facet normal -0.7660386055650295 0.6427945665482754 0
outer loop
vertex 133.7276566990276 -119.3461629017445 1
vertex 133.7836794870429 -119.27939877422284 0
vertex 133.7276566990275 -119.34616290174435 0
endloop
endfacet
facet normal -0.8660201604171709 0.5000090816685409 0
outer loop
vertex 133.78367948704292 -119.2793987742227 1
vertex 133.82725779999993 -119.20392074999995 1
vertex 133.8272578000001 -119.2039207499998 0
endloop
endfacet
facet normal -0.8660201604171709 0.5000090816685409 0
outer loop
vertex 133.78367948704292 -119.2793987742227 1
vertex 133.8272578000001 -119.2039207499998 0
vertex 133.7836794870429 -119.27939877422284 0
endloop
endfacet
facet normal -0.9397124239786895 0.34196572959888233 0
outer loop
vertex 141.01176900000036 -103.79668440000015 1.0000000000000004
vertex 141.04157321851724 -103.71478322686171 1.0000000000000004
vertex 141.04157321851682 -103.71478322686183 0
endloop
endfacet
facet normal -0.9397124239786895 0.34196572959888233 0
outer loop
vertex 141.01176900000036 -103.79668440000015 1.0000000000000004
vertex 141.04157321851682 -103.71478322686183 0
vertex 141.01176900000007 -103.79668439999989 0
endloop
endfacet
facet normal -0.9848076399370418 0.17364881894684456 0
outer loop
vertex 141.04157321851724 -103.71478322686171 1.0000000000000004
vertex 141.05670758877866 -103.62895227476662 1
vertex 141.05670758877955 -103.62895227476679 0
endloop
endfacet
facet normal -0.9848076399370418 0.17364881894684456 0
outer loop
vertex 141.04157321851724 -103.71478322686171 1.0000000000000004
vertex 141.05670758877955 -103.62895227476679 0
vertex 141.04157321851682 -103.71478322686183 0
endloop
endfacet
facet normal -0.9999999999978859 0.0000020562391398470936 0
outer loop
vertex 141.05670758877866 -103.62895227476662 1
vertex 141.05670776799164 -103.54179723187929 1
vertex 141.05670776799116 -103.54179723187913 0
endloop
endfacet
facet normal -0.9999999999978859 0.0000020562391398470936 0
outer loop
vertex 141.05670758877866 -103.62895227476662 1
vertex 141.05670776799116 -103.54179723187913 0
vertex 141.05670758877955 -103.62895227476679 0
endloop
endfacet
facet normal -0.9848083540557621 -0.17364476894505293 0
outer loop
vertex 141.05670776799164 -103.54179723187929 1
vertex 141.04157375070687 -103.4559662175454 1
vertex 141.04157375070656 -103.4559662175454 0
endloop
endfacet
facet normal -0.9848083540557621 -0.17364476894505293 0
outer loop
vertex 141.05670776799164 -103.54179723187929 1
vertex 141.04157375070656 -103.4559662175454 0
vertex 141.05670776799116 -103.54179723187913 0
endloop
endfacet
facet normal -0.9396942851722832 -0.34201557042706676 0
outer loop
vertex 141.04157375070687 -103.4559662175454 1
vertex 141.0117653689971 -103.37406712182022 1
vertex 141.0117653689978 -103.3740671218201 0
endloop
endfacet
facet normal -0.9396942851722832 -0.34201557042706676 0
outer loop
vertex 141.04157375070687 -103.4559662175454 1
vertex 141.0117653689978 -103.3740671218201 0
vertex 141.04157375070656 -103.4559662175454 0
endloop
endfacet
facet normal -0.8660285394869524 -0.4999945687645977 0
outer loop
vertex 141.0117653689971 -103.37406712182022 1
vertex 140.9681883209143 -103.29858836731856 1
vertex 140.9681883209134 -103.29858836731897 0
endloop
endfacet
facet normal -0.8660285394869524 -0.4999945687645977 0
outer loop
vertex 141.0117653689971 -103.37406712182022 1
vertex 140.9681883209134 -103.29858836731897 0
vertex 141.0117653689978 -103.3740671218201 0
endloop
endfacet
facet normal -0.7660493774593797 -0.6427817291228002 0
outer loop
vertex 140.9681883209143 -103.29858836731856 1
vertex 140.91216665174457 -103.23182330097237 1
vertex 140.91216665174443 -103.23182330097256 0
endloop
endfacet
facet normal -0.7660493774593797 -0.6427817291228002 0
outer loop
vertex 140.9681883209143 -103.29858836731856 1
vertex 140.91216665174443 -103.23182330097256 0
vertex 140.9681883209134 -103.29858836731897 0
endloop
endfacet
facet normal -0.6427945665481793 -0.76603860556511 0
outer loop
vertex 140.91216665174457 -103.23182330097237 1
vertex 140.8454025242219 -103.17580051295808 1
vertex 140.8454025242227 -103.17580051295703 0
endloop
endfacet
facet normal -0.6427945665481793 -0.76603860556511 0
outer loop
vertex 140.91216665174457 -103.23182330097237 1
vertex 140.8454025242227 -103.17580051295703 0
vertex 140.91216665174443 -103.23182330097256 0
endloop
endfacet
facet normal -0.5000090816685956 -0.8660201604171395 0
outer loop
vertex 140.8454025242219 -103.17580051295808 1
vertex 140.76992450000043 -103.13222219999936 1.0000000000000004
vertex 140.7699244999999 -103.13222219999994 0
endloop
endfacet
facet normal -0.5000090816685956 -0.8660201604171395 0
outer loop
vertex 140.8454025242219 -103.17580051295808 1
vertex 140.7699244999999 -103.13222219999994 0
vertex 140.8454025242227 -103.17580051295703 0
endloop
endfacet
facet normal 0.00005757088460098795 0.00012346114903389121 -0.9999999907214688
outer loop
vertex 140.76992450000043 -103.13222219999936 1.0000000000000004
vertex 130.15616584531148 -98.1829448 1
vertex 126.50171580000037 -96.47884659999923 1
endloop
endfacet
facet normal 0.00005757088460098795 0.00012346114903389121 -0.9999999907214688
outer loop
vertex 140.76992450000043 -103.13222219999936 1.0000000000000004
vertex 126.50171580000037 -96.47884659999923 1
vertex 126.50171579999996 -96.47884659999998 0
endloop
endfacet
facet normal 0.00005757088460098795 0.00012346114903389121 -0.9999999907214688
outer loop
vertex 140.76992450000043 -103.13222219999936 1.0000000000000004
vertex 126.50171579999996 -96.47884659999998 0
vertex 140.7699244999999 -103.13222219999994 0
endloop
endfacet
facet normal -0.4946009211407727 -0.8691202038882189 0
outer loop
vertex 126.50171580000037 -96.47884659999923 1
vertex 126.36101230708711 -96.39877473319666 1
vertex 126.36101230708748 -96.39877473319618 0
endloop
endfacet
facet normal -0.4946009211407727 -0.8691202038882189 0
outer loop
vertex 126.50171580000037 -96.47884659999923 1
vertex 126.36101230708748 -96.39877473319618 0
vertex 126.50171579999996 -96.47884659999998 0
endloop
endfacet
facet normal -0.628351071889215 -0.7779299007337838 0
outer loop
vertex 126.36101230708711 -96.39877473319666 1
vertex 126.23507501310458 -96.29705241401177 1
vertex 126.23507501310417 -96.29705241401214 0
endloop
endfacet
facet normal -0.628351071889215 -0.7779299007337838 0
outer loop
vertex 126.36101230708711 -96.39877473319666 1
vertex 126.23507501310417 -96.29705241401214 0
vertex 126.36101230708748 -96.39877473319618 0
endloop
endfacet
facet normal -0.7456413261885999 -0.6663475164504676 0
outer loop
vertex 126.23507501310458 -96.29705241401177 1
vertex 126.12720153633518 -96.17634224358022 1.0000000000000004
vertex 126.12720153633589 -96.17634224357954 0
endloop
endfacet
facet normal -0.7456413261885999 -0.6663475164504676 0
outer loop
vertex 126.23507501310458 -96.29705241401177 1
vertex 126.12720153633589 -96.17634224357954 0
vertex 126.23507501310417 -96.29705241401214 0
endloop
endfacet
facet normal -0.8433900868313526 -0.5373017415145828 0
outer loop
vertex 126.12720153633518 -96.17634224358022 1.0000000000000004
vertex 126.04021898518943 -96.03980774965201 1
vertex 126.04021898518954 -96.0398077496519 0
endloop
endfacet
facet normal -0.8433900868313526 -0.5373017415145828 0
outer loop
vertex 126.12720153633518 -96.17634224358022 1.0000000000000004
vertex 126.04021898518954 -96.0398077496519 0
vertex 126.12720153633589 -96.17634224357954 0
endloop
endfacet
facet normal -0.9190355902469164 -0.3941745601373864 0
outer loop
vertex 126.04021898518943 -96.03980774965201 1
vertex 125.97640696637642 -95.89102717803397 1
vertex 125.97640696637667 -95.89102717803387 0
endloop
endfacet
facet normal -0.9190355902469164 -0.3941745601373864 0
outer loop
vertex 126.04021898518943 -96.03980774965201 1
vertex 125.97640696637667 -95.89102717803387 0
vertex 126.04021898518954 -96.0398077496519 0
endloop
endfacet
facet normal -0.9705953469015131 -0.24071699685134756 0
outer loop
vertex 125.97640696637642 -95.89102717803397 1
vertex 125.93743784181866 -95.73389971523008 1.0000000000000004
vertex 125.93743784181851 -95.73389971523015 0
endloop
endfacet
facet normal -0.9705953469015131 -0.24071699685134756 0
outer loop
vertex 125.97640696637642 -95.89102717803397 1
vertex 125.93743784181851 -95.73389971523015 0
vertex 125.97640696637667 -95.89102717803387 0
endloop
endfacet
facet normal 0.009025822536086305 0.0007330534645026273 -0.99995899773949
outer loop
vertex 125.93743784181866 -95.73389971523008 1.0000000000000004
vertex 125.9342917075227 -95.69516250000001 1
vertex 125.92433289999965 -95.57254330000004 1.0000000000000004
endloop
endfacet
facet normal 0.009025822536086305 0.0007330534645026273 -0.99995899773949
outer loop
vertex 125.93743784181866 -95.73389971523008 1.0000000000000004
vertex 125.92433289999965 -95.57254330000004 1.0000000000000004
vertex 125.9243329 -95.57254329999991 0
endloop
endfacet
facet normal 0.009025822536086305 0.0007330534645026273 -0.99995899773949
outer loop
vertex 125.93743784181866 -95.73389971523008 1.0000000000000004
vertex 125.9243329 -95.57254329999991 0
vertex 125.93743784181851 -95.73389971523015 0
endloop
endfacet
facet normal -0.996192629462523 -0.08717938405692388 0
outer loop
vertex 125.92433410000041 -37.70627939999997 1.0000000000000004
vertex 125.91673592650653 -37.6194556111665 1.0000000000000004
vertex 125.91673592650614 -37.619455611166615 0
endloop
endfacet
facet normal -0.996192629462523 -0.08717938405692388 0
outer loop
vertex 125.92433410000041 -37.70627939999997 1.0000000000000004
vertex 125.91673592650614 -37.619455611166615 0
vertex 125.9243341 -37.706279400000014 0
endloop
endfacet
facet normal -0.9659258262890704 -0.25881904510251297 0
outer loop
vertex 125.91673592650653 -37.6194556111665 1.0000000000000004
vertex 125.89417836039321 -37.535269628337105 1
vertex 125.89417836039297 -37.535269628337176 0
endloop
endfacet
facet normal -0.9659258262890704 -0.25881904510251297 0
outer loop
vertex 125.91673592650653 -37.6194556111665 1.0000000000000004
vertex 125.89417836039297 -37.535269628337176 0
vertex 125.91673592650614 -37.619455611166615 0
endloop
endfacet
facet normal -0.9063077870366791 -0.42261826174063705 0
outer loop
vertex 125.89417836039321 -37.535269628337105 1
vertex 125.85734475189216 -37.45627970000004 1.0000000000000004
vertex 125.85734475189221 -37.45627969999996 0
endloop
endfacet
facet normal -0.9063077870366791 -0.42261826174063705 0
outer loop
vertex 125.89417836039321 -37.535269628337105 1
vertex 125.85734475189221 -37.45627969999996 0
vertex 125.89417836039297 -37.535269628337176 0
endloop
endfacet
facet normal -0.8191520442889414 -0.5735764363511181 0
outer loop
vertex 125.85734475189216 -37.45627970000004 1.0000000000000004
vertex 125.80735427156011 -37.38488589515631 1
vertex 125.80735427155952 -37.38488589515676 0
endloop
endfacet
facet normal -0.8191520442889414 -0.5735764363511181 0
outer loop
vertex 125.85734475189216 -37.45627970000004 1.0000000000000004
vertex 125.80735427155952 -37.38488589515676 0
vertex 125.85734475189221 -37.45627969999996 0
endloop
endfacet
facet normal -0.7071067811865476 -0.7071067811865476 0
outer loop
vertex 125.80735427156011 -37.38488589515631 1
vertex 125.74572585484287 -37.323257478440915 1.0000000000000004
vertex 125.74572585484327 -37.32325747844052 0
endloop
endfacet
facet normal -0.7071067811865476 -0.7071067811865476 0
outer loop
vertex 125.80735427156011 -37.38488589515631 1
vertex 125.74572585484327 -37.32325747844052 0
vertex 125.80735427155952 -37.38488589515676 0
endloop
endfacet
facet normal -0.5735764363510599 -0.8191520442889821 0
outer loop
vertex 125.74572585484287 -37.323257478440915 1.0000000000000004
vertex 125.67433204999985 -37.27326699810801 1
vertex 125.67433204999998 -37.273266998107765 0
endloop
endfacet
facet normal -0.5735764363510599 -0.8191520442889821 0
outer loop
vertex 125.74572585484287 -37.323257478440915 1.0000000000000004
vertex 125.67433204999998 -37.273266998107765 0
vertex 125.74572585484327 -37.32325747844052 0
endloop
endfacet
facet normal -0.4226182617407234 -0.9063077870366388 0
outer loop
vertex 125.67433204999985 -37.27326699810801 1
vertex 125.59534212166197 -37.23643338960898 1.0000000000000004
vertex 125.59534212166281 -37.23643338960703 0
endloop
endfacet
facet normal -0.4226182617407234 -0.9063077870366388 0
outer loop
vertex 125.67433204999985 -37.27326699810801 1
vertex 125.59534212166281 -37.23643338960703 0
vertex 125.67433204999998 -37.273266998107765 0
endloop
endfacet
facet normal -0.25881904510252696 -0.9659258262890668 0
outer loop
vertex 125.59534212166197 -37.23643338960898 1.0000000000000004
vertex 125.51115613883351 -37.213875823493844 1.0000000000000004
vertex 125.5111561388335 -37.21387582349389 0
endloop
endfacet
facet normal -0.25881904510252696 -0.9659258262890668 0
outer loop
vertex 125.59534212166197 -37.23643338960898 1.0000000000000004
vertex 125.5111561388335 -37.21387582349389 0
vertex 125.59534212166281 -37.23643338960703 0
endloop
endfacet
facet normal -0.0871557427476759 -0.996194698091744 0
outer loop
vertex 125.51115613883351 -37.213875823493844 1.0000000000000004
vertex 125.42433204999993 -37.206279700000586 1
vertex 125.42433205000003 -37.206278299383776 0
endloop
endfacet
facet normal -0.0871557427476759 -0.996194698091744 0
outer loop
vertex 125.51115613883351 -37.213875823493844 1.0000000000000004
vertex 125.42433205000003 -37.206278299383776 0
vertex 125.5111561388335 -37.21387582349389 0
endloop
endfacet
facet normal -1.818182226998033e-8 -1 0
outer loop
vertex 125.42433204999993 -37.206279700000586 1
vertex 108.92433410000002 -37.20627940000025 1.0000000000000004
vertex 108.92433409999994 -37.206278299383776 0
endloop
endfacet
facet normal -1.818182226998033e-8 -1 0
outer loop
vertex 125.42433204999993 -37.206279700000586 1
vertex 108.92433409999994 -37.206278299383776 0
vertex 125.42433205000003 -37.206278299383776 0
endloop
endfacet
facet normal -0.08715301369574033 -0.9961949368490839 0
outer loop
vertex 108.92433410000002 -37.20627940000025 1.0000000000000004
vertex 108.7506838723331 -37.19108745301209 1.0000000000000004
vertex 108.75068387233311 -37.19108745301221 0
endloop
endfacet
facet normal -0.08715301369574033 -0.9961949368490839 0
outer loop
vertex 108.92433410000002 -37.20627940000025 1.0000000000000004
vertex 108.75068387233311 -37.19108745301221 0
vertex 108.92433409999994 -37.206278299383776 0
endloop
endfacet
facet normal -0.258819045102527 -0.9659258262890666 0
outer loop
vertex 108.7506838723331 -37.19108745301209 1.0000000000000004
vertex 108.58231190667435 -37.14597232078587 1
vertex 108.58231190667429 -37.14597232078589 0
endloop
endfacet
facet normal -0.258819045102527 -0.9659258262890666 0
outer loop
vertex 108.7506838723331 -37.19108745301209 1.0000000000000004
vertex 108.58231190667429 -37.14597232078589 0
vertex 108.75068387233311 -37.19108745301221 0
endloop
endfacet
facet normal -0.42261826174067735 -0.9063077870366604 0
outer loop
vertex 108.58231190667435 -37.14597232078587 1
vertex 108.42433204999963 -37.072305103785276 1.0000000000000004
vertex 108.42433205000002 -37.07230510378445 0
endloop
endfacet
facet normal -0.42261826174067735 -0.9063077870366604 0
outer loop
vertex 108.58231190667435 -37.14597232078587 1
vertex 108.42433205000002 -37.07230510378445 0
vertex 108.58231190667429 -37.14597232078589 0
endloop
endfacet
facet normal -0.573576436351072 -0.8191520442889736 0
outer loop
vertex 108.42433204999963 -37.072305103785276 1.0000000000000004
vertex 108.28154444031298 -36.972324143119664 1
vertex 108.28154444031345 -36.97232414311897 0
endloop
endfacet
facet normal -0.573576436351072 -0.8191520442889736 0
outer loop
vertex 108.42433204999963 -37.072305103785276 1.0000000000000004
vertex 108.28154444031345 -36.97232414311897 0
vertex 108.42433205000002 -37.07230510378445 0
endloop
endfacet
facet normal -0.7071067811865546 -0.7071067811865404 0
outer loop
vertex 108.28154444031298 -36.972324143119664 1
vertex 108.15828760688157 -36.849067309686 1
vertex 108.15828760688106 -36.84906730968657 0
endloop
endfacet
facet normal -0.7071067811865546 -0.7071067811865404 0
outer loop
vertex 108.28154444031298 -36.972324143119664 1
vertex 108.15828760688106 -36.84906730968657 0
vertex 108.28154444031345 -36.97232414311897 0
endloop
endfacet
facet normal -0.8191520442861043 -0.5735764363551697 -1.2748332483161157e-13
outer loop
vertex 108.15828760688157 -36.849067309686 1
vertex 108.05830664621547 -36.706279700000074 1
vertex 108.05830664621554 -36.70627969999995 0
endloop
endfacet
facet normal -0.8191520442861043 -0.5735764363551697 -1.2748332483161157e-13
outer loop
vertex 108.15828760688157 -36.849067309686 1
vertex 108.05830664621554 -36.70627969999995 0
vertex 108.06293262412255 -36.71288628112708 0
endloop
endfacet
facet normal -0.8191520442861043 -0.5735764363551697 -1.2748332483161157e-13
outer loop
vertex 108.15828760688157 -36.849067309686 1
vertex 108.06293262412255 -36.71288628112708 0
vertex 108.15828760688106 -36.84906730968657 0
endloop
endfacet
facet normal -0.9063077870366456 -0.42261826174070904 0
outer loop
vertex 108.05830664621547 -36.706279700000074 1
vertex 107.98463942921481 -36.54829984332537 1.0000000000000004
vertex 107.98463942921413 -36.54829984332573 0
endloop
endfacet
facet normal -0.9063077870366456 -0.42261826174070904 0
outer loop
vertex 108.05830664621547 -36.706279700000074 1
vertex 107.98463942921413 -36.54829984332573 0
vertex 108.05830664621554 -36.70627969999995 0
endloop
endfacet
facet normal -0.9659258262890629 -0.2588190451025413 0
outer loop
vertex 107.98463942921481 -36.54829984332537 1.0000000000000004
vertex 107.93952429698749 -36.37992787766702 1.0000000000000004
vertex 107.93952429698778 -36.379927877666816 0
endloop
endfacet
facet normal -0.9659258262890629 -0.2588190451025413 0
outer loop
vertex 107.98463942921481 -36.54829984332537 1.0000000000000004
vertex 107.93952429698778 -36.379927877666816 0
vertex 107.98463942921413 -36.54829984332573 0
endloop
endfacet
facet normal 0.0013516173260104392 0.00011825119345177816 0.999999079573206
outer loop
vertex 107.93952429698749 -36.37992787766702 1.0000000000000004
vertex 107.93894263931111 -36.3732795 1
vertex 107.92433204999993 -36.20627970000001 1
endloop
endfacet
facet normal 0.0013516173260104392 0.00011825119345177816 0.999999079573206
outer loop
vertex 107.93952429698749 -36.37992787766702 1.0000000000000004
vertex 107.92433204999993 -36.20627970000001 1
vertex 107.92433205000002 -36.20627970000015 0
endloop
endfacet
facet normal 0.0013516173260104392 0.00011825119345177816 0.999999079573206
outer loop
vertex 107.93952429698749 -36.37992787766702 1.0000000000000004
vertex 107.92433205000002 -36.20627970000015 0
vertex 107.93952429698778 -36.379927877666816 0
endloop
endfacet
facet normal -0.996192633822677 -0.08717933423373837 0
outer loop
vertex 107.9243341 -34.8732795 1
vertex 107.9167359265061 -34.786455661166535 1
vertex 107.9167359265061 -34.78645566116657 0
endloop
endfacet
facet normal -0.996192633822677 -0.08717933423373837 0
outer loop
vertex 107.9243341 -34.8732795 1
vertex 107.9167359265061 -34.78645566116657 0
vertex 107.9243341 -34.87327949999991 0
endloop
endfacet
facet normal -0.9659258262890666 -0.2588190451025271 0
outer loop
vertex 107.9167359265061 -34.786455661166535 1
vertex 107.89417836039296 -34.702269678337174 1.0000000000000004
vertex 107.89417836039294 -34.702269678337146 0
endloop
endfacet
facet normal -0.9659258262890666 -0.2588190451025271 0
outer loop
vertex 107.9167359265061 -34.786455661166535 1
vertex 107.89417836039294 -34.702269678337146 0
vertex 107.9167359265061 -34.78645566116657 0
endloop
endfacet
facet normal -0.9063077870366725 -0.4226182617406515 0
outer loop
vertex 107.89417836039296 -34.702269678337174 1.0000000000000004
vertex 107.85734475189216 -34.62327975000005 1.0000000000000004
vertex 107.85734475189224 -34.62327975000005 0
endloop
endfacet
facet normal -0.9063077870366725 -0.4226182617406515 0
outer loop
vertex 107.89417836039296 -34.702269678337174 1.0000000000000004
vertex 107.85734475189224 -34.62327975000005 0
vertex 107.89417836039294 -34.702269678337146 0
endloop
endfacet
facet normal -0.8191520442889414 -0.5735764363511181 0
outer loop
vertex 107.85734475189216 -34.62327975000005 1.0000000000000004
vertex 107.80735427156043 -34.55188594515607 1
vertex 107.80735427155946 -34.55188594515673 0
endloop
endfacet
facet normal -0.8191520442889414 -0.5735764363511181 0
outer loop
vertex 107.85734475189216 -34.62327975000005 1.0000000000000004
vertex 107.80735427155946 -34.55188594515673 0
vertex 107.85734475189224 -34.62327975000005 0
endloop
endfacet
facet normal -0.7071067811865547 -0.7071067811865405 0
outer loop
vertex 107.80735427156043 -34.55188594515607 1
vertex 107.74572585484296 -34.49025752844083 1
vertex 107.74572585484322 -34.49025752844047 0
endloop
endfacet
facet normal -0.7071067811865547 -0.7071067811865405 0
outer loop
vertex 107.80735427156043 -34.55188594515607 1
vertex 107.74572585484322 -34.49025752844047 0
vertex 107.80735427155946 -34.55188594515673 0
endloop
endfacet
facet normal -0.5735764363510616 -0.819152044288981 0
outer loop
vertex 107.74572585484296 -34.49025752844083 1
vertex 107.67433204999999 -34.440267048107835 1.0000000000000004
vertex 107.67433205000003 -34.440267048107806 0
endloop
endfacet
facet normal -0.5735764363510616 -0.819152044288981 0
outer loop
vertex 107.74572585484296 -34.49025752844083 1
vertex 107.67433205000003 -34.440267048107806 0
vertex 107.74572585484322 -34.49025752844047 0
endloop
endfacet
facet normal -0.4226182617407057 -0.906307787036647 0
outer loop
vertex 107.67433204999999 -34.440267048107835 1.0000000000000004
vertex 107.59534212166301 -34.403433439606694 1
vertex 107.59534212166282 -34.40343343960705 0
endloop
endfacet
facet normal -0.4226182617407057 -0.906307787036647 0
outer loop
vertex 107.67433204999999 -34.440267048107835 1.0000000000000004
vertex 107.59534212166282 -34.40343343960705 0
vertex 107.67433205000003 -34.440267048107806 0
endloop
endfacet
facet normal -0.258819045102527 -0.9659258262890666 0
outer loop
vertex 107.59534212166301 -34.403433439606694 1
vertex 107.51115613883347 -34.38087587349388 1
vertex 107.51115613883346 -34.3808758734939 0
endloop
endfacet
facet normal -0.258819045102527 -0.9659258262890666 0
outer loop
vertex 107.59534212166301 -34.403433439606694 1
vertex 107.51115613883346 -34.3808758734939 0
vertex 107.59534212166282 -34.40343343960705 0
endloop
endfacet
facet normal -0.0871557427476759 -0.996194698091744 0
outer loop
vertex 107.51115613883347 -34.38087587349388 1
vertex 107.42433204999998 -34.373279750000535 1
vertex 107.42432570600508 -34.373279196272286 0
endloop
endfacet
facet normal -0.0871557427476759 -0.996194698091744 0
outer loop
vertex 107.51115613883347 -34.38087587349388 1
vertex 107.42432570600508 -34.373279196272286 0
vertex 107.51115613883346 -34.3808758734939 0
endloop
endfacet
facet normal -0.08715329835649754 -0.9961949119452393 0
outer loop
vertex 90.92433409999998 -34.37327950000018 1
vertex 90.75068387233306 -34.358087503012385 1
vertex 90.75068387233303 -34.3580875030122 0
endloop
endfacet
facet normal -0.08715329835649754 -0.9961949119452393 0
outer loop
vertex 90.92433409999998 -34.37327950000018 1
vertex 90.75068387233303 -34.3580875030122 0
vertex 90.92433410000002 -34.373279196272286 0
endloop
endfacet
facet normal -0.258819045102527 -0.9659258262890666 0
outer loop
vertex 90.75068387233306 -34.358087503012385 1
vertex 90.58231190667435 -34.312972370785886 1
vertex 90.58231190667433 -34.31297237078591 0
endloop
endfacet
facet normal -0.258819045102527 -0.9659258262890666 0
outer loop
vertex 90.75068387233306 -34.358087503012385 1
vertex 90.58231190667433 -34.31297237078591 0
vertex 90.75068387233303 -34.3580875030122 0
endloop
endfacet
facet normal -0.42261826174067785 -0.90630778703666 0
outer loop
vertex 90.58231190667435 -34.312972370785886 1
vertex 90.4243320499996 -34.23930515378528 1
vertex 90.42433205 -34.23930515378444 0
endloop
endfacet
facet normal -0.42261826174067785 -0.90630778703666 0
outer loop
vertex 90.58231190667435 -34.312972370785886 1
vertex 90.42433205 -34.23930515378444 0
vertex 90.58231190667433 -34.31297237078591 0
endloop
endfacet
facet normal -0.573576436351068 -0.8191520442889765 0
outer loop
vertex 90.4243320499996 -34.23930515378528 1
vertex 90.28154444031354 -34.13932419311888 1
vertex 90.28154444031348 -34.139324193118995 0
endloop
endfacet
facet normal -0.573576436351068 -0.8191520442889765 0
outer loop
vertex 90.4243320499996 -34.23930515378528 1
vertex 90.28154444031348 -34.139324193118995 0
vertex 90.42433205 -34.23930515378444 0
endloop
endfacet
facet normal -0.7071067811865582 -0.7071067811865369 0
outer loop
vertex 90.28154444031354 -34.13932419311888 1
vertex 90.15828760688109 -34.01606735968649 1
vertex 90.15828760688103 -34.016067359686545 0
endloop
endfacet
facet normal -0.7071067811865582 -0.7071067811865369 0
outer loop
vertex 90.28154444031354 -34.13932419311888 1
vertex 90.15828760688103 -34.016067359686545 0
vertex 90.28154444031348 -34.139324193118995 0
endloop
endfacet
facet normal -0.8191520442889809 -0.5735764363510616 0
outer loop
vertex 90.15828760688109 -34.01606735968649 1
vertex 90.05830664621561 -33.87327974999998 1
vertex 90.05830664621561 -33.87327975000007 0
endloop
endfacet
facet normal -0.8191520442889809 -0.5735764363510616 0
outer loop
vertex 90.15828760688109 -34.01606735968649 1
vertex 90.05830664621561 -33.87327975000007 0
vertex 90.15828760688103 -34.016067359686545 0
endloop
endfacet
facet normal -0.9063077870366456 -0.42261826174070904 0
outer loop
vertex 90.05830664621561 -33.87327974999998 1
vertex 89.98463942921447 -33.715299893325515 1.0000000000000004
vertex 89.98463942921408 -33.71529989332562 0
endloop
endfacet
facet normal -0.9063077870366456 -0.42261826174070904 0
outer loop
vertex 90.05830664621561 -33.87327974999998 1
vertex 89.98463942921408 -33.71529989332562 0
vertex 90.05830664621561 -33.87327975000007 0
endloop
endfacet
facet normal -0.9659258262890666 -0.2588190451025271 0
outer loop
vertex 89.98463942921447 -33.715299893325515 1.0000000000000004
vertex 89.93952429698781 -33.54692792766694 1.0000000000000004
vertex 89.9395242969878 -33.54692792766696 0
endloop
endfacet
facet normal -0.9659258262890666 -0.2588190451025271 0
outer loop
vertex 89.98463942921447 -33.715299893325515 1.0000000000000004
vertex 89.9395242969878 -33.54692792766696 0
vertex 89.98463942921408 -33.71529989332562 0
endloop
endfacet
facet normal -0.9961946980917448 -0.08715574274766874 0
outer loop
vertex 89.93952429698781 -33.54692792766694 1.0000000000000004
vertex 89.92433205000005 -33.37327975000001 1.0000000000000004
vertex 89.92433205 -33.37327975000004 0
endloop
endfacet
facet normal -0.9961946980917448 -0.08715574274766874 0
outer loop
vertex 89.93952429698781 -33.54692792766694 1.0000000000000004
vertex 89.92433205 -33.37327975000004 0
vertex 89.9395242969878 -33.54692792766696 0
endloop
endfacet
facet normal -0.996192629462523 -0.08717938405692395 0
outer loop
vertex 89.92433410000008 -29.2062794 1.0000000000000004
vertex 89.91673592650619 -29.11945561116653 1.0000000000000004
vertex 89.91673592650609 -29.11945561116655 0
endloop
endfacet
facet normal -0.996192629462523 -0.08717938405692395 0
outer loop
vertex 89.92433410000008 -29.2062794 1.0000000000000004
vertex 89.91673592650609 -29.11945561116655 0
vertex 89.9243341 -29.206279399999993 0
endloop
endfacet
facet normal -0.9659258262890666 -0.2588190451025271 0
outer loop
vertex 89.91673592650619 -29.11945561116653 1.0000000000000004
vertex 89.89417836039297 -29.03526962833716 1.0000000000000004
vertex 89.89417836039291 -29.035269628337055 0
endloop
endfacet
facet normal -0.9659258262890666 -0.2588190451025271 0
outer loop
vertex 89.91673592650619 -29.11945561116653 1.0000000000000004
vertex 89.89417836039291 -29.035269628337055 0
vertex 89.91673592650609 -29.11945561116655 0
endloop
endfacet
facet normal -0.9063077870366725 -0.4226182617406515 0
outer loop
vertex 89.89417836039297 -29.03526962833716 1.0000000000000004
vertex 89.85734475189204 -28.956279700000103 1.0000000000000004
vertex 89.85734475189223 -28.956279699999982 0
endloop
endfacet
facet normal -0.9063077870366725 -0.4226182617406515 0
outer loop
vertex 89.89417836039297 -29.03526962833716 1.0000000000000004
vertex 89.85734475189223 -28.956279699999982 0
vertex 89.89417836039291 -29.035269628337055 0
endloop
endfacet
facet normal -0.8191520442889414 -0.5735764363511181 0
outer loop
vertex 89.85734475189204 -28.956279700000103 1.0000000000000004
vertex 89.80735427155969 -28.884885895156593 1
vertex 89.80735427155948 -28.884885895156714 0
endloop
endfacet
facet normal -0.8191520442889414 -0.5735764363511181 0
outer loop
vertex 89.85734475189204 -28.956279700000103 1.0000000000000004
vertex 89.80735427155948 -28.884885895156714 0
vertex 89.85734475189223 -28.956279699999982 0
endloop
endfacet
facet normal -0.7071067811865689 -0.7071067811865263 0
outer loop
vertex 89.80735427155969 -28.884885895156593 1
vertex 89.74572585484322 -28.82325747844059 1
vertex 89.74572585484327 -28.82325747844051 0
endloop
endfacet
facet normal -0.7071067811865689 -0.7071067811865263 0
outer loop
vertex 89.80735427155969 -28.884885895156593 1
vertex 89.74572585484327 -28.82325747844051 0
vertex 89.80735427155948 -28.884885895156714 0
endloop
endfacet
facet normal -0.573576436351068 -0.8191520442889765 0
outer loop
vertex 89.74572585484322 -28.82325747844059 1
vertex 89.67433205000009 -28.773266998107662 1
vertex 89.67433205 -28.773266998107786 0
endloop
endfacet
facet normal -0.573576436351068 -0.8191520442889765 0
outer loop
vertex 89.74572585484322 -28.82325747844059 1
vertex 89.67433205 -28.773266998107786 0
vertex 89.74572585484327 -28.82325747844051 0
endloop
endfacet
facet normal -0.4226182617406824 -0.906307787036658 0
outer loop
vertex 89.67433205000009 -28.773266998107662 1
vertex 89.59534212166281 -28.73643338960712 1.0000000000000004
vertex 89.59534212166281 -28.736433389607036 0
endloop
endfacet
facet normal -0.4226182617406824 -0.906307787036658 0
outer loop
vertex 89.67433205000009 -28.773266998107662 1
vertex 89.59534212166281 -28.736433389607036 0
vertex 89.67433205 -28.773266998107786 0
endloop
endfacet
facet normal -0.25881904510252696 -0.9659258262890666 0
outer loop
vertex 89.59534212166281 -28.73643338960712 1.0000000000000004
vertex 89.51115613883348 -28.713875823493844 1
vertex 89.51115613883353 -28.713875823493908 0
endloop
endfacet
facet normal -0.25881904510252696 -0.9659258262890666 0
outer loop
vertex 89.59534212166281 -28.73643338960712 1.0000000000000004
vertex 89.51115613883353 -28.713875823493908 0
vertex 89.59534212166281 -28.736433389607036 0
endloop
endfacet
facet normal -0.0871557427476688 -0.9961946980917447 0
outer loop
vertex 89.51115613883348 -28.713875823493844 1
vertex 89.42433205000003 -28.706279699999875 1
vertex 89.4243283125062 -28.706279373011668 0
endloop
endfacet
facet normal -0.0871557427476688 -0.9961946980917447 0
outer loop
vertex 89.51115613883348 -28.713875823493844 1
vertex 89.4243283125062 -28.706279373011668 0
vertex 89.51115613883353 -28.713875823493908 0
endloop
endfacet
facet normal 0.08715711648311242 -0.9961945779045123 0
outer loop
vertex 71.42433410000004 -28.70627940000027 1.0000000000000004
vertex 71.33750796116657 -28.71387582349417 1.0000000000000004
vertex 71.3375076688458 -28.713875823493908 0
endloop
endfacet
facet normal 0.08715711648311242 -0.9961945779045123 0
outer loop
vertex 71.42433410000004 -28.70627940000027 1.0000000000000004
vertex 71.3375076688458 -28.713875823493908 0
vertex 71.42433410000002 -28.706279373011668 0
endloop
endfacet
facet normal 0.2588190451025271 -0.9659258262890666 0
outer loop
vertex 71.33750796116657 -28.71387582349417 1.0000000000000004
vertex 71.25332197833717 -28.736433389607015 1.0000000000000004
vertex 71.25332197833724 -28.736433389607036 0
endloop
endfacet
facet normal 0.2588190451025271 -0.9659258262890666 0
outer loop
vertex 71.33750796116657 -28.71387582349417 1.0000000000000004
vertex 71.25332197833724 -28.736433389607036 0
vertex 71.3375076688458 -28.713875823493908 0
endloop
endfacet
facet normal 0.4226182617406731 -0.9063077870366624 0
outer loop
vertex 71.25332197833717 -28.736433389607015 1.0000000000000004
vertex 71.17433205000006 -28.773266998107875 1.0000000000000004
vertex 71.17433204999995 -28.773266998107786 0
endloop
endfacet
facet normal 0.4226182617406731 -0.9063077870366624 0
outer loop
vertex 71.25332197833717 -28.736433389607015 1.0000000000000004
vertex 71.17433204999995 -28.773266998107786 0
vertex 71.25332197833724 -28.736433389607036 0
endloop
endfacet
facet normal 0.5735764363510599 -0.8191520442889821 0
outer loop
vertex 71.17433205000006 -28.773266998107875 1.0000000000000004
vertex 71.10293824515679 -28.823257478440578 1
vertex 71.10293824515679 -28.82325747844051 0
endloop
endfacet
facet normal 0.5735764363510599 -0.8191520442889821 0
outer loop
vertex 71.17433205000006 -28.773266998107875 1.0000000000000004
vertex 71.10293824515679 -28.82325747844051 0
vertex 71.17433204999995 -28.773266998107786 0
endloop
endfacet
facet normal 0.7071067811865689 -0.7071067811865263 0
outer loop
vertex 71.10293824515679 -28.823257478440578 1
vertex 71.04130982844049 -28.8848858951567 1
vertex 71.04130982844048 -28.884885895156714 0
endloop
endfacet
facet normal 0.7071067811865689 -0.7071067811865263 0
outer loop
vertex 71.10293824515679 -28.823257478440578 1
vertex 71.04130982844048 -28.884885895156714 0
vertex 71.10293824515679 -28.82325747844051 0
endloop
endfacet
facet normal 0.8191520442889414 -0.5735764363511181 0
outer loop
vertex 71.04130982844049 -28.8848858951567 1
vertex 70.99131934810784 -28.956279700000035 1
vertex 70.99131934810777 -28.956279699999982 0
endloop
endfacet
facet normal 0.8191520442889414 -0.5735764363511181 0
outer loop
vertex 71.04130982844049 -28.8848858951567 1
vertex 70.99131934810777 -28.956279699999982 0
vertex 71.04130982844048 -28.884885895156714 0
endloop
endfacet
facet normal 0.9063077870366791 -0.42261826174063705 0
outer loop
vertex 70.99131934810784 -28.956279700000035 1
vertex 70.95448573960694 -29.03526962833711 1.0000000000000004
vertex 70.9544857396072 -29.035269628337055 0
endloop
endfacet
facet normal 0.9063077870366791 -0.42261826174063705 0
outer loop
vertex 70.99131934810784 -28.956279700000035 1
vertex 70.9544857396072 -29.035269628337055 0
vertex 70.99131934810777 -28.956279699999982 0
endloop
endfacet
facet normal 0.9659258262890666 -0.2588190451025271 0
outer loop
vertex 70.95448573960694 -29.03526962833711 1.0000000000000004
vertex 70.93192817349389 -29.11945561116653 1.0000000000000004
vertex 70.93192817349387 -29.11945561116655 0
endloop
endfacet
facet normal 0.9659258262890666 -0.2588190451025271 0
outer loop
vertex 70.95448573960694 -29.03526962833711 1.0000000000000004
vertex 70.93192817349387 -29.11945561116655 0
vertex 70.9544857396072 -29.035269628337055 0
endloop
endfacet
facet normal 0.9961946980917447 -0.08715574274766881 0
outer loop
vertex 70.93192817349389 -29.11945561116653 1.0000000000000004
vertex 70.92433205000019 -29.206279700000014 1.0000000000000004
vertex 70.92433207624657 -29.206279399999993 0
endloop
endfacet
facet normal 0.9961946980917447 -0.08715574274766881 0
outer loop
vertex 70.93192817349389 -29.11945561116653 1.0000000000000004
vertex 70.92433207624657 -29.206279399999993 0
vertex 70.93192817349387 -29.11945561116655 0
endloop
endfacet
facet normal 0.9966048208509604 -0.08233365688845141 0
outer loop
vertex 70.92433410000014 -34.080547300000006 1
vertex 70.91077812812055 -34.244635079373346 1
vertex 70.9107781281204 -34.24463507937341 0
endloop
endfacet
facet normal 0.9966048208509604 -0.08233365688845141 0
outer loop
vertex 70.92433410000014 -34.080547300000006 1
vertex 70.9107781281204 -34.24463507937341 0
vertex 70.92433410000001 -34.080547299999864 0
endloop
endfacet
facet normal 0.9695892314872336 -0.2447380685222384 0
outer loop
vertex 70.91077812812055 -34.244635079373346 1
vertex 70.87048194308629 -34.40427819217121 1.0000000000000004
vertex 70.87048194308636 -34.40427819217123 0
endloop
endfacet
facet normal 0.9695892314872336 -0.2447380685222384 0
outer loop
vertex 70.91077812812055 -34.244635079373346 1
vertex 70.87048194308636 -34.40427819217123 0
vertex 70.9107781281204 -34.24463507937341 0
endloop
endfacet
facet normal 0.9162871913254661 -0.400521888306855 0
outer loop
vertex 70.87048194308629 -34.40427819217121 1.0000000000000004
vertex 70.80453591262668 -34.555145110542064 1.0000000000000004
vertex 70.80453591262675 -34.55514511054201 0
endloop
endfacet
facet normal 0.9162871913254661 -0.400521888306855 0
outer loop
vertex 70.87048194308629 -34.40427819217121 1.0000000000000004
vertex 70.80453591262675 -34.55514511054201 0
vertex 70.87048194308636 -34.40427819217123 0
endloop
endfacet
facet normal 0.8381448748025504 -0.5454476774560664 0
outer loop
vertex 70.80453591262668 -34.555145110542064 1.0000000000000004
vertex 70.7147278142386 -34.693145876684895 1
vertex 70.71472781423854 -34.69314587668498 0
endloop
endfacet
facet normal 0.8381448748025504 -0.5454476774560664 0
outer loop
vertex 70.80453591262668 -34.555145110542064 1.0000000000000004
vertex 70.71472781423854 -34.69314587668498 0
vertex 70.80453591262675 -34.55514511054201 0
endloop
endfacet
facet normal 0.7372806971449068 -0.6755865404354353 0
outer loop
vertex 70.7147278142386 -34.693145876684895 1
vertex 70.603492319065 -34.814539330402894 1
vertex 70.60349231906503 -34.81453933040289 0
endloop
endfacet
facet normal 0.7372806971449068 -0.6755865404354353 0
outer loop
vertex 70.7147278142386 -34.693145876684895 1
vertex 70.60349231906503 -34.81453933040289 0
vertex 70.71472781423854 -34.69314587668498 0
endloop
endfacet
facet normal 0.61642905655404 -0.78741045093134 0
outer loop
vertex 70.603492319065 -34.814539330402894 1
vertex 70.47384498867595 -34.91603453085642 1
vertex 70.47384498867599 -34.91603453085639 0
endloop
endfacet
facet normal 0.61642905655404 -0.78741045093134 0
outer loop
vertex 70.603492319065 -34.814539330402894 1
vertex 70.47384498867599 -34.91603453085639 0
vertex 70.60349231906503 -34.81453933040289 0
endloop
endfacet
facet normal 0.478866205475043 -0.8778878956073686 0
outer loop
vertex 70.47384498867595 -34.91603453085642 1
vertex 70.32930052408103 -34.99487997300153 1.0000000000000004
vertex 70.32930052408099 -34.99487997300154 0
endloop
endfacet
facet normal 0.478866205475043 -0.8778878956073686 0
outer loop
vertex 70.47384498867595 -34.91603453085642 1
vertex 70.32930052408099 -34.99487997300154 0
vertex 70.47384498867599 -34.91603453085639 0
endloop
endfacet
facet normal 0.3283214323559847 -0.9445660575395004 0
outer loop
vertex 70.32930052408103 -34.99487997300153 1.0000000000000004
vertex 70.1737774832181 -35.04893818008287 1.0000000000000004
vertex 70.17377748321806 -35.04893818008287 0
endloop
endfacet
facet normal 0.3283214323559847 -0.9445660575395004 0
outer loop
vertex 70.32930052408103 -34.99487997300153 1.0000000000000004
vertex 70.17377748321806 -35.04893818008287 0
vertex 70.32930052408099 -34.99487997300154 0
endloop
endfacet
facet normal 0.16887596173492617 -0.9856373113615899 0
outer loop
vertex 70.1737774832181 -35.04893818008287 1.0000000000000004
vertex 70.01149204999999 -35.076743649999976 1
vertex 70.01149205000004 -35.07674365 0
endloop
endfacet
facet normal 0.16887596173492617 -0.9856373113615899 0
outer loop
vertex 70.1737774832181 -35.04893818008287 1.0000000000000004
vertex 70.01149205000004 -35.07674365 0
vertex 70.17377748321806 -35.04893818008287 0
endloop
endfacet
facet normal 0.16499236615076984 -0.9862948439041798 0
outer loop
vertex 48.791644199999965 -36.933237999999804 1
vertex 48.71425845081963 -36.946183477655424 1
vertex 48.71425845716316 -36.946183477655616 0
endloop
endfacet
facet normal 0.16499236615076984 -0.9862948439041798 0
outer loop
vertex 48.791644199999965 -36.933237999999804 1
vertex 48.71425845716316 -36.946183477655616 0
vertex 48.79164558254851 -36.93323800000002 0
endloop
endfacet
facet normal 0.31730448758365504 -0.9483237116930454 0
outer loop
vertex 48.71425845081963 -36.946183477655424 1
vertex 48.63985329552704 -36.971079079634734 1.0000000000000004
vertex 48.63985329788603 -36.97107907963476 0
endloop
endfacet
facet normal 0.31730448758365504 -0.9483237116930454 0
outer loop
vertex 48.71425845081963 -36.946183477655424 1
vertex 48.63985329788603 -36.97107907963476 0
vertex 48.71425845716316 -36.946183477655616 0
endloop
endfacet
facet normal 0.46174945814734464 -0.8870103933442007 0
outer loop
vertex 48.63985329552704 -36.971079079634734 1.0000000000000004
vertex 48.57025876230054 -37.007307784787 1
vertex 48.57025876338939 -37.00730778478698 0
endloop
endfacet
facet normal 0.46174945814734464 -0.8870103933442007 0
outer loop
vertex 48.63985329552704 -36.971079079634734 1.0000000000000004
vertex 48.57025876338939 -37.00730778478698 0
vertex 48.63985329788603 -36.97107907963476 0
endloop
endfacet
facet normal 0.5948244612635832 -0.8038556215406396 0
outer loop
vertex 48.57025876230054 -37.007307784787 1
vertex 48.50718852413596 -37.05397750934029 1
vertex 48.50718852464933 -37.05397750934036 0
endloop
endfacet
facet normal 0.5948244612635832 -0.8038556215406396 0
outer loop
vertex 48.57025876230054 -37.007307784787 1
vertex 48.50718852464933 -37.05397750934036 0
vertex 48.57025876338939 -37.00730778478698 0
endloop
endfacet
facet normal 0.713252701633883 -0.700906972152487 0
outer loop
vertex 48.50718852413596 -37.05397750934029 1
vertex 48.45219560192424 -37.109939073280536 1
vertex 48.452195602140414 -37.109939073280515 0
endloop
endfacet
facet normal 0.713252701633883 -0.700906972152487 0
outer loop
vertex 48.50718852413596 -37.05397750934029 1
vertex 48.452195602140414 -37.109939073280515 0
vertex 48.50718852464933 -37.05397750934036 0
endloop
endfacet
facet normal 0.8141180410495326 -0.5806994190092426 0
outer loop
vertex 48.45219560192424 -37.109939073280536 1
vertex 48.406634123373244 -37.173814497383 1.0000000000000004
vertex 48.4066341234332 -37.17381449738295 0
endloop
endfacet
facet normal 0.8141180410495326 -0.5806994190092426 0
outer loop
vertex 48.45219560192424 -37.109939073280536 1
vertex 48.4066341234332 -37.17381449738295 0
vertex 48.452195602140414 -37.109939073280515 0
endloop
endfacet
facet normal 0.9537189369911756 -0.30069949987391426 0
outer loop
vertex 48.37162597941082 -37.244030934122016 1.0000000000000004
vertex 48.34803319910948 -37.31885939695317 1.0000000000000004
vertex 48.34803319910935 -37.3188593969531 0
endloop
endfacet
facet normal 0.9537189369911756 -0.30069949987391426 0
outer loop
vertex 48.37162597941082 -37.244030934122016 1.0000000000000004
vertex 48.34803319910935 -37.3188593969531 0
vertex 48.37162597941069 -37.24403093412197 0
endloop
endfacet
facet normal 0.9890170067710222 -0.14780176019820598 0
outer loop
vertex 48.34803319910948 -37.31885939695317 1.0000000000000004
vertex 48.33643672336537 -37.39645733431193 1.0000000000000004
vertex 48.3364367233654 -37.39645733431187 0
endloop
endfacet
facet normal 0.9890170067710222 -0.14780176019820598 0
outer loop
vertex 48.34803319910948 -37.31885939695317 1.0000000000000004
vertex 48.3364367233654 -37.39645733431187 0
vertex 48.34803319910935 -37.3188593969531 0
endloop
endfacet
facet normal 0.9999618456513963 0.008735401619446748 0
outer loop
vertex 48.33643672336537 -37.39645733431193 1.0000000000000004
vertex 48.33712210000007 -37.474914000000005 1
vertex 48.33712210000001 -37.474914000000155 0
endloop
endfacet
facet normal 0.9999618456513963 0.008735401619446748 0
outer loop
vertex 48.33643672336537 -37.39645733431193 1.0000000000000004
vertex 48.33712210000001 -37.474914000000155 0
vertex 48.3364367233654 -37.39645733431187 0
endloop
endfacet
facet normal 0 0 1
outer loop
vertex 48.33712210000007 -37.474914000000005 1
vertex 48.34204084490412 -37.53113540496139 1
vertex 48.44879299968806 -38.751315804961386 1
endloop
endfacet
facet normal 0 0 1
outer loop
vertex 48.33712210000007 -37.474914000000005 1
vertex 48.44879299968806 -38.751315804961386 1
vertex 49.66897571310551 -52.69804160496139 1
endloop
endfacet
facet normal 0 0 1
outer loop
vertex 48.33712210000007 -37.474914000000005 1
vertex 49.66897571310551 -52.69804160496139 1
vertex 49.81874489999993 -54.40990800000003 1.0000000000000004
endloop
endfacet
facet normal 0 0 1
outer loop
vertex 48.33712210000007 -37.474914000000005 1
vertex 49.81874489999993 -54.40990800000003 1.0000000000000004
vertex 49.81874489999993 -54.40990800000003 0
endloop
endfacet
facet normal 0 0 1
outer loop
vertex 48.33712210000007 -37.474914000000005 1
vertex 49.81874489999993 -54.40990800000003 0
vertex 49.78476674961236 -54.0215367 0
endloop
endfacet
facet normal 0 0 1
outer loop
vertex 48.33712210000007 -37.474914000000005 1
vertex 49.78476674961236 -54.0215367 0
vertex 48.33712210000001 -37.474914000000155 0
endloop
endfacet
facet normal -2.2405799907311955e-8 -1.9602493496250555e-9 -0.9999999999999998
outer loop
vertex 49.81874489999993 -54.40990800000003 1.0000000000000004
vertex 49.82369128240828 -54.46644530248071 1
vertex 49.86337539999994 -54.92003780000001 1
endloop
endfacet
facet normal -2.2405799907311955e-8 -1.9602493496250555e-9 -0.9999999999999998
outer loop
vertex 49.81874489999993 -54.40990800000003 1.0000000000000004
vertex 49.86337539999994 -54.92003780000001 1
vertex 49.86337555537291 -54.92003775836797 0
endloop
endfacet
facet normal -2.2405799907311955e-8 -1.9602493496250555e-9 -0.9999999999999998
outer loop
vertex 49.81874489999993 -54.40990800000003 1.0000000000000004
vertex 49.86337555537291 -54.92003775836797 0
vertex 49.81874489999993 -54.40990800000003 0
endloop
endfacet
facet normal 0 0 -1
outer loop
vertex 49.86337539999994 -54.92003780000001 1
vertex 47.002430391811245 -55.6866257024807 1
vertex 34.02256981420831 -59.164568852802184 1
endloop
endfacet
facet normal 0 0 -1
outer loop
vertex 49.86337539999994 -54.92003780000001 1
vertex 34.02256981420831 -59.164568852802184 1
vertex 25.777524799999995 -61.373822 1
endloop
endfacet
facet normal 0 0 -1
outer loop
vertex 49.86337539999994 -54.92003780000001 1
vertex 25.777524799999995 -61.373822 1
vertex 25.777524800000037 -61.37382199999998 0
endloop
endfacet
facet normal 0 0 -1
outer loop
vertex 49.86337539999994 -54.92003780000001 1
vertex 25.777524800000037 -61.37382199999998 0
vertex 49.86337555537291 -54.92003775836797 0
endloop
endfacet
facet normal 0.3420632060759351 -0.9396769461091681 0
outer loop
vertex 25.777524799999995 -61.373822 1
vertex 25.69562866602697 -61.40363400535783 1
vertex 25.695628666026956 -61.40363400535784 0
endloop
endfacet
facet normal 0.3420632060759351 -0.9396769461091681 0
outer loop
vertex 25.777524799999995 -61.373822 1
vertex 25.695628666026956 -61.40363400535784 0
vertex 25.777524800000037 -61.37382199999998 0
endloop
endfacet
facet normal 0.4999914691808395 -0.8660303289991557 0
outer loop
vertex 25.69562866602697 -61.40363400535783 1
vertex 25.620150161429827 -61.44721054897451 1.0000000000000004
vertex 25.62015016142983 -61.447210548974624 0
endloop
endfacet
facet normal 0.4999914691808395 -0.8660303289991557 0
outer loop
vertex 25.69562866602697 -61.40363400535783 1
vertex 25.62015016142983 -61.447210548974624 0
vertex 25.695628666026956 -61.40363400535784 0
endloop
endfacet
facet normal 0.6427782666014509 -0.7660522828011377 0
outer loop
vertex 25.620150161429827 -61.44721054897451 1.0000000000000004
vertex 25.55338520088174 -61.50323161512657 1
vertex 25.553385200881895 -61.50323161512665 0
endloop
endfacet
facet normal 0.6427782666014509 -0.7660522828011377 0
outer loop
vertex 25.620150161429827 -61.44721054897451 1.0000000000000004
vertex 25.553385200881895 -61.50323161512665 0
vertex 25.62015016142983 -61.447210548974624 0
endloop
endfacet
facet normal 0.7660350953476313 -0.6427987497621207 0
outer loop
vertex 25.55338520088174 -61.50323161512657 1
vertex 25.497362349528633 -61.569995077709564 1
vertex 25.497362349528622 -61.569995077709514 0
endloop
endfacet
facet normal 0.7660350953476313 -0.6427987497621207 0
outer loop
vertex 25.55338520088174 -61.50323161512657 1
vertex 25.497362349528622 -61.569995077709514 0
vertex 25.553385200881895 -61.50323161512665 0
endloop
endfacet
facet normal 0.8660169594709003 -0.5000146256948663 0
outer loop
vertex 25.497362349528633 -61.569995077709564 1
vertex 25.453783787715746 -61.6454724170911 1.0000000000000004
vertex 25.453783787715683 -61.64547241709114 0
endloop
endfacet
facet normal 0.8660169594709003 -0.5000146256948663 0
outer loop
vertex 25.497362349528633 -61.569995077709564 1
vertex 25.453783787715683 -61.64547241709114 0
vertex 25.497362349528622 -61.569995077709514 0
endloop
endfacet
facet normal 0.9396860420818485 -0.34203821762567777 0
outer loop
vertex 25.453783787715746 -61.6454724170911 1.0000000000000004
vertex 25.42397359248698 -61.727370354001735 1
vertex 25.42397359248702 -61.727370354001714 0
endloop
endfacet
facet normal 0.9396860420818485 -0.34203821762567777 0
outer loop
vertex 25.453783787715746 -61.6454724170911 1.0000000000000004
vertex 25.42397359248702 -61.727370354001714 0
vertex 25.453783787715683 -61.64547241709114 0
endloop
endfacet
facet normal 0.9848040054046465 -0.17366943006460636 0
outer loop
vertex 25.42397359248698 -61.727370354001735 1
vertex 25.408837507252667 -61.813200527796155 1.0000000000000004
vertex 25.408837507252382 -61.81320052779611 0
endloop
endfacet
facet normal 0.9848040054046465 -0.17366943006460636 0
outer loop
vertex 25.42397359248698 -61.727370354001735 1
vertex 25.408837507252382 -61.81320052779611 0
vertex 25.42397359248702 -61.727370354001714 0
endloop
endfacet
facet normal 0.9999999997137674 -0.000023926246761618586 0
outer loop
vertex 25.408837507252667 -61.813200527796155 1.0000000000000004
vertex 25.408835421970455 -61.90035510200451 1
vertex 25.408835421970537 -61.90035510200448 0
endloop
endfacet
facet normal 0.9999999997137674 -0.000023926246761618586 0
outer loop
vertex 25.408837507252667 -61.813200527796155 1.0000000000000004
vertex 25.408835421970537 -61.90035510200448 0
vertex 25.408837507252382 -61.81320052779611 0
endloop
endfacet
facet normal 0.9848123147923957 0.17362230453845306 0
outer loop
vertex 25.408835421970455 -61.90035510200451 1
vertex 25.423967400000244 -61.98618599999995 1
vertex 25.42396740000001 -61.98618600000003 0
endloop
endfacet
facet normal 0.9848123147923957 0.17362230453845306 0
outer loop
vertex 25.408835421970455 -61.90035510200451 1
vertex 25.42396740000001 -61.98618600000003 0
vertex 25.408835421970537 -61.90035510200448 0
endloop
endfacet
facet normal 0.939708323498625 0.34197699739515164 0
outer loop
vertex 38.62374577749741 -111.24841057538671 1
vertex 38.65355215796799 -111.33031463336404 1
vertex 38.65355215796788 -111.33031463336408 0
endloop
endfacet
facet normal 0.939708323498625 0.34197699739515164 0
outer loop
vertex 38.62374577749741 -111.24841057538671 1
vertex 38.65355215796788 -111.33031463336408 0
vertex 38.62374577749731 -111.24841057538677 0
endloop
endfacet
facet normal 0.8660144611591913 0.5000189527039506 0
outer loop
vertex 38.65355215796799 -111.33031463336404 1
vertex 38.69713166988792 -111.40579274740173 1
vertex 38.697131669888066 -111.40579274740166 0
endloop
endfacet
facet normal 0.8660144611591913 0.5000189527039506 0
outer loop
vertex 38.65355215796799 -111.33031463336404 1
vertex 38.697131669888066 -111.40579274740166 0
vertex 38.65355215796788 -111.33031463336408 0
endloop
endfacet
facet normal 0.7660304047748426 0.6428043395625848 0
outer loop
vertex 38.69713166988792 -111.40579274740173 1
vertex 38.753155745028856 -111.47255667900015 1
vertex 38.75315574502924 -111.47255667899978 0
endloop
endfacet
facet normal 0.7660304047748426 0.6428043395625848 0
outer loop
vertex 38.69713166988792 -111.40579274740173 1
vertex 38.75315574502924 -111.47255667899978 0
vertex 38.697131669888066 -111.40579274740166 0
endloop
endfacet
facet normal 0.6427709142318163 0.7660584519588535 0
outer loop
vertex 38.753155745028856 -111.47255667900015 1
vertex 38.819922121099985 -111.52857784093217 1
vertex 38.819922121099935 -111.52857784093223 0
endloop
endfacet
facet normal 0.6427709142318163 0.7660584519588535 0
outer loop
vertex 38.753155745028856 -111.47255667900015 1
vertex 38.819922121099935 -111.52857784093223 0
vertex 38.75315574502924 -111.47255667899978 0
endloop
endfacet
facet normal 0.49998116483747984 0.8660362779974964 0
outer loop
vertex 38.819922121099985 -111.52857784093217 1
vertex 38.89540213659997 -111.57215405942337 1
vertex 38.8954021365998 -111.57215405942372 0
endloop
endfacet
facet normal 0.49998116483747984 0.8660362779974964 0
outer loop
vertex 38.819922121099985 -111.52857784093217 1
vertex 38.8954021365998 -111.57215405942372 0
vertex 38.819922121099935 -111.52857784093223 0
endloop
endfacet
facet normal 0.3419997486241897 0.9397000435995473 0
outer loop
vertex 38.89540213659997 -111.57215405942337 1
vertex 38.977302370641006 -111.60196129381173 1
vertex 38.97730237064086 -111.60196129381207 0
endloop
endfacet
facet normal 0.3419997486241897 0.9397000435995473 0
outer loop
vertex 38.89540213659997 -111.57215405942337 1
vertex 38.97730237064086 -111.60196129381207 0
vertex 38.8954021365998 -111.57215405942372 0
endloop
endfacet
facet normal 0.1736268484934839 0.9848115136828066 0
outer loop
vertex 38.977302370641006 -111.60196129381173 1
vertex 39.06313432734483 -111.61709386683333 1
vertex 39.06313432734481 -111.61709386683287 0
endloop
endfacet
facet normal 0.1736268484934839 0.9848115136828066 0
outer loop
vertex 38.977302370641006 -111.60196129381173 1
vertex 39.06313432734481 -111.61709386683287 0
vertex 38.97730237064086 -111.60196129381207 0
endloop
endfacet
facet normal -0.00002161283566692873 0.9999999997664427 0
outer loop
vertex 39.06313432734483 -111.61709386683333 1
vertex 39.15029004749181 -111.6170919831502 1
vertex 39.15029004749186 -111.61709134893925 0
endloop
endfacet
facet normal -0.00002161283566692873 0.9999999997664427 0
outer loop
vertex 39.06313432734483 -111.61709386683333 1
vertex 39.15029004749186 -111.61709134893925 0
vertex 39.06313432734481 -111.61709386683287 0
endloop
endfacet
facet normal -0.17366941747017986 0.9848040076256638 0
outer loop
vertex 39.15029004749181 -111.6170919831502 1
vertex 39.23612135000001 -111.60195570000003 1
vertex 39.23612135000003 -111.60195569999998 0
endloop
endfacet
facet normal -0.17366941747017986 0.9848040076256638 0
outer loop
vertex 39.15029004749181 -111.6170919831502 1
vertex 39.23612135000003 -111.60195569999998 0
vertex 39.15029004749186 -111.61709134893925 0
endloop
endfacet
facet normal 0.0008275229999046651 -0.003088362890067359 -0.9999948885971087
outer loop
vertex 39.23612135000001 -111.60195570000003 1
vertex 48.37772223100457 -109.1524751 1
vertex 56.40218190000003 -107.0023311000001 1.0000000000000004
endloop
endfacet
facet normal 0.0008275229999046651 -0.003088362890067359 -0.9999948885971087
outer loop
vertex 39.23612135000001 -111.60195570000003 1
vertex 56.40218190000003 -107.0023311000001 1.0000000000000004
vertex 56.40218190000007 -107.0023311 0
endloop
endfacet
facet normal 0.0008275229999046651 -0.003088362890067359 -0.9999948885971087
outer loop
vertex 39.23612135000001 -111.60195570000003 1
vertex 56.40218190000007 -107.0023311 0
vertex 52.046901025562676 -108.1693232 0
endloop
endfacet
facet normal 0.0008275229999046651 -0.003088362890067359 -0.9999948885971087
outer loop
vertex 39.23612135000001 -111.60195570000003 1
vertex 52.046901025562676 -108.1693232 0
vertex 39.23612135000003 -111.60195569999998 0
endloop
endfacet
facet normal -0.00011034172465888298 -0.0027306744798319175 -0.9999962656138217
outer loop
vertex 56.701380950000015 -106.96907055000014 1.0000000000000004
vertex 58.73873691292288 -107.0513965 1
vertex 98.96418769999998 -108.67683580000062 1.0000000000000004
endloop
endfacet
facet normal -0.00011034172465888298 -0.0027306744798319175 -0.9999962656138217
outer loop
vertex 56.701380950000015 -106.96907055000014 1.0000000000000004
vertex 98.96418769999998 -108.67683580000062 1.0000000000000004
vertex 98.96418770000011 -108.6768358 0
endloop
endfacet
facet normal -0.00011034172465888298 -0.0027306744798319175 -0.9999962656138217
outer loop
vertex 56.701380950000015 -106.96907055000014 1.0000000000000004
vertex 98.96418770000011 -108.6768358 0
vertex 86.4045534428969 -108.1693232 0
endloop
endfacet
facet normal -0.00011034172465888298 -0.0027306744798319175 -0.9999962656138217
outer loop
vertex 56.701380950000015 -106.96907055000014 1.0000000000000004
vertex 86.4045534428969 -108.1693232 0
vertex 56.7013809500003 -106.96907055000001 0
endloop
endfacet
facet normal -0.0005433395937349687 -0.0030814316971611647 0.9999951047684092
outer loop
vertex 99.09746385000004 -108.69121289999985 1.0000000000000004
vertex 103.58491114463774 -109.482471 1
vertex 111.46108911829691 -110.87125380000002 1
endloop
endfacet
facet normal -0.0005433395937349687 -0.0030814316971611647 0.9999951047684092
outer loop
vertex 99.09746385000004 -108.69121289999985 1.0000000000000004
vertex 111.46108911829691 -110.87125380000002 1
vertex 116.69249679999965 -111.79369220000106 1
endloop
endfacet
facet normal -0.0005433395937349687 -0.0030814316971611647 0.9999951047684092
outer loop
vertex 99.09746385000004 -108.69121289999985 1.0000000000000004
vertex 116.69249679999965 -111.79369220000106 1
vertex 116.69249679999996 -111.79369219999998 0
endloop
endfacet
facet normal -0.0005433395937349687 -0.0030814316971611647 0.9999951047684092
outer loop
vertex 99.09746385000004 -108.69121289999985 1.0000000000000004
vertex 116.69249679999996 -111.79369219999998 0
vertex 105.81283998987118 -109.87531500000001 0
endloop
endfacet
facet normal -0.0005433395937349687 -0.0030814316971611647 0.9999951047684092
outer loop
vertex 99.09746385000004 -108.69121289999985 1.0000000000000004
vertex 105.81283998987118 -109.87531500000001 0
vertex 99.09746385000015 -108.69121290000002 0
endloop
endfacet
facet normal -1.7402385381427457e-9 -3.7319535216593074e-9 1
outer loop
vertex 116.87895669999966 -111.85248270000105 1
vertex 127.46301322457808 -116.78790940000002 1
vertex 133.16279559999984 -119.44576150000054 1.0000000000000004
endloop
endfacet
facet normal -1.7402385381427457e-9 -3.7319535216593074e-9 1
outer loop
vertex 116.87895669999966 -111.85248270000105 1
vertex 133.16279559999984 -119.44576150000054 1.0000000000000004
vertex 133.16279559999984 -119.44576149999995 0
endloop
endfacet
facet normal -1.7402385381427457e-9 -3.7319535216593074e-9 1
outer loop
vertex 116.87895669999966 -111.85248270000105 1
vertex 133.16279559999984 -119.44576149999995 0
vertex 119.28254020956457 -112.97329210000004 0
endloop
endfacet
facet normal -1.7402385381427457e-9 -3.7319535216593074e-9 1
outer loop
vertex 116.87895669999966 -111.85248270000105 1
vertex 119.28254020956457 -112.97329210000004 0
vertex 119.2579034707639 -112.96180379999996 0
endloop
endfacet
facet normal -1.7402385381427457e-9 -3.7319535216593074e-9 1
outer loop
vertex 116.87895669999966 -111.85248270000105 1
vertex 119.2579034707639 -112.96180379999996 0
vertex 116.87895669999996 -111.85248269999998 0
endloop
endfacet
facet normal 0 0 1
outer loop
vertex 133.82725779999993 -119.20392074999995 1
vertex 134.95386222204493 -116.78790940000002 1
vertex 140.87051697106884 -104.0996004 1
endloop
endfacet
facet normal 0 0 1
outer loop
vertex 133.82725779999993 -119.20392074999995 1
vertex 140.87051697106884 -104.0996004 1
vertex 141.01176900000036 -103.79668440000015 1.0000000000000004
endloop
endfacet
facet normal 0 0 1
outer loop
vertex 133.82725779999993 -119.20392074999995 1
vertex 141.01176900000036 -103.79668440000015 1.0000000000000004
vertex 141.01176900000007 -103.79668439999989 0
endloop
endfacet
facet normal 0 0 1
outer loop
vertex 133.82725779999993 -119.20392074999995 1
vertex 141.01176900000007 -103.79668439999989 0
vertex 133.8272578000001 -119.2039207499998 0
endloop
endfacet
facet normal -0.9999999999988175 0.0000015378842876647085 1.420193813257576e-19
outer loop
vertex 107.92433204999993 -36.20627970000001 1
vertex 107.9243341 -34.8732795 1
vertex 107.9243341 -34.87327949999991 0
endloop
endfacet
facet normal -0.9999999999988175 0.0000015378842876647085 1.420193813257576e-19
outer loop
vertex 107.92433204999993 -36.20627970000001 1
vertex 107.9243341 -34.87327949999991 0
vertex 107.92433235757736 -36.006279400000004 0
endloop
endfacet
facet normal -0.9999999999988175 0.0000015378842876647085 1.420193813257576e-19
outer loop
vertex 107.92433204999993 -36.20627970000001 1
vertex 107.92433235757736 -36.006279400000004 0
vertex 107.92433205000002 -36.20627970000015 0
endloop
endfacet
facet normal -1.5151513821365373e-8 -1 0
outer loop
vertex 107.42433204999998 -34.373279750000535 1
vertex 90.92433409999998 -34.37327950000018 1
vertex 90.92433410000002 -34.373279196272286 0
endloop
endfacet
facet normal -1.5151513821365373e-8 -1 0
outer loop
vertex 107.42433204999998 -34.373279750000535 1
vertex 90.92433410000002 -34.373279196272286 0
vertex 107.42432570600508 -34.373279196272286 0
endloop
endfacet
facet normal 0.0069135692512384845 -3.4012037470430206e-9 -0.9999761009945228
outer loop
vertex 89.92433205000005 -33.37327975000001 1.0000000000000004
vertex 89.9243333620591 -30.7062794 1
vertex 89.92433410000008 -29.2062794 1.0000000000000004
endloop
endfacet
facet normal 0.0069135692512384845 -3.4012037470430206e-9 -0.9999761009945228
outer loop
vertex 89.92433205000005 -33.37327975000001 1.0000000000000004
vertex 89.92433410000008 -29.2062794 1.0000000000000004
vertex 89.9243341 -29.206279399999993 0
endloop
endfacet
facet normal 0.0069135692512384845 -3.4012037470430206e-9 -0.9999761009945228
outer loop
vertex 89.92433205000005 -33.37327975000001 1.0000000000000004
vertex 89.9243341 -29.206279399999993 0
vertex 89.92433214839227 -33.17327974627096 0
endloop
endfacet
facet normal 0.0069135692512384845 -3.4012037470430206e-9 -0.9999761009945228
outer loop
vertex 89.92433205000005 -33.37327975000001 1.0000000000000004
vertex 89.92433214839227 -33.17327974627096 0
vertex 89.92433205 -33.37327975000004 0
endloop
endfacet
facet normal -1.6666668045672853e-8 -1 0
outer loop
vertex 89.42433205000003 -28.706279699999875 1
vertex 71.42433410000004 -28.70627940000027 1.0000000000000004
vertex 71.42433410000002 -28.706279373011668 0
endloop
endfacet
facet normal -1.6666668045672853e-8 -1 0
outer loop
vertex 89.42433205000003 -28.706279699999875 1
vertex 71.42433410000002 -28.706279373011668 0
vertex 89.4243283125062 -28.706279373011668 0
endloop
endfacet
facet normal -0.002142294999560916 -9.009979437074381e-10 0.9999977052834346
outer loop
vertex 70.92433205000019 -29.206279700000014 1.0000000000000004
vertex 70.92433268086391 -30.7062794 1
vertex 70.92433410000014 -34.080547300000006 1
endloop
endfacet
facet normal -0.002142294999560916 -9.009979437074381e-10 0.9999977052834346
outer loop
vertex 70.92433205000019 -29.206279700000014 1.0000000000000004
vertex 70.92433410000014 -34.080547300000006 1
vertex 70.92433410000001 -34.080547299999864 0
endloop
endfacet
facet normal -0.002142294999560916 -9.009979437074381e-10 0.9999977052834346
outer loop
vertex 70.92433205000019 -29.206279700000014 1.0000000000000004
vertex 70.92433410000001 -34.080547299999864 0
vertex 70.92433402292264 -33.8972811 0
endloop
endfacet
facet normal -0.002142294999560916 -9.009979437074381e-10 0.9999977052834346
outer loop
vertex 70.92433205000019 -29.206279700000014 1.0000000000000004
vertex 70.92433402292264 -33.8972811 0
vertex 70.92433207624657 -29.206279399999993 0
endloop
endfacet
facet normal 0.08715565988219254 -0.996194705341531 0
outer loop
vertex 70.01149204999999 -35.076743649999976 1
vertex 48.791644199999965 -36.933237999999804 1
vertex 48.79164558254851 -36.93323800000002 0
endloop
endfacet
facet normal 0.08715565988219254 -0.996194705341531 0
outer loop
vertex 70.01149204999999 -35.076743649999976 1
vertex 48.79164558254851 -36.93323800000002 0
vertex 70.01149205000004 -35.07674365 0
endloop
endfacet
facet normal 0.8949368044230981 -0.44619291353513624 0
outer loop
vertex 48.406634123373244 -37.173814497383 1.0000000000000004
vertex 48.37162597941082 -37.244030934122016 1.0000000000000004
vertex 48.37162597941069 -37.24403093412197 0
endloop
endfacet
facet normal 0.8949368044230981 -0.44619291353513624 0
outer loop
vertex 48.406634123373244 -37.173814497383 1.0000000000000004
vertex 48.37162597941069 -37.24403093412197 0
vertex 48.4066341234332 -37.17381449738295 0
endloop
endfacet
facet normal 0 0 1
outer loop
vertex 25.423967400000244 -61.98618599999995 1
vertex 25.638822396101688 -62.7880354528021 1
vertex 29.26229043202535 -76.31099705280215 1
endloop
endfacet
facet normal 0 0 1
outer loop
vertex 25.423967400000244 -61.98618599999995 1
vertex 29.26229043202535 -76.31099705280215 1
vertex 30.03874785165092 -79.20877447640103 1
endloop
endfacet
facet normal 0 0 1
outer loop
vertex 25.423967400000244 -61.98618599999995 1
vertex 30.03874785165092 -79.20877447640103 1
vertex 33.66221588757459 -92.7317360764011 1
endloop
endfacet
facet normal 0 0 1
outer loop
vertex 25.423967400000244 -61.98618599999995 1
vertex 33.66221588757459 -92.7317360764011 1
vertex 34.43867330720017 -95.6295135 1
endloop
endfacet
facet normal 0 0 1
outer loop
vertex 25.423967400000244 -61.98618599999995 1
vertex 34.43867330720017 -95.6295135 1
vertex 38.06214134312382 -109.1524751 1
endloop
endfacet
facet normal 0 0 1
outer loop
vertex 25.423967400000244 -61.98618599999995 1
vertex 38.06214134312382 -109.1524751 1
vertex 38.62374577749741 -111.24841057538671 1
endloop
endfacet
facet normal 0 0 1
outer loop
vertex 25.423967400000244 -61.98618599999995 1
vertex 38.62374577749741 -111.24841057538671 1
vertex 38.62374577749731 -111.24841057538677 0
endloop
endfacet
facet normal 0 0 1
outer loop
vertex 25.423967400000244 -61.98618599999995 1
vertex 38.62374577749731 -111.24841057538677 0
vertex 25.42396740000001 -61.98618600000003 0
endloop
endfacet
facet normal 0.0011389988149686676 -2.361993721718617e-11 0.9999993513406394
outer loop
vertex 125.92433289999965 -95.57254330000004 1.0000000000000004
vertex 125.92433294787153 -93.264088 1
vertex 125.9243329739601 -92.00604689999994 1
endloop
endfacet
facet normal 0.0011389988149686676 -2.361993721718617e-11 0.9999993513406394
outer loop
vertex 125.92433289999965 -95.57254330000004 1.0000000000000004
vertex 125.9243329739601 -92.00604689999994 1
vertex 125.92433303405272 -89.10826947640112 1
endloop
endfacet
facet normal 0.0011389988149686676 -2.361993721718617e-11 0.9999993513406394
outer loop
vertex 125.92433289999965 -95.57254330000004 1.0000000000000004
vertex 125.92433303405272 -89.10826947640112 1
vertex 125.92433307349516 -87.2062794 1
endloop
endfacet
facet normal 0.0011389988149686676 -2.361993721718617e-11 0.9999993513406394
outer loop
vertex 125.92433289999965 -95.57254330000004 1.0000000000000004
vertex 125.92433307349516 -87.2062794 1
vertex 125.92433336381976 -73.2062794 1
endloop
endfacet
facet normal 0.0011389988149686676 -2.361993721718617e-11 0.9999993513406394
outer loop
vertex 125.92433289999965 -95.57254330000004 1.0000000000000004
vertex 125.92433336381976 -73.2062794 1
vertex 125.92433342256902 -70.3732795 1
endloop
endfacet
facet normal 0.0011389988149686676 -2.361993721718617e-11 0.9999993513406394
outer loop
vertex 125.92433289999965 -95.57254330000004 1.0000000000000004
vertex 125.92433342256902 -70.3732795 1
vertex 125.92433342603218 -70.2062794 1
endloop
endfacet
facet normal 0.0011389988149686676 -2.361993721718617e-11 0.9999993513406394
outer loop
vertex 125.92433289999965 -95.57254330000004 1.0000000000000004
vertex 125.92433342603218 -70.2062794 1
vertex 125.92433371635678 -56.2062794 1
endloop
endfacet
facet normal 0.0011389988149686676 -2.361993721718617e-11 0.9999993513406394
outer loop
vertex 125.92433289999965 -95.57254330000004 1.0000000000000004
vertex 125.92433371635678 -56.2062794 1
vertex 125.92433377510604 -53.3732795 1
endloop
endfacet
facet normal 0.0011389988149686676 -2.361993721718617e-11 0.9999993513406394
outer loop
vertex 125.92433289999965 -95.57254330000004 1.0000000000000004
vertex 125.92433377510604 -53.3732795 1
vertex 125.92433377856919 -53.2062794 1
endloop
endfacet
facet normal 0.0011389988149686676 -2.361993721718617e-11 0.9999993513406394
outer loop
vertex 125.92433289999965 -95.57254330000004 1.0000000000000004
vertex 125.92433377856919 -53.2062794 1
vertex 125.9243340688938 -39.2062794 1
endloop
endfacet
facet normal 0.0011389988149686676 -2.361993721718617e-11 0.9999993513406394
outer loop
vertex 125.92433289999965 -95.57254330000004 1.0000000000000004
vertex 125.9243340688938 -39.2062794 1
vertex 125.92433410000041 -37.70627939999997 1.0000000000000004
endloop
endfacet
facet normal 0.0011389988149686676 -2.361993721718617e-11 0.9999993513406394
outer loop
vertex 125.92433289999965 -95.57254330000004 1.0000000000000004
vertex 125.92433410000041 -37.70627939999997 1.0000000000000004
vertex 125.9243341 -37.706279400000014 0
endloop
endfacet
facet normal 0.0011389988149686676 -2.361993721718617e-11 0.9999993513406394
outer loop
vertex 125.92433289999965 -95.57254330000004 1.0000000000000004
vertex 125.9243341 -37.706279400000014 0
vertex 125.92433290264233 -95.4451247 0
endloop
endfacet
facet normal 0.0011389988149686676 -2.361993721718617e-11 0.9999993513406394
outer loop
vertex 125.92433289999965 -95.57254330000004 1.0000000000000004
vertex 125.92433290264233 -95.4451247 0
vertex 125.9243329 -95.57254329999991 0
endloop
endfacet
facet normal -2.5574078335816197e-15 -2.923130529704684e-14 -1
outer loop
vertex 89.42433205000003 -28.706279699999875 1
vertex 89.51115613883348 -28.713875823493844 1
vertex 89.59534212166281 -28.73643338960712 1.0000000000000004
endloop
endfacet
facet normal -2.5574078335816197e-15 -2.923130529704684e-14 -1
outer loop
vertex 89.42433205000003 -28.706279699999875 1
vertex 89.59534212166281 -28.73643338960712 1.0000000000000004
vertex 89.67433205000009 -28.773266998107662 1
endloop
endfacet
facet normal -2.5574078335816197e-15 -2.923130529704684e-14 -1
outer loop
vertex 89.42433205000003 -28.706279699999875 1
vertex 89.67433205000009 -28.773266998107662 1
vertex 89.74572585484322 -28.82325747844059 1
endloop
endfacet
facet normal -2.5574078335816197e-15 -2.923130529704684e-14 -1
outer loop
vertex 89.42433205000003 -28.706279699999875 1
vertex 89.74572585484322 -28.82325747844059 1
vertex 89.80735427155969 -28.884885895156593 1
endloop
endfacet
facet normal -2.5574078335816197e-15 -2.923130529704684e-14 -1
outer loop
vertex 89.42433205000003 -28.706279699999875 1
vertex 89.80735427155969 -28.884885895156593 1
vertex 89.85734475189204 -28.956279700000103 1.0000000000000004
endloop
endfacet
facet normal -2.5574078335816197e-15 -2.923130529704684e-14 -1
outer loop
vertex 89.42433205000003 -28.706279699999875 1
vertex 89.85734475189204 -28.956279700000103 1.0000000000000004
vertex 89.89417836039297 -29.03526962833716 1.0000000000000004
endloop
endfacet
facet normal -2.5574078335816197e-15 -2.923130529704684e-14 -1
outer loop
vertex 89.42433205000003 -28.706279699999875 1
vertex 89.89417836039297 -29.03526962833716 1.0000000000000004
vertex 89.91673592650619 -29.11945561116653 1.0000000000000004
endloop
endfacet
facet normal -2.5574078335816197e-15 -2.923130529704684e-14 -1
outer loop
vertex 89.42433205000003 -28.706279699999875 1
vertex 89.91673592650619 -29.11945561116653 1.0000000000000004
vertex 89.92433410000008 -29.2062794 1.0000000000000004
endloop
endfacet
facet normal -2.5574078335816197e-15 -2.923130529704684e-14 -1
outer loop
vertex 89.42433205000003 -28.706279699999875 1
vertex 89.92433410000008 -29.2062794 1.0000000000000004
vertex 89.9243333620591 -30.7062794 1
endloop
endfacet
facet normal -2.5574078335816197e-15 -2.923130529704684e-14 -1
outer loop
vertex 89.42433205000003 -28.706279699999875 1
vertex 89.9243333620591 -30.7062794 1
vertex 87.4243341 -30.7062794 1
endloop
endfacet
facet normal -2.5574078335816197e-15 -2.923130529704684e-14 -1
outer loop
vertex 89.42433205000003 -28.706279699999875 1
vertex 87.4243341 -30.7062794 1
vertex 73.4243341 -30.7062794 1
endloop
endfacet
facet normal -2.5574078335816197e-15 -2.923130529704684e-14 -1
outer loop
vertex 89.42433205000003 -28.706279699999875 1
vertex 73.4243341 -30.7062794 1
vertex 70.92433268086391 -30.7062794 1
endloop
endfacet
facet normal -2.5574078335816197e-15 -2.923130529704684e-14 -1
outer loop
vertex 89.42433205000003 -28.706279699999875 1
vertex 70.92433268086391 -30.7062794 1
vertex 70.92433205000019 -29.206279700000014 1.0000000000000004
endloop
endfacet
facet normal -2.5574078335816197e-15 -2.923130529704684e-14 -1
outer loop
vertex 89.42433205000003 -28.706279699999875 1
vertex 70.92433205000019 -29.206279700000014 1.0000000000000004
vertex 70.93192817349389 -29.11945561116653 1.0000000000000004
endloop
endfacet
facet normal -2.5574078335816197e-15 -2.923130529704684e-14 -1
outer loop
vertex 89.42433205000003 -28.706279699999875 1
vertex 70.93192817349389 -29.11945561116653 1.0000000000000004
vertex 70.95448573960694 -29.03526962833711 1.0000000000000004
endloop
endfacet
facet normal -2.5574078335816197e-15 -2.923130529704684e-14 -1
outer loop
vertex 89.42433205000003 -28.706279699999875 1
vertex 70.95448573960694 -29.03526962833711 1.0000000000000004
vertex 70.99131934810784 -28.956279700000035 1
endloop
endfacet
facet normal -2.5574078335816197e-15 -2.923130529704684e-14 -1
outer loop
vertex 89.42433205000003 -28.706279699999875 1
vertex 70.99131934810784 -28.956279700000035 1
vertex 71.04130982844049 -28.8848858951567 1
endloop
endfacet
facet normal -2.5574078335816197e-15 -2.923130529704684e-14 -1
outer loop
vertex 89.42433205000003 -28.706279699999875 1
vertex 71.04130982844049 -28.8848858951567 1
vertex 71.10293824515679 -28.823257478440578 1
endloop
endfacet
facet normal -2.5574078335816197e-15 -2.923130529704684e-14 -1
outer loop
vertex 89.42433205000003 -28.706279699999875 1
vertex 71.10293824515679 -28.823257478440578 1
vertex 71.17433205000006 -28.773266998107875 1.0000000000000004
endloop
endfacet
facet normal -2.5574078335816197e-15 -2.923130529704684e-14 -1
outer loop
vertex 89.42433205000003 -28.706279699999875 1
vertex 71.17433205000006 -28.773266998107875 1.0000000000000004
vertex 71.25332197833717 -28.736433389607015 1.0000000000000004
endloop
endfacet
facet normal -2.5574078335816197e-15 -2.923130529704684e-14 -1
outer loop
vertex 89.42433205000003 -28.706279699999875 1
vertex 71.25332197833717 -28.736433389607015 1.0000000000000004
vertex 71.33750796116657 -28.71387582349417 1.0000000000000004
endloop
endfacet
facet normal -2.5574078335816197e-15 -2.923130529704684e-14 -1
outer loop
vertex 89.42433205000003 -28.706279699999875 1
vertex 71.33750796116657 -28.71387582349417 1.0000000000000004
vertex 71.42433410000004 -28.70627940000027 1.0000000000000004
endloop
endfacet
facet normal 0 0 -1
outer loop
vertex 89.9243333620591 -30.7062794 1
vertex 89.92433205000005 -33.37327975000001 1.0000000000000004
vertex 87.4243341 -33.37327975000006 1
endloop
endfacet
facet normal 0 0 -1
outer loop
vertex 89.9243333620591 -30.7062794 1
vertex 87.4243341 -33.37327975000006 1
vertex 87.4243341 -30.7062794 1
endloop
endfacet
facet normal 0 0 -1
outer loop
vertex 89.92433205000005 -33.37327975000001 1.0000000000000004
vertex 89.93952429698781 -33.54692792766694 1.0000000000000004
vertex 87.4243341 -33.546927927666935 1
endloop
endfacet
facet normal 0 0 -1
outer loop
vertex 89.92433205000005 -33.37327975000001 1.0000000000000004
vertex 87.4243341 -33.546927927666935 1
vertex 87.4243341 -33.37327975000006 1
endloop
endfacet
facet normal 0 0 -1
outer loop
vertex 89.93952429698781 -33.54692792766694 1.0000000000000004
vertex 89.98463942921447 -33.715299893325515 1.0000000000000004
vertex 87.4243341 -33.71529989332568 1
endloop
endfacet
facet normal 0 0 -1
outer loop
vertex 89.93952429698781 -33.54692792766694 1.0000000000000004
vertex 87.4243341 -33.71529989332568 1
vertex 87.4243341 -33.546927927666935 1
endloop
endfacet
facet normal 0 0 -1
outer loop
vertex 89.98463942921447 -33.715299893325515 1.0000000000000004
vertex 90.05830664621561 -33.87327974999998 1
vertex 87.4243341 -33.873279749999966 1
endloop
endfacet
facet normal 0 0 -1
outer loop
vertex 89.98463942921447 -33.715299893325515 1.0000000000000004
vertex 87.4243341 -33.873279749999966 1
vertex 87.4243341 -33.71529989332568 1
endloop
endfacet
facet normal 0 0 -1
outer loop
vertex 90.05830664621561 -33.87327974999998 1
vertex 90.15828760688109 -34.01606735968649 1
vertex 87.4243341 -34.01606735968655 1
endloop
endfacet
facet normal 0 0 -1
outer loop
vertex 90.05830664621561 -33.87327974999998 1
vertex 87.4243341 -34.01606735968655 1
vertex 87.4243341 -33.873279749999966 1
endloop
endfacet
facet normal 0 0 -1
outer loop
vertex 73.4243341 -30.7062794 1
vertex 73.4243341 -34.080547300000106 1
vertex 70.92433410000014 -34.080547300000006 1
endloop
endfacet
facet normal 0 0 -1
outer loop
vertex 73.4243341 -30.7062794 1
vertex 70.92433410000014 -34.080547300000006 1
vertex 70.92433268086391 -30.7062794 1
endloop
endfacet
facet normal 0 0 -1
outer loop
vertex 90.15828760688109 -34.01606735968649 1
vertex 90.28154444031354 -34.13932419311888 1
vertex 87.4243341 -34.13932419311895 1
endloop
endfacet
facet normal 0 0 -1
outer loop
vertex 90.15828760688109 -34.01606735968649 1
vertex 87.4243341 -34.13932419311895 1
vertex 87.4243341 -34.01606735968655 1
endloop
endfacet
facet normal 0 0 -1
outer loop
vertex 90.28154444031354 -34.13932419311888 1
vertex 90.4243320499996 -34.23930515378528 1
vertex 87.4243341 -34.23930515378443 1
endloop
endfacet
facet normal 0 0 -1
outer loop
vertex 90.28154444031354 -34.13932419311888 1
vertex 87.4243341 -34.23930515378443 1
vertex 87.4243341 -34.13932419311895 1
endloop
endfacet
facet normal 0 0 -1
outer loop
vertex 73.4243341 -34.080547300000106 1
vertex 73.4243341 -34.244635079373246 1
vertex 70.91077812812055 -34.244635079373346 1
endloop
endfacet
facet normal 0 0 -1
outer loop
vertex 73.4243341 -34.080547300000106 1
vertex 70.91077812812055 -34.244635079373346 1
vertex 70.92433410000014 -34.080547300000006 1
endloop
endfacet
facet normal 0 0 -1
outer loop
vertex 90.4243320499996 -34.23930515378528 1
vertex 90.58231190667435 -34.312972370785886 1
vertex 87.4243341 -34.31297237078592 1
endloop
endfacet
facet normal 0 0 -1
outer loop
vertex 90.4243320499996 -34.23930515378528 1
vertex 87.4243341 -34.31297237078592 1
vertex 87.4243341 -34.23930515378443 1
endloop
endfacet
facet normal 0 0 -1
outer loop
vertex 90.58231190667435 -34.312972370785886 1
vertex 90.75068387233306 -34.358087503012385 1
vertex 87.4243341 -34.358087503012214 1
endloop
endfacet
facet normal 0 0 -1
outer loop
vertex 90.58231190667435 -34.312972370785886 1
vertex 87.4243341 -34.358087503012214 1
vertex 87.4243341 -34.31297237078592 1
endloop
endfacet
facet normal 0 0 -1
outer loop
vertex 90.75068387233306 -34.358087503012385 1
vertex 90.92433409999998 -34.37327950000018 1
vertex 87.4243341 -34.37327944696969 1
endloop
endfacet
facet normal 0 0 -1
outer loop
vertex 90.75068387233306 -34.358087503012385 1
vertex 87.4243341 -34.37327944696969 1
vertex 87.4243341 -34.358087503012214 1
endloop
endfacet
facet normal 0 0 -1
outer loop
vertex 73.4243341 -34.244635079373246 1
vertex 73.4243341 -34.404278192171255 1
vertex 70.87048194308629 -34.40427819217121 1.0000000000000004
endloop
endfacet
facet normal 0 0 -1
outer loop
vertex 73.4243341 -34.244635079373246 1
vertex 70.87048194308629 -34.40427819217121 1.0000000000000004
vertex 70.91077812812055 -34.244635079373346 1
endloop
endfacet
facet normal 0 0 -1
outer loop
vertex 73.4243341 -34.404278192171255 1
vertex 73.4243341 -34.55514511054211 1
vertex 70.80453591262668 -34.555145110542064 1.0000000000000004
endloop
endfacet
facet normal 0 0 -1
outer loop
vertex 73.4243341 -34.404278192171255 1
vertex 70.80453591262668 -34.555145110542064 1.0000000000000004
vertex 70.87048194308629 -34.40427819217121 1.0000000000000004
endloop
endfacet
facet normal 0 0 -1
outer loop
vertex 73.4243341 -34.55514511054211 1
vertex 73.4243341 -34.69314587668485 1
vertex 70.7147278142386 -34.693145876684895 1
endloop
endfacet
facet normal 0 0 -1
outer loop
vertex 73.4243341 -34.55514511054211 1
vertex 70.7147278142386 -34.693145876684895 1
vertex 70.80453591262668 -34.555145110542064 1.0000000000000004
endloop
endfacet
facet normal 0 0 -1
outer loop
vertex 73.4243341 -34.69314587668485 1
vertex 73.4243341 -34.81453933040291 1
vertex 70.603492319065 -34.814539330402894 1
endloop
endfacet
facet normal 0 0 -1
outer loop
vertex 73.4243341 -34.69314587668485 1
vertex 70.603492319065 -34.814539330402894 1
vertex 70.7147278142386 -34.693145876684895 1
endloop
endfacet
facet normal 0 0 -1
outer loop
vertex 73.4243341 -34.81453933040291 1
vertex 73.4243341 -34.91603453085637 1
vertex 70.47384498867595 -34.91603453085642 1
endloop
endfacet
facet normal 0 0 -1
outer loop
vertex 73.4243341 -34.81453933040291 1
vertex 70.47384498867595 -34.91603453085642 1
vertex 70.603492319065 -34.814539330402894 1
endloop
endfacet
facet normal 0 0 -1
outer loop
vertex 73.4243341 -34.91603453085637 1
vertex 73.4243341 -34.99487997300155 1
vertex 70.32930052408103 -34.99487997300153 1.0000000000000004
endloop
endfacet
facet normal 0 0 -1
outer loop
vertex 73.4243341 -34.91603453085637 1
vertex 70.32930052408103 -34.99487997300153 1.0000000000000004
vertex 70.47384498867595 -34.91603453085642 1
endloop
endfacet
facet normal 0 0 -1
outer loop
vertex 73.4243341 -34.99487997300155 1
vertex 73.4243341 -35.04893818008287 1
vertex 70.1737774832181 -35.04893818008287 1.0000000000000004
endloop
endfacet
facet normal 0 0 -1
outer loop
vertex 73.4243341 -34.99487997300155 1
vertex 70.1737774832181 -35.04893818008287 1.0000000000000004
vertex 70.32930052408103 -34.99487997300153 1.0000000000000004
endloop
endfacet
facet normal 0 0 -1
outer loop
vertex 73.4243341 -35.04893818008287 1
vertex 73.4243341 -35.07674365000001 1
vertex 70.01149204999999 -35.076743649999976 1
endloop
endfacet
facet normal 0 0 -1
outer loop
vertex 73.4243341 -35.04893818008287 1
vertex 70.01149204999999 -35.076743649999976 1
vertex 70.1737774832181 -35.04893818008287 1.0000000000000004
endloop
endfacet
facet normal 0 0 -1
outer loop
vertex 90.92433409999998 -34.37327950000018 1
vertex 107.42433204999998 -34.373279750000535 1
vertex 107.51115613883347 -34.38087587349388 1
endloop
endfacet
facet normal 0 0 -1
outer loop
vertex 90.92433409999998 -34.37327950000018 1
vertex 107.51115613883347 -34.38087587349388 1
vertex 107.59534212166301 -34.403433439606694 1
endloop
endfacet
facet normal 0 0 -1
outer loop
vertex 90.92433409999998 -34.37327950000018 1
vertex 107.59534212166301 -34.403433439606694 1
vertex 107.67433204999999 -34.440267048107835 1.0000000000000004
endloop
endfacet
facet normal 0 0 -1
outer loop
vertex 90.92433409999998 -34.37327950000018 1
vertex 107.67433204999999 -34.440267048107835 1.0000000000000004
vertex 107.74572585484296 -34.49025752844083 1
endloop
endfacet
facet normal 0 0 -1
outer loop
vertex 90.92433409999998 -34.37327950000018 1
vertex 107.74572585484296 -34.49025752844083 1
vertex 107.80735427156043 -34.55188594515607 1
endloop
endfacet
facet normal 0 0 -1
outer loop
vertex 90.92433409999998 -34.37327950000018 1
vertex 107.80735427156043 -34.55188594515607 1
vertex 107.85734475189216 -34.62327975000005 1.0000000000000004
endloop
endfacet
facet normal 0 0 -1
outer loop
vertex 90.92433409999998 -34.37327950000018 1
vertex 107.85734475189216 -34.62327975000005 1.0000000000000004
vertex 107.89417836039296 -34.702269678337174 1.0000000000000004
endloop
endfacet
facet normal 0 0 -1
outer loop
vertex 90.92433409999998 -34.37327950000018 1
vertex 107.89417836039296 -34.702269678337174 1.0000000000000004
vertex 107.9167359265061 -34.786455661166535 1
endloop
endfacet
facet normal 0 0 -1
outer loop
vertex 90.92433409999998 -34.37327950000018 1
vertex 107.9167359265061 -34.786455661166535 1
vertex 107.9243341 -34.8732795 1
endloop
endfacet
facet normal 0 0 -1
outer loop
vertex 90.92433409999998 -34.37327950000018 1
vertex 107.9243341 -34.8732795 1
vertex 107.92433204999993 -36.20627970000001 1
endloop
endfacet
facet normal 0 0 -1
outer loop
vertex 90.92433409999998 -34.37327950000018 1
vertex 107.92433204999993 -36.20627970000001 1
vertex 87.4243341 -36.20627970000009 1
endloop
endfacet
facet normal 0 0 -1
outer loop
vertex 90.92433409999998 -34.37327950000018 1
vertex 87.4243341 -36.20627970000009 1
vertex 87.4243341 -34.37327944696969 1
endloop
endfacet
facet normal 0 0 -1
outer loop
vertex 107.92433204999993 -36.20627970000001 1
vertex 107.93894263931111 -36.3732795 1
vertex 105.4243341 -36.3732795 1
endloop
endfacet
facet normal 0 0 -1
outer loop
vertex 107.92433204999993 -36.20627970000001 1
vertex 105.4243341 -36.3732795 1
vertex 91.4243341 -36.3732795 1
endloop
endfacet
facet normal 0 0 -1
outer loop
vertex 107.92433204999993 -36.20627970000001 1
vertex 91.4243341 -36.3732795 1
vertex 87.4243341 -36.3732795 1
endloop
endfacet
facet normal 0 0 -1
outer loop
vertex 107.92433204999993 -36.20627970000001 1
vertex 87.4243341 -36.3732795 1
vertex 87.4243341 -36.20627970000009 1
endloop
endfacet
facet normal 0 0 -1
outer loop
vertex 107.93894263931111 -36.3732795 1
vertex 107.93952429698749 -36.37992787766702 1.0000000000000004
vertex 105.4243341 -36.37992787766699 1
endloop
endfacet
facet normal 0 0 -1
outer loop
vertex 107.93894263931111 -36.3732795 1
vertex 105.4243341 -36.37992787766699 1
vertex 105.4243341 -36.3732795 1
endloop
endfacet
facet normal 0 0 -1
outer loop
vertex 107.93952429698749 -36.37992787766702 1.0000000000000004
vertex 107.98463942921481 -36.54829984332537 1.0000000000000004
vertex 105.4243341 -36.54829984332564 1
endloop
endfacet
facet normal 0 0 -1
outer loop
vertex 107.93952429698749 -36.37992787766702 1.0000000000000004
vertex 105.4243341 -36.54829984332564 1
vertex 105.4243341 -36.37992787766699 1
endloop
endfacet
facet normal 0 0 -1
outer loop
vertex 107.98463942921481 -36.54829984332537 1.0000000000000004
vertex 108.05830664621547 -36.706279700000074 1
vertex 105.4243341 -36.706279699999996 1
endloop
endfacet
facet normal 0 0 -1
outer loop
vertex 107.98463942921481 -36.54829984332537 1.0000000000000004
vertex 105.4243341 -36.706279699999996 1
vertex 105.4243341 -36.54829984332564 1
endloop
endfacet
facet normal 0 0 -1
outer loop
vertex 108.05830664621547 -36.706279700000074 1
vertex 108.15828760688157 -36.849067309686 1
vertex 105.4243341 -36.849067309686575 1
endloop
endfacet
facet normal 0 0 -1
outer loop
vertex 108.05830664621547 -36.706279700000074 1
vertex 105.4243341 -36.849067309686575 1
vertex 105.4243341 -36.706279699999996 1
endloop
endfacet
facet normal 0 0 -1
outer loop
vertex 108.15828760688157 -36.849067309686 1
vertex 108.28154444031298 -36.972324143119664 1
vertex 105.4243341 -36.972324143118946 1
endloop
endfacet
facet normal 0 0 -1
outer loop
vertex 108.15828760688157 -36.849067309686 1
vertex 105.4243341 -36.972324143118946 1
vertex 105.4243341 -36.849067309686575 1
endloop
endfacet
facet normal 0 0 -1
outer loop
vertex 108.28154444031298 -36.972324143119664 1
vertex 108.42433204999963 -37.072305103785276 1.0000000000000004
vertex 105.4243341 -37.07230510378443 1
endloop
endfacet
facet normal 0 0 -1
outer loop
vertex 108.28154444031298 -36.972324143119664 1
vertex 105.4243341 -37.07230510378443 1
vertex 105.4243341 -36.972324143118946 1
endloop
endfacet
facet normal 0 0 -1
outer loop
vertex 108.42433204999963 -37.072305103785276 1.0000000000000004
vertex 108.58231190667435 -37.14597232078587 1
vertex 105.4243341 -37.145972320785894 1
endloop
endfacet
facet normal 0 0 -1
outer loop
vertex 108.42433204999963 -37.072305103785276 1.0000000000000004
vertex 105.4243341 -37.145972320785894 1
vertex 105.4243341 -37.07230510378443 1
endloop
endfacet
facet normal 0 0 -1
outer loop
vertex 108.58231190667435 -37.14597232078587 1
vertex 108.7506838723331 -37.19108745301209 1.0000000000000004
vertex 105.4243341 -37.1910874530122 1
endloop
endfacet
facet normal 0 0 -1
outer loop
vertex 108.58231190667435 -37.14597232078587 1
vertex 105.4243341 -37.1910874530122 1
vertex 105.4243341 -37.145972320785894 1
endloop
endfacet
facet normal 0 0 -1
outer loop
vertex 108.7506838723331 -37.19108745301209 1.0000000000000004
vertex 108.92433410000002 -37.20627940000025 1.0000000000000004
vertex 105.4243341 -37.20627870909085 1
endloop
endfacet
facet normal 0 0 -1
outer loop
vertex 108.7506838723331 -37.19108745301209 1.0000000000000004
vertex 105.4243341 -37.20627870909085 1
vertex 105.4243341 -37.1910874530122 1
endloop
endfacet
facet normal 0 0 -1
outer loop
vertex 73.4243341 -35.07674365000001 1
vertex 73.4243341 -37.53113540496139 1
vertex 64.90507084329116 -37.53113540496139 1
endloop
endfacet
facet normal 0 0 -1
outer loop
vertex 73.4243341 -35.07674365000001 1
vertex 64.90507084329116 -37.53113540496139 1
vertex 48.34204084490412 -37.53113540496139 1
endloop
endfacet
facet normal 0 0 -1
outer loop
vertex 73.4243341 -35.07674365000001 1
vertex 48.34204084490412 -37.53113540496139 1
vertex 48.33712210000007 -37.474914000000005 1
endloop
endfacet
facet normal 0 0 -1
outer loop
vertex 73.4243341 -35.07674365000001 1
vertex 48.33712210000007 -37.474914000000005 1
vertex 48.33643672336537 -37.39645733431193 1.0000000000000004
endloop
endfacet
facet normal 0 0 -1
outer loop
vertex 73.4243341 -35.07674365000001 1
vertex 48.33643672336537 -37.39645733431193 1.0000000000000004
vertex 48.34803319910948 -37.31885939695317 1.0000000000000004
endloop
endfacet
facet normal 0 0 -1
outer loop
vertex 73.4243341 -35.07674365000001 1
vertex 48.34803319910948 -37.31885939695317 1.0000000000000004
vertex 48.37162597941082 -37.244030934122016 1.0000000000000004
endloop
endfacet
facet normal 0 0 -1
outer loop
vertex 73.4243341 -35.07674365000001 1
vertex 48.37162597941082 -37.244030934122016 1.0000000000000004
vertex 48.406634123373244 -37.173814497383 1.0000000000000004
endloop
endfacet
facet normal 0 0 -1
outer loop
vertex 73.4243341 -35.07674365000001 1
vertex 48.406634123373244 -37.173814497383 1.0000000000000004
vertex 48.45219560192424 -37.109939073280536 1
endloop
endfacet
facet normal 0 0 -1
outer loop
vertex 73.4243341 -35.07674365000001 1
vertex 48.45219560192424 -37.109939073280536 1
vertex 48.50718852413596 -37.05397750934029 1
endloop
endfacet
facet normal 0 0 -1
outer loop
vertex 73.4243341 -35.07674365000001 1
vertex 48.50718852413596 -37.05397750934029 1
vertex 48.57025876230054 -37.007307784787 1
endloop
endfacet
facet normal 0 0 -1
outer loop
vertex 73.4243341 -35.07674365000001 1
vertex 48.57025876230054 -37.007307784787 1
vertex 48.63985329552704 -36.971079079634734 1.0000000000000004
endloop
endfacet
facet normal 0 0 -1
outer loop
vertex 73.4243341 -35.07674365000001 1
vertex 48.63985329552704 -36.971079079634734 1.0000000000000004
vertex 48.71425845081963 -36.946183477655424 1
endloop
endfacet
facet normal 0 0 -1
outer loop
vertex 73.4243341 -35.07674365000001 1
vertex 48.71425845081963 -36.946183477655424 1
vertex 48.791644199999965 -36.933237999999804 1
endloop
endfacet
facet normal 0 0 -1
outer loop
vertex 73.4243341 -35.07674365000001 1
vertex 48.791644199999965 -36.933237999999804 1
vertex 70.01149204999999 -35.076743649999976 1
endloop
endfacet
facet normal 0 0 -1
outer loop
vertex 64.90507084329116 -37.53113540496139 1
vertex 50.95834504329121 -38.751315804961386 1
vertex 48.44879299968806 -38.751315804961386 1
endloop
endfacet
facet normal 0 0 -1
outer loop
vertex 64.90507084329116 -37.53113540496139 1
vertex 48.44879299968806 -38.751315804961386 1
vertex 48.34204084490412 -37.53113540496139 1
endloop
endfacet
facet normal -2.6915569462054845e-17 -5.877025696597542e-14 -1
outer loop
vertex 108.92433410000002 -37.20627940000025 1.0000000000000004
vertex 125.42433204999993 -37.206279700000586 1
vertex 125.51115613883351 -37.213875823493844 1.0000000000000004
endloop
endfacet
facet normal -2.6915569462054845e-17 -5.877025696597542e-14 -1
outer loop
vertex 108.92433410000002 -37.20627940000025 1.0000000000000004
vertex 125.51115613883351 -37.213875823493844 1.0000000000000004
vertex 125.59534212166197 -37.23643338960898 1.0000000000000004
endloop
endfacet
facet normal -2.6915569462054845e-17 -5.877025696597542e-14 -1
outer loop
vertex 108.92433410000002 -37.20627940000025 1.0000000000000004
vertex 125.59534212166197 -37.23643338960898 1.0000000000000004
vertex 125.67433204999985 -37.27326699810801 1
endloop
endfacet
facet normal -2.6915569462054845e-17 -5.877025696597542e-14 -1
outer loop
vertex 108.92433410000002 -37.20627940000025 1.0000000000000004
vertex 125.67433204999985 -37.27326699810801 1
vertex 125.74572585484287 -37.323257478440915 1.0000000000000004
endloop
endfacet
facet normal -2.6915569462054845e-17 -5.877025696597542e-14 -1
outer loop
vertex 108.92433410000002 -37.20627940000025 1.0000000000000004
vertex 125.74572585484287 -37.323257478440915 1.0000000000000004
vertex 125.80735427156011 -37.38488589515631 1
endloop
endfacet
facet normal -2.6915569462054845e-17 -5.877025696597542e-14 -1
outer loop
vertex 108.92433410000002 -37.20627940000025 1.0000000000000004
vertex 125.80735427156011 -37.38488589515631 1
vertex 125.85734475189216 -37.45627970000004 1.0000000000000004
endloop
endfacet
facet normal -2.6915569462054845e-17 -5.877025696597542e-14 -1
outer loop
vertex 108.92433410000002 -37.20627940000025 1.0000000000000004
vertex 125.85734475189216 -37.45627970000004 1.0000000000000004
vertex 125.89417836039321 -37.535269628337105 1
endloop
endfacet
facet normal -2.6915569462054845e-17 -5.877025696597542e-14 -1
outer loop
vertex 108.92433410000002 -37.20627940000025 1.0000000000000004
vertex 125.89417836039321 -37.535269628337105 1
vertex 125.91673592650653 -37.6194556111665 1.0000000000000004
endloop
endfacet
facet normal -2.6915569462054845e-17 -5.877025696597542e-14 -1
outer loop
vertex 108.92433410000002 -37.20627940000025 1.0000000000000004
vertex 125.91673592650653 -37.6194556111665 1.0000000000000004
vertex 125.92433410000041 -37.70627939999997 1.0000000000000004
endloop
endfacet
facet normal -2.6915569462054845e-17 -5.877025696597542e-14 -1
outer loop
vertex 108.92433410000002 -37.20627940000025 1.0000000000000004
vertex 125.92433410000041 -37.70627939999997 1.0000000000000004
vertex 125.9243340688938 -39.2062794 1
endloop
endfacet
facet normal -2.6915569462054845e-17 -5.877025696597542e-14 -1
outer loop
vertex 108.92433410000002 -37.20627940000025 1.0000000000000004
vertex 125.9243340688938 -39.2062794 1
vertex 123.4243341 -39.2062794 1
endloop
endfacet
facet normal -2.6915569462054845e-17 -5.877025696597542e-14 -1
outer loop
vertex 108.92433410000002 -37.20627940000025 1.0000000000000004
vertex 123.4243341 -39.2062794 1
vertex 109.4243341 -39.2062794 1
endloop
endfacet
facet normal -2.6915569462054845e-17 -5.877025696597542e-14 -1
outer loop
vertex 108.92433410000002 -37.20627940000025 1.0000000000000004
vertex 109.4243341 -39.2062794 1
vertex 105.4243341 -39.2062794 1
endloop
endfacet
facet normal -2.6915569462054845e-17 -5.877025696597542e-14 -1
outer loop
vertex 108.92433410000002 -37.20627940000025 1.0000000000000004
vertex 105.4243341 -39.2062794 1
vertex 105.4243341 -37.20627870909085 1
endloop
endfacet
facet normal 0 0 -1
outer loop
vertex 73.4243341 -37.53113540496139 1
vertex 73.4243341 -44.7062794 1
vertex 65.53281459461283 -44.7062794 1
endloop
endfacet
facet normal 0 0 -1
outer loop
vertex 73.4243341 -37.53113540496139 1
vertex 65.53281459461283 -44.7062794 1
vertex 64.90507084329116 -37.53113540496139 1
endloop
endfacet
facet normal 0 0 -1
outer loop
vertex 91.4243341 -36.3732795 1
vertex 91.4243341 -44.7062794 1
vertex 87.4243341 -44.7062794 1
endloop
endfacet
facet normal 0 0 -1
outer loop
vertex 91.4243341 -36.3732795 1
vertex 87.4243341 -44.7062794 1
vertex 87.4243341 -36.3732795 1
endloop
endfacet
facet normal 0 0 -1
outer loop
vertex 73.4243341 -44.7062794 1
vertex 87.4243341 -44.7062794 1
vertex 91.4243341 -44.7062794 1
endloop
endfacet
facet normal 0 0 -1
outer loop
vertex 73.4243341 -44.7062794 1
vertex 91.4243341 -44.7062794 1
vertex 91.4243341 -47.7062794 1
endloop
endfacet
facet normal 0 0 -1
outer loop
vertex 73.4243341 -44.7062794 1
vertex 91.4243341 -47.7062794 1
vertex 87.4243341 -47.7062794 1
endloop
endfacet
facet normal 0 0 -1
outer loop
vertex 73.4243341 -44.7062794 1
vertex 87.4243341 -47.7062794 1
vertex 73.4243341 -47.7062794 1
endloop
endfacet
facet normal 0 0 -1
outer loop
vertex 73.4243341 -44.7062794 1
vertex 73.4243341 -47.7062794 1
vertex 65.79528058606702 -47.7062794 1
endloop
endfacet
facet normal 0 0 -1
outer loop
vertex 73.4243341 -44.7062794 1
vertex 65.79528058606702 -47.7062794 1
vertex 65.53281459461283 -44.7062794 1
endloop
endfacet
facet normal 0 0 -1
outer loop
vertex 91.4243341 -47.7062794 1
vertex 91.4243341 -50.3732795 1
vertex 87.4243341 -50.3732795 1
endloop
endfacet
facet normal 0 0 -1
outer loop
vertex 91.4243341 -47.7062794 1
vertex 87.4243341 -50.3732795 1
vertex 87.4243341 -47.7062794 1
endloop
endfacet
facet normal 0 0 -1
outer loop
vertex 109.4243341 -39.2062794 1
vertex 109.4243341 -50.3732795 1
vertex 105.4243341 -50.3732795 1
endloop
endfacet
facet normal 0 0 -1
outer loop
vertex 109.4243341 -39.2062794 1
vertex 105.4243341 -50.3732795 1
vertex 105.4243341 -39.2062794 1
endloop
endfacet
facet normal 0 0 -1
outer loop
vertex 73.4243341 -47.7062794 1
vertex 73.4243341 -51.4778612049614 1
vertex 66.12525123866361 -51.4778612049614 1
endloop
endfacet
facet normal 0 0 -1
outer loop
vertex 73.4243341 -47.7062794 1
vertex 66.12525123866361 -51.4778612049614 1
vertex 65.79528058606702 -47.7062794 1
endloop
endfacet
facet normal 0 0 -1
outer loop
vertex 50.95834504329121 -38.751315804961386 1
vertex 52.178525425302944 -52.69804160496139 1
vertex 49.66897571310551 -52.69804160496139 1
endloop
endfacet
facet normal 0 0 -1
outer loop
vertex 50.95834504329121 -38.751315804961386 1
vertex 49.66897571310551 -52.69804160496139 1
vertex 48.44879299968806 -38.751315804961386 1
endloop
endfacet
facet normal 0 0 -1
outer loop
vertex 73.4243341 -51.4778612049614 1
vertex 73.4243341 -52.69804160496139 1
vertex 52.178525425302944 -52.69804160496139 1
endloop
endfacet
facet normal 0 0 -1
outer loop
vertex 73.4243341 -51.4778612049614 1
vertex 52.178525425302944 -52.69804160496139 1
vertex 66.12525123866361 -51.4778612049614 1
endloop
endfacet
facet normal 0 0 -1
outer loop
vertex 91.4243341 -50.3732795 1
vertex 105.4243341 -50.3732795 1
vertex 109.4243341 -50.3732795 1
endloop
endfacet
facet normal 0 0 -1
outer loop
vertex 91.4243341 -50.3732795 1
vertex 109.4243341 -50.3732795 1
vertex 109.4243341 -53.2062794 1
endloop
endfacet
facet normal 0 0 -1
outer loop
vertex 91.4243341 -50.3732795 1
vertex 109.4243341 -53.2062794 1
vertex 87.4243341 -53.2062794 1
endloop
endfacet
facet normal 0 0 -1
outer loop
vertex 91.4243341 -50.3732795 1
vertex 87.4243341 -53.2062794 1
vertex 87.4243341 -50.3732795 1
endloop
endfacet
facet normal 0 0 -1
outer loop
vertex 125.9243340688938 -39.2062794 1
vertex 125.92433377856919 -53.2062794 1
vertex 123.4243341 -53.2062794 1
endloop
endfacet
facet normal 0 0 -1
outer loop
vertex 125.9243340688938 -39.2062794 1
vertex 123.4243341 -53.2062794 1
vertex 123.4243341 -39.2062794 1
endloop
endfacet
facet normal 0 0 -1
outer loop
vertex 109.4243341 -53.2062794 1
vertex 123.4243341 -53.2062794 1
vertex 125.92433377856919 -53.2062794 1
endloop
endfacet
facet normal 0 0 -1
outer loop
vertex 109.4243341 -53.2062794 1
vertex 125.92433377856919 -53.2062794 1
vertex 125.92433377510604 -53.3732795 1
endloop
endfacet
facet normal 0 0 -1
outer loop
vertex 109.4243341 -53.2062794 1
vertex 125.92433377510604 -53.3732795 1
vertex 105.4243341 -53.3732795 1
endloop
endfacet
facet normal 0 0 -1
outer loop
vertex 109.4243341 -53.2062794 1
vertex 105.4243341 -53.3732795 1
vertex 91.4243341 -53.3732795 1
endloop
endfacet
facet normal 0 0 -1
outer loop
vertex 109.4243341 -53.2062794 1
vertex 91.4243341 -53.3732795 1
vertex 87.4243341 -53.3732795 1
endloop
endfacet
facet normal 0 0 -1
outer loop
vertex 109.4243341 -53.2062794 1
vertex 87.4243341 -53.3732795 1
vertex 87.4243341 -53.2062794 1
endloop
endfacet
facet normal 0 0 -1
outer loop
vertex 52.178525425302944 -52.69804160496139 1
vertex 73.4243341 -52.69804160496139 1
vertex 73.4243341 -54.46644530248071 1
endloop
endfacet
facet normal 0 0 -1
outer loop
vertex 52.178525425302944 -52.69804160496139 1
vertex 73.4243341 -54.46644530248071 1
vertex 66.38671847164558 -54.46644530248071 1
endloop
endfacet
facet normal 0 0 -1
outer loop
vertex 52.178525425302944 -52.69804160496139 1
vertex 66.38671847164558 -54.46644530248071 1
vertex 49.82369128240828 -54.46644530248071 1
endloop
endfacet
facet normal 0 0 -1
outer loop
vertex 52.178525425302944 -52.69804160496139 1
vertex 49.82369128240828 -54.46644530248071 1
vertex 49.81874489999993 -54.40990800000003 1.0000000000000004
endloop
endfacet
facet normal 0 0 -1
outer loop
vertex 52.178525425302944 -52.69804160496139 1
vertex 49.81874489999993 -54.40990800000003 1.0000000000000004
vertex 49.66897571310551 -52.69804160496139 1
endloop
endfacet
facet normal 0 0 -1
outer loop
vertex 66.38671847164558 -54.46644530248071 1
vertex 61.20213297329766 -54.920037758367975 1
vertex 49.86337539999994 -54.92003780000001 1
endloop
endfacet
facet normal 0 0 -1
outer loop
vertex 66.38671847164558 -54.46644530248071 1
vertex 49.86337539999994 -54.92003780000001 1
vertex 49.82369128240828 -54.46644530248071 1
endloop
endfacet
facet normal 0 0 -1
outer loop
vertex 61.20213297329766 -54.920037758367975 1
vertex 52.4399926716456 -55.6866257024807 1
vertex 47.002430391811245 -55.6866257024807 1
endloop
endfacet
facet normal 0 0 -1
outer loop
vertex 61.20213297329766 -54.920037758367975 1
vertex 47.002430391811245 -55.6866257024807 1
vertex 49.86337539999994 -54.92003780000001 1
endloop
endfacet
facet normal 0 0 -1
outer loop
vertex 125.92433377510604 -53.3732795 1
vertex 125.92433371635678 -56.2062794 1
vertex 123.4243341 -56.2062794 1
endloop
endfacet
facet normal 0 0 -1
outer loop
vertex 125.92433377510604 -53.3732795 1
vertex 123.4243341 -56.2062794 1
vertex 109.4243341 -56.2062794 1
endloop
endfacet
facet normal 0 0 -1
outer loop
vertex 125.92433377510604 -53.3732795 1
vertex 109.4243341 -56.2062794 1
vertex 105.4243341 -56.2062794 1
endloop
endfacet
facet normal 0 0 -1
outer loop
vertex 125.92433377510604 -53.3732795 1
vertex 105.4243341 -56.2062794 1
vertex 105.4243341 -53.3732795 1
endloop
endfacet
facet normal 0 0 -1
outer loop
vertex 52.4399926716456 -55.6866257024807 1
vertex 52.74427325733578 -59.164568852802184 1
vertex 41.74997627614467 -59.164568852802184 1
endloop
endfacet
facet normal 0 0 -1
outer loop
vertex 52.4399926716456 -55.6866257024807 1
vertex 41.74997627614467 -59.164568852802184 1
vertex 34.02256981420831 -59.164568852802184 1
endloop
endfacet
facet normal 0 0 -1
outer loop
vertex 52.4399926716456 -55.6866257024807 1
vertex 34.02256981420831 -59.164568852802184 1
vertex 47.002430391811245 -55.6866257024807 1
endloop
endfacet
facet normal 0 0 -1
outer loop
vertex 73.4243341 -54.46644530248071 1
vertex 73.4243341 -61.7062794 1
vertex 67.02012187951988 -61.7062794 1
endloop
endfacet
facet normal 0 0 -1
outer loop
vertex 73.4243341 -54.46644530248071 1
vertex 67.02012187951988 -61.7062794 1
vertex 66.38671847164558 -54.46644530248071 1
endloop
endfacet
facet normal 0 0 -1
outer loop
vertex 91.4243341 -53.3732795 1
vertex 91.4243341 -61.7062794 1
vertex 87.4243341 -61.7062794 1
endloop
endfacet
facet normal 0 0 -1
outer loop
vertex 91.4243341 -53.3732795 1
vertex 87.4243341 -61.7062794 1
vertex 87.4243341 -53.3732795 1
endloop
endfacet
facet normal 0 0 -1
outer loop
vertex 41.74997627614467 -59.164568852802184 1
vertex 28.22701467614465 -62.7880354528021 1
vertex 25.638822396101688 -62.7880354528021 1
endloop
endfacet
facet normal 0 0 -1
outer loop
vertex 41.74997627614467 -59.164568852802184 1
vertex 25.638822396101688 -62.7880354528021 1
vertex 25.423967400000244 -61.98618599999995 1
endloop
endfacet
facet normal 0 0 -1
outer loop
vertex 41.74997627614467 -59.164568852802184 1
vertex 25.423967400000244 -61.98618599999995 1
vertex 25.408835421970455 -61.90035510200451 1
endloop
endfacet
facet normal 0 0 -1
outer loop
vertex 41.74997627614467 -59.164568852802184 1
vertex 25.408835421970455 -61.90035510200451 1
vertex 25.408837507252667 -61.813200527796155 1.0000000000000004
endloop
endfacet
facet normal 0 0 -1
outer loop
vertex 41.74997627614467 -59.164568852802184 1
vertex 25.408837507252667 -61.813200527796155 1.0000000000000004
vertex 25.42397359248698 -61.727370354001735 1
endloop
endfacet
facet normal 0 0 -1
outer loop
vertex 41.74997627614467 -59.164568852802184 1
vertex 25.42397359248698 -61.727370354001735 1
vertex 25.453783787715746 -61.6454724170911 1.0000000000000004
endloop
endfacet
facet normal 0 0 -1
outer loop
vertex 41.74997627614467 -59.164568852802184 1
vertex 25.453783787715746 -61.6454724170911 1.0000000000000004
vertex 25.497362349528633 -61.569995077709564 1
endloop
endfacet
facet normal 0 0 -1
outer loop
vertex 41.74997627614467 -59.164568852802184 1
vertex 25.497362349528633 -61.569995077709564 1
vertex 25.55338520088174 -61.50323161512657 1
endloop
endfacet
facet normal 0 0 -1
outer loop
vertex 41.74997627614467 -59.164568852802184 1
vertex 25.55338520088174 -61.50323161512657 1
vertex 25.620150161429827 -61.44721054897451 1.0000000000000004
endloop
endfacet
facet normal 0 0 -1
outer loop
vertex 41.74997627614467 -59.164568852802184 1
vertex 25.620150161429827 -61.44721054897451 1.0000000000000004
vertex 25.69562866602697 -61.40363400535783 1
endloop
endfacet
facet normal 0 0 -1
outer loop
vertex 41.74997627614467 -59.164568852802184 1
vertex 25.69562866602697 -61.40363400535783 1
vertex 25.777524799999995 -61.373822 1
endloop
endfacet
facet normal 0 0 -1
outer loop
vertex 41.74997627614467 -59.164568852802184 1
vertex 25.777524799999995 -61.373822 1
vertex 34.02256981420831 -59.164568852802184 1
endloop
endfacet
facet normal 0 0 -1
outer loop
vertex 73.4243341 -61.7062794 1
vertex 87.4243341 -61.7062794 1
vertex 91.4243341 -61.7062794 1
endloop
endfacet
facet normal 0 0 -1
outer loop
vertex 73.4243341 -61.7062794 1
vertex 91.4243341 -61.7062794 1
vertex 91.4243341 -64.7062794 1
endloop
endfacet
facet normal 0 0 -1
outer loop
vertex 73.4243341 -61.7062794 1
vertex 91.4243341 -64.7062794 1
vertex 87.4243341 -64.7062794 1
endloop
endfacet
facet normal 0 0 -1
outer loop
vertex 73.4243341 -61.7062794 1
vertex 87.4243341 -64.7062794 1
vertex 73.4243341 -64.7062794 1
endloop
endfacet
facet normal 0 0 -1
outer loop
vertex 73.4243341 -61.7062794 1
vertex 73.4243341 -64.7062794 1
vertex 67.28258787097406 -64.7062794 1
endloop
endfacet
facet normal 0 0 -1
outer loop
vertex 73.4243341 -61.7062794 1
vertex 67.28258787097406 -64.7062794 1
vertex 67.02012187951988 -61.7062794 1
endloop
endfacet
facet normal 0 0 -1
outer loop
vertex 91.4243341 -64.7062794 1
vertex 91.4243341 -67.3732795 1
vertex 87.4243341 -67.3732795 1
endloop
endfacet
facet normal 0 0 -1
outer loop
vertex 91.4243341 -64.7062794 1
vertex 87.4243341 -67.3732795 1
vertex 87.4243341 -64.7062794 1
endloop
endfacet
facet normal 0 0 -1
outer loop
vertex 109.4243341 -56.2062794 1
vertex 109.4243341 -67.3732795 1
vertex 105.4243341 -67.3732795 1
endloop
endfacet
facet normal 0 0 -1
outer loop
vertex 109.4243341 -56.2062794 1
vertex 105.4243341 -67.3732795 1
vertex 105.4243341 -56.2062794 1
endloop
endfacet
facet normal 0 0 -1
outer loop
vertex 73.4243341 -64.7062794 1
vertex 73.4243341 -68.41317110248067 1
vertex 67.6068988716456 -68.41317110248067 1
endloop
endfacet
facet normal 0 0 -1
outer loop
vertex 73.4243341 -64.7062794 1
vertex 67.6068988716456 -68.41317110248067 1
vertex 67.28258787097406 -64.7062794 1
endloop
endfacet
facet normal 0 0 -1
outer loop
vertex 52.74427325733578 -59.164568852802184 1
vertex 53.66017306894736 -69.63335150248068 1
vertex 44.55507810189928 -69.63335150248068 1
endloop
endfacet
facet normal 0 0 -1
outer loop
vertex 52.74427325733578 -59.164568852802184 1
vertex 44.55507810189928 -69.63335150248068 1
vertex 41.74997627614467 -59.164568852802184 1
endloop
endfacet
facet normal 0 0 -1
outer loop
vertex 73.4243341 -68.41317110248067 1
vertex 73.4243341 -69.63335150248068 1
vertex 53.66017306894736 -69.63335150248068 1
endloop
endfacet
facet normal 0 0 -1
outer loop
vertex 73.4243341 -68.41317110248067 1
vertex 53.66017306894736 -69.63335150248068 1
vertex 67.6068988716456 -68.41317110248067 1
endloop
endfacet
facet normal 0 0 -1
outer loop
vertex 91.4243341 -67.3732795 1
vertex 105.4243341 -67.3732795 1
vertex 109.4243341 -67.3732795 1
endloop
endfacet
facet normal 0 0 -1
outer loop
vertex 91.4243341 -67.3732795 1
vertex 109.4243341 -67.3732795 1
vertex 109.4243341 -70.2062794 1
endloop
endfacet
facet normal 0 0 -1
outer loop
vertex 91.4243341 -67.3732795 1
vertex 109.4243341 -70.2062794 1
vertex 87.4243341 -70.2062794 1
endloop
endfacet
facet normal 0 0 -1
outer loop
vertex 91.4243341 -67.3732795 1
vertex 87.4243341 -70.2062794 1
vertex 87.4243341 -67.3732795 1
endloop
endfacet
facet normal 0 0 -1
outer loop
vertex 125.92433371635678 -56.2062794 1
vertex 125.92433342603218 -70.2062794 1
vertex 123.4243341 -70.2062794 1
endloop
endfacet
facet normal 0 0 -1
outer loop
vertex 125.92433371635678 -56.2062794 1
vertex 123.4243341 -70.2062794 1
vertex 123.4243341 -56.2062794 1
endloop
endfacet
facet normal 0 0 -1
outer loop
vertex 109.4243341 -70.2062794 1
vertex 123.4243341 -70.2062794 1
vertex 125.92433342603218 -70.2062794 1
endloop
endfacet
facet normal 0 0 -1
outer loop
vertex 109.4243341 -70.2062794 1
vertex 125.92433342603218 -70.2062794 1
vertex 125.92433342256902 -70.3732795 1
endloop
endfacet
facet normal 0 0 -1
outer loop
vertex 109.4243341 -70.2062794 1
vertex 125.92433342256902 -70.3732795 1
vertex 105.4243341 -70.3732795 1
endloop
endfacet
facet normal 0 0 -1
outer loop
vertex 109.4243341 -70.2062794 1
vertex 105.4243341 -70.3732795 1
vertex 91.4243341 -70.3732795 1
endloop
endfacet
facet normal 0 0 -1
outer loop
vertex 109.4243341 -70.2062794 1
vertex 91.4243341 -70.3732795 1
vertex 87.4243341 -70.3732795 1
endloop
endfacet
facet normal 0 0 -1
outer loop
vertex 109.4243341 -70.2062794 1
vertex 87.4243341 -70.3732795 1
vertex 87.4243341 -70.2062794 1
endloop
endfacet
facet normal 0 0 -1
outer loop
vertex 53.66017306894736 -69.63335150248068 1
vertex 73.4243341 -69.63335150248068 1
vertex 73.4243341 -71.4017552 1
endloop
endfacet
facet normal 0 0 -1
outer loop
vertex 53.66017306894736 -69.63335150248068 1
vertex 73.4243341 -71.4017552 1
vertex 67.8683661 -71.4017552 1
endloop
endfacet
facet normal 0 0 -1
outer loop
vertex 53.66017306894736 -69.63335150248068 1
vertex 67.8683661 -71.4017552 1
vertex 45.02892043931136 -71.4017552 1
endloop
endfacet
facet normal 0 0 -1
outer loop
vertex 53.66017306894736 -69.63335150248068 1
vertex 45.02892043931136 -71.4017552 1
vertex 44.55507810189928 -69.63335150248068 1
endloop
endfacet
facet normal 0 0 -1
outer loop
vertex 67.8683661 -71.4017552 1
vertex 53.92164029999999 -72.6219356 1
vertex 45.355866788502695 -72.6219356 1
endloop
endfacet
facet normal 0 0 -1
outer loop
vertex 67.8683661 -71.4017552 1
vertex 45.355866788502695 -72.6219356 1
vertex 45.02892043931136 -71.4017552 1
endloop
endfacet
facet normal 0 0 -1
outer loop
vertex 53.92164029999999 -72.6219356 1
vertex 53.92737910600206 -72.68753045280216 1
vertex 45.37344287614466 -72.68753045280216 1
endloop
endfacet
facet normal 0 0 -1
outer loop
vertex 53.92164029999999 -72.6219356 1
vertex 45.37344287614466 -72.68753045280216 1
vertex 45.355866788502695 -72.6219356 1
endloop
endfacet
facet normal 0 0 -1
outer loop
vertex 125.92433342256902 -70.3732795 1
vertex 125.92433336381976 -73.2062794 1
vertex 123.4243341 -73.2062794 1
endloop
endfacet
facet normal 0 0 -1
outer loop
vertex 125.92433342256902 -70.3732795 1
vertex 123.4243341 -73.2062794 1
vertex 109.4243341 -73.2062794 1
endloop
endfacet
facet normal 0 0 -1
outer loop
vertex 125.92433342256902 -70.3732795 1
vertex 109.4243341 -73.2062794 1
vertex 105.4243341 -73.2062794 1
endloop
endfacet
facet normal 0 0 -1
outer loop
vertex 125.92433342256902 -70.3732795 1
vertex 105.4243341 -73.2062794 1
vertex 105.4243341 -70.3732795 1
endloop
endfacet
facet normal 0 0 -1
outer loop
vertex 53.92737910600206 -72.68753045280216 1
vertex 54.18090177982116 -75.58530787640106 1
vertex 46.14989998807232 -75.58530787640106 1
endloop
endfacet
facet normal 0 0 -1
outer loop
vertex 53.92737910600206 -72.68753045280216 1
vertex 46.14989998807232 -75.58530787640106 1
vertex 34.55879018287163 -75.58530787640106 1
endloop
endfacet
facet normal 0 0 -1
outer loop
vertex 53.92737910600206 -72.68753045280216 1
vertex 34.55879018287163 -75.58530787640106 1
vertex 45.37344287614466 -72.68753045280216 1
endloop
endfacet
facet normal 0 0 -1
outer loop
vertex 28.22701467614465 -62.7880354528021 1
vertex 31.850481276144667 -76.31099705280215 1
vertex 29.26229043202535 -76.31099705280215 1
endloop
endfacet
facet normal 0 0 -1
outer loop
vertex 28.22701467614465 -62.7880354528021 1
vertex 29.26229043202535 -76.31099705280215 1
vertex 25.638822396101688 -62.7880354528021 1
endloop
endfacet
facet normal 0 0 -1
outer loop
vertex 46.14989998807232 -75.58530787640106 1
vertex 43.44159108134536 -76.31099705280215 1
vertex 31.850481276144667 -76.31099705280215 1
endloop
endfacet
facet normal 0 0 -1
outer loop
vertex 46.14989998807232 -75.58530787640106 1
vertex 31.850481276144667 -76.31099705280215 1
vertex 34.55879018287163 -75.58530787640106 1
endloop
endfacet
facet normal 0 0 -1
outer loop
vertex 73.4243341 -71.4017552 1
vertex 73.4243341 -78.7062794 1
vertex 68.50742915952941 -78.7062794 1
endloop
endfacet
facet normal 0 0 -1
outer loop
vertex 73.4243341 -71.4017552 1
vertex 68.50742915952941 -78.7062794 1
vertex 67.8683661 -71.4017552 1
endloop
endfacet
facet normal 0 0 -1
outer loop
vertex 91.4243341 -70.3732795 1
vertex 91.4243341 -78.7062794 1
vertex 87.4243341 -78.7062794 1
endloop
endfacet
facet normal 0 0 -1
outer loop
vertex 91.4243341 -70.3732795 1
vertex 87.4243341 -78.7062794 1
vertex 87.4243341 -70.3732795 1
endloop
endfacet
facet normal 0 0 -1
outer loop
vertex 31.850481276144667 -76.31099705280215 1
vertex 43.44159108134536 -76.31099705280215 1
vertex 32.626938388072325 -79.20877447640103 1
endloop
endfacet
facet normal 0 0 -1
outer loop
vertex 31.850481276144667 -76.31099705280215 1
vertex 32.626938388072325 -79.20877447640103 1
vertex 30.03874785165092 -79.20877447640103 1
endloop
endfacet
facet normal 0 0 -1
outer loop
vertex 31.850481276144667 -76.31099705280215 1
vertex 30.03874785165092 -79.20877447640103 1
vertex 29.26229043202535 -76.31099705280215 1
endloop
endfacet
facet normal 0 0 -1
outer loop
vertex 73.4243341 -78.7062794 1
vertex 87.4243341 -78.7062794 1
vertex 91.4243341 -78.7062794 1
endloop
endfacet
facet normal 0 0 -1
outer loop
vertex 73.4243341 -78.7062794 1
vertex 91.4243341 -78.7062794 1
vertex 91.4243341 -84.3732795 1
endloop
endfacet
facet normal 0 0 -1
outer loop
vertex 73.4243341 -78.7062794 1
vertex 91.4243341 -84.3732795 1
vertex 69.0032274241528 -84.3732795 1
endloop
endfacet
facet normal 0 0 -1
outer loop
vertex 73.4243341 -78.7062794 1
vertex 69.0032274241528 -84.3732795 1
vertex 68.50742915952941 -78.7062794 1
endloop
endfacet
facet normal 0 0 -1
outer loop
vertex 109.4243341 -73.2062794 1
vertex 109.4243341 -84.3732795 1
vertex 105.4243341 -84.3732795 1
endloop
endfacet
facet normal 0 0 -1
outer loop
vertex 109.4243341 -73.2062794 1
vertex 105.4243341 -84.3732795 1
vertex 105.4243341 -73.2062794 1
endloop
endfacet
facet normal 0 0 -1
outer loop
vertex 91.4243341 -84.3732795 1
vertex 105.4243341 -84.3732795 1
vertex 109.4243341 -84.3732795 1
endloop
endfacet
facet normal 0 0 -1
outer loop
vertex 91.4243341 -84.3732795 1
vertex 109.4243341 -84.3732795 1
vertex 109.4243341 -85.348481 1
endloop
endfacet
facet normal 0 0 -1
outer loop
vertex 91.4243341 -84.3732795 1
vertex 109.4243341 -85.348481 1
vertex 69.08854650000002 -85.348481 1
endloop
endfacet
facet normal 0 0 -1
outer loop
vertex 91.4243341 -84.3732795 1
vertex 69.08854650000002 -85.348481 1
vertex 69.0032274241528 -84.3732795 1
endloop
endfacet
facet normal 0 0 -1
outer loop
vertex 54.18090177982116 -75.58530787640106 1
vertex 55.1418207 -86.5686614 1
vertex 49.09288066242054 -86.5686614 1
endloop
endfacet
facet normal 0 0 -1
outer loop
vertex 54.18090177982116 -75.58530787640106 1
vertex 49.09288066242054 -86.5686614 1
vertex 46.14989998807232 -75.58530787640106 1
endloop
endfacet
facet normal 0 0 -1
outer loop
vertex 109.4243341 -85.348481 1
vertex 109.4243341 -86.5686614 1
vertex 55.1418207 -86.5686614 1
endloop
endfacet
facet normal 0 0 -1
outer loop
vertex 109.4243341 -85.348481 1
vertex 55.1418207 -86.5686614 1
vertex 69.08854650000002 -85.348481 1
endloop
endfacet
facet normal 0 0 -1
outer loop
vertex 55.1418207 -86.5686614 1
vertex 109.4243341 -86.5686614 1
vertex 109.4243341 -87.2062794 1
endloop
endfacet
facet normal 0 0 -1
outer loop
vertex 55.1418207 -86.5686614 1
vertex 109.4243341 -87.2062794 1
vertex 49.263729888714195 -87.2062794 1
endloop
endfacet
facet normal 0 0 -1
outer loop
vertex 55.1418207 -86.5686614 1
vertex 49.263729888714195 -87.2062794 1
vertex 49.09288066242054 -86.5686614 1
endloop
endfacet
facet normal 0 0 -1
outer loop
vertex 125.92433336381976 -73.2062794 1
vertex 125.92433307349516 -87.2062794 1
vertex 123.4243341 -87.2062794 1
endloop
endfacet
facet normal 0 0 -1
outer loop
vertex 125.92433336381976 -73.2062794 1
vertex 123.4243341 -87.2062794 1
vertex 123.4243341 -73.2062794 1
endloop
endfacet
facet normal 0 0 -1
outer loop
vertex 109.4243341 -87.2062794 1
vertex 123.4243341 -87.2062794 1
vertex 125.92433307349516 -87.2062794 1
endloop
endfacet
facet normal 0 0 -1
outer loop
vertex 109.4243341 -87.2062794 1
vertex 125.92433307349516 -87.2062794 1
vertex 125.92433303405272 -89.10826947640112 1
endloop
endfacet
facet normal 0 0 -1
outer loop
vertex 109.4243341 -87.2062794 1
vertex 125.92433303405272 -89.10826947640112 1
vertex 49.77336658807234 -89.10826947640112 1
endloop
endfacet
facet normal 0 0 -1
outer loop
vertex 109.4243341 -87.2062794 1
vertex 49.77336658807234 -89.10826947640112 1
vertex 49.263729888714195 -87.2062794 1
endloop
endfacet
facet normal 0 0 -1
outer loop
vertex 125.92433303405272 -89.10826947640112 1
vertex 125.9243329739601 -92.00604689999994 1
vertex 50.54982369999998 -92.00604689999994 1
endloop
endfacet
facet normal 0 0 -1
outer loop
vertex 125.92433303405272 -89.10826947640112 1
vertex 50.54982369999998 -92.00604689999994 1
vertex 38.95871389479954 -92.00604689999994 1
endloop
endfacet
facet normal 0 0 -1
outer loop
vertex 125.92433303405272 -89.10826947640112 1
vertex 38.95871389479954 -92.00604689999994 1
vertex 49.77336658807234 -89.10826947640112 1
endloop
endfacet
facet normal 0 0 -1
outer loop
vertex 32.626938388072325 -79.20877447640103 1
vertex 36.25040498807233 -92.7317360764011 1
vertex 33.66221588757459 -92.7317360764011 1
endloop
endfacet
facet normal 0 0 -1
outer loop
vertex 32.626938388072325 -79.20877447640103 1
vertex 33.66221588757459 -92.7317360764011 1
vertex 30.03874785165092 -79.20877447640103 1
endloop
endfacet
facet normal 0 0 -1
outer loop
vertex 50.54982369999998 -92.00604689999994 1
vertex 47.84151479327284 -92.7317360764011 1
vertex 36.25040498807233 -92.7317360764011 1
endloop
endfacet
facet normal 0 0 -1
outer loop
vertex 50.54982369999998 -92.00604689999994 1
vertex 36.25040498807233 -92.7317360764011 1
vertex 38.95871389479954 -92.00604689999994 1
endloop
endfacet
facet normal 0 0 -1
outer loop
vertex 125.9243329739601 -92.00604689999994 1
vertex 125.92433294787153 -93.264088 1
vertex 103.74621709999997 -93.264088 1
endloop
endfacet
facet normal 0 0 -1
outer loop
vertex 125.9243329739601 -92.00604689999994 1
vertex 103.74621709999997 -93.264088 1
vertex 50.88691479306923 -93.264088 1
endloop
endfacet
facet normal 0 0 -1
outer loop
vertex 125.9243329739601 -92.00604689999994 1
vertex 50.88691479306923 -93.264088 1
vertex 50.54982369999998 -92.00604689999994 1
endloop
endfacet
facet normal 0 0 -1
outer loop
vertex 125.92433294787153 -93.264088 1
vertex 125.92433289999965 -95.57254330000004 1.0000000000000004
vertex 116.83811756605247 -95.57254329999988 1
endloop
endfacet
facet normal 0 0 -1
outer loop
vertex 125.92433294787153 -93.264088 1
vertex 116.83811756605247 -95.57254329999988 1
vertex 103.74621709999997 -93.264088 1
endloop
endfacet
facet normal 0 0 -1
outer loop
vertex 36.25040498807233 -92.7317360764011 1
vertex 47.84151479327284 -92.7317360764011 1
vertex 37.026862099999995 -95.6295135 1
endloop
endfacet
facet normal 0 0 -1
outer loop
vertex 36.25040498807233 -92.7317360764011 1
vertex 37.026862099999995 -95.6295135 1
vertex 34.43867330720017 -95.6295135 1
endloop
endfacet
facet normal 0 0 -1
outer loop
vertex 36.25040498807233 -92.7317360764011 1
vertex 34.43867330720017 -95.6295135 1
vertex 33.66221588757459 -92.7317360764011 1
endloop
endfacet
facet normal 0 0 -1
outer loop
vertex 125.92433289999965 -95.57254330000004 1.0000000000000004
vertex 125.9342917075227 -95.69516250000001 1
vertex 117.53352560000002 -95.69516250000001 1
endloop
endfacet
facet normal 0 0 -1
outer loop
vertex 125.92433289999965 -95.57254330000004 1.0000000000000004
vertex 117.53352560000002 -95.69516250000001 1
vertex 116.83811756605247 -95.57254329999988 1
endloop
endfacet
facet normal 0 0 -1
outer loop
vertex 125.9342917075227 -95.69516250000001 1
vertex 125.93743784181866 -95.73389971523008 1.0000000000000004
vertex 117.52669518374098 -95.73389971523004 1
endloop
endfacet
facet normal 0 0 -1
outer loop
vertex 125.9342917075227 -95.69516250000001 1
vertex 117.52669518374098 -95.73389971523004 1
vertex 117.53352560000002 -95.69516250000001 1
endloop
endfacet
facet normal 0 0 -1
outer loop
vertex 125.93743784181866 -95.73389971523008 1.0000000000000004
vertex 125.97640696637642 -95.89102717803397 1
vertex 117.49898937240937 -95.89102717803374 1
endloop
endfacet
facet normal 0 0 -1
outer loop
vertex 125.93743784181866 -95.73389971523008 1.0000000000000004
vertex 117.49898937240937 -95.89102717803374 1
vertex 117.52669518374098 -95.73389971523004 1
endloop
endfacet
facet normal 0 0 -1
outer loop
vertex 125.97640696637642 -95.89102717803397 1
vertex 126.04021898518943 -96.03980774965201 1
vertex 117.47275534321095 -96.03980774965198 1
endloop
endfacet
facet normal 0 0 -1
outer loop
vertex 125.97640696637642 -95.89102717803397 1
vertex 117.47275534321095 -96.03980774965198 1
vertex 117.49898937240937 -95.89102717803374 1
endloop
endfacet
facet normal 0 0 -1
outer loop
vertex 126.04021898518943 -96.03980774965201 1
vertex 126.12720153633518 -96.17634224358022 1.0000000000000004
vertex 117.4486806279351 -96.17634224357954 1
endloop
endfacet
facet normal 0 0 -1
outer loop
vertex 126.04021898518943 -96.03980774965201 1
vertex 117.4486806279351 -96.17634224357954 1
vertex 117.47275534321095 -96.03980774965198 1
endloop
endfacet
facet normal 0 0 -1
outer loop
vertex 126.12720153633518 -96.17634224358022 1.0000000000000004
vertex 126.23507501310458 -96.29705241401177 1
vertex 117.42739616786595 -96.29705241401216 1
endloop
endfacet
facet normal 0 0 -1
outer loop
vertex 126.12720153633518 -96.17634224358022 1.0000000000000004
vertex 117.42739616786595 -96.29705241401216 1
vertex 117.4486806279351 -96.17634224357954 1
endloop
endfacet
facet normal 0 0 -1
outer loop
vertex 126.23507501310458 -96.29705241401177 1
vertex 126.36101230708711 -96.39877473319666 1
vertex 117.40945977830529 -96.39877473319613 1
endloop
endfacet
facet normal 0 0 -1
outer loop
vertex 126.23507501310458 -96.29705241401177 1
vertex 117.40945977830529 -96.39877473319613 1
vertex 117.42739616786595 -96.29705241401216 1
endloop
endfacet
facet normal 0 0 -1
outer loop
vertex 126.36101230708711 -96.39877473319666 1
vertex 126.50171580000037 -96.47884659999923 1
vertex 117.39534094767534 -96.47884660000003 1
endloop
endfacet
facet normal 0 0 -1
outer loop
vertex 126.36101230708711 -96.39877473319666 1
vertex 117.39534094767534 -96.47884660000003 1
vertex 117.40945977830529 -96.39877473319613 1
endloop
endfacet
facet normal 0 0 -1
outer loop
vertex 126.50171580000037 -96.47884659999923 1
vertex 130.15616584531148 -98.1829448 1
vertex 125.4237631 -98.1829448 1
endloop
endfacet
facet normal 0 0 -1
outer loop
vertex 126.50171580000037 -96.47884659999923 1
vertex 125.4237631 -98.1829448 1
vertex 117.0948624547544 -98.1829448 1
endloop
endfacet
facet normal 0 0 -1
outer loop
vertex 126.50171580000037 -96.47884659999923 1
vertex 117.0948624547544 -98.1829448 1
vertex 117.39534094767534 -96.47884660000003 1
endloop
endfacet
facet normal 0 0 -1
outer loop
vertex 130.15616584531148 -98.1829448 1
vertex 140.76992450000043 -103.13222219999936 1.0000000000000004
vertex 140.8454025242219 -103.17580051295808 1
endloop
endfacet
facet normal 0 0 -1
outer loop
vertex 130.15616584531148 -98.1829448 1
vertex 140.8454025242219 -103.17580051295808 1
vertex 140.91216665174457 -103.23182330097237 1
endloop
endfacet
facet normal 0 0 -1
outer loop
vertex 130.15616584531148 -98.1829448 1
vertex 140.91216665174457 -103.23182330097237 1
vertex 140.9681883209143 -103.29858836731856 1
endloop
endfacet
facet normal 0 0 -1
outer loop
vertex 130.15616584531148 -98.1829448 1
vertex 140.9681883209143 -103.29858836731856 1
vertex 141.0117653689971 -103.37406712182022 1
endloop
endfacet
facet normal 0 0 -1
outer loop
vertex 130.15616584531148 -98.1829448 1
vertex 141.0117653689971 -103.37406712182022 1
vertex 141.04157375070687 -103.4559662175454 1
endloop
endfacet
facet normal 0 0 -1
outer loop
vertex 130.15616584531148 -98.1829448 1
vertex 141.04157375070687 -103.4559662175454 1
vertex 141.05670776799164 -103.54179723187929 1
endloop
endfacet
facet normal 0 0 -1
outer loop
vertex 130.15616584531148 -98.1829448 1
vertex 141.05670776799164 -103.54179723187929 1
vertex 141.05670758877866 -103.62895227476662 1
endloop
endfacet
facet normal 0 0 -1
outer loop
vertex 130.15616584531148 -98.1829448 1
vertex 141.05670758877866 -103.62895227476662 1
vertex 141.04157321851724 -103.71478322686171 1.0000000000000004
endloop
endfacet
facet normal 0 0 -1
outer loop
vertex 130.15616584531148 -98.1829448 1
vertex 141.04157321851724 -103.71478322686171 1.0000000000000004
vertex 141.01176900000036 -103.79668440000015 1.0000000000000004
endloop
endfacet
facet normal 0 0 -1
outer loop
vertex 130.15616584531148 -98.1829448 1
vertex 141.01176900000036 -103.79668440000015 1.0000000000000004
vertex 140.87051697106884 -104.0996004 1
endloop
endfacet
facet normal 0 0 -1
outer loop
vertex 130.15616584531148 -98.1829448 1
vertex 140.87051697106884 -104.0996004 1
vertex 138.1120721 -104.0996004 1
endloop
endfacet
facet normal 0 0 -1
outer loop
vertex 130.15616584531148 -98.1829448 1
vertex 138.1120721 -104.0996004 1
vertex 125.4237631 -98.1829448 1
endloop
endfacet
facet normal 0 0 -1
outer loop
vertex 103.74621709999997 -93.264088 1
vertex 101.5835806817261 -105.52900849999999 1
vertex 54.1732903 -105.52900849999999 1
endloop
endfacet
facet normal 0 0 -1
outer loop
vertex 103.74621709999997 -93.264088 1
vertex 54.1732903 -105.52900849999999 1
vertex 50.88691479306923 -93.264088 1
endloop
endfacet
facet normal -9.95084799112702e-18 1.754602996270494e-18 -1
outer loop
vertex 101.5835806817261 -105.52900849999999 1
vertex 101.32965888631746 -106.96907055000001 1
vertex 56.701380950000015 -106.96907055000014 1.0000000000000004
endloop
endfacet
facet normal -9.95084799112702e-18 1.754602996270494e-18 -1
outer loop
vertex 101.5835806817261 -105.52900849999999 1
vertex 56.701380950000015 -106.96907055000014 1.0000000000000004
vertex 48.79890550402387 -106.96907055000001 1
endloop
endfacet
facet normal -9.95084799112702e-18 1.754602996270494e-18 -1
outer loop
vertex 101.5835806817261 -105.52900849999999 1
vertex 48.79890550402387 -106.96907055000001 1
vertex 54.1732903 -105.52900849999999 1
endloop
endfacet
facet normal 0 0 -1
outer loop
vertex 56.701380950000015 -106.96907055000014 1.0000000000000004
vertex 56.60069804693393 -106.97007520549356 1
vertex 48.79515607863568 -106.97007520549377 1
endloop
endfacet
facet normal 0 0 -1
outer loop
vertex 56.701380950000015 -106.96907055000014 1.0000000000000004
vertex 48.79515607863568 -106.97007520549377 1
vertex 48.79890550402387 -106.96907055000001 1
endloop
endfacet
facet normal 0 0 -1
outer loop
vertex 56.60069804693393 -106.97007520549356 1
vertex 56.5006265367324 -106.98119946495008 1.0000000000000004
vertex 48.75363977669031 -106.98119946494997 1
endloop
endfacet
facet normal 0 0 -1
outer loop
vertex 56.60069804693393 -106.97007520549356 1
vertex 48.75363977669031 -106.98119946494997 1
vertex 48.79515607863568 -106.97007520549377 1
endloop
endfacet
facet normal 0 0 -1
outer loop
vertex 56.5006265367324 -106.98119946495008 1.0000000000000004
vertex 56.40218190000003 -107.0023311000001 1.0000000000000004
vertex 48.67477544016586 -107.00233110000005 1
endloop
endfacet
facet normal 0 0 -1
outer loop
vertex 56.5006265367324 -106.98119946495008 1.0000000000000004
vertex 48.67477544016586 -107.00233110000005 1
vertex 48.75363977669031 -106.98119946494997 1
endloop
endfacet
facet normal 0 0 -1
outer loop
vertex 101.32965888631746 -106.96907055000001 1
vertex 101.3151426 -107.0513965 1
vertex 58.73873691292288 -107.0513965 1
endloop
endfacet
facet normal 0 0 -1
outer loop
vertex 101.32965888631746 -106.96907055000001 1
vertex 58.73873691292288 -107.0513965 1
vertex 56.701380950000015 -106.96907055000014 1.0000000000000004
endloop
endfacet
facet normal 0 0 -1
outer loop
vertex 101.3151426 -107.0513965 1
vertex 110.53346687476997 -108.67683580000002 1
vertex 98.96418769999998 -108.67683580000062 1.0000000000000004
endloop
endfacet
facet normal 0 0 -1
outer loop
vertex 101.3151426 -107.0513965 1
vertex 98.96418769999998 -108.67683580000062 1.0000000000000004
vertex 58.73873691292288 -107.0513965 1
endloop
endfacet
facet normal 0 0 -1
outer loop
vertex 110.53346687476997 -108.67683580000002 1
vertex 110.56154683451363 -108.68178705456097 1
vertex 99.03106508242355 -108.68178705456161 1.0000000000000004
endloop
endfacet
facet normal 0 0 -1
outer loop
vertex 110.53346687476997 -108.67683580000002 1
vertex 99.03106508242355 -108.68178705456161 1.0000000000000004
vertex 98.96418769999998 -108.67683580000062 1.0000000000000004
endloop
endfacet
facet normal 0 0 -1
outer loop
vertex 110.56154683451363 -108.68178705456097 1
vertex 110.61500345994448 -108.69121289999998 1
vertex 99.09746385000004 -108.69121289999985 1.0000000000000004
endloop
endfacet
facet normal 0 0 -1
outer loop
vertex 110.56154683451363 -108.68178705456097 1
vertex 99.09746385000004 -108.69121289999985 1.0000000000000004
vertex 99.03106508242355 -108.68178705456161 1.0000000000000004
endloop
endfacet
facet normal 0 0 -1
outer loop
vertex 37.026862099999995 -95.6295135 1
vertex 40.6503287 -109.1524751 1
vertex 38.06214134312382 -109.1524751 1
endloop
endfacet
facet normal 0 0 -1
outer loop
vertex 37.026862099999995 -95.6295135 1
vertex 38.06214134312382 -109.1524751 1
vertex 34.43867330720017 -95.6295135 1
endloop
endfacet
facet normal 0 0 -1
outer loop
vertex 56.40218190000003 -107.0023311000001 1.0000000000000004
vertex 48.37772223100457 -109.1524751 1
vertex 40.6503287 -109.1524751 1
endloop
endfacet
facet normal 0 0 -1
outer loop
vertex 56.40218190000003 -107.0023311000001 1.0000000000000004
vertex 40.6503287 -109.1524751 1
vertex 48.67477544016586 -107.00233110000005 1
endloop
endfacet
facet normal 0 0 -1
outer loop
vertex 110.61500345994448 -108.69121289999998 1
vertex 115.10245110000001 -109.482471 1
vertex 103.58491114463774 -109.482471 1
endloop
endfacet
facet normal 0 0 -1
outer loop
vertex 110.61500345994448 -108.69121289999998 1
vertex 103.58491114463774 -109.482471 1
vertex 99.09746385000004 -108.69121289999985 1.0000000000000004
endloop
endfacet
facet normal 0 0 -1
outer loop
vertex 125.4237631 -98.1829448 1
vertex 120.15470754905331 -109.482471 1
vertex 115.10245110000001 -109.482471 1
endloop
endfacet
facet normal 0 0 -1
outer loop
vertex 125.4237631 -98.1829448 1
vertex 115.10245110000001 -109.482471 1
vertex 117.0948624547544 -98.1829448 1
endloop
endfacet
facet normal 0 0 -1
outer loop
vertex 115.10245110000001 -109.482471 1
vertex 120.15470754905331 -109.482471 1
vertex 119.5071075 -110.87125380000002 1
endloop
endfacet
facet normal 0 0 -1
outer loop
vertex 115.10245110000001 -109.482471 1
vertex 119.5071075 -110.87125380000002 1
vertex 111.46108911829691 -110.87125380000002 1
endloop
endfacet
facet normal 0 0 -1
outer loop
vertex 115.10245110000001 -109.482471 1
vertex 111.46108911829691 -110.87125380000002 1
vertex 103.58491114463774 -109.482471 1
endloop
endfacet
facet normal 0 0 -1
outer loop
vertex 40.6503287 -109.1524751 1
vertex 48.37772223100457 -109.1524751 1
vertex 39.23612135000001 -111.60195570000003 1
endloop
endfacet
facet normal 0 0 -1
outer loop
vertex 40.6503287 -109.1524751 1
vertex 39.23612135000001 -111.60195570000003 1
vertex 39.15029004749181 -111.6170919831502 1
endloop
endfacet
facet normal 0 0 -1
outer loop
vertex 40.6503287 -109.1524751 1
vertex 39.15029004749181 -111.6170919831502 1
vertex 39.06313432734483 -111.61709386683333 1
endloop
endfacet
facet normal 0 0 -1
outer loop
vertex 40.6503287 -109.1524751 1
vertex 39.06313432734483 -111.61709386683333 1
vertex 38.977302370641006 -111.60196129381173 1
endloop
endfacet
facet normal 0 0 -1
outer loop
vertex 40.6503287 -109.1524751 1
vertex 38.977302370641006 -111.60196129381173 1
vertex 38.89540213659997 -111.57215405942337 1
endloop
endfacet
facet normal 0 0 -1
outer loop
vertex 40.6503287 -109.1524751 1
vertex 38.89540213659997 -111.57215405942337 1
vertex 38.819922121099985 -111.52857784093217 1
endloop
endfacet
facet normal 0 0 -1
outer loop
vertex 40.6503287 -109.1524751 1
vertex 38.819922121099985 -111.52857784093217 1
vertex 38.753155745028856 -111.47255667900015 1
endloop
endfacet
facet normal 0 0 -1
outer loop
vertex 40.6503287 -109.1524751 1
vertex 38.753155745028856 -111.47255667900015 1
vertex 38.69713166988792 -111.40579274740173 1
endloop
endfacet
facet normal 0 0 -1
outer loop
vertex 40.6503287 -109.1524751 1
vertex 38.69713166988792 -111.40579274740173 1
vertex 38.65355215796799 -111.33031463336404 1
endloop
endfacet
facet normal 0 0 -1
outer loop
vertex 40.6503287 -109.1524751 1
vertex 38.65355215796799 -111.33031463336404 1
vertex 38.62374577749741 -111.24841057538671 1
endloop
endfacet
facet normal 0 0 -1
outer loop
vertex 40.6503287 -109.1524751 1
vertex 38.62374577749741 -111.24841057538671 1
vertex 38.06214134312382 -109.1524751 1
endloop
endfacet
facet normal 0 0 -1
outer loop
vertex 119.5071075 -110.87125380000002 1
vertex 121.48528305117883 -111.7936922 1
vertex 116.69249679999965 -111.79369220000106 1
endloop
endfacet
facet normal 0 0 -1
outer loop
vertex 119.5071075 -110.87125380000002 1
vertex 116.69249679999965 -111.79369220000106 1
vertex 111.46108911829691 -110.87125380000002 1
endloop
endfacet
facet normal 0 0 -1
outer loop
vertex 121.48528305117883 -111.7936922 1
vertex 121.6113596864767 -111.85248269999998 1
vertex 116.87895669999966 -111.85248270000105 1
endloop
endfacet
facet normal 0 0 -1
outer loop
vertex 121.48528305117883 -111.7936922 1
vertex 116.87895669999966 -111.85248270000105 1
vertex 116.69249679999965 -111.79369220000106 1
endloop
endfacet
facet normal 0 0 -1
outer loop
vertex 121.6113596864767 -111.85248269999998 1
vertex 132.19541650000005 -116.78790940000002 1
vertex 127.46301322457808 -116.78790940000002 1
endloop
endfacet
facet normal 0 0 -1
outer loop
vertex 121.6113596864767 -111.85248269999998 1
vertex 127.46301322457808 -116.78790940000002 1
vertex 116.87895669999966 -111.85248270000105 1
endloop
endfacet
facet normal 0 0 -1
outer loop
vertex 140.87051697106884 -104.0996004 1
vertex 134.95386222204493 -116.78790940000002 1
vertex 132.19541650000005 -116.78790940000002 1
endloop
endfacet
facet normal 0 0 -1
outer loop
vertex 140.87051697106884 -104.0996004 1
vertex 132.19541650000005 -116.78790940000002 1
vertex 138.1120721 -104.0996004 1
endloop
endfacet
facet normal 0 0 -1
outer loop
vertex 132.19541650000005 -116.78790940000002 1
vertex 134.95386222204493 -116.78790940000002 1
vertex 133.82725779999993 -119.20392074999995 1
endloop
endfacet
facet normal 0 0 -1
outer loop
vertex 132.19541650000005 -116.78790940000002 1
vertex 133.82725779999993 -119.20392074999995 1
vertex 133.78367948704292 -119.2793987742227 1
endloop
endfacet
facet normal 0 0 -1
outer loop
vertex 132.19541650000005 -116.78790940000002 1
vertex 133.78367948704292 -119.2793987742227 1
vertex 133.7276566990276 -119.3461629017445 1
endloop
endfacet
facet normal 0 0 -1
outer loop
vertex 132.19541650000005 -116.78790940000002 1
vertex 133.7276566990276 -119.3461629017445 1
vertex 133.66089163268077 -119.40218457091316 1
endloop
endfacet
facet normal 0 0 -1
outer loop
vertex 132.19541650000005 -116.78790940000002 1
vertex 133.66089163268077 -119.40218457091316 1
vertex 133.58541287818014 -119.44576161899798 1
endloop
endfacet
facet normal 0 0 -1
outer loop
vertex 132.19541650000005 -116.78790940000002 1
vertex 133.58541287818014 -119.44576161899798 1
vertex 133.50351378245477 -119.47557000070756 1
endloop
endfacet
facet normal 0 0 -1
outer loop
vertex 132.19541650000005 -116.78790940000002 1
vertex 133.50351378245477 -119.47557000070756 1
vertex 133.4176827681207 -119.49070401799149 1
endloop
endfacet
facet normal 0 0 -1
outer loop
vertex 132.19541650000005 -116.78790940000002 1
vertex 133.4176827681207 -119.49070401799149 1
vertex 133.33052772523328 -119.49070383877968 1
endloop
endfacet
facet normal 0 0 -1
outer loop
vertex 132.19541650000005 -116.78790940000002 1
vertex 133.33052772523328 -119.49070383877968 1
vertex 133.2446967731383 -119.47556946851739 1.0000000000000004
endloop
endfacet
facet normal 0 0 -1
outer loop
vertex 132.19541650000005 -116.78790940000002 1
vertex 133.2446967731383 -119.47556946851739 1.0000000000000004
vertex 133.16279559999984 -119.44576150000054 1.0000000000000004
endloop
endfacet
facet normal 0 0 -1
outer loop
vertex 132.19541650000005 -116.78790940000002 1
vertex 133.16279559999984 -119.44576150000054 1.0000000000000004
vertex 127.46301322457808 -116.78790940000002 1
endloop
endfacet
facet normal -0.08715574269062634 0.9961946980967351 0
outer loop
vertex 55.141820699999926 -86.56866140000001 2.2
vertex 69.08854649999992 -85.34848100000002 2.2
vertex 69.08854650000002 -85.348481 1
endloop
endfacet
facet normal -0.08715574269062634 0.9961946980967351 0
outer loop
vertex 55.141820699999926 -86.56866140000001 2.2
vertex 69.08854650000002 -85.348481 1
vertex 55.1418207 -86.5686614 1
endloop
endfacet
facet normal 0 0 1
outer loop
vertex 69.08854649999992 -85.34848100000002 2.2
vertex 69.00322742415278 -84.3732795 2.2
vertex 68.50742915952941 -78.7062794 2.2
endloop
endfacet
facet normal 0 0 1
outer loop
vertex 69.08854649999992 -85.34848100000002 2.2
vertex 68.50742915952941 -78.7062794 2.2
vertex 67.86836609999999 -71.4017552 2.2
endloop
endfacet
facet normal 0 0 1
outer loop
vertex 69.08854649999992 -85.34848100000002 2.2
vertex 67.86836609999999 -71.4017552 2.2
vertex 67.8683661 -71.4017552 1
endloop
endfacet
facet normal 0 0 1
outer loop
vertex 69.08854649999992 -85.34848100000002 2.2
vertex 67.8683661 -71.4017552 1
vertex 68.50742915952941 -78.7062794 1
endloop
endfacet
facet normal 0 0 1
outer loop
vertex 69.08854649999992 -85.34848100000002 2.2
vertex 68.50742915952941 -78.7062794 1
vertex 69.0032274241528 -84.3732795 1
endloop
endfacet
facet normal 0 0 1
outer loop
vertex 69.08854649999992 -85.34848100000002 2.2
vertex 69.0032274241528 -84.3732795 1
vertex 69.08854650000002 -85.348481 1
endloop
endfacet
facet normal 0 0 -1
outer loop
vertex 67.60689887164558 -68.41317110248067 2.2
vertex 67.28258787097406 -64.7062794 2.2
vertex 67.0201218834302 -61.7062794 2.2
endloop
endfacet
facet normal 0 0 -1
outer loop
vertex 67.60689887164558 -68.41317110248067 2.2
vertex 67.0201218834302 -61.7062794 2.2
vertex 66.38671847164557 -54.46644530248071 2.2
endloop
endfacet
facet normal 0 0 -1
outer loop
vertex 67.60689887164558 -68.41317110248067 2.2
vertex 66.38671847164557 -54.46644530248071 2.2
vertex 66.38671847164558 -54.46644530248071 1
endloop
endfacet
facet normal 0 0 -1
outer loop
vertex 67.60689887164558 -68.41317110248067 2.2
vertex 66.38671847164558 -54.46644530248071 1
vertex 67.02012187951988 -61.7062794 1
endloop
endfacet
facet normal 0 0 -1
outer loop
vertex 67.60689887164558 -68.41317110248067 2.2
vertex 67.02012187951988 -61.7062794 1
vertex 67.28258787097406 -64.7062794 1
endloop
endfacet
facet normal 0 0 -1
outer loop
vertex 67.60689887164558 -68.41317110248067 2.2
vertex 67.28258787097406 -64.7062794 1
vertex 67.6068988716456 -68.41317110248067 1
endloop
endfacet
facet normal 0 0 1
outer loop
vertex 66.12525124329116 -51.4778612049614 2.2
vertex 65.79528060822558 -47.7062794 2.2
vertex 65.53281462068172 -44.7062794 2.2
endloop
endfacet
facet normal 0 0 1
outer loop
vertex 66.12525124329116 -51.4778612049614 2.2
vertex 65.53281462068172 -44.7062794 2.2
vertex 64.90507084329116 -37.5311354049614 2.2
endloop
endfacet
facet normal 0 0 1
outer loop
vertex 66.12525124329116 -51.4778612049614 2.2
vertex 64.90507084329116 -37.5311354049614 2.2
vertex 64.90507084329116 -37.53113540496139 1
endloop
endfacet
facet normal 0 0 1
outer loop
vertex 66.12525124329116 -51.4778612049614 2.2
vertex 64.90507084329116 -37.53113540496139 1
vertex 65.53281459461283 -44.7062794 1
endloop
endfacet
facet normal 0 0 1
outer loop
vertex 66.12525124329116 -51.4778612049614 2.2
vertex 65.53281459461283 -44.7062794 1
vertex 65.79528058606702 -47.7062794 1
endloop
endfacet
facet normal 0 0 1
outer loop
vertex 66.12525124329116 -51.4778612049614 2.2
vertex 65.79528058606702 -47.7062794 1
vertex 66.12525123866361 -51.4778612049614 1
endloop
endfacet
facet normal 0.08715574269062643 -0.9961946980967351 0
outer loop
vertex 67.86836609999999 -71.4017552 2.2
vertex 53.9216403 -72.62193559999997 2.2
vertex 53.92164029999999 -72.6219356 1
endloop
endfacet
facet normal 0.08715574269062643 -0.9961946980967351 0
outer loop
vertex 67.86836609999999 -71.4017552 2.2
vertex 53.92164029999999 -72.6219356 1
vertex 67.8683661 -71.4017552 1
endloop
endfacet
facet normal 0.9961946980967351 0.08715574269062643 0
outer loop
vertex 50.95834504699213 -38.75131580496139 2.2
vertex 52.17852544329121 -52.69804160496139 2.2
vertex 52.178525425302944 -52.69804160496139 1
endloop
endfacet
facet normal 0.9961946980967351 0.08715574269062643 0
outer loop
vertex 50.95834504699213 -38.75131580496139 2.2
vertex 52.178525425302944 -52.69804160496139 1
vertex 50.95834504329121 -38.751315804961386 1
endloop
endfacet
facet normal 0 0 -1
outer loop
vertex 52.439992673496064 -55.6866257024807 2.2
vertex 52.744273270956185 -59.164568852802184 2.2
vertex 53.6601730716456 -69.63335150248068 2.2
endloop
endfacet
facet normal 0 0 -1
outer loop
vertex 52.439992673496064 -55.6866257024807 2.2
vertex 53.6601730716456 -69.63335150248068 2.2
vertex 53.66017306894736 -69.63335150248068 1
endloop
endfacet
facet normal 0 0 -1
outer loop
vertex 52.439992673496064 -55.6866257024807 2.2
vertex 53.66017306894736 -69.63335150248068 1
vertex 52.74427325733578 -59.164568852802184 1
endloop
endfacet
facet normal 0 0 -1
outer loop
vertex 52.439992673496064 -55.6866257024807 2.2
vertex 52.74427325733578 -59.164568852802184 1
vertex 52.4399926716456 -55.6866257024807 1
endloop
endfacet
facet normal 0 0 1
outer loop
vertex 53.9216403 -72.62193559999997 2.2
vertex 53.92737910600206 -72.68753045280216 2.2
vertex 54.18090177982116 -75.58530787640106 2.2
endloop
endfacet
facet normal 0 0 1
outer loop
vertex 53.9216403 -72.62193559999997 2.2
vertex 54.18090177982116 -75.58530787640106 2.2
vertex 55.141820699999926 -86.56866140000001 2.2
endloop
endfacet
facet normal 0 0 1
outer loop
vertex 53.9216403 -72.62193559999997 2.2
vertex 55.141820699999926 -86.56866140000001 2.2
vertex 55.1418207 -86.5686614 1
endloop
endfacet
facet normal 0 0 1
outer loop
vertex 53.9216403 -72.62193559999997 2.2
vertex 55.1418207 -86.5686614 1
vertex 54.18090177982116 -75.58530787640106 1
endloop
endfacet
facet normal 0 0 1
outer loop
vertex 53.9216403 -72.62193559999997 2.2
vertex 54.18090177982116 -75.58530787640106 1
vertex 53.92737910600206 -72.68753045280216 1
endloop
endfacet
facet normal 0 0 1
outer loop
vertex 53.9216403 -72.62193559999997 2.2
vertex 53.92737910600206 -72.68753045280216 1
vertex 53.92164029999999 -72.6219356 1
endloop
endfacet
facet normal -0.08715574269062643 0.9961946980967351 0
outer loop
vertex 53.6601730716456 -69.63335150248068 2.2
vertex 67.60689887164558 -68.41317110248067 2.2
vertex 67.6068988716456 -68.41317110248067 1
endloop
endfacet
facet normal -0.08715574269062643 0.9961946980967351 0
outer loop
vertex 53.6601730716456 -69.63335150248068 2.2
vertex 67.6068988716456 -68.41317110248067 1
vertex 53.66017306894736 -69.63335150248068 1
endloop
endfacet
facet normal 0.08715574270210427 -0.9961946980957309 -1.3439894675889375e-10
outer loop
vertex 66.38671847164557 -54.46644530248071 2.2
vertex 52.439992673496064 -55.6866257024807 2.2
vertex 52.4399926716456 -55.6866257024807 1
endloop
endfacet
facet normal 0.08715574270210427 -0.9961946980957309 -1.3439894675889375e-10
outer loop
vertex 66.38671847164557 -54.46644530248071 2.2
vertex 52.4399926716456 -55.6866257024807 1
vertex 61.20213297329766 -54.920037758367975 1
endloop
endfacet
facet normal 0.08715574270210427 -0.9961946980957309 -1.3439894675889375e-10
outer loop
vertex 66.38671847164557 -54.46644530248071 2.2
vertex 61.20213297329766 -54.920037758367975 1
vertex 66.38671847164558 -54.46644530248071 1
endloop
endfacet
facet normal -0.08715574269062644 0.9961946980967352 0
outer loop
vertex 52.17852544329121 -52.69804160496139 2.2
vertex 66.12525124329116 -51.4778612049614 2.2
vertex 66.12525123866361 -51.4778612049614 1
endloop
endfacet
facet normal -0.08715574269062644 0.9961946980967352 0
outer loop
vertex 52.17852544329121 -52.69804160496139 2.2
vertex 66.12525123866361 -51.4778612049614 1
vertex 52.178525425302944 -52.69804160496139 1
endloop
endfacet
facet normal 0.08715574269062643 -0.9961946980967351 0
outer loop
vertex 64.90507084329116 -37.5311354049614 2.2
vertex 50.95834504699213 -38.75131580496139 2.2
vertex 50.95834504329121 -38.751315804961386 1
endloop
endfacet
facet normal 0.08715574269062643 -0.9961946980967351 0
outer loop
vertex 64.90507084329116 -37.5311354049614 2.2
vertex 50.95834504329121 -38.751315804961386 1
vertex 64.90507084329116 -37.53113540496139 1
endloop
endfacet
facet normal 0 0 1
outer loop
vertex 40.65032869999998 -109.1524751 2.2
vertex 44.3195015828595 -108.1693232 2.2
vertex 48.49166087245109 -107.05139649999998 2.2
endloop
endfacet
facet normal 0 0 1
outer loop
vertex 40.65032869999998 -109.1524751 2.2
vertex 48.49166087245109 -107.05139649999998 2.2
vertex 54.17329030000002 -105.52900849999999 2.2
endloop
endfacet
facet normal 0 0 1
outer loop
vertex 40.65032869999998 -109.1524751 2.2
vertex 54.17329030000002 -105.52900849999999 2.2
vertex 54.1732903 -105.52900849999999 1
endloop
endfacet
facet normal 0 0 1
outer loop
vertex 40.65032869999998 -109.1524751 2.2
vertex 54.1732903 -105.52900849999999 1
vertex 48.79890550402387 -106.96907055000001 1
endloop
endfacet
facet normal 0 0 1
outer loop
vertex 40.65032869999998 -109.1524751 2.2
vertex 48.79890550402387 -106.96907055000001 1
vertex 48.79515607863568 -106.97007520549377 1
endloop
endfacet
facet normal 0 0 1
outer loop
vertex 40.65032869999998 -109.1524751 2.2
vertex 48.79515607863568 -106.97007520549377 1
vertex 48.75363977669031 -106.98119946494997 1
endloop
endfacet
facet normal 0 0 1
outer loop
vertex 40.65032869999998 -109.1524751 2.2
vertex 48.75363977669031 -106.98119946494997 1
vertex 48.67477544016586 -107.00233110000005 1
endloop
endfacet
facet normal 0 0 1
outer loop
vertex 40.65032869999998 -109.1524751 2.2
vertex 48.67477544016586 -107.00233110000005 1
vertex 40.6503287 -109.1524751 1
endloop
endfacet
facet normal 0 0 1
outer loop
vertex 54.17329030000002 -105.52900849999999 2.2
vertex 50.88691479306923 -93.264088 2.2
vertex 50.54982369999998 -92.00604689999996 2.2
endloop
endfacet
facet normal 0 0 1
outer loop
vertex 54.17329030000002 -105.52900849999999 2.2
vertex 50.54982369999998 -92.00604689999996 2.2
vertex 50.54982369999998 -92.00604689999994 1
endloop
endfacet
facet normal 0 0 1
outer loop
vertex 54.17329030000002 -105.52900849999999 2.2
vertex 50.54982369999998 -92.00604689999994 1
vertex 50.88691479306923 -93.264088 1
endloop
endfacet
facet normal 0 0 1
outer loop
vertex 54.17329030000002 -105.52900849999999 2.2
vertex 50.88691479306923 -93.264088 1
vertex 54.1732903 -105.52900849999999 1
endloop
endfacet
facet normal 0 0 -1
outer loop
vertex 49.77336658807234 -89.10826947640112 2.2
vertex 49.263729888714195 -87.2062794 2.2
vertex 49.09288066242055 -86.56866140000001 2.2
endloop
endfacet
facet normal 0 0 -1
outer loop
vertex 49.77336658807234 -89.10826947640112 2.2
vertex 49.09288066242055 -86.56866140000001 2.2
vertex 46.14989998807232 -75.58530787640106 2.2
endloop
endfacet
facet normal 0 0 -1
outer loop
vertex 49.77336658807234 -89.10826947640112 2.2
vertex 46.14989998807232 -75.58530787640106 2.2
vertex 46.14989998807232 -75.58530787640106 1
endloop
endfacet
facet normal 0 0 -1
outer loop
vertex 49.77336658807234 -89.10826947640112 2.2
vertex 46.14989998807232 -75.58530787640106 1
vertex 49.09288066242054 -86.5686614 1
endloop
endfacet
facet normal 0 0 -1
outer loop
vertex 49.77336658807234 -89.10826947640112 2.2
vertex 49.09288066242054 -86.5686614 1
vertex 49.263729888714195 -87.2062794 1
endloop
endfacet
facet normal 0 0 -1
outer loop
vertex 49.77336658807234 -89.10826947640112 2.2
vertex 49.263729888714195 -87.2062794 1
vertex 49.77336658807234 -89.10826947640112 1
endloop
endfacet
facet normal 0 0 -1
outer loop
vertex 45.373442876144665 -72.68753045280216 2.2
vertex 45.35586678850269 -72.62193559999997 2.2
vertex 45.02892043931136 -71.4017552 2.2
endloop
endfacet
facet normal 0 0 -1
outer loop
vertex 45.373442876144665 -72.68753045280216 2.2
vertex 45.02892043931136 -71.4017552 2.2
vertex 44.55507810189928 -69.63335150248068 2.2
endloop
endfacet
facet normal 0 0 -1
outer loop
vertex 45.373442876144665 -72.68753045280216 2.2
vertex 44.55507810189928 -69.63335150248068 2.2
vertex 41.74997627614466 -59.164568852802184 2.2
endloop
endfacet
facet normal 0 0 -1
outer loop
vertex 45.373442876144665 -72.68753045280216 2.2
vertex 41.74997627614466 -59.164568852802184 2.2
vertex 41.74997627614467 -59.164568852802184 1
endloop
endfacet
facet normal 0 0 -1
outer loop
vertex 45.373442876144665 -72.68753045280216 2.2
vertex 41.74997627614467 -59.164568852802184 1
vertex 44.55507810189928 -69.63335150248068 1
endloop
endfacet
facet normal 0 0 -1
outer loop
vertex 45.373442876144665 -72.68753045280216 2.2
vertex 44.55507810189928 -69.63335150248068 1
vertex 45.02892043931136 -71.4017552 1
endloop
endfacet
facet normal 0 0 -1
outer loop
vertex 45.373442876144665 -72.68753045280216 2.2
vertex 45.02892043931136 -71.4017552 1
vertex 45.355866788502695 -72.6219356 1
endloop
endfacet
facet normal 0 0 -1
outer loop
vertex 45.373442876144665 -72.68753045280216 2.2
vertex 45.355866788502695 -72.6219356 1
vertex 45.37344287614466 -72.68753045280216 1
endloop
endfacet
facet normal 0 0 1
outer loop
vertex 50.54982369999998 -92.00604689999996 2.2
vertex 47.84151479327284 -92.7317360764011 2.2
vertex 37.0268621 -95.6295135 2.2
endloop
endfacet
facet normal 0 0 1
outer loop
vertex 50.54982369999998 -92.00604689999996 2.2
vertex 37.0268621 -95.6295135 2.2
vertex 37.026862099999995 -95.6295135 1
endloop
endfacet
facet normal 0 0 1
outer loop
vertex 50.54982369999998 -92.00604689999996 2.2
vertex 37.026862099999995 -95.6295135 1
vertex 47.84151479327284 -92.7317360764011 1
endloop
endfacet
facet normal 0 0 1
outer loop
vertex 50.54982369999998 -92.00604689999996 2.2
vertex 47.84151479327284 -92.7317360764011 1
vertex 50.54982369999998 -92.00604689999994 1
endloop
endfacet
facet normal 0.9659258270033009 0.25881904243696846 0
outer loop
vertex 28.22701467614465 -62.7880354528021 2.2
vertex 31.850481276144663 -76.31099705280216 2.2
vertex 31.850481276144667 -76.31099705280215 1
endloop
endfacet
facet normal 0.9659258270033009 0.25881904243696846 0
outer loop
vertex 28.22701467614465 -62.7880354528021 2.2
vertex 31.850481276144667 -76.31099705280215 1
vertex 28.22701467614465 -62.7880354528021 1
endloop
endfacet
facet normal 0.9659258270033009 0.25881904243696846 0
outer loop
vertex 32.626938388072325 -79.20877447640105 2.2
vertex 36.25040498807234 -92.7317360764011 2.2
vertex 36.25040498807233 -92.7317360764011 1
endloop
endfacet
facet normal 0.9659258270033009 0.25881904243696846 0
outer loop
vertex 32.626938388072325 -79.20877447640105 2.2
vertex 36.25040498807233 -92.7317360764011 1
vertex 32.626938388072325 -79.20877447640103 1
endloop
endfacet
facet normal 0.9659258270033009 0.25881904243696846 0
outer loop
vertex 37.0268621 -95.6295135 2.2
vertex 40.65032869999998 -109.1524751 2.2
vertex 40.6503287 -109.1524751 1
endloop
endfacet
facet normal 0.9659258270033009 0.25881904243696846 0
outer loop
vertex 37.0268621 -95.6295135 2.2
vertex 40.6503287 -109.1524751 1
vertex 37.026862099999995 -95.6295135 1
endloop
endfacet
facet normal 0 0 -1
outer loop
vertex 36.25040498807234 -92.7317360764011 2.2
vertex 38.958713894799466 -92.00604689999996 2.2
vertex 49.77336658807234 -89.10826947640112 2.2
endloop
endfacet
facet normal 0 0 -1
outer loop
vertex 36.25040498807234 -92.7317360764011 2.2
vertex 49.77336658807234 -89.10826947640112 2.2
vertex 49.77336658807234 -89.10826947640112 1
endloop
endfacet
facet normal 0 0 -1
outer loop
vertex 36.25040498807234 -92.7317360764011 2.2
vertex 49.77336658807234 -89.10826947640112 1
vertex 38.95871389479954 -92.00604689999994 1
endloop
endfacet
facet normal 0 0 -1
outer loop
vertex 36.25040498807234 -92.7317360764011 2.2
vertex 38.95871389479954 -92.00604689999994 1
vertex 36.25040498807233 -92.7317360764011 1
endloop
endfacet
facet normal 0 0 1
outer loop
vertex 46.14989998807232 -75.58530787640106 2.2
vertex 43.441591081345294 -76.31099705280216 2.2
vertex 32.626938388072325 -79.20877447640105 2.2
endloop
endfacet
facet normal 0 0 1
outer loop
vertex 46.14989998807232 -75.58530787640106 2.2
vertex 32.626938388072325 -79.20877447640105 2.2
vertex 32.626938388072325 -79.20877447640103 1
endloop
endfacet
facet normal 0 0 1
outer loop
vertex 46.14989998807232 -75.58530787640106 2.2
vertex 32.626938388072325 -79.20877447640103 1
vertex 43.44159108134536 -76.31099705280215 1
endloop
endfacet
facet normal 0 0 1
outer loop
vertex 46.14989998807232 -75.58530787640106 2.2
vertex 43.44159108134536 -76.31099705280215 1
vertex 46.14989998807232 -75.58530787640106 1
endloop
endfacet
facet normal 0 0 -1
outer loop
vertex 31.850481276144663 -76.31099705280216 2.2
vertex 34.55879018287163 -75.58530787640106 2.2
vertex 45.373442876144665 -72.68753045280216 2.2
endloop
endfacet
facet normal 0 0 -1
outer loop
vertex 31.850481276144663 -76.31099705280216 2.2
vertex 45.373442876144665 -72.68753045280216 2.2
vertex 45.37344287614466 -72.68753045280216 1
endloop
endfacet
facet normal 0 0 -1
outer loop
vertex 31.850481276144663 -76.31099705280216 2.2
vertex 45.37344287614466 -72.68753045280216 1
vertex 34.55879018287163 -75.58530787640106 1
endloop
endfacet
facet normal 0 0 -1
outer loop
vertex 31.850481276144663 -76.31099705280216 2.2
vertex 34.55879018287163 -75.58530787640106 1
vertex 31.850481276144667 -76.31099705280215 1
endloop
endfacet
facet normal 0.25881904243695375 -0.965925827003305 0
outer loop
vertex 41.74997627614466 -59.164568852802184 2.2
vertex 28.22701467614465 -62.7880354528021 2.2
vertex 28.22701467614465 -62.7880354528021 1
endloop
endfacet
facet normal 0.25881904243695375 -0.965925827003305 0
outer loop
vertex 41.74997627614466 -59.164568852802184 2.2
vertex 28.22701467614465 -62.7880354528021 1
vertex 41.74997627614467 -59.164568852802184 1
endloop
endfacet
facet normal 0 1 0
outer loop
vertex 87.4243341 -78.7062794 2.2
vertex 87.4243341 -78.7062794 1
vertex 73.4243341 -78.7062794 1
endloop
endfacet
facet normal 0 1 0
outer loop
vertex 87.4243341 -78.7062794 2.2
vertex 73.4243341 -78.7062794 1
vertex 73.4243341 -78.7062794 2.2
endloop
endfacet
facet normal -1 0 0
outer loop
vertex 87.4243341 -70.3732795 2.2
vertex 87.4243341 -70.2062794 2.2
vertex 87.4243341 -67.3732795 2.2
endloop
endfacet
facet normal -1 0 0
outer loop
vertex 87.4243341 -70.3732795 2.2
vertex 87.4243341 -67.3732795 2.2
vertex 87.4243341 -64.7062794 2.2
endloop
endfacet
facet normal -1 0 0
outer loop
vertex 87.4243341 -70.3732795 2.2
vertex 87.4243341 -64.7062794 2.2
vertex 87.4243341 -64.7062794 1
endloop
endfacet
facet normal -1 0 0
outer loop
vertex 87.4243341 -70.3732795 2.2
vertex 87.4243341 -64.7062794 1
vertex 87.4243341 -67.3732795 1
endloop
endfacet
facet normal -1 0 0
outer loop
vertex 87.4243341 -70.3732795 2.2
vertex 87.4243341 -67.3732795 1
vertex 87.4243341 -70.2062794 1
endloop
endfacet
facet normal -1 0 0
outer loop
vertex 87.4243341 -70.3732795 2.2
vertex 87.4243341 -70.2062794 1
vertex 87.4243341 -70.3732795 1
endloop
endfacet
facet normal -1 0 0
outer loop
vertex 87.4243341 -70.3732795 2.2
vertex 87.4243341 -70.3732795 1
vertex 87.4243341 -78.7062794 1
endloop
endfacet
facet normal -1 0 0
outer loop
vertex 87.4243341 -70.3732795 2.2
vertex 87.4243341 -78.7062794 1
vertex 87.4243341 -78.7062794 2.2
endloop
endfacet
facet normal -1 0 0
outer loop
vertex 87.4243341 -53.3732795 2.2
vertex 87.4243341 -53.2062794 2.2
vertex 87.4243341 -50.3732795 2.2
endloop
endfacet
facet normal -1 0 0
outer loop
vertex 87.4243341 -53.3732795 2.2
vertex 87.4243341 -50.3732795 2.2
vertex 87.4243341 -47.7062794 2.2
endloop
endfacet
facet normal -1 0 0
outer loop
vertex 87.4243341 -53.3732795 2.2
vertex 87.4243341 -47.7062794 2.2
vertex 87.4243341 -47.7062794 1
endloop
endfacet
facet normal -1 0 0
outer loop
vertex 87.4243341 -53.3732795 2.2
vertex 87.4243341 -47.7062794 1
vertex 87.4243341 -50.3732795 1
endloop
endfacet
facet normal -1 0 0
outer loop
vertex 87.4243341 -53.3732795 2.2
vertex 87.4243341 -50.3732795 1
vertex 87.4243341 -53.2062794 1
endloop
endfacet
facet normal -1 0 0
outer loop
vertex 87.4243341 -53.3732795 2.2
vertex 87.4243341 -53.2062794 1
vertex 87.4243341 -53.3732795 1
endloop
endfacet
facet normal -1 0 0
outer loop
vertex 87.4243341 -53.3732795 2.2
vertex 87.4243341 -53.3732795 1
vertex 87.4243341 -61.7062794 1
endloop
endfacet
facet normal -1 0 0
outer loop
vertex 87.4243341 -53.3732795 2.2
vertex 87.4243341 -61.7062794 1
vertex 87.4243341 -61.7062794 2.2
endloop
endfacet
facet normal -1 0 0
outer loop
vertex 87.4243341 -36.3732795 2.2
vertex 87.4243341 -36.006279377914076 2.2
vertex 87.4243341 -33.173279750000006 2.2
endloop
endfacet
facet normal -1 0 0
outer loop
vertex 87.4243341 -36.3732795 2.2
vertex 87.4243341 -33.173279750000006 2.2
vertex 87.4243341 -30.7062794 2.2
endloop
endfacet
facet normal -1 0 0
outer loop
vertex 87.4243341 -36.3732795 2.2
vertex 87.4243341 -30.7062794 2.2
vertex 87.4243341 -30.7062794 1
endloop
endfacet
facet normal -1 0 0
outer loop
vertex 87.4243341 -36.3732795 2.2
vertex 87.4243341 -30.7062794 1
vertex 87.4243341 -33.37327975000006 1
endloop
endfacet
facet normal -1 0 0
outer loop
vertex 87.4243341 -36.3732795 2.2
vertex 87.4243341 -33.37327975000006 1
vertex 87.4243341 -33.546927927666935 1
endloop
endfacet
facet normal -1 0 0
outer loop
vertex 87.4243341 -36.3732795 2.2
vertex 87.4243341 -33.546927927666935 1
vertex 87.4243341 -33.71529989332568 1
endloop
endfacet
facet normal -1 0 0
outer loop
vertex 87.4243341 -36.3732795 2.2
vertex 87.4243341 -33.71529989332568 1
vertex 87.4243341 -33.873279749999966 1
endloop
endfacet
facet normal -1 0 0
outer loop
vertex 87.4243341 -36.3732795 2.2
vertex 87.4243341 -33.873279749999966 1
vertex 87.4243341 -34.01606735968655 1
endloop
endfacet
facet normal -1 0 0
outer loop
vertex 87.4243341 -36.3732795 2.2
vertex 87.4243341 -34.01606735968655 1
vertex 87.4243341 -34.13932419311895 1
endloop
endfacet
facet normal -1 0 0
outer loop
vertex 87.4243341 -36.3732795 2.2
vertex 87.4243341 -34.13932419311895 1
vertex 87.4243341 -34.23930515378443 1
endloop
endfacet
facet normal -1 0 0
outer loop
vertex 87.4243341 -36.3732795 2.2
vertex 87.4243341 -34.23930515378443 1
vertex 87.4243341 -34.31297237078592 1
endloop
endfacet
facet normal -1 0 0
outer loop
vertex 87.4243341 -36.3732795 2.2
vertex 87.4243341 -34.31297237078592 1
vertex 87.4243341 -34.358087503012214 1
endloop
endfacet
facet normal -1 0 0
outer loop
vertex 87.4243341 -36.3732795 2.2
vertex 87.4243341 -34.358087503012214 1
vertex 87.4243341 -34.37327944696969 1
endloop
endfacet
facet normal -1 0 0
outer loop
vertex 87.4243341 -36.3732795 2.2
vertex 87.4243341 -34.37327944696969 1
vertex 87.4243341 -36.20627970000009 1
endloop
endfacet
facet normal -1 0 0
outer loop
vertex 87.4243341 -36.3732795 2.2
vertex 87.4243341 -36.20627970000009 1
vertex 87.4243341 -36.3732795 1
endloop
endfacet
facet normal -1 0 0
outer loop
vertex 87.4243341 -36.3732795 2.2
vertex 87.4243341 -36.3732795 1
vertex 87.4243341 -44.7062794 1
endloop
endfacet
facet normal -1 0 0
outer loop
vertex 87.4243341 -36.3732795 2.2
vertex 87.4243341 -44.7062794 1
vertex 87.4243341 -44.7062794 2.2
endloop
endfacet
facet normal 0 -1 0
outer loop
vertex 87.4243341 -64.7062794 1
vertex 87.4243341 -64.7062794 2.2
vertex 73.4243341 -64.7062794 2.2
endloop
endfacet
facet normal 0 -1 0
outer loop
vertex 87.4243341 -64.7062794 1
vertex 73.4243341 -64.7062794 2.2
vertex 73.4243341 -64.7062794 1
endloop
endfacet
facet normal 1 0 0
outer loop
vertex 73.4243341 -71.4017552 1
vertex 73.4243341 -69.63335150248068 1
vertex 73.4243341 -68.41317110248067 1
endloop
endfacet
facet normal 1 0 0
outer loop
vertex 73.4243341 -71.4017552 1
vertex 73.4243341 -68.41317110248067 1
vertex 73.4243341 -64.7062794 1
endloop
endfacet
facet normal 1 0 0
outer loop
vertex 73.4243341 -71.4017552 1
vertex 73.4243341 -64.7062794 1
vertex 73.4243341 -64.7062794 2.2
endloop
endfacet
facet normal 1 0 0
outer loop
vertex 73.4243341 -71.4017552 1
vertex 73.4243341 -64.7062794 2.2
vertex 73.4243341 -68.41317110248067 2.2
endloop
endfacet
facet normal 1 0 0
outer loop
vertex 73.4243341 -71.4017552 1
vertex 73.4243341 -68.41317110248067 2.2
vertex 73.4243341 -69.63335150248068 2.2
endloop
endfacet
facet normal 1 0 0
outer loop
vertex 73.4243341 -71.4017552 1
vertex 73.4243341 -69.63335150248068 2.2
vertex 73.4243341 -71.4017552 2.2
endloop
endfacet
facet normal 1 0 0
outer loop
vertex 73.4243341 -71.4017552 1
vertex 73.4243341 -71.4017552 2.2
vertex 73.4243341 -78.7062794 2.2
endloop
endfacet
facet normal 1 0 0
outer loop
vertex 73.4243341 -71.4017552 1
vertex 73.4243341 -78.7062794 2.2
vertex 73.4243341 -78.7062794 1
endloop
endfacet
facet normal 1 0 0
outer loop
vertex 73.4243341 -54.46644530248071 1
vertex 73.4243341 -52.69804160496139 1
vertex 73.4243341 -51.4778612049614 1
endloop
endfacet
facet normal 1 0 0
outer loop
vertex 73.4243341 -54.46644530248071 1
vertex 73.4243341 -51.4778612049614 1
vertex 73.4243341 -47.7062794 1
endloop
endfacet
facet normal 1 0 0
outer loop
vertex 73.4243341 -54.46644530248071 1
vertex 73.4243341 -47.7062794 1
vertex 73.4243341 -47.7062794 2.2
endloop
endfacet
facet normal 1 0 0
outer loop
vertex 73.4243341 -54.46644530248071 1
vertex 73.4243341 -47.7062794 2.2
vertex 73.4243341 -51.4778612049614 2.2
endloop
endfacet
facet normal 1 0 0
outer loop
vertex 73.4243341 -54.46644530248071 1
vertex 73.4243341 -51.4778612049614 2.2
vertex 73.4243341 -52.69804160496139 2.2
endloop
endfacet
facet normal 1 0 0
outer loop
vertex 73.4243341 -54.46644530248071 1
vertex 73.4243341 -52.69804160496139 2.2
vertex 73.4243341 -54.021536700000006 2.2
endloop
endfacet
facet normal 1 0 0
outer loop
vertex 73.4243341 -54.46644530248071 1
vertex 73.4243341 -54.021536700000006 2.2
vertex 73.4243341 -54.46644530248071 2.2
endloop
endfacet
facet normal 1 0 0
outer loop
vertex 73.4243341 -54.46644530248071 1
vertex 73.4243341 -54.46644530248071 2.2
vertex 73.4243341 -61.7062794 2.2
endloop
endfacet
facet normal 1 0 0
outer loop
vertex 73.4243341 -54.46644530248071 1
vertex 73.4243341 -61.7062794 2.2
vertex 73.4243341 -61.7062794 1
endloop
endfacet
facet normal 1 0 0
outer loop
vertex 73.4243341 -37.53113540496139 1
vertex 73.4243341 -35.07674365000001 1
vertex 73.4243341 -35.04893818008287 1
endloop
endfacet
facet normal 1 0 0
outer loop
vertex 73.4243341 -37.53113540496139 1
vertex 73.4243341 -35.04893818008287 1
vertex 73.4243341 -34.99487997300155 1
endloop
endfacet
facet normal 1 0 0
outer loop
vertex 73.4243341 -37.53113540496139 1
vertex 73.4243341 -34.99487997300155 1
vertex 73.4243341 -34.91603453085637 1
endloop
endfacet
facet normal 1 0 0
outer loop
vertex 73.4243341 -37.53113540496139 1
vertex 73.4243341 -34.91603453085637 1
vertex 73.4243341 -34.81453933040291 1
endloop
endfacet
facet normal 1 0 0
outer loop
vertex 73.4243341 -37.53113540496139 1
vertex 73.4243341 -34.81453933040291 1
vertex 73.4243341 -34.69314587668485 1
endloop
endfacet
facet normal 1 0 0
outer loop
vertex 73.4243341 -37.53113540496139 1
vertex 73.4243341 -34.69314587668485 1
vertex 73.4243341 -34.55514511054211 1
endloop
endfacet
facet normal 1 0 0
outer loop
vertex 73.4243341 -37.53113540496139 1
vertex 73.4243341 -34.55514511054211 1
vertex 73.4243341 -34.404278192171255 1
endloop
endfacet
facet normal 1 0 0
outer loop
vertex 73.4243341 -37.53113540496139 1
vertex 73.4243341 -34.404278192171255 1
vertex 73.4243341 -34.244635079373246 1
endloop
endfacet
facet normal 1 0 0
outer loop
vertex 73.4243341 -37.53113540496139 1
vertex 73.4243341 -34.244635079373246 1
vertex 73.4243341 -34.080547300000106 1
endloop
endfacet
facet normal 1 0 0
outer loop
vertex 73.4243341 -37.53113540496139 1
vertex 73.4243341 -34.080547300000106 1
vertex 73.4243341 -30.7062794 1
endloop
endfacet
facet normal 1 0 0
outer loop
vertex 73.4243341 -37.53113540496139 1
vertex 73.4243341 -30.7062794 1
vertex 73.4243341 -30.7062794 2.2
endloop
endfacet
facet normal 1 0 0
outer loop
vertex 73.4243341 -37.53113540496139 1
vertex 73.4243341 -30.7062794 2.2
vertex 73.4243341 -33.8972811 2.2
endloop
endfacet
facet normal 1 0 0
outer loop
vertex 73.4243341 -37.53113540496139 1
vertex 73.4243341 -33.8972811 2.2
vertex 73.4243341 -35.89061180561745 2.2
endloop
endfacet
facet normal 1 0 0
outer loop
vertex 73.4243341 -37.53113540496139 1
vertex 73.4243341 -35.89061180561745 2.2
vertex 73.4243341 -36.03877734592487 2.2
endloop
endfacet
facet normal 1 0 0
outer loop
vertex 73.4243341 -37.53113540496139 1
vertex 73.4243341 -36.03877734592487 2.2
vertex 73.4243341 -37.5311354049614 2.2
endloop
endfacet
facet normal 1 0 0
outer loop
vertex 73.4243341 -37.53113540496139 1
vertex 73.4243341 -37.5311354049614 2.2
vertex 73.4243341 -44.7062794 2.2
endloop
endfacet
facet normal 1 0 0
outer loop
vertex 73.4243341 -37.53113540496139 1
vertex 73.4243341 -44.7062794 2.2
vertex 73.4243341 -44.7062794 1
endloop
endfacet
facet normal 0 1 0
outer loop
vertex 87.4243341 -61.7062794 2.2
vertex 87.4243341 -61.7062794 1
vertex 73.4243341 -61.7062794 1
endloop
endfacet
facet normal 0 1 0
outer loop
vertex 87.4243341 -61.7062794 2.2
vertex 73.4243341 -61.7062794 1
vertex 73.4243341 -61.7062794 2.2
endloop
endfacet
facet normal 0 -1 0
outer loop
vertex 87.4243341 -47.7062794 1
vertex 87.4243341 -47.7062794 2.2
vertex 73.4243341 -47.7062794 2.2
endloop
endfacet
facet normal 0 -1 0
outer loop
vertex 87.4243341 -47.7062794 1
vertex 73.4243341 -47.7062794 2.2
vertex 73.4243341 -47.7062794 1
endloop
endfacet
facet normal 0 1 0
outer loop
vertex 87.4243341 -44.7062794 2.2
vertex 87.4243341 -44.7062794 1
vertex 73.4243341 -44.7062794 1
endloop
endfacet
facet normal 0 1 0
outer loop
vertex 87.4243341 -44.7062794 2.2
vertex 73.4243341 -44.7062794 1
vertex 73.4243341 -44.7062794 2.2
endloop
endfacet
facet normal 0 -1 0
outer loop
vertex 87.4243341 -30.7062794 1
vertex 87.4243341 -30.7062794 2.2
vertex 73.4243341 -30.7062794 2.2
endloop
endfacet
facet normal 0 -1 0
outer loop
vertex 87.4243341 -30.7062794 1
vertex 73.4243341 -30.7062794 2.2
vertex 73.4243341 -30.7062794 1
endloop
endfacet
facet normal 0 1 0
outer loop
vertex 105.4243341 -84.3732795 2.2
vertex 105.4243341 -84.3732795 1
vertex 91.4243341 -84.3732795 1
endloop
endfacet
facet normal 0 1 0
outer loop
vertex 105.4243341 -84.3732795 2.2
vertex 91.4243341 -84.3732795 1
vertex 91.4243341 -84.3732795 2.2
endloop
endfacet
facet normal -1 0 0
outer loop
vertex 105.4243341 -73.2062794 2.2
vertex 105.4243341 -70.3732795 2.2
vertex 105.4243341 -70.3732795 1
endloop
endfacet
facet normal -1 0 0
outer loop
vertex 105.4243341 -73.2062794 2.2
vertex 105.4243341 -70.3732795 1
vertex 105.4243341 -73.2062794 1
endloop
endfacet
facet normal -1 0 0
outer loop
vertex 105.4243341 -73.2062794 2.2
vertex 105.4243341 -73.2062794 1
vertex 105.4243341 -84.3732795 1
endloop
endfacet
facet normal -1 0 0
outer loop
vertex 105.4243341 -73.2062794 2.2
vertex 105.4243341 -84.3732795 1
vertex 105.4243341 -84.3732795 2.2
endloop
endfacet
facet normal -1 0 0
outer loop
vertex 105.4243341 -56.2062794 2.2
vertex 105.4243341 -53.3732795 2.2
vertex 105.4243341 -53.3732795 1
endloop
endfacet
facet normal -1 0 0
outer loop
vertex 105.4243341 -56.2062794 2.2
vertex 105.4243341 -53.3732795 1
vertex 105.4243341 -56.2062794 1
endloop
endfacet
facet normal -1 0 0
outer loop
vertex 105.4243341 -56.2062794 2.2
vertex 105.4243341 -56.2062794 1
vertex 105.4243341 -67.3732795 1
endloop
endfacet
facet normal -1 0 0
outer loop
vertex 105.4243341 -56.2062794 2.2
vertex 105.4243341 -67.3732795 1
vertex 105.4243341 -67.3732795 2.2
endloop
endfacet
facet normal -1 0 0
outer loop
vertex 105.4243341 -39.2062794 2.2
vertex 105.4243341 -37.21387582349389 2.2
vertex 105.4243341 -37.206278299383776 2.2
endloop
endfacet
facet normal -1 0 0
outer loop
vertex 105.4243341 -39.2062794 2.2
vertex 105.4243341 -37.206278299383776 2.2
vertex 105.4243341 -37.10993907328056 2.2
endloop
endfacet
facet normal -1 0 0
outer loop
vertex 105.4243341 -39.2062794 2.2
vertex 105.4243341 -37.10993907328056 2.2
vertex 105.4243341 -36.71288628112713 2.2
endloop
endfacet
facet normal -1 0 0
outer loop
vertex 105.4243341 -39.2062794 2.2
vertex 105.4243341 -36.71288628112713 2.2
vertex 105.4243341 -36.3732795 2.2
endloop
endfacet
facet normal -1 0 0
outer loop
vertex 105.4243341 -39.2062794 2.2
vertex 105.4243341 -36.3732795 2.2
vertex 105.4243341 -36.3732795 1
endloop
endfacet
facet normal -1 0 0
outer loop
vertex 105.4243341 -39.2062794 2.2
vertex 105.4243341 -36.3732795 1
vertex 105.4243341 -36.37992787766699 1
endloop
endfacet
facet normal -1 0 0
outer loop
vertex 105.4243341 -39.2062794 2.2
vertex 105.4243341 -36.37992787766699 1
vertex 105.4243341 -36.54829984332564 1
endloop
endfacet
facet normal -1 0 0
outer loop
vertex 105.4243341 -39.2062794 2.2
vertex 105.4243341 -36.54829984332564 1
vertex 105.4243341 -36.706279699999996 1
endloop
endfacet
facet normal -1 0 0
outer loop
vertex 105.4243341 -39.2062794 2.2
vertex 105.4243341 -36.706279699999996 1
vertex 105.4243341 -36.849067309686575 1
endloop
endfacet
facet normal -1 0 0
outer loop
vertex 105.4243341 -39.2062794 2.2
vertex 105.4243341 -36.849067309686575 1
vertex 105.4243341 -36.972324143118946 1
endloop
endfacet
facet normal -1 0 0
outer loop
vertex 105.4243341 -39.2062794 2.2
vertex 105.4243341 -36.972324143118946 1
vertex 105.4243341 -37.07230510378443 1
endloop
endfacet
facet normal -1 0 0
outer loop
vertex 105.4243341 -39.2062794 2.2
vertex 105.4243341 -37.07230510378443 1
vertex 105.4243341 -37.145972320785894 1
endloop
endfacet
facet normal -1 0 0
outer loop
vertex 105.4243341 -39.2062794 2.2
vertex 105.4243341 -37.145972320785894 1
vertex 105.4243341 -37.1910874530122 1
endloop
endfacet
facet normal -1 0 0
outer loop
vertex 105.4243341 -39.2062794 2.2
vertex 105.4243341 -37.1910874530122 1
vertex 105.4243341 -37.20627870909085 1
endloop
endfacet
facet normal -1 0 0
outer loop
vertex 105.4243341 -39.2062794 2.2
vertex 105.4243341 -37.20627870909085 1
vertex 105.4243341 -39.2062794 1
endloop
endfacet
facet normal -1 0 0
outer loop
vertex 105.4243341 -39.2062794 2.2
vertex 105.4243341 -39.2062794 1
vertex 105.4243341 -50.3732795 1
endloop
endfacet
facet normal -1 0 0
outer loop
vertex 105.4243341 -39.2062794 2.2
vertex 105.4243341 -50.3732795 1
vertex 105.4243341 -50.3732795 2.2
endloop
endfacet
facet normal 0 -1 0
outer loop
vertex 105.4243341 -70.3732795 1
vertex 105.4243341 -70.3732795 2.2
vertex 91.4243341 -70.3732795 2.2
endloop
endfacet
facet normal 0 -1 0
outer loop
vertex 105.4243341 -70.3732795 1
vertex 91.4243341 -70.3732795 2.2
vertex 91.4243341 -70.3732795 1
endloop
endfacet
facet normal 1 0 0
outer loop
vertex 91.4243341 -78.7062794 1
vertex 91.4243341 -70.3732795 1
vertex 91.4243341 -70.3732795 2.2
endloop
endfacet
facet normal 1 0 0
outer loop
vertex 91.4243341 -78.7062794 1
vertex 91.4243341 -70.3732795 2.2
vertex 91.4243341 -78.7062794 2.2
endloop
endfacet
facet normal 1 0 0
outer loop
vertex 91.4243341 -78.7062794 1
vertex 91.4243341 -78.7062794 2.2
vertex 91.4243341 -84.3732795 2.2
endloop
endfacet
facet normal 1 0 0
outer loop
vertex 91.4243341 -78.7062794 1
vertex 91.4243341 -84.3732795 2.2
vertex 91.4243341 -84.3732795 1
endloop
endfacet
facet normal 1 0 0
outer loop
vertex 91.4243341 -64.7062794 1
vertex 91.4243341 -61.7062794 1
vertex 91.4243341 -53.3732795 1
endloop
endfacet
facet normal 1 0 0
outer loop
vertex 91.4243341 -64.7062794 1
vertex 91.4243341 -53.3732795 1
vertex 91.4243341 -53.3732795 2.2
endloop
endfacet
facet normal 1 0 0
outer loop
vertex 91.4243341 -64.7062794 1
vertex 91.4243341 -53.3732795 2.2
vertex 91.4243341 -61.7062794 2.2
endloop
endfacet
facet normal 1 0 0
outer loop
vertex 91.4243341 -64.7062794 1
vertex 91.4243341 -61.7062794 2.2
vertex 91.4243341 -64.7062794 2.2
endloop
endfacet
facet normal 1 0 0
outer loop
vertex 91.4243341 -64.7062794 1
vertex 91.4243341 -64.7062794 2.2
vertex 91.4243341 -67.3732795 2.2
endloop
endfacet
facet normal 1 0 0
outer loop
vertex 91.4243341 -64.7062794 1
vertex 91.4243341 -67.3732795 2.2
vertex 91.4243341 -67.3732795 1
endloop
endfacet
facet normal 1 0 0
outer loop
vertex 91.4243341 -47.7062794 1
vertex 91.4243341 -44.7062794 1
vertex 91.4243341 -36.3732795 1
endloop
endfacet
facet normal 1 0 0
outer loop
vertex 91.4243341 -47.7062794 1
vertex 91.4243341 -36.3732795 1
vertex 91.4243341 -36.3732795 2.2
endloop
endfacet
facet normal 1 0 0
outer loop
vertex 91.4243341 -47.7062794 1
vertex 91.4243341 -36.3732795 2.2
vertex 91.4243341 -44.7062794 2.2
endloop
endfacet
facet normal 1 0 0
outer loop
vertex 91.4243341 -47.7062794 1
vertex 91.4243341 -44.7062794 2.2
vertex 91.4243341 -47.7062794 2.2
endloop
endfacet
facet normal 1 0 0
outer loop
vertex 91.4243341 -47.7062794 1
vertex 91.4243341 -47.7062794 2.2
vertex 91.4243341 -50.3732795 2.2
endloop
endfacet
facet normal 1 0 0
outer loop
vertex 91.4243341 -47.7062794 1
vertex 91.4243341 -50.3732795 2.2
vertex 91.4243341 -50.3732795 1
endloop
endfacet
facet normal 0 1 0
outer loop
vertex 105.4243341 -67.3732795 2.2
vertex 105.4243341 -67.3732795 1
vertex 91.4243341 -67.3732795 1
endloop
endfacet
facet normal 0 1 0
outer loop
vertex 105.4243341 -67.3732795 2.2
vertex 91.4243341 -67.3732795 1
vertex 91.4243341 -67.3732795 2.2
endloop
endfacet
facet normal 0 -1 0
outer loop
vertex 105.4243341 -53.3732795 1
vertex 105.4243341 -53.3732795 2.2
vertex 91.4243341 -53.3732795 2.2
endloop
endfacet
facet normal 0 -1 0
outer loop
vertex 105.4243341 -53.3732795 1
vertex 91.4243341 -53.3732795 2.2
vertex 91.4243341 -53.3732795 1
endloop
endfacet
facet normal 0 1 0
outer loop
vertex 105.4243341 -50.3732795 2.2
vertex 105.4243341 -50.3732795 1
vertex 91.4243341 -50.3732795 1
endloop
endfacet
facet normal 0 1 0
outer loop
vertex 105.4243341 -50.3732795 2.2
vertex 91.4243341 -50.3732795 1
vertex 91.4243341 -50.3732795 2.2
endloop
endfacet
facet normal 0 -1 0
outer loop
vertex 105.4243341 -36.3732795 1
vertex 105.4243341 -36.3732795 2.2
vertex 91.4243341 -36.3732795 2.2
endloop
endfacet
facet normal 0 -1 0
outer loop
vertex 105.4243341 -36.3732795 1
vertex 91.4243341 -36.3732795 2.2
vertex 91.4243341 -36.3732795 1
endloop
endfacet
facet normal 0 1 0
outer loop
vertex 123.4243341 -87.2062794 2.2
vertex 123.4243341 -87.2062794 1
vertex 109.4243341 -87.2062794 1
endloop
endfacet
facet normal 0 1 0
outer loop
vertex 123.4243341 -87.2062794 2.2
vertex 109.4243341 -87.2062794 1
vertex 109.4243341 -87.2062794 2.2
endloop
endfacet
facet normal -1 0 0
outer loop
vertex 123.4243341 -73.2062794 2.2
vertex 123.4243341 -73.2062794 1
vertex 123.4243341 -87.2062794 1
endloop
endfacet
facet normal -1 0 0
outer loop
vertex 123.4243341 -73.2062794 2.2
vertex 123.4243341 -87.2062794 1
vertex 123.4243341 -87.2062794 2.2
endloop
endfacet
facet normal -1 0 0
outer loop
vertex 123.4243341 -56.2062794 2.2
vertex 123.4243341 -56.2062794 1
vertex 123.4243341 -70.2062794 1
endloop
endfacet
facet normal -1 0 0
outer loop
vertex 123.4243341 -56.2062794 2.2
vertex 123.4243341 -70.2062794 1
vertex 123.4243341 -70.2062794 2.2
endloop
endfacet
facet normal -1 0 0
outer loop
vertex 123.4243341 -39.2062794 2.2
vertex 123.4243341 -39.2062794 1
vertex 123.4243341 -53.2062794 1
endloop
endfacet
facet normal -1 0 0
outer loop
vertex 123.4243341 -39.2062794 2.2
vertex 123.4243341 -53.2062794 1
vertex 123.4243341 -53.2062794 2.2
endloop
endfacet
facet normal 0 -1 0
outer loop
vertex 123.4243341 -73.2062794 1
vertex 123.4243341 -73.2062794 2.2
vertex 109.4243341 -73.2062794 2.2
endloop
endfacet
facet normal 0 -1 0
outer loop
vertex 123.4243341 -73.2062794 1
vertex 109.4243341 -73.2062794 2.2
vertex 109.4243341 -73.2062794 1
endloop
endfacet
facet normal 1 0 0
outer loop
vertex 109.4243341 -86.5686614 1
vertex 109.4243341 -85.348481 1
vertex 109.4243341 -84.3732795 1
endloop
endfacet
facet normal 1 0 0
outer loop
vertex 109.4243341 -86.5686614 1
vertex 109.4243341 -84.3732795 1
vertex 109.4243341 -73.2062794 1
endloop
endfacet
facet normal 1 0 0
outer loop
vertex 109.4243341 -86.5686614 1
vertex 109.4243341 -73.2062794 1
vertex 109.4243341 -73.2062794 2.2
endloop
endfacet
facet normal 1 0 0
outer loop
vertex 109.4243341 -86.5686614 1
vertex 109.4243341 -73.2062794 2.2
vertex 109.4243341 -84.3732795 2.2
endloop
endfacet
facet normal 1 0 0
outer loop
vertex 109.4243341 -86.5686614 1
vertex 109.4243341 -84.3732795 2.2
vertex 109.4243341 -85.34848100000002 2.2
endloop
endfacet
facet normal 1 0 0
outer loop
vertex 109.4243341 -86.5686614 1
vertex 109.4243341 -85.34848100000002 2.2
vertex 109.4243341 -86.56866140000001 2.2
endloop
endfacet
facet normal 1 0 0
outer loop
vertex 109.4243341 -86.5686614 1
vertex 109.4243341 -86.56866140000001 2.2
vertex 109.4243341 -87.2062794 2.2
endloop
endfacet
facet normal 1 0 0
outer loop
vertex 109.4243341 -86.5686614 1
vertex 109.4243341 -87.2062794 2.2
vertex 109.4243341 -87.2062794 1
endloop
endfacet
facet normal 1 0 0
outer loop
vertex 109.4243341 -67.3732795 1
vertex 109.4243341 -56.2062794 1
vertex 109.4243341 -56.2062794 2.2
endloop
endfacet
facet normal 1 0 0
outer loop
vertex 109.4243341 -67.3732795 1
vertex 109.4243341 -56.2062794 2.2
vertex 109.4243341 -67.3732795 2.2
endloop
endfacet
facet normal 1 0 0
outer loop
vertex 109.4243341 -67.3732795 1
vertex 109.4243341 -67.3732795 2.2
vertex 109.4243341 -70.2062794 2.2
endloop
endfacet
facet normal 1 0 0
outer loop
vertex 109.4243341 -67.3732795 1
vertex 109.4243341 -70.2062794 2.2
vertex 109.4243341 -70.2062794 1
endloop
endfacet
facet normal 1 0 0
outer loop
vertex 109.4243341 -50.3732795 1
vertex 109.4243341 -39.2062794 1
vertex 109.4243341 -39.2062794 2.2
endloop
endfacet
facet normal 1 0 0
outer loop
vertex 109.4243341 -50.3732795 1
vertex 109.4243341 -39.2062794 2.2
vertex 109.4243341 -50.3732795 2.2
endloop
endfacet
facet normal 1 0 0
outer loop
vertex 109.4243341 -50.3732795 1
vertex 109.4243341 -50.3732795 2.2
vertex 109.4243341 -53.2062794 2.2
endloop
endfacet
facet normal 1 0 0
outer loop
vertex 109.4243341 -50.3732795 1
vertex 109.4243341 -53.2062794 2.2
vertex 109.4243341 -53.2062794 1
endloop
endfacet
facet normal 0 1 0
outer loop
vertex 123.4243341 -70.2062794 2.2
vertex 123.4243341 -70.2062794 1
vertex 109.4243341 -70.2062794 1
endloop
endfacet
facet normal 0 1 0
outer loop
vertex 123.4243341 -70.2062794 2.2
vertex 109.4243341 -70.2062794 1
vertex 109.4243341 -70.2062794 2.2
endloop
endfacet
facet normal 0 -1 0
outer loop
vertex 123.4243341 -56.2062794 1
vertex 123.4243341 -56.2062794 2.2
vertex 109.4243341 -56.2062794 2.2
endloop
endfacet
facet normal 0 -1 0
outer loop
vertex 123.4243341 -56.2062794 1
vertex 109.4243341 -56.2062794 2.2
vertex 109.4243341 -56.2062794 1
endloop
endfacet
facet normal 0 1 0
outer loop
vertex 123.4243341 -53.2062794 2.2
vertex 123.4243341 -53.2062794 1
vertex 109.4243341 -53.2062794 1
endloop
endfacet
facet normal 0 1 0
outer loop
vertex 123.4243341 -53.2062794 2.2
vertex 109.4243341 -53.2062794 1
vertex 109.4243341 -53.2062794 2.2
endloop
endfacet
facet normal 0 -1 0
outer loop
vertex 123.4243341 -39.2062794 1
vertex 123.4243341 -39.2062794 2.2
vertex 109.4243341 -39.2062794 2.2
endloop
endfacet
facet normal 0 -1 0
outer loop
vertex 123.4243341 -39.2062794 1
vertex 109.4243341 -39.2062794 2.2
vertex 109.4243341 -39.2062794 1
endloop
endfacet
facet normal 0 0 1
outer loop
vertex 101.31514259999994 -107.05139649999998 2.2
vertex 107.6552199169588 -108.1693232 2.2
vertex 115.1024511 -109.48247099999999 2.2
endloop
endfacet
facet normal 0 0 1
outer loop
vertex 101.31514259999994 -107.05139649999998 2.2
vertex 115.1024511 -109.48247099999999 2.2
vertex 115.10245110000001 -109.482471 1
endloop
endfacet
facet normal 0 0 1
outer loop
vertex 101.31514259999994 -107.05139649999998 2.2
vertex 115.10245110000001 -109.482471 1
vertex 110.61500345994448 -108.69121289999998 1
endloop
endfacet
facet normal 0 0 1
outer loop
vertex 101.31514259999994 -107.05139649999998 2.2
vertex 110.61500345994448 -108.69121289999998 1
vertex 110.56154683451363 -108.68178705456097 1
endloop
endfacet
facet normal 0 0 1
outer loop
vertex 101.31514259999994 -107.05139649999998 2.2
vertex 110.56154683451363 -108.68178705456097 1
vertex 110.53346687476997 -108.67683580000002 1
endloop
endfacet
facet normal 0 0 1
outer loop
vertex 101.31514259999994 -107.05139649999998 2.2
vertex 110.53346687476997 -108.67683580000002 1
vertex 101.3151426 -107.0513965 1
endloop
endfacet
facet normal 0 0 1
outer loop
vertex 115.1024511 -109.48247099999999 2.2
vertex 117.0948624547544 -98.1829448 2.2
vertex 117.5335256 -95.6951625 2.2
endloop
endfacet
facet normal 0 0 1
outer loop
vertex 115.1024511 -109.48247099999999 2.2
vertex 117.5335256 -95.6951625 2.2
vertex 117.53352560000002 -95.69516250000001 1
endloop
endfacet
facet normal 0 0 1
outer loop
vertex 115.1024511 -109.48247099999999 2.2
vertex 117.53352560000002 -95.69516250000001 1
vertex 117.52669518374098 -95.73389971523004 1
endloop
endfacet
facet normal 0 0 1
outer loop
vertex 115.1024511 -109.48247099999999 2.2
vertex 117.52669518374098 -95.73389971523004 1
vertex 117.49898937240937 -95.89102717803374 1
endloop
endfacet
facet normal 0 0 1
outer loop
vertex 115.1024511 -109.48247099999999 2.2
vertex 117.49898937240937 -95.89102717803374 1
vertex 117.47275534321095 -96.03980774965198 1
endloop
endfacet
facet normal 0 0 1
outer loop
vertex 115.1024511 -109.48247099999999 2.2
vertex 117.47275534321095 -96.03980774965198 1
vertex 117.4486806279351 -96.17634224357954 1
endloop
endfacet
facet normal 0 0 1
outer loop
vertex 115.1024511 -109.48247099999999 2.2
vertex 117.4486806279351 -96.17634224357954 1
vertex 117.42739616786595 -96.29705241401216 1
endloop
endfacet
facet normal 0 0 1
outer loop
vertex 115.1024511 -109.48247099999999 2.2
vertex 117.42739616786595 -96.29705241401216 1
vertex 117.40945977830529 -96.39877473319613 1
endloop
endfacet
facet normal 0 0 1
outer loop
vertex 115.1024511 -109.48247099999999 2.2
vertex 117.40945977830529 -96.39877473319613 1
vertex 117.39534094767534 -96.47884660000003 1
endloop
endfacet
facet normal 0 0 1
outer loop
vertex 115.1024511 -109.48247099999999 2.2
vertex 117.39534094767534 -96.47884660000003 1
vertex 117.0948624547544 -98.1829448 1
endloop
endfacet
facet normal 0 0 1
outer loop
vertex 115.1024511 -109.48247099999999 2.2
vertex 117.0948624547544 -98.1829448 1
vertex 115.10245110000001 -109.482471 1
endloop
endfacet
facet normal 0 0 -1
outer loop
vertex 117.5335256 -95.6951625 2.2
vertex 116.11549078236632 -95.4451247 2.2
vertex 103.7462171 -93.264088 2.2
endloop
endfacet
facet normal 0 0 -1
outer loop
vertex 117.5335256 -95.6951625 2.2
vertex 103.7462171 -93.264088 2.2
vertex 103.74621709999997 -93.264088 1
endloop
endfacet
facet normal 0 0 -1
outer loop
vertex 117.5335256 -95.6951625 2.2
vertex 103.74621709999997 -93.264088 1
vertex 116.83811756605247 -95.57254329999988 1
endloop
endfacet
facet normal 0 0 -1
outer loop
vertex 117.5335256 -95.6951625 2.2
vertex 116.83811756605247 -95.57254329999988 1
vertex 117.53352560000002 -95.69516250000001 1
endloop
endfacet
facet normal 0 0 -1
outer loop
vertex 103.7462171 -93.264088 2.2
vertex 101.5835806817261 -105.52900849999999 2.2
vertex 101.31514259999994 -107.05139649999998 2.2
endloop
endfacet
facet normal 0 0 -1
outer loop
vertex 103.7462171 -93.264088 2.2
vertex 101.31514259999994 -107.05139649999998 2.2
vertex 101.3151426 -107.0513965 1
endloop
endfacet
facet normal 0 0 -1
outer loop
vertex 103.7462171 -93.264088 2.2
vertex 101.3151426 -107.0513965 1
vertex 101.32965888631746 -106.96907055000001 1
endloop
endfacet
facet normal 0 0 -1
outer loop
vertex 103.7462171 -93.264088 2.2
vertex 101.32965888631746 -106.96907055000001 1
vertex 101.5835806817261 -105.52900849999999 1
endloop
endfacet
facet normal 0 0 -1
outer loop
vertex 103.7462171 -93.264088 2.2
vertex 101.5835806817261 -105.52900849999999 1
vertex 103.74621709999997 -93.264088 1
endloop
endfacet
facet normal 0 0 1
outer loop
vertex 119.50710749999998 -110.87125379999999 2.2
vertex 123.99030648490448 -112.96180379999997 2.2
vertex 124.01494322399155 -112.97329210000001 2.2
endloop
endfacet
facet normal 0 0 1
outer loop
vertex 119.50710749999998 -110.87125379999999 2.2
vertex 124.01494322399155 -112.97329210000001 2.2
vertex 132.19541649999996 -116.7879094 2.2
endloop
endfacet
facet normal 0 0 1
outer loop
vertex 119.50710749999998 -110.87125379999999 2.2
vertex 132.19541649999996 -116.7879094 2.2
vertex 132.19541650000005 -116.78790940000002 1
endloop
endfacet
facet normal 0 0 1
outer loop
vertex 119.50710749999998 -110.87125379999999 2.2
vertex 132.19541650000005 -116.78790940000002 1
vertex 121.6113596864767 -111.85248269999998 1
endloop
endfacet
facet normal 0 0 1
outer loop
vertex 119.50710749999998 -110.87125379999999 2.2
vertex 121.6113596864767 -111.85248269999998 1
vertex 121.48528305117883 -111.7936922 1
endloop
endfacet
facet normal 0 0 1
outer loop
vertex 119.50710749999998 -110.87125379999999 2.2
vertex 121.48528305117883 -111.7936922 1
vertex 119.5071075 -110.87125380000002 1
endloop
endfacet
facet normal -0.9063077885615463 0.42261825847054874 0
outer loop
vertex 132.19541649999996 -116.7879094 2.2
vertex 138.1120721 -104.0996004 2.2
vertex 138.1120721 -104.0996004 1
endloop
endfacet
facet normal -0.9063077885615463 0.42261825847054874 0
outer loop
vertex 132.19541649999996 -116.7879094 2.2
vertex 138.1120721 -104.0996004 1
vertex 132.19541650000005 -116.78790940000002 1
endloop
endfacet
facet normal -0.4226182584705645 -0.9063077885615389 0
outer loop
vertex 138.1120721 -104.0996004 2.2
vertex 125.42376310000002 -98.1829448 2.2
vertex 125.4237631 -98.1829448 1
endloop
endfacet
facet normal -0.4226182584705645 -0.9063077885615389 0
outer loop
vertex 138.1120721 -104.0996004 2.2
vertex 125.4237631 -98.1829448 1
vertex 138.1120721 -104.0996004 1
endloop
endfacet
facet normal 0 0 1
outer loop
vertex 125.42376310000002 -98.1829448 2.2
vertex 120.15470754905333 -109.48247099999999 2.2
vertex 119.97152138511876 -109.875315 2.2
endloop
endfacet
facet normal 0 0 1
outer loop
vertex 125.42376310000002 -98.1829448 2.2
vertex 119.97152138511876 -109.875315 2.2
vertex 119.50710749999998 -110.87125379999999 2.2
endloop
endfacet
facet normal 0 0 1
outer loop
vertex 125.42376310000002 -98.1829448 2.2
vertex 119.50710749999998 -110.87125379999999 2.2
vertex 119.5071075 -110.87125380000002 1
endloop
endfacet
facet normal 0 0 1
outer loop
vertex 125.42376310000002 -98.1829448 2.2
vertex 119.5071075 -110.87125380000002 1
vertex 120.15470754905331 -109.482471 1
endloop
endfacet
facet normal 0 0 1
outer loop
vertex 125.42376310000002 -98.1829448 2.2
vertex 120.15470754905331 -109.482471 1
vertex 125.4237631 -98.1829448 1
endloop
endfacet
endsolid csg.js
