solid csg.js
facet normal -1.2246467991473505e-16 -1.6608673384598868e-30 1
outer loop
vertex 77.04665290490556 -27.5062796902952 -7.579142572956414e-16
vertex 76.78071431433715 -27.527209520988265 -7.904823416665776e-16
vertex 76.52132401446814 -27.589483622298246 -8.222484917130233e-16
endloop
endfacet
facet normal -1.2246467991473505e-16 -1.6608673384598868e-30 1
outer loop
vertex 77.04665290490556 -27.5062796902952 -7.579142572956414e-16
vertex 76.52132401446814 -27.589483622298246 -8.222484917130233e-16
vertex 76.27486905534829 -27.69156860887979 -8.524305193950342e-16
endloop
endfacet
facet normal -1.2246467991473505e-16 -1.6608673384598868e-30 1
outer loop
vertex 77.04665290490556 -27.5062796902952 -7.579142572956414e-16
vertex 76.27486905534829 -27.69156860887979 -8.524305193950342e-16
vertex 76.04741797600838 -27.83095080956255 -8.802852430226579e-16
endloop
endfacet
facet normal -1.2246467991473505e-16 -1.6608673384598868e-30 1
outer loop
vertex 77.04665290490556 -27.5062796902952 -7.579142572956414e-16
vertex 76.04741797600838 -27.83095080956255 -8.802852430226579e-16
vertex 75.84457137688835 -28.00419817198292 -9.05126786855684e-16
endloop
endfacet
facet normal -1.2246467991473505e-16 -1.6608673384598868e-30 1
outer loop
vertex 77.04665290490556 -27.5062796902952 -7.579142572956414e-16
vertex 75.84457137688835 -28.00419817198292 -9.05126786855684e-16
vertex 75.67132401446811 -28.207044771102787 -9.263434696405511e-16
endloop
endfacet
facet normal -1.2246467991473505e-16 -1.6608673384598868e-30 1
outer loop
vertex 77.04665290490556 -27.5062796902952 -7.579142572956414e-16
vertex 75.67132401446811 -28.207044771102787 -9.263434696405511e-16
vertex 75.53194181378532 -28.43449585044273 -9.434128662329803e-16
endloop
endfacet
facet normal -1.2246467991473505e-16 -1.6608673384598868e-30 1
outer loop
vertex 77.04665290490556 -27.5062796902952 -7.579142572956414e-16
vertex 75.53194181378532 -28.43449585044273 -9.434128662329803e-16
vertex 75.42985682720372 -28.680950809562702 -9.55914671438796e-16
endloop
endfacet
facet normal -1.2246467991473505e-16 -1.6608673384598868e-30 1
outer loop
vertex 77.04665290490556 -27.5062796902952 -7.579142572956414e-16
vertex 75.42985682720372 -28.680950809562702 -9.55914671438796e-16
vertex 75.3675827258938 -28.94034110943157 -9.635410493226938e-16
endloop
endfacet
facet normal -1.2246467991473505e-16 -1.6608673384598868e-30 1
outer loop
vertex 77.04665290490556 -27.5062796902952 -7.579142572956414e-16
vertex 75.3675827258938 -28.94034110943157 -9.635410493226938e-16
vertex 75.34665085490553 -29.206279399999993 -9.66104464203288e-16
endloop
endfacet
facet normal -1.2246467991473505e-16 -1.6608673384598868e-30 1
outer loop
vertex 77.04665290490556 -27.5062796902952 -7.579142572956414e-16
vertex 75.34665085490553 -29.206279399999993 -9.66104464203288e-16
vertex 75.34665085490553 -30.7062794 -9.66104464203288e-16
endloop
endfacet
facet normal -1.2246467991473505e-16 -1.6608673384598868e-30 1
outer loop
vertex 77.04665290490556 -27.5062796902952 -7.579142572956414e-16
vertex 75.34665085490553 -30.7062794 -9.66104464203288e-16
vertex 79.04665085490554 -30.7062794 -5.129851485187671e-16
endloop
endfacet
facet normal -1.2246467991473505e-16 -1.6608673384598868e-30 1
outer loop
vertex 77.04665290490556 -27.5062796902952 -7.579142572956414e-16
vertex 79.04665085490554 -30.7062794 -5.129851485187671e-16
vertex 93.04665085490554 -30.7062794 1.2015203702875274e-15
endloop
endfacet
facet normal -1.2246467991473505e-16 -1.6608673384598868e-30 1
outer loop
vertex 77.04665290490556 -27.5062796902952 -7.579142572956414e-16
vertex 93.04665085490554 -30.7062794 1.2015203702875274e-15
vertex 96.74665224939531 -30.7062794 1.654639856747792e-15
endloop
endfacet
facet normal -1.2246467991473505e-16 -1.6608673384598868e-30 1
outer loop
vertex 77.04665290490556 -27.5062796902952 -7.579142572956414e-16
vertex 96.74665224939531 -30.7062794 1.654639856747792e-15
vertex 96.74665290490553 -29.206279399999993 1.6546399370246413e-15
endloop
endfacet
facet normal -1.2246467991473505e-16 -1.6608673384598868e-30 1
outer loop
vertex 77.04665290490556 -27.5062796902952 -7.579142572956414e-16
vertex 96.74665290490553 -29.206279399999993 1.6546399370246413e-15
vertex 96.7208260850263 -28.911077797966215 1.651477063794916e-15
endloop
endfacet
facet normal -1.2246467991473505e-16 -1.6608673384598868e-30 1
outer loop
vertex 77.04665290490556 -27.5062796902952 -7.579142572956414e-16
vertex 96.7208260850263 -28.911077797966215 1.651477063794916e-15
vertex 96.64413036024162 -28.624845456346435 1.6420845464083311e-15
endloop
endfacet
facet normal -1.2246467991473505e-16 -1.6608673384598868e-30 1
outer loop
vertex 77.04665290490556 -27.5062796902952 -7.579142572956414e-16
vertex 96.64413036024162 -28.624845456346435 1.6420845464083311e-15
vertex 96.51889609133906 -28.35627969999996 1.6267477717528232e-15
endloop
endfacet
facet normal -1.2246467991473505e-16 -1.6608673384598868e-30 1
outer loop
vertex 77.04665290490556 -27.5062796902952 -7.579142572956414e-16
vertex 96.51889609133906 -28.35627969999996 1.6267477717528232e-15
vertex 96.34892845820782 -28.113540763532903 1.6059327399655413e-15
endloop
endfacet
facet normal -1.2246467991473505e-16 -1.6608673384598868e-30 1
outer loop
vertex 77.04665290490556 -27.5062796902952 -7.579142572956414e-16
vertex 96.34892845820782 -28.113540763532903 1.6059327399655413e-15
vertex 96.13939184137267 -27.90400414669776 1.5802719052544078e-15
endloop
endfacet
facet normal -1.2246467991473505e-16 -1.6608673384598868e-30 1
outer loop
vertex 77.04665290490556 -27.5062796902952 -7.579142572956414e-16
vertex 96.13939184137267 -27.90400414669776 1.5802719052544078e-15
vertex 95.89665290490551 -27.73403651356645 1.5505449590971134e-15
endloop
endfacet
facet normal -1.2246467991473505e-16 -1.6608673384598868e-30 1
outer loop
vertex 77.04665290490556 -27.5062796902952 -7.579142572956414e-16
vertex 95.89665290490551 -27.73403651356645 1.5505449590971134e-15
vertex 95.6280871485592 -27.608802244663977 1.5176551397101044e-15
endloop
endfacet
facet normal -1.2246467991473505e-16 -1.6608673384598868e-30 1
outer loop
vertex 77.04665290490556 -27.5062796902952 -7.579142572956414e-16
vertex 95.6280871485592 -27.608802244663977 1.5176551397101044e-15
vertex 95.34185480693931 -27.53210651987925 1.482601787612379e-15
endloop
endfacet
facet normal -1.2246467991473505e-16 -1.6608673384598868e-30 1
outer loop
vertex 77.04665290490556 -27.5062796902952 -7.579142572956414e-16
vertex 95.34185480693931 -27.53210651987925 1.482601787612379e-15
vertex 95.04665085490554 -27.5062796902952 1.446449730116998e-15
endloop
endfacet
facet normal -1.2246467991473515e-16 0 1
outer loop
vertex 75.34665085490553 -30.7062794 -9.66104464203288e-16
vertex 75.34665085490553 -33.17327974627096 -9.66104464203288e-16
vertex 79.04665085490554 -33.17327974627096 -5.129851485187671e-16
endloop
endfacet
facet normal -1.2246467991473515e-16 0 1
outer loop
vertex 75.34665085490553 -30.7062794 -9.66104464203288e-16
vertex 79.04665085490554 -33.17327974627096 -5.129851485187671e-16
vertex 79.04665085490554 -30.7062794 -5.129851485187671e-16
endloop
endfacet
facet normal -1.2246467991473515e-16 0 1
outer loop
vertex 93.04665085490554 -30.7062794 1.2015203702875274e-15
vertex 93.04665085490554 -33.8972811 1.2015203702875274e-15
vertex 96.74665085490555 -33.8972811 1.6546396859720502e-15
endloop
endfacet
facet normal -1.2246467991473515e-16 0 1
outer loop
vertex 93.04665085490554 -30.7062794 1.2015203702875274e-15
vertex 96.74665085490555 -33.8972811 1.6546396859720502e-15
vertex 96.74665224939531 -30.7062794 1.654639856747792e-15
endloop
endfacet
facet normal -1.2246467991473535e-16 0 1
outer loop
vertex 93.04665085490554 -33.8972811 1.2015203702875274e-15
vertex 93.04665085490554 -35.890611805617475 1.2015203702875274e-15
vertex 105.76204827843674 -35.890611805617475 2.7587074457489263e-15
endloop
endfacet
facet normal -1.2246467991473535e-16 0 1
outer loop
vertex 93.04665085490554 -33.8972811 1.2015203702875274e-15
vertex 105.76204827843674 -35.890611805617475 2.7587074457489263e-15
vertex 118.35421685106822 -35.890611805617475 4.30080333942863e-15
endloop
endfacet
facet normal -1.2246467991473535e-16 0 1
outer loop
vertex 93.04665085490554 -33.8972811 1.2015203702875274e-15
vertex 118.35421685106822 -35.890611805617475 4.30080333942863e-15
vertex 118.07575862942205 -35.78926025256569 4.266702042445106e-15
endloop
endfacet
facet normal -1.2246467991473535e-16 0 1
outer loop
vertex 93.04665085490554 -33.8972811 1.2015203702875274e-15
vertex 118.07575862942205 -35.78926025256569 4.266702042445106e-15
vertex 117.78392765490563 -35.73780440000001 4.230963055561746e-15
endloop
endfacet
facet normal -1.2246467991473535e-16 0 1
outer loop
vertex 93.04665085490554 -33.8972811 1.2015203702875274e-15
vertex 117.78392765490563 -35.73780440000001 4.230963055561746e-15
vertex 96.74665085490555 -33.8972811 1.6546396859720502e-15
endloop
endfacet
facet normal -1.2246467991473532e-16 0 1
outer loop
vertex 75.34665085490553 -33.17327974627096 -9.66104464203288e-16
vertex 59.04665290490556 -33.17327974627096 -2.9622784957608772e-15
vertex 58.78071431433716 -33.19420957098827 -2.9948465801318115e-15
endloop
endfacet
facet normal -1.2246467991473532e-16 0 1
outer loop
vertex 75.34665085490553 -33.17327974627096 -9.66104464203288e-16
vertex 58.78071431433716 -33.19420957098827 -2.9948465801318115e-15
vertex 58.52132401446811 -33.256483672298245 -3.0266127301782624e-15
endloop
endfacet
facet normal -1.2246467991473532e-16 0 1
outer loop
vertex 75.34665085490553 -33.17327974627096 -9.66104464203288e-16
vertex 58.52132401446811 -33.256483672298245 -3.0266127301782624e-15
vertex 58.27486905534833 -33.35856865887976 -3.056794757860265e-15
endloop
endfacet
facet normal -1.2246467991473532e-16 0 1
outer loop
vertex 75.34665085490553 -33.17327974627096 -9.66104464203288e-16
vertex 58.27486905534833 -33.35856865887976 -3.056794757860265e-15
vertex 58.047417976008305 -33.49795085956261 -3.0846494814879023e-15
endloop
endfacet
facet normal -1.2246467991473532e-16 0 1
outer loop
vertex 75.34665085490553 -33.17327974627096 -9.66104464203288e-16
vertex 58.047417976008305 -33.49795085956261 -3.0846494814879023e-15
vertex 57.84457137688837 -33.6711982219829 -3.1094910253209183e-15
endloop
endfacet
facet normal -1.2246467991473532e-16 0 1
outer loop
vertex 75.34665085490553 -33.17327974627096 -9.66104464203288e-16
vertex 57.84457137688837 -33.6711982219829 -3.1094910253209183e-15
vertex 57.67132401446813 -33.87404482110278 -3.130707708105785e-15
endloop
endfacet
facet normal -1.2246467991473532e-16 0 1
outer loop
vertex 75.34665085490553 -33.17327974627096 -9.66104464203288e-16
vertex 57.67132401446813 -33.87404482110278 -3.130707708105785e-15
vertex 57.53194181378531 -34.10149590044277 -3.147777104698218e-15
endloop
endfacet
facet normal -1.2246467991473532e-16 0 1
outer loop
vertex 75.34665085490553 -33.17327974627096 -9.66104464203288e-16
vertex 57.53194181378531 -34.10149590044277 -3.147777104698218e-15
vertex 57.429856827203764 -34.34795085956261 -3.1602789099040267e-15
endloop
endfacet
facet normal -1.2246467991473532e-16 0 1
outer loop
vertex 75.34665085490553 -33.17327974627096 -9.66104464203288e-16
vertex 57.429856827203764 -34.34795085956261 -3.1602789099040267e-15
vertex 57.36758272589377 -34.60734115943174 -3.167905287787933e-15
endloop
endfacet
facet normal -1.2246467991473532e-16 0 1
outer loop
vertex 75.34665085490553 -33.17327974627096 -9.66104464203288e-16
vertex 57.36758272589377 -34.60734115943174 -3.167905287787933e-15
vertex 57.34665085490553 -34.87327949999991 -3.170468702668524e-15
endloop
endfacet
facet normal -1.2246467991473532e-16 0 1
outer loop
vertex 75.34665085490553 -33.17327974627096 -9.66104464203288e-16
vertex 57.34665085490553 -34.87327949999991 -3.170468702668524e-15
vertex 57.34665085490553 -36.006279400000004 -3.170468702668524e-15
endloop
endfacet
facet normal -1.2246467991473532e-16 0 1
outer loop
vertex 75.34665085490553 -33.17327974627096 -9.66104464203288e-16
vertex 57.34665085490553 -36.006279400000004 -3.170468702668524e-15
vertex 79.04665085490554 -36.006279400000004 -5.129851485187671e-16
endloop
endfacet
facet normal -1.2246467991473532e-16 0 1
outer loop
vertex 75.34665085490553 -33.17327974627096 -9.66104464203288e-16
vertex 79.04665085490554 -36.006279400000004 -5.129851485187671e-16
vertex 79.04665085490554 -33.17327974627096 -5.129851485187671e-16
endloop
endfacet
facet normal -1.2246467991473515e-16 0 1
outer loop
vertex 105.76204827843674 -35.890611805617475 2.7587074457489263e-15
vertex 107.96566545918115 -36.0834031939543 3.0285727184434024e-15
vertex 118.6640278346776 -36.0834031939543 4.338744242370422e-15
endloop
endfacet
facet normal -1.2246467991473515e-16 0 1
outer loop
vertex 105.76204827843674 -35.890611805617475 2.7587074457489263e-15
vertex 118.6640278346776 -36.0834031939543 4.338744242370422e-15
vertex 118.61084516434212 -36.03877734592494 4.332231243670778e-15
endloop
endfacet
facet normal -1.2246467991473515e-16 0 1
outer loop
vertex 105.76204827843674 -35.890611805617475 2.7587074457489263e-15
vertex 118.61084516434212 -36.03877734592494 4.332231243670778e-15
vertex 118.35421685106822 -35.890611805617475 4.30080333942863e-15
endloop
endfacet
facet normal -1.2246467991473515e-16 0 1
outer loop
vertex 93.04665085490554 -35.890611805617475 1.2015203702875274e-15
vertex 93.04665085490554 -36.0834031939543 1.2015203702875274e-15
vertex 107.96566545918115 -36.0834031939543 3.0285727184434024e-15
endloop
endfacet
facet normal -1.2246467991473515e-16 0 1
outer loop
vertex 93.04665085490554 -35.890611805617475 1.2015203702875274e-15
vertex 107.96566545918115 -36.0834031939543 3.0285727184434024e-15
vertex 105.76204827843674 -35.890611805617475 2.7587074457489263e-15
endloop
endfacet
facet normal -1.224646799147353e-16 -1.8498270761928622e-29 1
outer loop
vertex 57.34665085490553 -36.006279400000004 -3.170468702668524e-15
vertex 41.046652904905415 -36.006279400000004 -5.16664273422613e-15
vertex 40.780714314337175 -36.027209520988265 -5.199210818597046e-15
endloop
endfacet
facet normal -1.224646799147353e-16 -1.8498270761928622e-29 1
outer loop
vertex 57.34665085490553 -36.006279400000004 -3.170468702668524e-15
vertex 40.780714314337175 -36.027209520988265 -5.199210818597046e-15
vertex 40.52132401446809 -36.089483622298246 -5.2309769686435e-15
endloop
endfacet
facet normal -1.224646799147353e-16 -1.8498270761928622e-29 1
outer loop
vertex 57.34665085490553 -36.006279400000004 -3.170468702668524e-15
vertex 40.52132401446809 -36.089483622298246 -5.2309769686435e-15
vertex 40.27486905534835 -36.191568608879756 -5.261158996325499e-15
endloop
endfacet
facet normal -1.224646799147353e-16 -1.8498270761928622e-29 1
outer loop
vertex 57.34665085490553 -36.006279400000004 -3.170468702668524e-15
vertex 40.27486905534835 -36.191568608879756 -5.261158996325499e-15
vertex 40.047417976008475 -36.3309508095625 -5.289013719953118e-15
endloop
endfacet
facet normal -1.224646799147353e-16 -1.8498270761928622e-29 1
outer loop
vertex 57.34665085490553 -36.006279400000004 -3.170468702668524e-15
vertex 40.047417976008475 -36.3309508095625 -5.289013719953118e-15
vertex 39.99785744717562 -36.3732795 -5.295083134253038e-15
endloop
endfacet
facet normal -1.224646799147353e-16 -1.8498270761928622e-29 1
outer loop
vertex 57.34665085490553 -36.006279400000004 -3.170468702668524e-15
vertex 39.99785744717562 -36.3732795 -5.295083134253038e-15
vertex 61.046650854905536 -36.3732795 -2.717349386984003e-15
endloop
endfacet
facet normal -1.224646799147353e-16 -1.8498270761928622e-29 1
outer loop
vertex 57.34665085490553 -36.006279400000004 -3.170468702668524e-15
vertex 61.046650854905536 -36.3732795 -2.717349386984003e-15
vertex 75.04665085490554 -36.3732795 -1.0028438681777083e-15
endloop
endfacet
facet normal -1.224646799147353e-16 -1.8498270761928622e-29 1
outer loop
vertex 57.34665085490553 -36.006279400000004 -3.170468702668524e-15
vertex 75.04665085490554 -36.3732795 -1.0028438681777083e-15
vertex 79.04665085490554 -36.3732795 -5.129851485187671e-16
endloop
endfacet
facet normal -1.224646799147353e-16 -1.8498270761928622e-29 1
outer loop
vertex 57.34665085490553 -36.006279400000004 -3.170468702668524e-15
vertex 79.04665085490554 -36.3732795 -5.129851485187671e-16
vertex 79.04665085490554 -36.006279400000004 -5.129851485187671e-16
endloop
endfacet
facet normal -1.2246467991474688e-16 1.2179803616147633e-29 1
outer loop
vertex 39.99785744717562 -36.3732795 -5.295083134253038e-15
vertex 39.84457137688834 -36.50419817198296 -5.313855263786158e-15
vertex 39.6713240144681 -36.70704477110283 -5.335071946571024e-15
endloop
endfacet
facet normal -1.2246467991474688e-16 1.2179803616147633e-29 1
outer loop
vertex 39.99785744717562 -36.3732795 -5.295083134253038e-15
vertex 39.6713240144681 -36.70704477110283 -5.335071946571024e-15
vertex 39.66774433252131 -36.71288628112708 -5.3355103311748345e-15
endloop
endfacet
facet normal -1.2246467991474688e-16 1.2179803616147633e-29 1
outer loop
vertex 39.99785744717562 -36.3732795 -5.295083134253038e-15
vertex 39.66774433252131 -36.71288628112708 -5.3355103311748345e-15
vertex 46.686155838159934 -36.71288628112708 -4.476002812626905e-15
endloop
endfacet
facet normal -1.2246467991474688e-16 1.2179803616147633e-29 1
outer loop
vertex 39.99785744717562 -36.3732795 -5.295083134253038e-15
vertex 46.686155838159934 -36.71288628112708 -4.476002812626905e-15
vertex 61.046650854905536 -36.71288628112708 -2.717349386984003e-15
endloop
endfacet
facet normal -1.2246467991474688e-16 1.2179803616147633e-29 1
outer loop
vertex 39.99785744717562 -36.3732795 -5.295083134253038e-15
vertex 61.046650854905536 -36.71288628112708 -2.717349386984003e-15
vertex 61.046650854905536 -36.3732795 -2.717349386984003e-15
endloop
endfacet
facet normal -1.2246467991473535e-16 4.816452639996077e-31 1
outer loop
vertex 46.686155838159934 -36.71288628112708 -4.476002812626905e-15
vertex 42.14781653968919 -37.109939073280515 -5.031789082158589e-15
vertex 58.64785195125654 -37.109939073280515 -3.011117526899195e-15
endloop
endfacet
facet normal -1.2246467991473535e-16 4.816452639996077e-31 1
outer loop
vertex 46.686155838159934 -36.71288628112708 -4.476002812626905e-15
vertex 58.64785195125654 -37.109939073280515 -3.011117526899195e-15
vertex 61.046650854905536 -37.109939073280515 -2.717349386984003e-15
endloop
endfacet
facet normal -1.2246467991473535e-16 4.816452639996077e-31 1
outer loop
vertex 46.686155838159934 -36.71288628112708 -4.476002812626905e-15
vertex 61.046650854905536 -37.109939073280515 -2.717349386984003e-15
vertex 61.046650854905536 -36.71288628112708 -2.717349386984003e-15
endloop
endfacet
facet normal -1.2246467991473515e-16 0 1
outer loop
vertex 58.64785195125654 -37.109939073280515 -3.011117526899195e-15
vertex 57.54665085490555 -37.206278299383776 -3.1459757666855747e-15
vertex 61.046650854905536 -37.206278299383776 -2.717349386984003e-15
endloop
endfacet
facet normal -1.2246467991473515e-16 0 1
outer loop
vertex 58.64785195125654 -37.109939073280515 -3.011117526899195e-15
vertex 61.046650854905536 -37.206278299383776 -2.717349386984003e-15
vertex 61.046650854905536 -37.109939073280515 -2.717349386984003e-15
endloop
endfacet
facet normal -1.2246467991473535e-16 3.9701086386876754e-30 1
outer loop
vertex 58.64785195125654 -37.109939073280515 -3.011117526899195e-15
vertex 42.14781653968919 -37.109939073280515 -5.031789082158589e-15
vertex 41.0466529049055 -37.206278299383776 -5.16664273422612e-15
endloop
endfacet
facet normal -1.2246467991473535e-16 3.9701086386876754e-30 1
outer loop
vertex 58.64785195125654 -37.109939073280515 -3.011117526899195e-15
vertex 41.0466529049055 -37.206278299383776 -5.16664273422612e-15
vertex 57.54665085490555 -37.206278299383776 -3.1459757666855747e-15
endloop
endfacet
facet normal -1.2246467991473535e-16 3.9701086386876754e-30 1
outer loop
vertex 58.64785195125654 -37.109939073280515 -3.011117526899195e-15
vertex 57.54665085490555 -37.206278299383776 -3.1459757666855747e-15
vertex 58.64785195125654 -37.109939073280515 -3.011117526899195e-15
endloop
endfacet
facet normal -1.2246467991473535e-16 3.9701086386876754e-30 1
outer loop
vertex 58.64785195125654 -37.109939073280515 -3.011117526899195e-15
vertex 58.64785195125654 -37.109939073280515 -3.011117526899195e-15
vertex 58.647860573566504 -37.109939073280515 -3.0111164709707653e-15
endloop
endfacet
facet normal -1.224646799147353e-16 -1.0068492225336072e-28 1
outer loop
vertex 57.54665085490555 -37.206278299383776 -3.1459757666855747e-15
vertex 41.0466529049055 -37.206278299383776 -5.16664273422612e-15
vertex 40.95982881607209 -37.21387582349389 -5.177275618473992e-15
endloop
endfacet
facet normal -1.224646799147353e-16 -1.0068492225336072e-28 1
outer loop
vertex 57.54665085490555 -37.206278299383776 -3.1459757666855747e-15
vertex 40.95982881607209 -37.21387582349389 -5.177275618473992e-15
vertex 61.046650854905536 -37.21387582349389 -2.717349386984003e-15
endloop
endfacet
facet normal -1.224646799147353e-16 -1.0068492225336072e-28 1
outer loop
vertex 57.54665085490555 -37.206278299383776 -3.1459757666855747e-15
vertex 61.046650854905536 -37.21387582349389 -2.717349386984003e-15
vertex 61.046650854905536 -37.206278299383776 -2.717349386984003e-15
endloop
endfacet
facet normal -1.224646799147495e-16 8.168097956239738e-30 1
outer loop
vertex 39.66774433252131 -36.71288628112708 -5.3355103311748345e-15
vertex 39.53194181378531 -36.93449585044278 -5.352141343163454e-15
vertex 39.42985682720379 -37.18095080956253 -5.364643148369259e-15
endloop
endfacet
facet normal -1.224646799147495e-16 8.168097956239738e-30 1
outer loop
vertex 39.66774433252131 -36.71288628112708 -5.3355103311748345e-15
vertex 39.42985682720379 -37.18095080956253 -5.364643148369259e-15
vertex 39.42195223071646 -37.21387582349389 -5.3656111822479355e-15
endloop
endfacet
facet normal -1.224646799147495e-16 8.168097956239738e-30 1
outer loop
vertex 39.66774433252131 -36.71288628112708 -5.3355103311748345e-15
vertex 39.42195223071646 -37.21387582349389 -5.3656111822479355e-15
vertex 40.95982881607209 -37.21387582349389 -5.177275618473992e-15
endloop
endfacet
facet normal -1.224646799147495e-16 8.168097956239738e-30 1
outer loop
vertex 39.66774433252131 -36.71288628112708 -5.3355103311748345e-15
vertex 40.95982881607209 -37.21387582349389 -5.177275618473992e-15
vertex 41.0466529049055 -37.206278299383776 -5.16664273422612e-15
endloop
endfacet
facet normal -1.224646799147495e-16 8.168097956239738e-30 1
outer loop
vertex 39.66774433252131 -36.71288628112708 -5.3355103311748345e-15
vertex 41.0466529049055 -37.206278299383776 -5.16664273422612e-15
vertex 42.14781653968919 -37.109939073280515 -5.031789082158589e-15
endloop
endfacet
facet normal -1.224646799147495e-16 8.168097956239738e-30 1
outer loop
vertex 39.66774433252131 -36.71288628112708 -5.3355103311748345e-15
vertex 42.14781653968919 -37.109939073280515 -5.031789082158589e-15
vertex 46.686155838159934 -36.71288628112708 -4.476002812626905e-15
endloop
endfacet
facet normal -1.224646799147353e-16 0 1
outer loop
vertex 107.96566545918115 -36.0834031939543 3.0285727184434024e-15
vertex 93.04665085490554 -36.0834031939543 1.2015203702875274e-15
vertex 93.04665085490554 -37.53113540496139 1.2015203702875274e-15
endloop
endfacet
facet normal -1.224646799147353e-16 0 1
outer loop
vertex 107.96566545918115 -36.0834031939543 3.0285727184434024e-15
vertex 93.04665085490554 -37.53113540496139 1.2015203702875274e-15
vertex 101.56591411161438 -37.53113540496139 2.244829218129741e-15
endloop
endfacet
facet normal -1.224646799147353e-16 0 1
outer loop
vertex 107.96566545918115 -36.0834031939543 3.0285727184434024e-15
vertex 101.56591411161438 -37.53113540496139 2.244829218129741e-15
vertex 119.32929144247709 -37.53113540496139 4.420215537158508e-15
endloop
endfacet
facet normal -1.224646799147353e-16 0 1
outer loop
vertex 107.96566545918115 -36.0834031939543 3.0285727184434024e-15
vertex 119.32929144247709 -37.53113540496139 4.420215537158508e-15
vertex 119.32929214776682 -37.28317279122042 4.42021562353159e-15
endloop
endfacet
facet normal -1.224646799147353e-16 0 1
outer loop
vertex 107.96566545918115 -36.0834031939543 3.0285727184434024e-15
vertex 119.32929214776682 -37.28317279122042 4.42021562353159e-15
vertex 119.27783593608521 -36.99134514210592 4.4139140550383765e-15
endloop
endfacet
facet normal -1.224646799147353e-16 0 1
outer loop
vertex 107.96566545918115 -36.0834031939543 3.0285727184434024e-15
vertex 119.27783593608521 -36.99134514210592 4.4139140550383765e-15
vertex 119.17648613958454 -36.71288628112708 4.401502284650497e-15
endloop
endfacet
facet normal -1.224646799147353e-16 0 1
outer loop
vertex 107.96566545918115 -36.0834031939543 3.0285727184434024e-15
vertex 119.17648613958454 -36.71288628112708 4.401502284650497e-15
vertex 119.0283222181234 -36.45625703321172 4.383357437433848e-15
endloop
endfacet
facet normal -1.224646799147353e-16 0 1
outer loop
vertex 107.96566545918115 -36.0834031939543 3.0285727184434024e-15
vertex 119.0283222181234 -36.45625703321172 4.383357437433848e-15
vertex 118.83784605393923 -36.22925494206273 4.360030834955647e-15
endloop
endfacet
facet normal -1.224646799147353e-16 0 1
outer loop
vertex 107.96566545918115 -36.0834031939543 3.0285727184434024e-15
vertex 118.83784605393923 -36.22925494206273 4.360030834955647e-15
vertex 118.6640278346776 -36.0834031939543 4.338744242370422e-15
endloop
endfacet
facet normal -1.2246467991473515e-16 0 1
outer loop
vertex 101.56591411161438 -37.53113540496139 2.244829218129741e-15
vertex 115.51263991161431 -38.751315804961386 3.952810529085315e-15
vertex 119.22677105364932 -38.751315804961386 4.4076604105559815e-15
endloop
endfacet
facet normal -1.2246467991473515e-16 0 1
outer loop
vertex 101.56591411161438 -37.53113540496139 2.244829218129741e-15
vertex 119.22677105364932 -38.751315804961386 4.4076604105559815e-15
vertex 119.32929130490552 -37.57950220000009 4.420215520310851e-15
endloop
endfacet
facet normal -1.2246467991473515e-16 0 1
outer loop
vertex 101.56591411161438 -37.53113540496139 2.244829218129741e-15
vertex 119.32929130490552 -37.57950220000009 4.420215520310851e-15
vertex 119.32929144247709 -37.53113540496139 4.420215537158508e-15
endloop
endfacet
facet normal -1.2246467991473493e-16 -2.2650474735223838e-30 1
outer loop
vertex 40.95982881607209 -37.21387582349389 -5.177275618473992e-15
vertex 39.42195223071646 -37.21387582349389 -5.3656111822479355e-15
vertex 39.3675827258938 -37.44034110943167 -5.372269526253166e-15
endloop
endfacet
facet normal -1.2246467991473493e-16 -2.2650474735223838e-30 1
outer loop
vertex 40.95982881607209 -37.21387582349389 -5.177275618473992e-15
vertex 39.3675827258938 -37.44034110943167 -5.372269526253166e-15
vertex 39.34665085490553 -37.706279400000014 -5.37483294113376e-15
endloop
endfacet
facet normal -1.2246467991473493e-16 -2.2650474735223838e-30 1
outer loop
vertex 40.95982881607209 -37.21387582349389 -5.177275618473992e-15
vertex 39.34665085490553 -37.706279400000014 -5.37483294113376e-15
vertex 39.34665085490553 -39.2062794 -5.37483294113376e-15
endloop
endfacet
facet normal -1.2246467991473493e-16 -2.2650474735223838e-30 1
outer loop
vertex 40.95982881607209 -37.21387582349389 -5.177275618473992e-15
vertex 39.34665085490553 -39.2062794 -5.37483294113376e-15
vertex 43.046650854905536 -39.2062794 -4.921713625449238e-15
endloop
endfacet
facet normal -1.2246467991473493e-16 -2.2650474735223838e-30 1
outer loop
vertex 40.95982881607209 -37.21387582349389 -5.177275618473992e-15
vertex 43.046650854905536 -39.2062794 -4.921713625449238e-15
vertex 57.046650854905536 -39.2062794 -3.2072081066429443e-15
endloop
endfacet
facet normal -1.2246467991473493e-16 -2.2650474735223838e-30 1
outer loop
vertex 40.95982881607209 -37.21387582349389 -5.177275618473992e-15
vertex 57.046650854905536 -39.2062794 -3.2072081066429443e-15
vertex 61.046650854905536 -39.2062794 -2.717349386984003e-15
endloop
endfacet
facet normal -1.2246467991473493e-16 -2.2650474735223838e-30 1
outer loop
vertex 40.95982881607209 -37.21387582349389 -5.177275618473992e-15
vertex 61.046650854905536 -39.2062794 -2.717349386984003e-15
vertex 61.046650854905536 -37.21387582349389 -2.717349386984003e-15
endloop
endfacet
facet normal -1.2246467991473515e-16 0 1
outer loop
vertex 93.04665085490554 -37.53113540496139 1.2015203702875274e-15
vertex 93.04665085490554 -44.7062794 1.2015203702875274e-15
vertex 100.93817033422381 -44.7062794 2.167952777363139e-15
endloop
endfacet
facet normal -1.2246467991473515e-16 0 1
outer loop
vertex 93.04665085490554 -37.53113540496139 1.2015203702875274e-15
vertex 100.93817033422381 -44.7062794 2.167952777363139e-15
vertex 101.56591411161438 -37.53113540496139 2.244829218129741e-15
endloop
endfacet
facet normal -1.2246467991473515e-16 0 1
outer loop
vertex 75.04665085490554 -36.3732795 -1.0028438681777083e-15
vertex 75.04665085490554 -44.7062794 -1.0028438681777083e-15
vertex 79.04665085490554 -44.7062794 -5.129851485187671e-16
endloop
endfacet
facet normal -1.2246467991473515e-16 0 1
outer loop
vertex 75.04665085490554 -36.3732795 -1.0028438681777083e-15
vertex 79.04665085490554 -44.7062794 -5.129851485187671e-16
vertex 79.04665085490554 -36.3732795 -5.129851485187671e-16
endloop
endfacet
facet normal -1.2246467991473532e-16 0 1
outer loop
vertex 93.04665085490554 -44.7062794 1.2015203702875274e-15
vertex 79.04665085490554 -44.7062794 -5.129851485187671e-16
vertex 75.04665085490554 -44.7062794 -1.0028438681777083e-15
endloop
endfacet
facet normal -1.2246467991473532e-16 0 1
outer loop
vertex 93.04665085490554 -44.7062794 1.2015203702875274e-15
vertex 75.04665085490554 -44.7062794 -1.0028438681777083e-15
vertex 75.04665085490554 -47.7062794 -1.0028438681777083e-15
endloop
endfacet
facet normal -1.2246467991473532e-16 0 1
outer loop
vertex 93.04665085490554 -44.7062794 1.2015203702875274e-15
vertex 75.04665085490554 -47.7062794 -1.0028438681777083e-15
vertex 79.04665085490554 -47.7062794 -5.129851485187671e-16
endloop
endfacet
facet normal -1.2246467991473532e-16 0 1
outer loop
vertex 93.04665085490554 -44.7062794 1.2015203702875274e-15
vertex 79.04665085490554 -47.7062794 -5.129851485187671e-16
vertex 93.04665085490554 -47.7062794 1.2015203702875274e-15
endloop
endfacet
facet normal -1.2246467991473532e-16 0 1
outer loop
vertex 93.04665085490554 -44.7062794 1.2015203702875274e-15
vertex 93.04665085490554 -47.7062794 1.2015203702875274e-15
vertex 100.67570434667995 -47.7062794 2.135809964210075e-15
endloop
endfacet
facet normal -1.2246467991473532e-16 0 1
outer loop
vertex 93.04665085490554 -44.7062794 1.2015203702875274e-15
vertex 100.67570434667995 -47.7062794 2.135809964210075e-15
vertex 100.93817033422381 -44.7062794 2.167952777363139e-15
endloop
endfacet
facet normal -1.2246467991473515e-16 0 1
outer loop
vertex 75.04665085490554 -47.7062794 -1.0028438681777083e-15
vertex 75.04665085490554 -50.3732795 -1.0028438681777083e-15
vertex 79.04665085490554 -50.3732795 -5.129851485187671e-16
endloop
endfacet
facet normal -1.2246467991473515e-16 0 1
outer loop
vertex 75.04665085490554 -47.7062794 -1.0028438681777083e-15
vertex 79.04665085490554 -50.3732795 -5.129851485187671e-16
vertex 79.04665085490554 -47.7062794 -5.129851485187671e-16
endloop
endfacet
facet normal -1.2246467991473515e-16 0 1
outer loop
vertex 57.046650854905536 -39.2062794 -3.2072081066429443e-15
vertex 57.046650854905536 -50.3732795 -3.2072081066429443e-15
vertex 61.046650854905536 -50.3732795 -2.717349386984003e-15
endloop
endfacet
facet normal -1.2246467991473515e-16 0 1
outer loop
vertex 57.046650854905536 -39.2062794 -3.2072081066429443e-15
vertex 61.046650854905536 -50.3732795 -2.717349386984003e-15
vertex 61.046650854905536 -39.2062794 -2.717349386984003e-15
endloop
endfacet
facet normal -1.2246467991473515e-16 0 1
outer loop
vertex 93.04665085490554 -47.7062794 1.2015203702875274e-15
vertex 93.04665085490554 -51.4778612049614 1.2015203702875274e-15
vertex 100.34573369899942 -51.4778612049614 2.0954002144606215e-15
endloop
endfacet
facet normal -1.2246467991473515e-16 0 1
outer loop
vertex 93.04665085490554 -47.7062794 1.2015203702875274e-15
vertex 100.34573369899942 -51.4778612049614 2.0954002144606215e-15
vertex 100.67570434667995 -47.7062794 2.135809964210075e-15
endloop
endfacet
facet normal -1.2246467991473515e-16 0 1
outer loop
vertex 115.51263991161431 -38.751315804961386 3.952810529085315e-15
vertex 114.29245950943732 -52.69804160496139 3.803381526694475e-15
vertex 118.00659249695411 -52.69804160496139 4.2582316341714786e-15
endloop
endfacet
facet normal -1.2246467991473515e-16 0 1
outer loop
vertex 115.51263991161431 -38.751315804961386 3.952810529085315e-15
vertex 118.00659249695411 -52.69804160496139 4.2582316341714786e-15
vertex 119.22677105364932 -38.751315804961386 4.4076604105559815e-15
endloop
endfacet
facet normal -1.2246467991473515e-16 0 1
outer loop
vertex 93.04665085490554 -51.4778612049614 1.2015203702875274e-15
vertex 93.04665085490554 -52.69804160496139 1.2015203702875274e-15
vertex 114.29245950943732 -52.69804160496139 3.803381526694475e-15
endloop
endfacet
facet normal -1.2246467991473515e-16 0 1
outer loop
vertex 93.04665085490554 -51.4778612049614 1.2015203702875274e-15
vertex 114.29245950943732 -52.69804160496139 3.803381526694475e-15
vertex 100.34573369899942 -51.4778612049614 2.0954002144606215e-15
endloop
endfacet
facet normal -1.2246467991473532e-16 0 1
outer loop
vertex 75.04665085490554 -50.3732795 -1.0028438681777083e-15
vertex 61.046650854905536 -50.3732795 -2.717349386984003e-15
vertex 57.046650854905536 -50.3732795 -3.2072081066429443e-15
endloop
endfacet
facet normal -1.2246467991473532e-16 0 1
outer loop
vertex 75.04665085490554 -50.3732795 -1.0028438681777083e-15
vertex 57.046650854905536 -50.3732795 -3.2072081066429443e-15
vertex 57.046650854905536 -53.2062794 -3.2072081066429443e-15
endloop
endfacet
facet normal -1.2246467991473532e-16 0 1
outer loop
vertex 75.04665085490554 -50.3732795 -1.0028438681777083e-15
vertex 57.046650854905536 -53.2062794 -3.2072081066429443e-15
vertex 79.04665085490554 -53.2062794 -5.129851485187671e-16
endloop
endfacet
facet normal -1.2246467991473532e-16 0 1
outer loop
vertex 75.04665085490554 -50.3732795 -1.0028438681777083e-15
vertex 79.04665085490554 -53.2062794 -5.129851485187671e-16
vertex 79.04665085490554 -50.3732795 -5.129851485187671e-16
endloop
endfacet
facet normal -1.2246467991473515e-16 0 1
outer loop
vertex 39.34665085490553 -39.2062794 -5.37483294113376e-15
vertex 39.34665085490553 -53.2062794 -5.37483294113376e-15
vertex 43.046650854905536 -53.2062794 -4.921713625449238e-15
endloop
endfacet
facet normal -1.2246467991473515e-16 0 1
outer loop
vertex 39.34665085490553 -39.2062794 -5.37483294113376e-15
vertex 43.046650854905536 -53.2062794 -4.921713625449238e-15
vertex 43.046650854905536 -39.2062794 -4.921713625449238e-15
endloop
endfacet
facet normal -1.224646799147353e-16 0 1
outer loop
vertex 57.046650854905536 -53.2062794 -3.2072081066429443e-15
vertex 43.046650854905536 -53.2062794 -4.921713625449238e-15
vertex 39.34665085490553 -53.2062794 -5.37483294113376e-15
endloop
endfacet
facet normal -1.224646799147353e-16 0 1
outer loop
vertex 57.046650854905536 -53.2062794 -3.2072081066429443e-15
vertex 39.34665085490553 -53.2062794 -5.37483294113376e-15
vertex 39.34665085490553 -53.3732795 -5.37483294113376e-15
endloop
endfacet
facet normal -1.224646799147353e-16 0 1
outer loop
vertex 57.046650854905536 -53.2062794 -3.2072081066429443e-15
vertex 39.34665085490553 -53.3732795 -5.37483294113376e-15
vertex 61.046650854905536 -53.3732795 -2.717349386984003e-15
endloop
endfacet
facet normal -1.224646799147353e-16 0 1
outer loop
vertex 57.046650854905536 -53.2062794 -3.2072081066429443e-15
vertex 61.046650854905536 -53.3732795 -2.717349386984003e-15
vertex 75.04665085490554 -53.3732795 -1.0028438681777083e-15
endloop
endfacet
facet normal -1.224646799147353e-16 0 1
outer loop
vertex 57.046650854905536 -53.2062794 -3.2072081066429443e-15
vertex 75.04665085490554 -53.3732795 -1.0028438681777083e-15
vertex 79.04665085490554 -53.3732795 -5.129851485187671e-16
endloop
endfacet
facet normal -1.224646799147353e-16 0 1
outer loop
vertex 57.046650854905536 -53.2062794 -3.2072081066429443e-15
vertex 79.04665085490554 -53.3732795 -5.129851485187671e-16
vertex 79.04665085490554 -53.2062794 -5.129851485187671e-16
endloop
endfacet
facet normal -1.2246467991473527e-16 0 1
outer loop
vertex 114.29245950943732 -52.69804160496139 3.803381526694475e-15
vertex 93.04665085490554 -52.69804160496139 1.2015203702875274e-15
vertex 93.04665085490554 -54.0215367 1.2015203702875274e-15
endloop
endfacet
facet normal -1.2246467991473527e-16 0 1
outer loop
vertex 114.29245950943732 -52.69804160496139 3.803381526694475e-15
vertex 93.04665085490554 -54.0215367 1.2015203702875274e-15
vertex 117.89080185490553 -54.0215367 4.2440513702558794e-15
endloop
endfacet
facet normal -1.2246467991473527e-16 0 1
outer loop
vertex 114.29245950943732 -52.69804160496139 3.803381526694475e-15
vertex 117.89080185490553 -54.0215367 4.2440513702558794e-15
vertex 118.00659249695411 -52.69804160496139 4.2582316341714786e-15
endloop
endfacet
facet normal -1.2246467991473537e-16 0 1
outer loop
vertex 93.04665085490554 -54.0215367 1.2015203702875274e-15
vertex 93.04665085490554 -54.46644530248071 1.2015203702875274e-15
vertex 100.08426648325995 -54.46644530248071 2.06337971557689e-15
endloop
endfacet
facet normal -1.2246467991473537e-16 0 1
outer loop
vertex 93.04665085490554 -54.0215367 1.2015203702875274e-15
vertex 100.08426648325995 -54.46644530248071 2.06337971557689e-15
vertex 119.551223367843 -54.46644530248071 4.447394359361306e-15
endloop
endfacet
facet normal -1.2246467991473537e-16 0 1
outer loop
vertex 93.04665085490554 -54.0215367 1.2015203702875274e-15
vertex 119.551223367843 -54.46644530248071 4.447394359361306e-15
vertex 117.89080185490553 -54.0215367 4.2440513702558794e-15
endloop
endfacet
facet normal -1.2246467991473515e-16 0 1
outer loop
vertex 100.08426648325995 -54.46644530248071 2.06337971557689e-15
vertex 114.03099228325993 -55.6866257024807 3.7713610265324684e-15
vertex 124.10499862534091 -55.6866257024807 5.0050709886744294e-15
endloop
endfacet
facet normal -1.2246467991473515e-16 0 1
outer loop
vertex 100.08426648325995 -54.46644530248071 2.06337971557689e-15
vertex 124.10499862534091 -55.6866257024807 5.0050709886744294e-15
vertex 119.551223367843 -54.46644530248071 4.447394359361306e-15
endloop
endfacet
facet normal -1.224646799147354e-16 0 1
outer loop
vertex 39.34665085490553 -53.3732795 -5.37483294113376e-15
vertex 39.34665085490553 -56.2062794 -5.37483294113376e-15
vertex 43.046650854905536 -56.2062794 -4.921713625449238e-15
endloop
endfacet
facet normal -1.224646799147354e-16 0 1
outer loop
vertex 39.34665085490553 -53.3732795 -5.37483294113376e-15
vertex 43.046650854905536 -56.2062794 -4.921713625449238e-15
vertex 57.046650854905536 -56.2062794 -3.2072081066429443e-15
endloop
endfacet
facet normal -1.224646799147354e-16 0 1
outer loop
vertex 39.34665085490553 -53.3732795 -5.37483294113376e-15
vertex 57.046650854905536 -56.2062794 -3.2072081066429443e-15
vertex 61.046650854905536 -56.2062794 -2.717349386984003e-15
endloop
endfacet
facet normal -1.224646799147354e-16 0 1
outer loop
vertex 39.34665085490553 -53.3732795 -5.37483294113376e-15
vertex 61.046650854905536 -56.2062794 -2.717349386984003e-15
vertex 61.046650854905536 -53.3732795 -2.717349386984003e-15
endloop
endfacet
facet normal -1.2246467991473547e-16 -1.611760545791851e-31 1
outer loop
vertex 114.03099228325993 -55.6866257024807 3.7713610265324684e-15
vertex 113.72671168394936 -59.164568852802184 3.734097400333635e-15
vertex 124.72100867876085 -59.164568852802184 5.080510462690762e-15
endloop
endfacet
facet normal -1.2246467991473547e-16 -1.611760545791851e-31 1
outer loop
vertex 114.03099228325993 -55.6866257024807 3.7713610265324684e-15
vertex 124.72100867876085 -59.164568852802184 5.080510462690762e-15
vertex 137.08485919753062 -59.164568852802184 6.594645458985534e-15
endloop
endfacet
facet normal -1.2246467991473547e-16 -1.611760545791851e-31 1
outer loop
vertex 114.03099228325993 -55.6866257024807 3.7713610265324684e-15
vertex 137.08485919753062 -59.164568852802184 6.594645458985534e-15
vertex 124.10499862534091 -55.6866257024807 5.0050709886744294e-15
endloop
endfacet
facet normal -1.2246467991473515e-16 0 1
outer loop
vertex 93.04665085490554 -54.46644530248071 1.2015203702875274e-15
vertex 93.04665085490554 -61.7062794 1.2015203702875274e-15
vertex 99.45086307147533 -61.7062794 1.9858101694957844e-15
endloop
endfacet
facet normal -1.2246467991473515e-16 0 1
outer loop
vertex 93.04665085490554 -54.46644530248071 1.2015203702875274e-15
vertex 99.45086307147533 -61.7062794 1.9858101694957844e-15
vertex 100.08426648325995 -54.46644530248071 2.06337971557689e-15
endloop
endfacet
facet normal -1.2246467991473515e-16 0 1
outer loop
vertex 75.04665085490554 -53.3732795 -1.0028438681777083e-15
vertex 75.04665085490554 -61.7062794 -1.0028438681777083e-15
vertex 79.04665085490554 -61.7062794 -5.129851485187671e-16
endloop
endfacet
facet normal -1.2246467991473515e-16 0 1
outer loop
vertex 75.04665085490554 -53.3732795 -1.0028438681777083e-15
vertex 79.04665085490554 -61.7062794 -5.129851485187671e-16
vertex 79.04665085490554 -53.3732795 -5.129851485187671e-16
endloop
endfacet
facet normal -1.2246467991473515e-16 0 1
outer loop
vertex 124.72100867876085 -59.164568852802184 5.080510462690762e-15
vertex 138.24397027876088 -62.7880354528021 6.736595626534022e-15
vertex 142.07449132978275 -62.7880354528021 7.205699160954072e-15
endloop
endfacet
facet normal -1.2246467991473515e-16 0 1
outer loop
vertex 124.72100867876085 -59.164568852802184 5.080510462690762e-15
vertex 142.07449132978275 -62.7880354528021 7.205699160954072e-15
vertex 142.20612400490555 -62.29677549999999 7.221819514379303e-15
endloop
endfacet
facet normal -1.2246467991473515e-16 0 1
outer loop
vertex 124.72100867876085 -59.164568852802184 5.080510462690762e-15
vertex 142.20612400490555 -62.29677549999999 7.221819514379303e-15
vertex 142.25758002836153 -62.004948685445186 7.228121059821528e-15
endloop
endfacet
facet normal -1.2246467991473515e-16 0 1
outer loop
vertex 124.72100867876085 -59.164568852802184 5.080510462690762e-15
vertex 142.25758002836153 -62.004948685445186 7.228121059821528e-15
vertex 142.25757929458308 -61.70862013123104 7.228120969959582e-15
endloop
endfacet
facet normal -1.2246467991473515e-16 0 1
outer loop
vertex 124.72100867876085 -59.164568852802184 5.080510462690762e-15
vertex 142.25757929458308 -61.70862013123104 7.228120969959582e-15
vertex 142.20612182586547 -61.416793571514006 7.221819247523858e-15
endloop
endfacet
facet normal -1.2246467991473515e-16 0 1
outer loop
vertex 124.72100867876085 -59.164568852802184 5.080510462690762e-15
vertex 142.20612182586547 -61.416793571514006 7.221819247523858e-15
vertex 142.10477112110917 -61.13833595052204 7.209407365906744e-15
endloop
endfacet
facet normal -1.2246467991473515e-16 0 1
outer loop
vertex 124.72100867876085 -59.164568852802184 5.080510462690762e-15
vertex 142.10477112110917 -61.13833595052204 7.209407365906744e-15
vertex 141.9566066500081 -60.8817080067074 7.191262451378615e-15
endloop
endfacet
facet normal -1.2246467991473515e-16 0 1
outer loop
vertex 124.72100867876085 -59.164568852802184 5.080510462690762e-15
vertex 141.9566066500081 -60.8817080067074 7.191262451378615e-15
vertex 141.76613028553484 -60.65470719917543 7.167935824372077e-15
endloop
endfacet
facet normal -1.2246467991473515e-16 0 1
outer loop
vertex 124.72100867876085 -59.164568852802184 5.080510462690762e-15
vertex 141.76613028553484 -60.65470719917543 7.167935824372077e-15
vertex 141.53912951770457 -60.4642307873874 7.140136247999344e-15
endloop
endfacet
facet normal -1.2246467991473515e-16 0 1
outer loop
vertex 124.72100867876085 -59.164568852802184 5.080510462690762e-15
vertex 141.53912951770457 -60.4642307873874 7.140136247999344e-15
vertex 141.28250160477268 -60.31606626279642 7.108708392784952e-15
endloop
endfacet
facet normal -1.2246467991473515e-16 0 1
outer loop
vertex 124.72100867876085 -59.164568852802184 5.080510462690762e-15
vertex 141.28250160477268 -60.31606626279642 7.108708392784952e-15
vertex 141.0040430549056 -60.21471100000002 7.07460705560596e-15
endloop
endfacet
facet normal -1.2246467991473515e-16 0 1
outer loop
vertex 124.72100867876085 -59.164568852802184 5.080510462690762e-15
vertex 141.0040430549056 -60.21471100000002 7.07460705560596e-15
vertex 137.08485919753062 -59.164568852802184 6.594645458985534e-15
endloop
endfacet
facet normal -1.2246467991473532e-16 0 1
outer loop
vertex 93.04665085490554 -61.7062794 1.2015203702875274e-15
vertex 79.04665085490554 -61.7062794 -5.129851485187671e-16
vertex 75.04665085490554 -61.7062794 -1.0028438681777083e-15
endloop
endfacet
facet normal -1.2246467991473532e-16 0 1
outer loop
vertex 93.04665085490554 -61.7062794 1.2015203702875274e-15
vertex 75.04665085490554 -61.7062794 -1.0028438681777083e-15
vertex 75.04665085490554 -64.7062794 -1.0028438681777083e-15
endloop
endfacet
facet normal -1.2246467991473532e-16 0 1
outer loop
vertex 93.04665085490554 -61.7062794 1.2015203702875274e-15
vertex 75.04665085490554 -64.7062794 -1.0028438681777083e-15
vertex 79.04665085490554 -64.7062794 -5.129851485187671e-16
endloop
endfacet
facet normal -1.2246467991473532e-16 0 1
outer loop
vertex 93.04665085490554 -61.7062794 1.2015203702875274e-15
vertex 79.04665085490554 -64.7062794 -5.129851485187671e-16
vertex 93.04665085490554 -64.7062794 1.2015203702875274e-15
endloop
endfacet
facet normal -1.2246467991473532e-16 0 1
outer loop
vertex 93.04665085490554 -61.7062794 1.2015203702875274e-15
vertex 93.04665085490554 -64.7062794 1.2015203702875274e-15
vertex 99.18839708393148 -64.7062794 1.953667356342722e-15
endloop
endfacet
facet normal -1.2246467991473532e-16 0 1
outer loop
vertex 93.04665085490554 -61.7062794 1.2015203702875274e-15
vertex 99.18839708393148 -64.7062794 1.953667356342722e-15
vertex 99.45086307147533 -61.7062794 1.9858101694957844e-15
endloop
endfacet
facet normal -1.2246467991473515e-16 0 1
outer loop
vertex 75.04665085490554 -64.7062794 -1.0028438681777083e-15
vertex 75.04665085490554 -67.3732795 -1.0028438681777083e-15
vertex 79.04665085490554 -67.3732795 -5.129851485187671e-16
endloop
endfacet
facet normal -1.2246467991473515e-16 0 1
outer loop
vertex 75.04665085490554 -64.7062794 -1.0028438681777083e-15
vertex 79.04665085490554 -67.3732795 -5.129851485187671e-16
vertex 79.04665085490554 -64.7062794 -5.129851485187671e-16
endloop
endfacet
facet normal -1.2246467991473515e-16 0 1
outer loop
vertex 57.046650854905536 -56.2062794 -3.2072081066429443e-15
vertex 57.046650854905536 -67.3732795 -3.2072081066429443e-15
vertex 61.046650854905536 -67.3732795 -2.717349386984003e-15
endloop
endfacet
facet normal -1.2246467991473515e-16 0 1
outer loop
vertex 57.046650854905536 -56.2062794 -3.2072081066429443e-15
vertex 61.046650854905536 -67.3732795 -2.717349386984003e-15
vertex 61.046650854905536 -56.2062794 -2.717349386984003e-15
endloop
endfacet
facet normal -1.2246467991473515e-16 0 1
outer loop
vertex 93.04665085490554 -64.7062794 1.2015203702875274e-15
vertex 93.04665085490554 -68.41317110248067 1.2015203702875274e-15
vertex 98.86408608325993 -68.41317110248067 1.913950713452654e-15
endloop
endfacet
facet normal -1.2246467991473515e-16 0 1
outer loop
vertex 93.04665085490554 -64.7062794 1.2015203702875274e-15
vertex 98.86408608325993 -68.41317110248067 1.913950713452654e-15
vertex 99.18839708393148 -64.7062794 1.953667356342722e-15
endloop
endfacet
facet normal -1.2246467991473515e-16 0 1
outer loop
vertex 113.72671168394936 -59.164568852802184 3.734097400333635e-15
vertex 112.8108118829334 -69.63335150248068 3.621932024368244e-15
vertex 121.91590685300625 -69.63335150248068 4.736984565471485e-15
endloop
endfacet
facet normal -1.2246467991473515e-16 0 1
outer loop
vertex 113.72671168394936 -59.164568852802184 3.734097400333635e-15
vertex 121.91590685300625 -69.63335150248068 4.736984565471485e-15
vertex 124.72100867876085 -59.164568852802184 5.080510462690762e-15
endloop
endfacet
facet normal -1.2246467991473515e-16 0 1
outer loop
vertex 93.04665085490554 -68.41317110248067 1.2015203702875274e-15
vertex 93.04665085490554 -69.63335150248068 1.2015203702875274e-15
vertex 112.8108118829334 -69.63335150248068 3.621932024368244e-15
endloop
endfacet
facet normal -1.2246467991473515e-16 0 1
outer loop
vertex 93.04665085490554 -68.41317110248067 1.2015203702875274e-15
vertex 112.8108118829334 -69.63335150248068 3.621932024368244e-15
vertex 98.86408608325993 -68.41317110248067 1.913950713452654e-15
endloop
endfacet
facet normal -1.2246467991473535e-16 0 1
outer loop
vertex 75.04665085490554 -67.3732795 -1.0028438681777083e-15
vertex 61.046650854905536 -67.3732795 -2.717349386984003e-15
vertex 57.046650854905536 -67.3732795 -3.2072081066429443e-15
endloop
endfacet
facet normal -1.2246467991473535e-16 0 1
outer loop
vertex 75.04665085490554 -67.3732795 -1.0028438681777083e-15
vertex 57.046650854905536 -67.3732795 -3.2072081066429443e-15
vertex 57.046650854905536 -70.2062794 -3.2072081066429443e-15
endloop
endfacet
facet normal -1.2246467991473535e-16 0 1
outer loop
vertex 75.04665085490554 -67.3732795 -1.0028438681777083e-15
vertex 57.046650854905536 -70.2062794 -3.2072081066429443e-15
vertex 79.04665085490554 -70.2062794 -5.129851485187671e-16
endloop
endfacet
facet normal -1.2246467991473535e-16 0 1
outer loop
vertex 75.04665085490554 -67.3732795 -1.0028438681777083e-15
vertex 79.04665085490554 -70.2062794 -5.129851485187671e-16
vertex 79.04665085490554 -67.3732795 -5.129851485187671e-16
endloop
endfacet
facet normal -1.2246467991473515e-16 0 1
outer loop
vertex 39.34665085490553 -56.2062794 -5.37483294113376e-15
vertex 39.34665085490553 -70.2062794 -5.37483294113376e-15
vertex 43.046650854905536 -70.2062794 -4.921713625449238e-15
endloop
endfacet
facet normal -1.2246467991473515e-16 0 1
outer loop
vertex 39.34665085490553 -56.2062794 -5.37483294113376e-15
vertex 43.046650854905536 -70.2062794 -4.921713625449238e-15
vertex 43.046650854905536 -56.2062794 -4.921713625449238e-15
endloop
endfacet
facet normal -1.224646799147353e-16 0 1
outer loop
vertex 57.046650854905536 -70.2062794 -3.2072081066429443e-15
vertex 43.046650854905536 -70.2062794 -4.921713625449238e-15
vertex 39.34665085490553 -70.2062794 -5.37483294113376e-15
endloop
endfacet
facet normal -1.224646799147353e-16 0 1
outer loop
vertex 57.046650854905536 -70.2062794 -3.2072081066429443e-15
vertex 39.34665085490553 -70.2062794 -5.37483294113376e-15
vertex 39.34665085490553 -70.3732795 -5.37483294113376e-15
endloop
endfacet
facet normal -1.224646799147353e-16 0 1
outer loop
vertex 57.046650854905536 -70.2062794 -3.2072081066429443e-15
vertex 39.34665085490553 -70.3732795 -5.37483294113376e-15
vertex 61.046650854905536 -70.3732795 -2.717349386984003e-15
endloop
endfacet
facet normal -1.224646799147353e-16 0 1
outer loop
vertex 57.046650854905536 -70.2062794 -3.2072081066429443e-15
vertex 61.046650854905536 -70.3732795 -2.717349386984003e-15
vertex 75.04665085490554 -70.3732795 -1.0028438681777083e-15
endloop
endfacet
facet normal -1.224646799147353e-16 0 1
outer loop
vertex 57.046650854905536 -70.2062794 -3.2072081066429443e-15
vertex 75.04665085490554 -70.3732795 -1.0028438681777083e-15
vertex 79.04665085490554 -70.3732795 -5.129851485187671e-16
endloop
endfacet
facet normal -1.224646799147353e-16 0 1
outer loop
vertex 57.046650854905536 -70.2062794 -3.2072081066429443e-15
vertex 79.04665085490554 -70.3732795 -5.129851485187671e-16
vertex 79.04665085490554 -70.2062794 -5.129851485187671e-16
endloop
endfacet
facet normal -1.224646799147353e-16 0 1
outer loop
vertex 112.8108118829334 -69.63335150248068 3.621932024368244e-15
vertex 93.04665085490554 -69.63335150248068 1.2015203702875274e-15
vertex 93.04665085490554 -71.4017552 1.2015203702875274e-15
endloop
endfacet
facet normal -1.224646799147353e-16 0 1
outer loop
vertex 112.8108118829334 -69.63335150248068 3.621932024368244e-15
vertex 93.04665085490554 -71.4017552 1.2015203702875274e-15
vertex 98.60261885490553 -71.4017552 1.881930213024039e-15
endloop
endfacet
facet normal -1.224646799147353e-16 0 1
outer loop
vertex 112.8108118829334 -69.63335150248068 3.621932024368244e-15
vertex 98.60261885490553 -71.4017552 1.881930213024039e-15
vertex 121.44206451559418 -71.4017552 4.678955615290264e-15
endloop
endfacet
facet normal -1.224646799147353e-16 0 1
outer loop
vertex 112.8108118829334 -69.63335150248068 3.621932024368244e-15
vertex 121.44206451559418 -71.4017552 4.678955615290264e-15
vertex 121.91590685300625 -69.63335150248068 4.736984565471485e-15
endloop
endfacet
facet normal -1.2246467991473515e-16 0 1
outer loop
vertex 98.60261885490553 -71.4017552 1.881930213024039e-15
vertex 112.54934465490554 -72.6219356 3.589911523979621e-15
vertex 121.11511816640284 -72.6219356 4.638916235287256e-15
endloop
endfacet
facet normal -1.2246467991473515e-16 0 1
outer loop
vertex 98.60261885490553 -71.4017552 1.881930213024039e-15
vertex 121.11511816640284 -72.6219356 4.638916235287256e-15
vertex 121.44206451559418 -71.4017552 4.678955615290264e-15
endloop
endfacet
facet normal -1.2246467991473515e-16 0 1
outer loop
vertex 112.54934465490554 -72.6219356 3.589911523979621e-15
vertex 112.54360584890347 -72.68753045280216 3.589208722939485e-15
vertex 121.09754207876088 -72.68753045280216 4.636763785340029e-15
endloop
endfacet
facet normal -1.2246467991473515e-16 0 1
outer loop
vertex 112.54934465490554 -72.6219356 3.589911523979621e-15
vertex 121.09754207876088 -72.68753045280216 4.636763785340029e-15
vertex 121.11511816640284 -72.6219356 4.638916235287256e-15
endloop
endfacet
facet normal -1.224646799147354e-16 0 1
outer loop
vertex 39.34665085490553 -70.3732795 -5.37483294113376e-15
vertex 39.34665085490553 -73.2062794 -5.37483294113376e-15
vertex 43.046650854905536 -73.2062794 -4.921713625449238e-15
endloop
endfacet
facet normal -1.224646799147354e-16 0 1
outer loop
vertex 39.34665085490553 -70.3732795 -5.37483294113376e-15
vertex 43.046650854905536 -73.2062794 -4.921713625449238e-15
vertex 57.046650854905536 -73.2062794 -3.2072081066429443e-15
endloop
endfacet
facet normal -1.224646799147354e-16 0 1
outer loop
vertex 39.34665085490553 -70.3732795 -5.37483294113376e-15
vertex 57.046650854905536 -73.2062794 -3.2072081066429443e-15
vertex 61.046650854905536 -73.2062794 -2.717349386984003e-15
endloop
endfacet
facet normal -1.224646799147354e-16 0 1
outer loop
vertex 39.34665085490553 -70.3732795 -5.37483294113376e-15
vertex 61.046650854905536 -73.2062794 -2.717349386984003e-15
vertex 61.046650854905536 -70.3732795 -2.717349386984003e-15
endloop
endfacet
facet normal -1.2246467991473522e-16 9.957345156136821e-32 1
outer loop
vertex 112.54360584890347 -72.68753045280216 3.589208722939485e-15
vertex 112.29008317508436 -75.58530787640106 3.558161149839101e-15
vertex 120.32108496683321 -75.58530787640106 4.541675213660289e-15
endloop
endfacet
facet normal -1.2246467991473522e-16 9.957345156136821e-32 1
outer loop
vertex 112.54360584890347 -72.68753045280216 3.589208722939485e-15
vertex 120.32108496683321 -75.58530787640106 4.541675213660289e-15
vertex 131.9121947720339 -75.58530787640106 5.961176765810741e-15
endloop
endfacet
facet normal -1.2246467991473522e-16 9.957345156136821e-32 1
outer loop
vertex 112.54360584890347 -72.68753045280216 3.589208722939485e-15
vertex 131.9121947720339 -75.58530787640106 5.961176765810741e-15
vertex 121.09754207876088 -72.68753045280216 4.636763785340029e-15
endloop
endfacet
facet normal -1.2246467991473515e-16 0 1
outer loop
vertex 138.24397027876088 -62.7880354528021 6.736595626534022e-15
vertex 134.62050367876088 -76.31099705280215 6.292848949183286e-15
vertex 138.45102558453445 -76.31099705280215 6.761952588280229e-15
endloop
endfacet
facet normal -1.2246467991473515e-16 0 1
outer loop
vertex 138.24397027876088 -62.7880354528021 6.736595626534022e-15
vertex 138.45102558453445 -76.31099705280215 6.761952588280229e-15
vertex 142.07449132978275 -62.7880354528021 7.205699160954072e-15
endloop
endfacet
facet normal -1.2246467991473515e-16 0 1
outer loop
vertex 120.32108496683321 -75.58530787640106 4.541675213660289e-15
vertex 123.02939387356017 -76.31099705280215 4.873347397032833e-15
vertex 134.62050367876088 -76.31099705280215 6.292848949183286e-15
endloop
endfacet
facet normal -1.2246467991473515e-16 0 1
outer loop
vertex 120.32108496683321 -75.58530787640106 4.541675213660289e-15
vertex 134.62050367876088 -76.31099705280215 6.292848949183286e-15
vertex 131.9121947720339 -75.58530787640106 5.961176765810741e-15
endloop
endfacet
facet normal -1.2246467991473515e-16 0 1
outer loop
vertex 93.04665085490554 -71.4017552 1.2015203702875274e-15
vertex 93.04665085490554 -78.7062794 1.2015203702875274e-15
vertex 97.96355579537612 -78.7062794 1.8036675599934387e-15
endloop
endfacet
facet normal -1.2246467991473515e-16 0 1
outer loop
vertex 93.04665085490554 -71.4017552 1.2015203702875274e-15
vertex 97.96355579537612 -78.7062794 1.8036675599934387e-15
vertex 98.60261885490553 -71.4017552 1.881930213024039e-15
endloop
endfacet
facet normal -1.2246467991473515e-16 0 1
outer loop
vertex 75.04665085490554 -70.3732795 -1.0028438681777083e-15
vertex 75.04665085490554 -78.7062794 -1.0028438681777083e-15
vertex 79.04665085490554 -78.7062794 -5.129851485187671e-16
endloop
endfacet
facet normal -1.2246467991473515e-16 0 1
outer loop
vertex 75.04665085490554 -70.3732795 -1.0028438681777083e-15
vertex 79.04665085490554 -78.7062794 -5.129851485187671e-16
vertex 79.04665085490554 -70.3732795 -5.129851485187671e-16
endloop
endfacet
facet normal -1.2246467991473507e-16 1.5265946838766896e-31 1
outer loop
vertex 134.62050367876088 -76.31099705280215 6.292848949183286e-15
vertex 123.02939387356017 -76.31099705280215 4.873347397032833e-15
vertex 133.8440465668332 -79.20877447640103 6.197760377503545e-15
endloop
endfacet
facet normal -1.2246467991473507e-16 1.5265946838766896e-31 1
outer loop
vertex 134.62050367876088 -76.31099705280215 6.292848949183286e-15
vertex 133.8440465668332 -79.20877447640103 6.197760377503545e-15
vertex 137.67456865576787 -79.20877447640103 6.666864039031252e-15
endloop
endfacet
facet normal -1.2246467991473507e-16 1.5265946838766896e-31 1
outer loop
vertex 134.62050367876088 -76.31099705280215 6.292848949183286e-15
vertex 137.67456865576787 -79.20877447640103 6.666864039031252e-15
vertex 138.45102558453445 -76.31099705280215 6.761952588280229e-15
endloop
endfacet
facet normal -1.2246467991473532e-16 0 1
outer loop
vertex 93.04665085490554 -78.7062794 1.2015203702875274e-15
vertex 79.04665085490554 -78.7062794 -5.129851485187671e-16
vertex 75.04665085490554 -78.7062794 -1.0028438681777083e-15
endloop
endfacet
facet normal -1.2246467991473532e-16 0 1
outer loop
vertex 93.04665085490554 -78.7062794 1.2015203702875274e-15
vertex 75.04665085490554 -78.7062794 -1.0028438681777083e-15
vertex 75.04665085490554 -84.3732795 -1.0028438681777083e-15
endloop
endfacet
facet normal -1.2246467991473532e-16 0 1
outer loop
vertex 93.04665085490554 -78.7062794 1.2015203702875274e-15
vertex 75.04665085490554 -84.3732795 -1.0028438681777083e-15
vertex 97.46775753075273 -84.3732795 1.742949784214054e-15
endloop
endfacet
facet normal -1.2246467991473532e-16 0 1
outer loop
vertex 93.04665085490554 -78.7062794 1.2015203702875274e-15
vertex 97.46775753075273 -84.3732795 1.742949784214054e-15
vertex 97.96355579537612 -78.7062794 1.8036675599934387e-15
endloop
endfacet
facet normal -1.2246467991473515e-16 0 1
outer loop
vertex 57.046650854905536 -73.2062794 -3.2072081066429443e-15
vertex 57.046650854905536 -84.3732795 -3.2072081066429443e-15
vertex 61.046650854905536 -84.3732795 -2.717349386984003e-15
endloop
endfacet
facet normal -1.2246467991473515e-16 0 1
outer loop
vertex 57.046650854905536 -73.2062794 -3.2072081066429443e-15
vertex 61.046650854905536 -84.3732795 -2.717349386984003e-15
vertex 61.046650854905536 -73.2062794 -2.717349386984003e-15
endloop
endfacet
facet normal -1.2246467991473532e-16 0 1
outer loop
vertex 75.04665085490554 -84.3732795 -1.0028438681777083e-15
vertex 61.046650854905536 -84.3732795 -2.717349386984003e-15
vertex 57.046650854905536 -84.3732795 -3.2072081066429443e-15
endloop
endfacet
facet normal -1.2246467991473532e-16 0 1
outer loop
vertex 75.04665085490554 -84.3732795 -1.0028438681777083e-15
vertex 57.046650854905536 -84.3732795 -3.2072081066429443e-15
vertex 57.046650854905536 -85.348481 -3.2072081066429443e-15
endloop
endfacet
facet normal -1.2246467991473532e-16 0 1
outer loop
vertex 75.04665085490554 -84.3732795 -1.0028438681777083e-15
vertex 57.046650854905536 -85.348481 -3.2072081066429443e-15
vertex 97.38243845490551 -85.348481 1.7325012108998028e-15
endloop
endfacet
facet normal -1.2246467991473532e-16 0 1
outer loop
vertex 75.04665085490554 -84.3732795 -1.0028438681777083e-15
vertex 97.38243845490551 -85.348481 1.7325012108998028e-15
vertex 97.46775753075273 -84.3732795 1.742949784214054e-15
endloop
endfacet
facet normal -1.2246467991473515e-16 0 1
outer loop
vertex 112.29008317508436 -75.58530787640106 3.558161149839101e-15
vertex 111.32916425490554 -86.5686614 3.440482521855387e-15
vertex 117.37810429248499 -86.5686614 4.1812640273809815e-15
endloop
endfacet
facet normal -1.2246467991473515e-16 0 1
outer loop
vertex 112.29008317508436 -75.58530787640106 3.558161149839101e-15
vertex 117.37810429248499 -86.5686614 4.1812640273809815e-15
vertex 120.32108496683321 -75.58530787640106 4.541675213660289e-15
endloop
endfacet
facet normal -1.2246467991473515e-16 0 1
outer loop
vertex 57.046650854905536 -85.348481 -3.2072081066429443e-15
vertex 57.046650854905536 -86.5686614 -3.2072081066429443e-15
vertex 111.32916425490554 -86.5686614 3.440482521855387e-15
endloop
endfacet
facet normal -1.2246467991473515e-16 0 1
outer loop
vertex 57.046650854905536 -85.348481 -3.2072081066429443e-15
vertex 111.32916425490554 -86.5686614 3.440482521855387e-15
vertex 97.38243845490551 -85.348481 1.7325012108998028e-15
endloop
endfacet
facet normal -1.2246467991473532e-16 0 1
outer loop
vertex 111.32916425490554 -86.5686614 3.440482521855387e-15
vertex 57.046650854905536 -86.5686614 -3.2072081066429443e-15
vertex 57.046650854905536 -87.2062794 -3.2072081066429443e-15
endloop
endfacet
facet normal -1.2246467991473532e-16 0 1
outer loop
vertex 111.32916425490554 -86.5686614 3.440482521855387e-15
vertex 57.046650854905536 -87.2062794 -3.2072081066429443e-15
vertex 117.20725506619134 -87.2062794 4.160341031569249e-15
endloop
endfacet
facet normal -1.2246467991473532e-16 0 1
outer loop
vertex 111.32916425490554 -86.5686614 3.440482521855387e-15
vertex 117.20725506619134 -87.2062794 4.160341031569249e-15
vertex 117.37810429248499 -86.5686614 4.1812640273809815e-15
endloop
endfacet
facet normal -1.2246467991473515e-16 0 1
outer loop
vertex 39.34665085490553 -73.2062794 -5.37483294113376e-15
vertex 39.34665085490553 -87.2062794 -5.37483294113376e-15
vertex 43.046650854905536 -87.2062794 -4.921713625449238e-15
endloop
endfacet
facet normal -1.2246467991473515e-16 0 1
outer loop
vertex 39.34665085490553 -73.2062794 -5.37483294113376e-15
vertex 43.046650854905536 -87.2062794 -4.921713625449238e-15
vertex 43.046650854905536 -73.2062794 -4.921713625449238e-15
endloop
endfacet
facet normal -1.224646799147353e-16 0 1
outer loop
vertex 57.046650854905536 -87.2062794 -3.2072081066429443e-15
vertex 43.046650854905536 -87.2062794 -4.921713625449238e-15
vertex 39.34665085490553 -87.2062794 -5.37483294113376e-15
endloop
endfacet
facet normal -1.224646799147353e-16 0 1
outer loop
vertex 57.046650854905536 -87.2062794 -3.2072081066429443e-15
vertex 39.34665085490553 -87.2062794 -5.37483294113376e-15
vertex 39.34665085490553 -89.10826947640112 -5.37483294113376e-15
endloop
endfacet
facet normal -1.224646799147353e-16 0 1
outer loop
vertex 57.046650854905536 -87.2062794 -3.2072081066429443e-15
vertex 39.34665085490553 -89.10826947640112 -5.37483294113376e-15
vertex 116.69761836683318 -89.10826947640112 4.097928536309552e-15
endloop
endfacet
facet normal -1.224646799147353e-16 0 1
outer loop
vertex 57.046650854905536 -87.2062794 -3.2072081066429443e-15
vertex 116.69761836683318 -89.10826947640112 4.097928536309552e-15
vertex 117.20725506619134 -87.2062794 4.160341031569249e-15
endloop
endfacet
facet normal -1.2246467991473532e-16 0 1
outer loop
vertex 39.34665085490553 -89.10826947640112 -5.37483294113376e-15
vertex 39.34665085490553 -92.00604689999994 -5.37483294113376e-15
vertex 115.92116125490554 -92.00604689999994 4.002839964629813e-15
endloop
endfacet
facet normal -1.2246467991473532e-16 0 1
outer loop
vertex 39.34665085490553 -89.10826947640112 -5.37483294113376e-15
vertex 115.92116125490554 -92.00604689999994 4.002839964629813e-15
vertex 127.512271060106 -92.00604689999994 5.422341516780236e-15
endloop
endfacet
facet normal -1.2246467991473532e-16 0 1
outer loop
vertex 39.34665085490553 -89.10826947640112 -5.37483294113376e-15
vertex 127.512271060106 -92.00604689999994 5.422341516780236e-15
vertex 116.69761836683318 -89.10826947640112 4.097928536309552e-15
endloop
endfacet
facet normal -1.2246467991473515e-16 0 1
outer loop
vertex 133.8440465668332 -79.20877447640103 6.197760377503545e-15
vertex 130.2205799668332 -92.7317360764011 5.754013700152809e-15
vertex 134.05110291051955 -92.7317360764011 6.2231174663574084e-15
endloop
endfacet
facet normal -1.2246467991473515e-16 0 1
outer loop
vertex 133.8440465668332 -79.20877447640103 6.197760377503545e-15
vertex 134.05110291051955 -92.7317360764011 6.2231174663574084e-15
vertex 137.67456865576787 -79.20877447640103 6.666864039031252e-15
endloop
endfacet
facet normal -1.2246467991473515e-16 0 1
outer loop
vertex 115.92116125490554 -92.00604689999994 4.002839964629813e-15
vertex 118.6294701616327 -92.7317360764011 4.334512148002379e-15
vertex 130.2205799668332 -92.7317360764011 5.754013700152809e-15
endloop
endfacet
facet normal -1.2246467991473515e-16 0 1
outer loop
vertex 115.92116125490554 -92.00604689999994 4.002839964629813e-15
vertex 130.2205799668332 -92.7317360764011 5.754013700152809e-15
vertex 127.512271060106 -92.00604689999994 5.422341516780236e-15
endloop
endfacet
facet normal -1.2246467991473532e-16 0 1
outer loop
vertex 39.34665085490553 -92.00604689999994 -5.37483294113376e-15
vertex 39.34665085490553 -93.264088 -5.37483294113376e-15
vertex 62.724767854905565 -93.264088 -2.5118393257195235e-15
endloop
endfacet
facet normal -1.2246467991473532e-16 0 1
outer loop
vertex 39.34665085490553 -92.00604689999994 -5.37483294113376e-15
vertex 62.724767854905565 -93.264088 -2.5118393257195235e-15
vertex 115.58407016183631 -93.264088 3.9615582118149796e-15
endloop
endfacet
facet normal -1.2246467991473532e-16 0 1
outer loop
vertex 39.34665085490553 -92.00604689999994 -5.37483294113376e-15
vertex 115.58407016183631 -93.264088 3.9615582118149796e-15
vertex 115.92116125490554 -92.00604689999994 4.002839964629813e-15
endloop
endfacet
facet normal -1.2246467991473515e-16 0 1
outer loop
vertex 39.34665085490553 -93.264088 -5.37483294113376e-15
vertex 39.34665085490553 -95.4451247 -5.37483294113376e-15
vertex 50.35549417253924 -95.4451247 -4.026638468008275e-15
endloop
endfacet
facet normal -1.2246467991473515e-16 0 1
outer loop
vertex 39.34665085490553 -93.264088 -5.37483294113376e-15
vertex 50.35549417253924 -95.4451247 -4.026638468008275e-15
vertex 62.724767854905565 -93.264088 -2.5118393257195235e-15
endloop
endfacet
facet normal -1.224646799147352e-16 4.579784051630125e-31 1
outer loop
vertex 130.2205799668332 -92.7317360764011 5.754013700152809e-15
vertex 118.6294701616327 -92.7317360764011 4.334512148002379e-15
vertex 129.44412285490554 -95.6295135 5.658925128473069e-15
endloop
endfacet
facet normal -1.224646799147352e-16 4.579784051630125e-31 1
outer loop
vertex 130.2205799668332 -92.7317360764011 5.754013700152809e-15
vertex 129.44412285490554 -95.6295135 5.658925128473069e-15
vertex 133.27464598175297 -95.6295135 6.128028917108431e-15
endloop
endfacet
facet normal -1.224646799147352e-16 4.579784051630125e-31 1
outer loop
vertex 130.2205799668332 -92.7317360764011 5.754013700152809e-15
vertex 133.27464598175297 -95.6295135 6.128028917108431e-15
vertex 134.05110291051955 -92.7317360764011 6.2231174663574084e-15
endloop
endfacet
facet normal -1.2246467991473515e-16 0 1
outer loop
vertex 39.34665085490553 -95.4451247 -5.37483294113376e-15
vertex 38.81044244336121 -95.69516250000001 -5.440499532621124e-15
vertex 48.93745935490551 -95.69516250000001 -4.200297648057739e-15
endloop
endfacet
facet normal -1.2246467991473515e-16 0 1
outer loop
vertex 39.34665085490553 -95.4451247 -5.37483294113376e-15
vertex 48.93745935490551 -95.69516250000001 -4.200297648057739e-15
vertex 50.35549417253924 -95.4451247 -4.026638468008275e-15
endloop
endfacet
facet normal -1.224646799147353e-16 1.0469500357803598e-31 1
outer loop
vertex 38.81044244336121 -95.69516250000001 -5.440499532621124e-15
vertex 33.47536992492189 -98.1829448 -6.0938574809136954e-15
vertex 41.04722185490553 -98.1829448 -5.1665730579464784e-15
endloop
endfacet
facet normal -1.224646799147353e-16 1.0469500357803598e-31 1
outer loop
vertex 38.81044244336121 -95.69516250000001 -5.440499532621124e-15
vertex 41.04722185490553 -98.1829448 -5.1665730579464784e-15
vertex 49.376122500151126 -98.1829448 -4.146576906384844e-15
endloop
endfacet
facet normal -1.224646799147353e-16 1.0469500357803598e-31 1
outer loop
vertex 38.81044244336121 -95.69516250000001 -5.440499532621124e-15
vertex 49.376122500151126 -98.1829448 -4.146576906384844e-15
vertex 48.93745935490551 -95.69516250000001 -4.200297648057739e-15
endloop
endfacet
facet normal -1.2246467991473515e-16 0 1
outer loop
vertex 33.47536992492189 -98.1829448 -6.0938574809136954e-15
vertex 25.1939108049057 -102.04464814999994 -7.108043721273445e-15
vertex 24.96173444021659 -102.17600878892623 -7.136477125458864e-15
endloop
endfacet
facet normal -1.2246467991473515e-16 0 1
outer loop
vertex 33.47536992492189 -98.1829448 -6.0938574809136954e-15
vertex 24.96173444021659 -102.17600878892623 -7.136477125458864e-15
vertex 24.752965899735727 -102.34207256668867 -7.162043897945119e-15
endloop
endfacet
facet normal -1.2246467991473515e-16 0 1
outer loop
vertex 33.47536992492189 -98.1829448 -6.0938574809136954e-15
vertex 24.752965899735727 -102.34207256668867 -7.162043897945119e-15
vertex 24.57274576432434 -102.53875043674917 -7.184114499142464e-15
endloop
endfacet
facet normal -1.2246467991473515e-16 0 1
outer loop
vertex 33.47536992492189 -98.1829448 -6.0938574809136954e-15
vertex 24.57274576432434 -102.53875043674917 -7.184114499142464e-15
vertex 24.42551165747122 -102.76119953105685 -7.202145476910763e-15
endloop
endfacet
facet normal -1.2246467991473515e-16 0 1
outer loop
vertex 33.47536992492189 -98.1829448 -6.0938574809136954e-15
vertex 24.42551165747122 -102.76119953105685 -7.202145476910763e-15
vertex 24.314888976135222 -103.00394240768448 -7.215692848171886e-15
endloop
endfacet
facet normal -1.2246467991473515e-16 0 1
outer loop
vertex 33.47536992492189 -98.1829448 -6.0938574809136954e-15
vertex 24.314888976135222 -103.00394240768448 -7.215692848171886e-15
vertex 24.243601621327855 -103.26100192379671 -7.224423031260338e-15
endloop
endfacet
facet normal -1.2246467991473515e-16 0 1
outer loop
vertex 33.47536992492189 -98.1829448 -6.0938574809136954e-15
vertex 24.243601621327855 -103.26100192379671 -7.224423031260338e-15
vertex 24.213404926543973 -103.52604841293262 -7.22812105982153e-15
endloop
endfacet
facet normal -1.2246467991473515e-16 0 1
outer loop
vertex 33.47536992492189 -98.1829448 -6.0938574809136954e-15
vertex 24.213404926543973 -103.52604841293262 -7.22812105982153e-15
vertex 24.225042435570884 -103.79255554259869 -7.226695876003544e-15
endloop
endfacet
facet normal -1.2246467991473515e-16 0 1
outer loop
vertex 33.47536992492189 -98.1829448 -6.0938574809136954e-15
vertex 24.225042435570884 -103.79255554259869 -7.226695876003544e-15
vertex 24.27822759394968 -104.05396101443799 -7.22018257260647e-15
endloop
endfacet
facet normal -1.2246467991473515e-16 0 1
outer loop
vertex 33.47536992492189 -98.1829448 -6.0938574809136954e-15
vertex 24.27822759394968 -104.05396101443799 -7.22018257260647e-15
vertex 24.295291142942546 -104.0996004 -7.21809289054085e-15
endloop
endfacet
facet normal -1.2246467991473515e-16 0 1
outer loop
vertex 33.47536992492189 -98.1829448 -6.0938574809136954e-15
vertex 24.295291142942546 -104.0996004 -7.21809289054085e-15
vertex 28.358912854905526 -104.0996004 -6.720442758290734e-15
endloop
endfacet
facet normal -1.2246467991473515e-16 0 1
outer loop
vertex 33.47536992492189 -98.1829448 -6.0938574809136954e-15
vertex 28.358912854905526 -104.0996004 -6.720442758290734e-15
vertex 41.04722185490553 -98.1829448 -5.1665730579464784e-15
endloop
endfacet
facet normal -1.2246467991473515e-16 0 1
outer loop
vertex 62.724767854905565 -93.264088 -2.5118393257195235e-15
vertex 64.88740427317943 -105.52900849999999 -2.2469927489836653e-15
vertex 112.29769465490554 -105.52900849999999 3.559093287279077e-15
endloop
endfacet
facet normal -1.2246467991473515e-16 0 1
outer loop
vertex 62.724767854905565 -93.264088 -2.5118393257195235e-15
vertex 112.29769465490554 -105.52900849999999 3.559093287279077e-15
vertex 115.58407016183631 -93.264088 3.9615582118149796e-15
endloop
endfacet
facet normal -1.2246467991473515e-16 0 1
outer loop
vertex 64.88740427317943 -105.52900849999999 -2.2469927489836653e-15
vertex 65.15584235490553 -107.0513965 -2.2141185652281524e-15
vertex 117.97932408245444 -107.0513965 4.254892216517996e-15
endloop
endfacet
facet normal -1.2246467991473515e-16 0 1
outer loop
vertex 64.88740427317943 -105.52900849999999 -2.2469927489836653e-15
vertex 117.97932408245444 -107.0513965 4.254892216517996e-15
vertex 112.29769465490554 -105.52900849999999 3.559093287279077e-15
endloop
endfacet
facet normal -1.2246467991473532e-16 0 1
outer loop
vertex 65.15584235490553 -107.0513965 -2.2141185652281524e-15
vertex 58.81576503794679 -108.1693232 -2.9905541044841785e-15
vertex 109.78763295490546 -108.1693232 3.2516993846223317e-15
endloop
endfacet
facet normal -1.2246467991473532e-16 0 1
outer loop
vertex 65.15584235490553 -107.0513965 -2.2141185652281524e-15
vertex 109.78763295490546 -108.1693232 3.2516993846223317e-15
vertex 122.15148337204602 -108.1693232 4.765834368471115e-15
endloop
endfacet
facet normal -1.2246467991473532e-16 0 1
outer loop
vertex 65.15584235490553 -107.0513965 -2.2141185652281524e-15
vertex 122.15148337204602 -108.1693232 4.765834368471115e-15
vertex 117.97932408245444 -107.0513965 4.254892216517996e-15
endloop
endfacet
facet normal -1.2246467991473515e-16 0 1
outer loop
vertex 129.44412285490554 -95.6295135 5.658925128473069e-15
vertex 125.82065625490553 -109.1524751 5.215178451122334e-15
vertex 129.65118023650467 -109.1524751 5.684282344434591e-15
endloop
endfacet
facet normal -1.2246467991473515e-16 0 1
outer loop
vertex 129.44412285490554 -95.6295135 5.658925128473069e-15
vertex 129.65118023650467 -109.1524751 5.684282344434591e-15
vertex 133.27464598175297 -95.6295135 6.128028917108431e-15
endloop
endfacet
facet normal -1.2246467991473515e-16 0 1
outer loop
vertex 109.78763295490546 -108.1693232 3.2516993846223317e-15
vertex 113.456805179066 -109.1524751 3.701043386606189e-15
vertex 125.82065625490553 -109.1524751 5.215178451122334e-15
endloop
endfacet
facet normal -1.2246467991473515e-16 0 1
outer loop
vertex 109.78763295490546 -108.1693232 3.2516993846223317e-15
vertex 125.82065625490553 -109.1524751 5.215178451122334e-15
vertex 122.15148337204602 -108.1693232 4.765834368471115e-15
endloop
endfacet
facet normal -1.2246467991473515e-16 0 1
outer loop
vertex 58.81576503794679 -108.1693232 -2.9905541044841785e-15
vertex 51.36853385490552 -109.482471 -3.902576887566363e-15
vertex 77.2905615556098 -109.482471 -7.280440624587114e-16
endloop
endfacet
facet normal -1.2246467991473515e-16 0 1
outer loop
vertex 58.81576503794679 -108.1693232 -2.9905541044841785e-15
vertex 77.2905615556098 -109.482471 -7.280440624587114e-16
vertex 109.78763295490546 -108.1693232 3.2516993846223317e-15
endloop
endfacet
facet normal -1.2246467991473515e-16 0 1
outer loop
vertex 41.04722185490553 -98.1829448 -5.1665730579464784e-15
vertex 46.31627740585222 -109.482471 -4.521299856446833e-15
vertex 51.36853385490552 -109.482471 -3.902576887566363e-15
endloop
endfacet
facet normal -1.2246467991473515e-16 0 1
outer loop
vertex 41.04722185490553 -98.1829448 -5.1665730579464784e-15
vertex 51.36853385490552 -109.482471 -3.902576887566363e-15
vertex 49.376122500151126 -98.1829448 -4.146576906384844e-15
endloop
endfacet
facet normal -1.2246467991473532e-16 -5.961920509589975e-31 1
outer loop
vertex 51.36853385490552 -109.482471 -3.902576887566363e-15
vertex 46.31627740585222 -109.482471 -4.521299856446833e-15
vertex 46.49946356978677 -109.87531500000001 -4.49886602151578e-15
endloop
endfacet
facet normal -1.2246467991473532e-16 -5.961920509589975e-31 1
outer loop
vertex 51.36853385490552 -109.482471 -3.902576887566363e-15
vertex 46.49946356978677 -109.87531500000001 -4.49886602151578e-15
vertex 67.56867075490544 -109.87531500000001 -1.9186323075329805e-15
endloop
endfacet
facet normal -1.2246467991473532e-16 -5.961920509589975e-31 1
outer loop
vertex 51.36853385490552 -109.482471 -3.902576887566363e-15
vertex 67.56867075490544 -109.87531500000001 -1.9186323075329805e-15
vertex 77.2905615556098 -109.482471 -7.280440624587114e-16
endloop
endfacet
facet normal -1.2246467991473515e-16 0 1
outer loop
vertex 46.49946356978677 -109.87531500000001 -4.49886602151578e-15
vertex 46.96387745490553 -110.87125380000002 -4.441991723726752e-15
vertex 61.92042115078736 -110.87125380000002 -2.6103433873798315e-15
endloop
endfacet
facet normal -1.2246467991473515e-16 0 1
outer loop
vertex 46.49946356978677 -109.87531500000001 -4.49886602151578e-15
vertex 61.92042115078736 -110.87125380000002 -2.6103433873798315e-15
vertex 67.56867075490544 -109.87531500000001 -1.9186323075329805e-15
endloop
endfacet
facet normal -1.2246467991473535e-16 -5.177586420654043e-32 1
outer loop
vertex 125.82065625490553 -109.1524751 5.215178451122334e-15
vertex 113.456805179066 -109.1524751 3.701043386606189e-15
vertex 122.65487669153778 -111.61709134893925 4.8274822702138914e-15
endloop
endfacet
facet normal -1.2246467991473535e-16 -5.177586420654043e-32 1
outer loop
vertex 125.82065625490553 -109.1524751 5.215178451122334e-15
vertex 122.65487669153778 -111.61709134893925 4.8274822702138914e-15
vertex 128.98520874296173 -111.61709134893925 5.6027243586455176e-15
endloop
endfacet
facet normal -1.2246467991473535e-16 -5.177586420654043e-32 1
outer loop
vertex 125.82065625490553 -109.1524751 5.215178451122334e-15
vertex 128.98520874296173 -111.61709134893925 5.6027243586455176e-15
vertex 129.00635536782193 -111.558994866154 5.605314073290296e-15
endloop
endfacet
facet normal -1.2246467991473535e-16 -5.177586420654043e-32 1
outer loop
vertex 125.82065625490553 -109.1524751 5.215178451122334e-15
vertex 129.00635536782193 -111.558994866154 5.605314073290296e-15
vertex 129.65118023650467 -109.1524751 5.684282344434591e-15
endloop
endfacet
facet normal 1.2246467991473581e-16 1.6101999038660543e-25 -1
outer loop
vertex 127.40785062756063 -111.61709386683287 5.409553701932011e-15
vertex 127.32069490741378 -111.61709134893925 5.398880204561489e-15
vertex 127.40785062756063 -111.61709386683287 5.409553701932011e-15
endloop
endfacet
facet normal 1.2246467991473581e-16 1.6101999038660543e-25 -1
outer loop
vertex 127.40785062756063 -111.61709386683287 5.409553701932011e-15
vertex 127.40785062756063 -111.61709386683287 5.409553701932011e-15
vertex 128.98520874296173 -111.61709134893925 5.6027243586455176e-15
endloop
endfacet
facet normal 1.2246467991473542e-16 -1.6893328790336396e-25 -1
outer loop
vertex 122.65487669153778 -111.61709134893925 4.8274822702138914e-15
vertex 127.29135070738664 -111.61709134893925 5.39528657649781e-15
vertex 127.40785062756063 -111.61709386683287 5.409553701932011e-15
endloop
endfacet
facet normal 1.2246467991473542e-16 -1.6893328790336396e-25 -1
outer loop
vertex 122.65487669153778 -111.61709134893925 4.8274822702138914e-15
vertex 127.40785062756063 -111.61709386683287 5.409553701932011e-15
vertex 127.29135070738664 -111.61709134893925 5.39528657649781e-15
endloop
endfacet
facet normal -1.2246467991473515e-16 0 1
outer loop
vertex 122.65487669153778 -111.61709134893925 4.8274822702138914e-15
vertex 126.92428910490534 -112.76107714999995 5.350334494840948e-15
vertex 127.21611591946055 -112.81253317345602 5.386072972275989e-15
endloop
endfacet
facet normal -1.2246467991473515e-16 0 1
outer loop
vertex 122.65487669153778 -111.61709134893925 4.8274822702138914e-15
vertex 127.21611591946055 -112.81253317345602 5.386072972275989e-15
vertex 127.5124444736744 -112.81253317345602 5.422362753817384e-15
endloop
endfacet
facet normal -1.2246467991473515e-16 0 1
outer loop
vertex 122.65487669153778 -111.61709134893925 4.8274822702138914e-15
vertex 127.5124444736744 -112.81253317345602 5.422362753817384e-15
vertex 127.8042710333915 -112.76107497095992 5.458101200043756e-15
endloop
endfacet
facet normal -1.2246467991473515e-16 0 1
outer loop
vertex 122.65487669153778 -111.61709134893925 4.8274822702138914e-15
vertex 127.8042710333915 -112.76107497095992 5.458101200043756e-15
vertex 128.08272865438357 -112.65972426620357 5.4922024234683705e-15
endloop
endfacet
facet normal -1.2246467991473515e-16 0 1
outer loop
vertex 122.65487669153778 -111.61709134893925 4.8274822702138914e-15
vertex 128.08272865438357 -112.65972426620357 5.4922024234683705e-15
vertex 128.33935659819815 -112.51155979510254 5.523630282464798e-15
endloop
endfacet
facet normal -1.2246467991473515e-16 0 1
outer loop
vertex 122.65487669153778 -111.61709134893925 4.8274822702138914e-15
vertex 128.33935659819815 -112.51155979510254 5.523630282464798e-15
vertex 128.56635740573006 -112.32108343062936 5.551429863699579e-15
endloop
endfacet
facet normal -1.2246467991473515e-16 0 1
outer loop
vertex 122.65487669153778 -111.61709134893925 4.8274822702138914e-15
vertex 128.56635740573006 -112.32108343062936 5.551429863699579e-15
vertex 128.7568338175181 -112.09408266279907 5.574756496500509e-15
endloop
endfacet
facet normal -1.2246467991473515e-16 0 1
outer loop
vertex 122.65487669153778 -111.61709134893925 4.8274822702138914e-15
vertex 128.7568338175181 -112.09408266279907 5.574756496500509e-15
vertex 128.90499834210914 -111.83745474986708 5.592901417579269e-15
endloop
endfacet
facet normal -1.2246467991473515e-16 0 1
outer loop
vertex 122.65487669153778 -111.61709134893925 4.8274822702138914e-15
vertex 128.90499834210914 -111.83745474986708 5.592901417579269e-15
vertex 128.98520874296173 -111.61709134893925 5.6027243586455176e-15
endloop
endfacet
facet normal -1.2246467991473515e-16 0 1
outer loop
vertex 46.96387745490553 -110.87125380000002 -4.441991723726752e-15
vertex 42.48067847000108 -112.96180379999996 -4.991025252407142e-15
vertex 50.064322954905734 -112.96180379999996 -4.062296657976146e-15
endloop
endfacet
facet normal -1.2246467991473515e-16 0 1
outer loop
vertex 46.96387745490553 -110.87125380000002 -4.441991723726752e-15
vertex 50.064322954905734 -112.96180379999996 -4.062296657976146e-15
vertex 61.92042115078736 -110.87125380000002 -2.6103433873798315e-15
endloop
endfacet
facet normal -1.2246467991473515e-16 0 1
outer loop
vertex 42.48067847000108 -112.96180379999996 -4.991025252407142e-15
vertex 42.456041730913924 -112.97329210000004 -4.994042382773594e-15
vertex 50.027886654905444 -112.97329210000004 -4.066758817792959e-15
endloop
endfacet
facet normal -1.2246467991473515e-16 0 1
outer loop
vertex 42.48067847000108 -112.96180379999996 -4.991025252407142e-15
vertex 50.027886654905444 -112.97329210000004 -4.066758817792959e-15
vertex 50.064322954905734 -112.96180379999996 -4.062296657976146e-15
endloop
endfacet
facet normal -1.2246467991473515e-16 0 1
outer loop
vertex 42.456041730913924 -112.97329210000004 -4.994042382773594e-15
vertex 34.27556845490548 -116.78790940000002 -5.995861424071014e-15
vertex 41.84741341128991 -116.78790940000002 -5.0685778551233924e-15
endloop
endfacet
facet normal -1.2246467991473515e-16 0 1
outer loop
vertex 42.456041730913924 -112.97329210000004 -4.994042382773594e-15
vertex 41.84741341128991 -116.78790940000002 -5.0685778551233924e-15
vertex 50.027886654905444 -112.97329210000004 -4.066758817792959e-15
endloop
endfacet
facet normal -1.2246467991473515e-16 0 1
outer loop
vertex 24.295291142942546 -104.0996004 -7.21809289054085e-15
vertex 24.37164665490559 -104.30382630000013 -7.20874203720857e-15
vertex 30.193068207875513 -116.78790940000002 -6.495823510075367e-15
endloop
endfacet
facet normal -1.2246467991473515e-16 0 1
outer loop
vertex 24.295291142942546 -104.0996004 -7.21809289054085e-15
vertex 30.193068207875513 -116.78790940000002 -6.495823510075367e-15
vertex 34.27556845490548 -116.78790940000002 -5.995861424071014e-15
endloop
endfacet
facet normal -1.2246467991473515e-16 0 1
outer loop
vertex 24.295291142942546 -104.0996004 -7.21809289054085e-15
vertex 34.27556845490548 -116.78790940000002 -5.995861424071014e-15
vertex 28.358912854905526 -104.0996004 -6.720442758290734e-15
endloop
endfacet
facet normal -1.2246467991473537e-16 1.0723892611057531e-31 1
outer loop
vertex 34.27556845490548 -116.78790940000002 -5.995861424071014e-15
vertex 30.193068207875513 -116.78790940000002 -6.495823510075367e-15
vertex 31.453401519751537 -119.49070383877954 -6.341477194450591e-15
endloop
endfacet
facet normal -1.2246467991473537e-16 1.0723892611057531e-31 1
outer loop
vertex 34.27556845490548 -116.78790940000002 -5.995861424071014e-15
vertex 31.453401519751537 -119.49070383877954 -6.341477194450591e-15
vertex 33.14045722967225 -119.49070383877954 -6.1348724569368245e-15
endloop
endfacet
facet normal -1.2246467991473537e-16 1.0723892611057531e-31 1
outer loop
vertex 34.27556845490548 -116.78790940000002 -5.995861424071014e-15
vertex 33.14045722967225 -119.49070383877954 -6.1348724569368245e-15
vertex 36.05125200096211 -119.49070383877954 -5.7784029069733265e-15
endloop
endfacet
facet normal -1.2246467991473537e-16 1.0723892611057531e-31 1
outer loop
vertex 34.27556845490548 -116.78790940000002 -5.995861424071014e-15
vertex 36.05125200096211 -119.49070383877954 -5.7784029069733265e-15
vertex 41.84741341128991 -116.78790940000002 -5.0685778551233924e-15
endloop
endfacet
facet normal -1.2246467991473515e-16 0 1
outer loop
vertex 33.14045722967225 -119.49070383877954 -6.1348724569368245e-15
vertex 31.453401519751537 -119.49070383877954 -6.341477194450591e-15
vertex 31.556153104905604 -119.7110554000001 -6.328893754463967e-15
endloop
endfacet
facet normal -1.2246467991473515e-16 0 1
outer loop
vertex 33.14045722967225 -119.49070383877954 -6.1348724569368245e-15
vertex 31.556153104905604 -119.7110554000001 -6.328893754463967e-15
vertex 31.687511809206626 -119.9432339672931 -6.312806952787728e-15
endloop
endfacet
facet normal -1.2246467991473515e-16 0 1
outer loop
vertex 33.14045722967225 -119.49070383877954 -6.1348724569368245e-15
vertex 31.687511809206626 -119.9432339672931 -6.312806952787728e-15
vertex 31.853574139526017 -120.15200489140577 -6.2924701826592685e-15
endloop
endfacet
facet normal -1.2246467991473515e-16 0 1
outer loop
vertex 33.14045722967225 -119.49070383877954 -6.1348724569368245e-15
vertex 31.853574139526017 -120.15200489140577 -6.2924701826592685e-15
vertex 32.05025105540136 -120.33222749561484 -6.268384207109977e-15
endloop
endfacet
facet normal -1.2246467991473515e-16 0 1
outer loop
vertex 33.14045722967225 -119.49070383877954 -6.1348724569368245e-15
vertex 32.05025105540136 -120.33222749561484 -6.268384207109977e-15
vertex 32.272699677260675 -120.47946406355466 -6.241142107836502e-15
endloop
endfacet
facet normal -1.2246467991473515e-16 0 1
outer loop
vertex 33.14045722967225 -119.49070383877954 -6.1348724569368245e-15
vertex 32.272699677260675 -120.47946406355466 -6.241142107836502e-15
vertex 32.51544253520623 -120.5900891114529 -6.2114146814366116e-15
endloop
endfacet
facet normal -1.2246467991473515e-16 0 1
outer loop
vertex 33.14045722967225 -119.49070383877954 -6.1348724569368245e-15
vertex 32.51544253520623 -120.5900891114529 -6.2114146814366116e-15
vertex 32.77250244364552 -120.66137866033002 -6.179933922030683e-15
endloop
endfacet
facet normal -1.2246467991473515e-16 0 1
outer loop
vertex 33.14045722967225 -119.49070383877954 -6.1348724569368245e-15
vertex 32.77250244364552 -120.66137866033002 -6.179933922030683e-15
vertex 33.03754968069154 -120.69157730997375 -6.147474996983557e-15
endloop
endfacet
facet normal -1.2246467991473515e-16 0 1
outer loop
vertex 33.14045722967225 -119.49070383877954 -6.1348724569368245e-15
vertex 33.03754968069154 -120.69157730997375 -6.147474996983557e-15
vertex 33.30405784824583 -120.67994146308496 -6.114837159549358e-15
endloop
endfacet
facet normal -1.2246467991473515e-16 0 1
outer loop
vertex 33.14045722967225 -119.49070383877954 -6.1348724569368245e-15
vertex 33.30405784824583 -120.67994146308496 -6.114837159549358e-15
vertex 33.56546457494696 -120.62675763526686 -6.082824068436346e-15
endloop
endfacet
facet normal -1.2246467991473515e-16 0 1
outer loop
vertex 33.14045722967225 -119.49070383877954 -6.1348724569368245e-15
vertex 33.56546457494696 -120.62675763526686 -6.082824068436346e-15
vertex 33.8153312549054 -120.53333080000007 -6.052224225453878e-15
endloop
endfacet
facet normal -1.2246467991473515e-16 0 1
outer loop
vertex 33.14045722967225 -119.49070383877954 -6.1348724569368245e-15
vertex 33.8153312549054 -120.53333080000007 -6.052224225453878e-15
vertex 36.05125200096211 -119.49070383877954 -5.7784029069733265e-15
endloop
endfacet
facet normal 0 0 -1
outer loop
vertex 32.772502443645436 -120.66137866033002 -2.2000000000000064
vertex 32.515442535206375 -120.59008911145295 -2.2000000000000064
vertex 32.27269967726079 -120.47946406355469 -2.2000000000000064
endloop
endfacet
facet normal 0 0 -1
outer loop
vertex 32.772502443645436 -120.66137866033002 -2.2000000000000064
vertex 32.27269967726079 -120.47946406355469 -2.2000000000000064
vertex 32.05025105540108 -120.33222749561462 -2.2000000000000064
endloop
endfacet
facet normal 0 0 -1
outer loop
vertex 32.772502443645436 -120.66137866033002 -2.2000000000000064
vertex 32.05025105540108 -120.33222749561462 -2.2000000000000064
vertex 31.85357413952596 -120.15200489140575 -2.2000000000000064
endloop
endfacet
facet normal 0 0 -1
outer loop
vertex 32.772502443645436 -120.66137866033002 -2.2000000000000064
vertex 31.85357413952596 -120.15200489140575 -2.2000000000000064
vertex 31.687511809206768 -119.94323396729331 -2.2000000000000064
endloop
endfacet
facet normal 0 0 -1
outer loop
vertex 32.772502443645436 -120.66137866033002 -2.2000000000000064
vertex 31.687511809206768 -119.94323396729331 -2.2000000000000064
vertex 31.55615310490552 -119.71105539999988 -2.2000000000000064
endloop
endfacet
facet normal 0 0 -1
outer loop
vertex 32.772502443645436 -120.66137866033002 -2.2000000000000064
vertex 31.55615310490552 -119.71105539999988 -2.2000000000000064
vertex 31.453403137366195 -119.49070730776647 -2.2000000000000064
endloop
endfacet
facet normal 0 0 -1
outer loop
vertex 32.772502443645436 -120.66137866033002 -2.2000000000000064
vertex 31.453403137366195 -119.49070730776647 -2.2000000000000064
vertex 33.05330218678483 -119.49070383877954 -2.2000000000000064
endloop
endfacet
facet normal 0 0 -1
outer loop
vertex 32.772502443645436 -120.66137866033002 -2.2000000000000064
vertex 33.05330218678483 -119.49070383877954 -2.2000000000000064
vertex 33.140457229672336 -119.49070383877954 -2.2000000000000064
endloop
endfacet
facet normal 0 0 -1
outer loop
vertex 32.772502443645436 -120.66137866033002 -2.2000000000000064
vertex 33.140457229672336 -119.49070383877954 -2.2000000000000064
vertex 36.05125200096208 -119.49070383877954 -2.200000000000006
endloop
endfacet
facet normal 0 0 -1
outer loop
vertex 32.772502443645436 -120.66137866033002 -2.2000000000000064
vertex 36.05125200096208 -119.49070383877954 -2.200000000000006
vertex 33.81533125490546 -120.53333080000003 -2.2000000000000064
endloop
endfacet
facet normal 0 0 -1
outer loop
vertex 32.772502443645436 -120.66137866033002 -2.2000000000000064
vertex 33.81533125490546 -120.53333080000003 -2.2000000000000064
vertex 33.56546457494679 -120.6267576352669 -2.2000000000000064
endloop
endfacet
facet normal 0 0 -1
outer loop
vertex 32.772502443645436 -120.66137866033002 -2.2000000000000064
vertex 33.56546457494679 -120.6267576352669 -2.2000000000000064
vertex 33.30405784824586 -120.67994146308496 -2.2000000000000064
endloop
endfacet
facet normal 0 0 -1
outer loop
vertex 32.772502443645436 -120.66137866033002 -2.2000000000000064
vertex 33.30405784824586 -120.67994146308496 -2.2000000000000064
vertex 33.03754968069151 -120.69157730997375 -2.2000000000000064
endloop
endfacet
facet normal 0 0 -1
outer loop
vertex 33.140457229672336 -119.49070383877954 -2.2000000000000064
vertex 33.22628818176699 -119.47556946851688 -2.2000000000000064
vertex 36.083707762905135 -119.47556946851688 -2.200000000000006
endloop
endfacet
facet normal 0 0 -1
outer loop
vertex 33.140457229672336 -119.49070383877954 -2.2000000000000064
vertex 36.083707762905135 -119.47556946851688 -2.200000000000006
vertex 36.05125200096208 -119.49070383877954 -2.200000000000006
endloop
endfacet
facet normal 0 0 -1
outer loop
vertex 31.446344249423277 -119.47556946851688 -2.2000000000000064
vertex 32.96746912052808 -119.47556946851688 -2.2000000000000064
vertex 33.05330218678483 -119.49070383877954 -2.2000000000000064
endloop
endfacet
facet normal 0 0 -1
outer loop
vertex 31.446344249423277 -119.47556946851688 -2.2000000000000064
vertex 33.05330218678483 -119.49070383877954 -2.2000000000000064
vertex 31.453403137366195 -119.49070730776647 -2.2000000000000064
endloop
endfacet
facet normal 0 0 -1
outer loop
vertex 33.22628818176699 -119.47556946851688 -2.2000000000000064
vertex 33.308189354905664 -119.44576149999993 -2.2000000000000064
vertex 36.14763115802512 -119.44576149999993 -2.200000000000006
endloop
endfacet
facet normal 0 0 -1
outer loop
vertex 33.22628818176699 -119.47556946851688 -2.2000000000000064
vertex 36.14763115802512 -119.44576149999993 -2.200000000000006
vertex 36.083707762905135 -119.47556946851688 -2.200000000000006
endloop
endfacet
facet normal 0 0 -1
outer loop
vertex 31.446344249423277 -119.47556946851688 -2.2000000000000064
vertex 31.432444570208958 -119.44576149999993 -2.2000000000000064
vertex 32.88557313955491 -119.44576149999993 -2.2000000000000064
endloop
endfacet
facet normal 0 0 -1
outer loop
vertex 31.446344249423277 -119.47556946851688 -2.2000000000000064
vertex 32.88557313955491 -119.44576149999993 -2.2000000000000064
vertex 32.96746912052808 -119.47556946851688 -2.2000000000000064
endloop
endfacet
facet normal 0 0 -1
outer loop
vertex 31.432444570208958 -119.44576149999993 -2.2000000000000064
vertex 31.412124321443883 -119.40218457091349 -2.2000000000000064
vertex 32.81009351532933 -119.40218457091349 -2.2000000000000064
endloop
endfacet
facet normal 0 0 -1
outer loop
vertex 31.432444570208958 -119.44576149999993 -2.2000000000000064
vertex 32.81009351532933 -119.40218457091349 -2.2000000000000064
vertex 32.88557313955491 -119.44576149999993 -2.2000000000000064
endloop
endfacet
facet normal 0 0 -1
outer loop
vertex 31.412124321443883 -119.40218457091349 -2.2000000000000064
vertex 31.38600099706977 -119.34616290174435 -2.2000000000000064
vertex 32.743328255878055 -119.34616290174435 -2.2000000000000064
endloop
endfacet
facet normal 0 0 -1
outer loop
vertex 31.412124321443883 -119.40218457091349 -2.2000000000000064
vertex 32.743328255878055 -119.34616290174435 -2.2000000000000064
vertex 32.81009351532933 -119.40218457091349 -2.2000000000000064
endloop
endfacet
facet normal 0 0 -1
outer loop
vertex 31.38600099706977 -119.34616290174435 -2.2000000000000064
vertex 31.35486838382087 -119.27939877422276 -2.2000000000000064
vertex 32.687305467862615 -119.27939877422276 -2.2000000000000064
endloop
endfacet
facet normal 0 0 -1
outer loop
vertex 31.38600099706977 -119.34616290174435 -2.2000000000000064
vertex 32.687305467862615 -119.27939877422276 -2.2000000000000064
vertex 32.743328255878055 -119.34616290174435 -2.2000000000000064
endloop
endfacet
facet normal 0 0 -1
outer loop
vertex 31.35486838382087 -119.27939877422276 -2.2000000000000064
vertex 31.31967241520482 -119.20392074999968 -2.2000000000000064
vertex 32.64372715490538 -119.20392074999968 -2.2000000000000064
endloop
endfacet
facet normal 0 0 -1
outer loop
vertex 31.35486838382087 -119.27939877422276 -2.2000000000000064
vertex 32.64372715490538 -119.20392074999968 -2.2000000000000064
vertex 32.687305467862615 -119.27939877422276 -2.2000000000000064
endloop
endfacet
facet normal 0 0 -1
outer loop
vertex 33.308189354905664 -119.44576149999993 -2.2000000000000064
vertex 47.18844474534103 -112.97329210000001 -2.2000000000000046
vertex 50.027886654905515 -112.97329210000001 -2.200000000000004
endloop
endfacet
facet normal 0 0 -1
outer loop
vertex 33.308189354905664 -119.44576149999993 -2.2000000000000064
vertex 50.027886654905515 -112.97329210000001 -2.200000000000004
vertex 36.14763115802512 -119.44576149999993 -2.200000000000006
endloop
endfacet
facet normal 0 0 -1
outer loop
vertex 47.18844474534103 -112.97329210000001 -2.2000000000000046
vertex 47.2130814841416 -112.96180379999997 -2.2000000000000046
vertex 50.064322954905634 -112.96180379999997 -2.200000000000004
endloop
endfacet
facet normal 0 0 -1
outer loop
vertex 47.18844474534103 -112.97329210000001 -2.2000000000000046
vertex 50.064322954905634 -112.96180379999997 -2.200000000000004
vertex 50.027886654905515 -112.97329210000001 -2.200000000000004
endloop
endfacet
facet normal -2.0016129098782104e-16 -1.1352075231179514e-15 -1
outer loop
vertex 127.2161159194604 -112.81253243967754 -2.199999999999995
vertex 126.92428910490521 -112.76107714999993 -2.199999999999995
vertex 122.65488608844316 -111.61709386683289 -2.1999999999999953
endloop
endfacet
facet normal -2.0016129098782104e-16 -1.1352075231179514e-15 -1
outer loop
vertex 127.2161159194604 -112.81253243967754 -2.199999999999995
vertex 122.65488608844316 -111.61709386683289 -2.1999999999999953
vertex 127.29135070738664 -111.61709134893925 -2.199999999999995
endloop
endfacet
facet normal -2.0016129098782104e-16 -1.1352075231179514e-15 -1
outer loop
vertex 127.2161159194604 -112.81253243967754 -2.199999999999995
vertex 127.29135070738664 -111.61709134893925 -2.199999999999995
vertex 127.32069490741374 -111.61709134893925 -2.199999999999995
endloop
endfacet
facet normal -2.0016129098782104e-16 -1.1352075231179514e-15 -1
outer loop
vertex 127.2161159194604 -112.81253243967754 -2.199999999999995
vertex 127.32069490741374 -111.61709134893925 -2.199999999999995
vertex 127.40785062756066 -111.61709386683289 -2.199999999999995
endloop
endfacet
facet normal -2.0016129098782104e-16 -1.1352075231179514e-15 -1
outer loop
vertex 127.2161159194604 -112.81253243967754 -2.199999999999995
vertex 127.40785062756066 -111.61709386683289 -2.199999999999995
vertex 128.98520782646992 -111.61709386683289 -2.1999999999999944
endloop
endfacet
facet normal -2.0016129098782104e-16 -1.1352075231179514e-15 -1
outer loop
vertex 127.2161159194604 -112.81253243967754 -2.199999999999995
vertex 128.98520782646992 -111.61709386683289 -2.1999999999999944
vertex 128.9049983421091 -111.83745474986709 -2.1999999999999944
endloop
endfacet
facet normal -2.0016129098782104e-16 -1.1352075231179514e-15 -1
outer loop
vertex 127.2161159194604 -112.81253243967754 -2.199999999999995
vertex 128.9049983421091 -111.83745474986709 -2.1999999999999944
vertex 128.75683381751813 -112.09408266279902 -2.1999999999999944
endloop
endfacet
facet normal -2.0016129098782104e-16 -1.1352075231179514e-15 -1
outer loop
vertex 127.2161159194604 -112.81253243967754 -2.199999999999995
vertex 128.75683381751813 -112.09408266279902 -2.1999999999999944
vertex 128.56635740573006 -112.32108343062936 -2.1999999999999944
endloop
endfacet
facet normal -2.0016129098782104e-16 -1.1352075231179514e-15 -1
outer loop
vertex 127.2161159194604 -112.81253243967754 -2.199999999999995
vertex 128.56635740573006 -112.32108343062936 -2.1999999999999944
vertex 128.33935659819815 -112.51155979510253 -2.199999999999995
endloop
endfacet
facet normal -2.0016129098782104e-16 -1.1352075231179514e-15 -1
outer loop
vertex 127.2161159194604 -112.81253243967754 -2.199999999999995
vertex 128.33935659819815 -112.51155979510253 -2.199999999999995
vertex 128.08272865438357 -112.65972426620358 -2.199999999999995
endloop
endfacet
facet normal -2.0016129098782104e-16 -1.1352075231179514e-15 -1
outer loop
vertex 127.2161159194604 -112.81253243967754 -2.199999999999995
vertex 128.08272865438357 -112.65972426620358 -2.199999999999995
vertex 127.8042710333916 -112.7610749709599 -2.199999999999995
endloop
endfacet
facet normal -2.0016129098782104e-16 -1.1352075231179514e-15 -1
outer loop
vertex 127.2161159194604 -112.81253243967754 -2.199999999999995
vertex 127.8042710333916 -112.7610749709599 -2.199999999999995
vertex 127.51244447367435 -112.81253243967754 -2.199999999999995
endloop
endfacet
facet normal 9.578166691585694e-17 3.574619875463556e-16 -1
outer loop
vertex 127.29135070738664 -111.61709134893925 -2.199999999999995
vertex 122.65488608844316 -111.61709386683289 -2.1999999999999953
vertex 122.65487669153777 -111.61709134893925 -2.1999999999999953
endloop
endfacet
facet normal 9.578166691585694e-17 3.574619875463556e-16 -1
outer loop
vertex 127.29135070738664 -111.61709134893925 -2.199999999999995
vertex 122.65487669153777 -111.61709134893925 -2.1999999999999953
vertex 127.29135070738664 -111.61709134893925 -2.199999999999995
endloop
endfacet
facet normal 9.578166691585694e-17 3.574619875463556e-16 -1
outer loop
vertex 127.29135070738664 -111.61709134893925 -2.199999999999995
vertex 127.29135070738664 -111.61709134893925 -2.199999999999995
vertex 127.40785062756066 -111.61709386683289 -2.199999999999995
endloop
endfacet
facet normal 0 0 -1
outer loop
vertex 127.40785062756066 -111.61709386683289 -2.199999999999995
vertex 127.49368258426463 -111.60196129381208 -2.199999999999995
vertex 128.9907159541482 -111.60196129381208 -2.1999999999999944
endloop
endfacet
facet normal 0 0 -1
outer loop
vertex 127.40785062756066 -111.61709386683289 -2.199999999999995
vertex 128.9907159541482 -111.60196129381208 -2.1999999999999944
vertex 128.98520782646992 -111.61709386683289 -2.1999999999999944
endloop
endfacet
facet normal 9.578166691585695e-17 3.5746198713685447e-16 -1
outer loop
vertex 127.29135070738664 -111.61709134893925 -2.199999999999995
vertex 122.65487669153777 -111.61709134893925 -2.1999999999999953
vertex 122.59838969020814 -111.6019557 -2.1999999999999953
endloop
endfacet
facet normal 9.578166691585695e-17 3.5746198713685447e-16 -1
outer loop
vertex 127.29135070738664 -111.61709134893925 -2.199999999999995
vertex 122.59838969020814 -111.6019557 -2.1999999999999953
vertex 127.23486360490557 -111.6019557 -2.199999999999995
endloop
endfacet
facet normal 9.578166691585695e-17 3.5746198713685447e-16 -1
outer loop
vertex 127.29135070738664 -111.61709134893925 -2.199999999999995
vertex 127.23486360490557 -111.6019557 -2.199999999999995
vertex 127.32069490741374 -111.61709134893925 -2.199999999999995
endloop
endfacet
facet normal 0 0 -1
outer loop
vertex 127.49368258426463 -111.60196129381208 -2.199999999999995
vertex 127.5755828183057 -111.57215405942374 -2.199999999999995
vertex 129.0015655335635 -111.57215405942374 -2.1999999999999944
endloop
endfacet
facet normal 0 0 -1
outer loop
vertex 127.49368258426463 -111.60196129381208 -2.199999999999995
vertex 129.0015655335635 -111.57215405942374 -2.1999999999999944
vertex 128.9907159541482 -111.60196129381208 -2.1999999999999944
endloop
endfacet
facet normal 0 0 -1
outer loop
vertex 127.5755828183057 -111.57215405942374 -2.199999999999995
vertex 127.65106283380561 -111.52857784093223 -2.199999999999995
vertex 129.0145055831537 -111.52857784093223 -2.1999999999999944
endloop
endfacet
facet normal 0 0 -1
outer loop
vertex 127.5755828183057 -111.57215405942374 -2.199999999999995
vertex 129.0145055831537 -111.52857784093223 -2.1999999999999944
vertex 129.00635536782193 -111.558994866154 -2.1999999999999944
endloop
endfacet
facet normal 0 0 -1
outer loop
vertex 127.5755828183057 -111.57215405942374 -2.199999999999995
vertex 129.00635536782193 -111.558994866154 -2.1999999999999944
vertex 129.0015655335635 -111.57215405942374 -2.1999999999999944
endloop
endfacet
facet normal 0 0 -1
outer loop
vertex 127.65106283380561 -111.52857784093223 -2.199999999999995
vertex 127.71782920987633 -111.47255667899977 -2.199999999999995
vertex 129.02951640454592 -111.47255667899977 -2.1999999999999944
endloop
endfacet
facet normal 0 0 -1
outer loop
vertex 127.65106283380561 -111.52857784093223 -2.199999999999995
vertex 129.02951640454592 -111.47255667899977 -2.1999999999999944
vertex 129.0145055831537 -111.52857784093223 -2.1999999999999944
endloop
endfacet
facet normal 0 0 -1
outer loop
vertex 127.71782920987633 -111.47255667899977 -2.199999999999995
vertex 127.77385328501748 -111.40579274740166 -2.199999999999995
vertex 129.0474057416837 -111.40579274740166 -2.1999999999999944
endloop
endfacet
facet normal 0 0 -1
outer loop
vertex 127.71782920987633 -111.47255667899977 -2.199999999999995
vertex 129.0474057416837 -111.40579274740166 -2.1999999999999944
vertex 129.02951640454592 -111.47255667899977 -2.1999999999999944
endloop
endfacet
facet normal 0 0 -1
outer loop
vertex 127.77385328501748 -111.40579274740166 -2.199999999999995
vertex 127.81743279693764 -111.33031463336413 -2.199999999999995
vertex 129.06763003639225 -111.33031463336413 -2.1999999999999944
endloop
endfacet
facet normal 0 0 -1
outer loop
vertex 127.77385328501748 -111.40579274740166 -2.199999999999995
vertex 129.06763003639225 -111.33031463336413 -2.1999999999999944
vertex 129.0474057416837 -111.40579274740166 -2.1999999999999944
endloop
endfacet
facet normal 0 0 -1
outer loop
vertex 127.81743279693764 -111.33031463336413 -2.199999999999995
vertex 127.84723917740826 -111.24841057538666 -2.199999999999995
vertex 129.08957615716497 -111.24841057538666 -2.1999999999999944
endloop
endfacet
facet normal 0 0 -1
outer loop
vertex 127.81743279693764 -111.33031463336413 -2.199999999999995
vertex 129.08957615716497 -111.24841057538666 -2.1999999999999944
vertex 129.06763003639225 -111.33031463336413 -2.1999999999999944
endloop
endfacet
facet normal 0 0 -1
outer loop
vertex 47.2130814841416 -112.96180379999997 -2.2000000000000046
vertex 49.59202825490567 -111.85248269999994 -2.200000000000004
vertex 49.77848815490535 -111.79369220000004 -2.200000000000004
endloop
endfacet
facet normal 0 0 -1
outer loop
vertex 47.2130814841416 -112.96180379999997 -2.2000000000000046
vertex 49.77848815490535 -111.79369220000004 -2.200000000000004
vertex 60.658144965034296 -109.875315 -2.200000000000003
endloop
endfacet
facet normal 0 0 -1
outer loop
vertex 47.2130814841416 -112.96180379999997 -2.2000000000000046
vertex 60.658144965034296 -109.875315 -2.200000000000003
vertex 67.5686707549055 -109.875315 -2.200000000000002
endloop
endfacet
facet normal 0 0 -1
outer loop
vertex 47.2130814841416 -112.96180379999997 -2.2000000000000046
vertex 67.5686707549055 -109.875315 -2.200000000000002
vertex 50.064322954905634 -112.96180379999997 -2.200000000000004
endloop
endfacet
facet normal 0 0 -1
outer loop
vertex 122.59838969020814 -111.6019557 -2.1999999999999953
vertex 109.78763295490546 -108.1693232 -2.199999999999997
vertex 114.42408392934283 -108.1693232 -2.199999999999996
endloop
endfacet
facet normal 0 0 -1
outer loop
vertex 122.59838969020814 -111.6019557 -2.1999999999999953
vertex 114.42408392934283 -108.1693232 -2.199999999999996
vertex 127.23486360490557 -111.6019557 -2.199999999999995
endloop
endfacet
facet normal 0 0 -1
outer loop
vertex 60.658144965034296 -109.875315 -2.200000000000003
vertex 67.37352110490524 -108.69121290000004 -2.200000000000002
vertex 67.43991987248181 -108.68178705456103 -2.200000000000002
endloop
endfacet
facet normal 0 0 -1
outer loop
vertex 60.658144965034296 -109.875315 -2.200000000000003
vertex 67.43991987248181 -108.68178705456103 -2.200000000000002
vertex 67.5067972549057 -108.6768358 -2.200000000000002
endloop
endfacet
facet normal 0 0 -1
outer loop
vertex 60.658144965034296 -109.875315 -2.200000000000003
vertex 67.5067972549057 -108.6768358 -2.200000000000002
vertex 80.06643151200895 -108.1693232 -2.2000000000000006
endloop
endfacet
facet normal 0 0 -1
outer loop
vertex 60.658144965034296 -109.875315 -2.200000000000003
vertex 80.06643151200895 -108.1693232 -2.2000000000000006
vertex 109.78763295490546 -108.1693232 -2.199999999999997
endloop
endfacet
facet normal 0 0 -1
outer loop
vertex 60.658144965034296 -109.875315 -2.200000000000003
vertex 109.78763295490546 -108.1693232 -2.199999999999997
vertex 67.5686707549055 -109.875315 -2.200000000000002
endloop
endfacet
facet normal 1.195346589748852e-16 1.7955256253050136e-18 -1
outer loop
vertex 109.78763295490546 -108.1693232 -2.199999999999997
vertex 80.06643151200895 -108.1693232 -2.2000000000000006
vertex 109.76960400490555 -106.96907055 -2.199999999999997
endloop
endfacet
facet normal 1.195346589748852e-16 1.7955256253050136e-18 -1
outer loop
vertex 109.78763295490546 -108.1693232 -2.199999999999997
vertex 109.76960400490555 -106.96907055 -2.199999999999997
vertex 109.87028690797175 -106.97007520549376 -2.199999999999997
endloop
endfacet
facet normal 1.195346589748852e-16 1.7955256253050136e-18 -1
outer loop
vertex 109.78763295490546 -108.1693232 -2.199999999999997
vertex 109.87028690797175 -106.97007520549376 -2.199999999999997
vertex 109.97035841817295 -106.98119946494994 -2.199999999999997
endloop
endfacet
facet normal 1.195346589748852e-16 1.7955256253050136e-18 -1
outer loop
vertex 109.78763295490546 -108.1693232 -2.199999999999997
vertex 109.97035841817295 -106.98119946494994 -2.199999999999997
vertex 110.06880305490532 -107.00233109999996 -2.199999999999997
endloop
endfacet
facet normal 1.195346589748852e-16 1.7955256253050136e-18 -1
outer loop
vertex 109.78763295490546 -108.1693232 -2.199999999999997
vertex 110.06880305490532 -107.00233109999996 -2.199999999999997
vertex 114.42408392934283 -108.1693232 -2.199999999999996
endloop
endfacet
facet normal 0 0 -1
outer loop
vertex 31.31967241520482 -119.20392074999968 -2.2000000000000064
vertex 24.371646654905504 -104.30382629999994 -2.2000000000000073
vertex 24.27822759394968 -104.05396101443803 -2.2000000000000073
endloop
endfacet
facet normal 0 0 -1
outer loop
vertex 31.31967241520482 -119.20392074999968 -2.2000000000000064
vertex 24.27822759394968 -104.05396101443803 -2.2000000000000073
vertex 24.225882486596902 -103.79668440000026 -2.2000000000000073
endloop
endfacet
facet normal 0 0 -1
outer loop
vertex 31.31967241520482 -119.20392074999968 -2.2000000000000064
vertex 24.225882486596902 -103.79668440000026 -2.2000000000000073
vertex 25.45921595490563 -103.79668440000026 -2.2000000000000073
endloop
endfacet
facet normal 0 0 -1
outer loop
vertex 31.31967241520482 -119.20392074999968 -2.2000000000000064
vertex 25.45921595490563 -103.79668440000026 -2.2000000000000073
vertex 32.64372715490538 -119.20392074999968 -2.2000000000000064
endloop
endfacet
facet normal 0 0 -1
outer loop
vertex 24.225882486596902 -103.79668440000026 -2.2000000000000073
vertex 24.225042435570913 -103.79255554259882 -2.2000000000000073
vertex 24.221646368728102 -103.71478322686161 -2.2000000000000073
endloop
endfacet
facet normal 0 0 -1
outer loop
vertex 24.225882486596902 -103.79668440000026 -2.2000000000000073
vertex 24.221646368728102 -103.71478322686161 -2.2000000000000073
vertex 25.42941173638866 -103.71478322686161 -2.2000000000000073
endloop
endfacet
facet normal 0 0 -1
outer loop
vertex 24.225882486596902 -103.79668440000026 -2.2000000000000073
vertex 25.42941173638866 -103.71478322686161 -2.2000000000000073
vertex 25.45921595490563 -103.79668440000026 -2.2000000000000073
endloop
endfacet
facet normal 0 0 -1
outer loop
vertex 24.221646368728102 -103.71478322686161 -2.2000000000000073
vertex 24.21789840715931 -103.6289522747666 -2.2000000000000073
vertex 25.41427736612596 -103.6289522747666 -2.2000000000000073
endloop
endfacet
facet normal 0 0 -1
outer loop
vertex 24.221646368728102 -103.71478322686161 -2.2000000000000073
vertex 25.41427736612596 -103.6289522747666 -2.2000000000000073
vertex 25.42941173638866 -103.71478322686161 -2.2000000000000073
endloop
endfacet
facet normal 0 0 -1
outer loop
vertex 24.21789840715931 -103.6289522747666 -2.2000000000000073
vertex 24.214092626805098 -103.54179723187917 -2.2000000000000073
vertex 25.414277186914347 -103.54179723187917 -2.2000000000000073
endloop
endfacet
facet normal 0 0 -1
outer loop
vertex 24.21789840715931 -103.6289522747666 -2.2000000000000073
vertex 25.414277186914347 -103.54179723187917 -2.2000000000000073
vertex 25.41427736612596 -103.6289522747666 -2.2000000000000073
endloop
endfacet
facet normal 0 0 -1
outer loop
vertex 24.214092626805098 -103.54179723187917 -2.2000000000000073
vertex 24.213404926544 -103.52604841293265 -2.2000000000000073
vertex 24.22138937738805 -103.45596621754545 -2.2000000000000073
endloop
endfacet
facet normal 0 0 -1
outer loop
vertex 24.214092626805098 -103.54179723187917 -2.2000000000000073
vertex 24.22138937738805 -103.45596621754545 -2.2000000000000073
vertex 25.429411204198942 -103.45596621754545 -2.2000000000000073
endloop
endfacet
facet normal 0 0 -1
outer loop
vertex 24.214092626805098 -103.54179723187917 -2.2000000000000073
vertex 25.429411204198942 -103.45596621754545 -2.2000000000000073
vertex 25.414277186914347 -103.54179723187917 -2.2000000000000073
endloop
endfacet
facet normal 0 0 -1
outer loop
vertex 24.22138937738805 -103.45596621754545 -2.2000000000000073
vertex 24.230720125381566 -103.37406712182015 -2.2000000000000073
vertex 25.459219585907704 -103.37406712182015 -2.2000000000000073
endloop
endfacet
facet normal 0 0 -1
outer loop
vertex 24.22138937738805 -103.45596621754545 -2.2000000000000073
vertex 25.459219585907704 -103.37406712182015 -2.2000000000000073
vertex 25.429411204198942 -103.45596621754545 -2.2000000000000073
endloop
endfacet
facet normal 0 0 -1
outer loop
vertex 24.230720125381566 -103.37406712182015 -2.2000000000000073
vertex 24.239319405152344 -103.298588367319 -2.2000000000000073
vertex 25.50279663399212 -103.298588367319 -2.2000000000000073
endloop
endfacet
facet normal 0 0 -1
outer loop
vertex 24.230720125381566 -103.37406712182015 -2.2000000000000073
vertex 25.50279663399212 -103.298588367319 -2.2000000000000073
vertex 25.459219585907704 -103.37406712182015 -2.2000000000000073
endloop
endfacet
facet normal 0 0 -1
outer loop
vertex 24.239319405152344 -103.298588367319 -2.2000000000000073
vertex 24.24360162132791 -103.26100192379664 -2.2000000000000073
vertex 24.251693392718096 -103.2318233009725 -2.2000000000000073
endloop
endfacet
facet normal 0 0 -1
outer loop
vertex 24.239319405152344 -103.298588367319 -2.2000000000000073
vertex 24.251693392718096 -103.2318233009725 -2.2000000000000073
vertex 25.55881830316119 -103.2318233009725 -2.2000000000000073
endloop
endfacet
facet normal 0 0 -1
outer loop
vertex 24.239319405152344 -103.298588367319 -2.2000000000000073
vertex 25.55881830316119 -103.2318233009725 -2.2000000000000073
vertex 25.50279663399212 -103.298588367319 -2.2000000000000073
endloop
endfacet
facet normal 0 0 -1
outer loop
vertex 24.251693392718096 -103.2318233009725 -2.2000000000000073
vertex 24.267229547251333 -103.17580051295705 -2.2000000000000073
vertex 25.625582430682783 -103.17580051295705 -2.2000000000000073
endloop
endfacet
facet normal 0 0 -1
outer loop
vertex 24.251693392718096 -103.2318233009725 -2.2000000000000073
vertex 25.625582430682783 -103.17580051295705 -2.2000000000000073
vertex 25.55881830316119 -103.2318233009725 -2.2000000000000073
endloop
endfacet
facet normal 0 0 -1
outer loop
vertex 24.267229547251333 -103.17580051295705 -2.2000000000000073
vertex 24.279314618851316 -103.13222219999999 -2.2000000000000073
vertex 25.70106045490556 -103.13222219999999 -2.2000000000000073
endloop
endfacet
facet normal 0 0 -1
outer loop
vertex 24.267229547251333 -103.17580051295705 -2.2000000000000073
vertex 25.70106045490556 -103.13222219999999 -2.2000000000000073
vertex 25.625582430682783 -103.17580051295705 -2.2000000000000073
endloop
endfacet
facet normal 0 0 -1
outer loop
vertex 24.279314618851316 -103.13222219999999 -2.2000000000000073
vertex 24.314888976135308 -103.00394240768424 -2.2000000000000073
vertex 24.425511657471105 -102.76119953105702 -2.2000000000000073
endloop
endfacet
facet normal 0 0 -1
outer loop
vertex 24.279314618851316 -103.13222219999999 -2.2000000000000073
vertex 24.425511657471105 -102.76119953105702 -2.2000000000000073
vertex 24.57274576432434 -102.53875043674915 -2.2000000000000073
endloop
endfacet
facet normal 0 0 -1
outer loop
vertex 24.279314618851316 -103.13222219999999 -2.2000000000000073
vertex 24.57274576432434 -102.53875043674915 -2.2000000000000073
vertex 24.752965899735614 -102.34207256668878 -2.2000000000000073
endloop
endfacet
facet normal 0 0 -1
outer loop
vertex 24.279314618851316 -103.13222219999999 -2.2000000000000073
vertex 24.752965899735614 -102.34207256668878 -2.2000000000000073
vertex 24.96173444021676 -102.17600878892613 -2.2000000000000073
endloop
endfacet
facet normal 0 0 -1
outer loop
vertex 24.279314618851316 -103.13222219999999 -2.2000000000000073
vertex 24.96173444021676 -102.17600878892613 -2.2000000000000073
vertex 25.193910804905613 -102.04464814999999 -2.2000000000000073
endloop
endfacet
facet normal 0 0 -1
outer loop
vertex 24.279314618851316 -103.13222219999999 -2.2000000000000073
vertex 25.193910804905613 -102.04464814999999 -2.2000000000000073
vertex 39.34665085490553 -95.4451247 -2.2000000000000055
endloop
endfacet
facet normal 0 0 -1
outer loop
vertex 24.279314618851316 -103.13222219999999 -2.2000000000000073
vertex 39.34665085490553 -95.4451247 -2.2000000000000055
vertex 40.546652052263184 -95.4451247 -2.2000000000000055
endloop
endfacet
facet normal 0 0 -1
outer loop
vertex 24.279314618851316 -103.13222219999999 -2.2000000000000073
vertex 40.546652052263184 -95.4451247 -2.2000000000000055
vertex 40.54665205490552 -95.57254329999998 -2.2000000000000055
endloop
endfacet
facet normal 0 0 -1
outer loop
vertex 24.279314618851316 -103.13222219999999 -2.2000000000000073
vertex 40.54665205490552 -95.57254329999998 -2.2000000000000055
vertex 40.533547113087025 -95.73389971523018 -2.2000000000000055
endloop
endfacet
facet normal 0 0 -1
outer loop
vertex 24.279314618851316 -103.13222219999999 -2.2000000000000073
vertex 40.533547113087025 -95.73389971523018 -2.2000000000000055
vertex 40.494577988528846 -95.89102717803392 -2.2000000000000055
endloop
endfacet
facet normal 0 0 -1
outer loop
vertex 24.279314618851316 -103.13222219999999 -2.2000000000000073
vertex 40.494577988528846 -95.89102717803392 -2.2000000000000055
vertex 40.430765969716006 -96.0398077496519 -2.2000000000000055
endloop
endfacet
facet normal 0 0 -1
outer loop
vertex 24.279314618851316 -103.13222219999999 -2.2000000000000073
vertex 40.430765969716006 -96.0398077496519 -2.2000000000000055
vertex 40.34378341856967 -96.17634224357951 -2.2000000000000055
endloop
endfacet
facet normal 0 0 -1
outer loop
vertex 24.279314618851316 -103.13222219999999 -2.2000000000000073
vertex 40.34378341856967 -96.17634224357951 -2.2000000000000055
vertex 40.23590994180134 -96.29705241401217 -2.2000000000000055
endloop
endfacet
facet normal 0 0 -1
outer loop
vertex 24.279314618851316 -103.13222219999999 -2.2000000000000073
vertex 40.23590994180134 -96.29705241401217 -2.2000000000000055
vertex 40.10997264781811 -96.39877473319613 -2.2000000000000055
endloop
endfacet
facet normal 0 0 -1
outer loop
vertex 24.279314618851316 -103.13222219999999 -2.2000000000000073
vertex 40.10997264781811 -96.39877473319613 -2.2000000000000055
vertex 39.96926915490563 -96.47884659999994 -2.2000000000000055
endloop
endfacet
facet normal 0 0 -1
outer loop
vertex 24.279314618851316 -103.13222219999999 -2.2000000000000073
vertex 39.96926915490563 -96.47884659999994 -2.2000000000000055
vertex 25.70106045490556 -103.13222219999999 -2.2000000000000073
endloop
endfacet
facet normal 0 0 -1
outer loop
vertex 127.84723917740826 -111.24841057538666 -2.199999999999995
vertex 141.04701755490552 -61.98618600000002 -2.199999999999993
vertex 142.2575799819008 -61.98618600000002 -2.199999999999993
endloop
endfacet
facet normal 0 0 -1
outer loop
vertex 127.84723917740826 -111.24841057538666 -2.199999999999995
vertex 142.2575799819008 -61.98618600000002 -2.199999999999993
vertex 142.25758002836156 -62.004948685445164 -2.199999999999993
endloop
endfacet
facet normal 0 0 -1
outer loop
vertex 127.84723917740826 -111.24841057538666 -2.199999999999995
vertex 142.25758002836156 -62.004948685445164 -2.199999999999993
vertex 142.20612400490555 -62.296775499999995 -2.199999999999993
endloop
endfacet
facet normal 0 0 -1
outer loop
vertex 127.84723917740826 -111.24841057538666 -2.199999999999995
vertex 142.20612400490555 -62.296775499999995 -2.199999999999993
vertex 129.08957615716497 -111.24841057538666 -2.1999999999999944
endloop
endfacet
facet normal 0 0 -1
outer loop
vertex 141.04701755490552 -61.98618600000002 -2.199999999999993
vertex 141.062149532935 -61.900355102004504 -2.199999999999993
vertex 142.2575797693635 -61.900355102004504 -2.199999999999993
endloop
endfacet
facet normal 0 0 -1
outer loop
vertex 141.04701755490552 -61.98618600000002 -2.199999999999993
vertex 142.2575797693635 -61.900355102004504 -2.199999999999993
vertex 142.2575799819008 -61.98618600000002 -2.199999999999993
endloop
endfacet
facet normal 0 0 -1
outer loop
vertex 141.062149532935 -61.900355102004504 -2.199999999999993
vertex 141.06214744765316 -61.81320052779608 -2.199999999999993
vertex 142.25757955354848 -61.81320052779608 -2.199999999999993
endloop
endfacet
facet normal 0 0 -1
outer loop
vertex 141.062149532935 -61.900355102004504 -2.199999999999993
vertex 142.25757955354848 -61.81320052779608 -2.199999999999993
vertex 142.2575797693635 -61.900355102004504 -2.199999999999993
endloop
endfacet
facet normal 0 0 -1
outer loop
vertex 141.06214744765316 -61.81320052779608 -2.199999999999993
vertex 141.04701136241852 -61.72737035400176 -2.199999999999993
vertex 142.257579341013 -61.72737035400176 -2.199999999999993
endloop
endfacet
facet normal 0 0 -1
outer loop
vertex 141.06214744765316 -61.81320052779608 -2.199999999999993
vertex 142.257579341013 -61.72737035400176 -2.199999999999993
vertex 142.25757955354848 -61.81320052779608 -2.199999999999993
endloop
endfacet
facet normal 0 0 -1
outer loop
vertex 141.04701136241852 -61.72737035400176 -2.199999999999993
vertex 141.01720116718982 -61.64547241709111 -2.199999999999993
vertex 142.24644452491683 -61.64547241709111 -2.199999999999993
endloop
endfacet
facet normal 0 0 -1
outer loop
vertex 141.04701136241852 -61.72737035400176 -2.199999999999993
vertex 142.24644452491683 -61.64547241709111 -2.199999999999993
vertex 142.25757929458308 -61.70862013123106 -2.199999999999993
endloop
endfacet
facet normal 0 0 -1
outer loop
vertex 141.04701136241852 -61.72737035400176 -2.199999999999993
vertex 142.25757929458308 -61.70862013123106 -2.199999999999993
vertex 142.257579341013 -61.72737035400176 -2.199999999999993
endloop
endfacet
facet normal 0 0 -1
outer loop
vertex 141.01720116718982 -61.64547241709111 -2.199999999999993
vertex 140.97362260537693 -61.56999507770954 -2.199999999999993
vertex 142.2331356854682 -61.56999507770954 -2.199999999999993
endloop
endfacet
facet normal 0 0 -1
outer loop
vertex 141.01720116718982 -61.64547241709111 -2.199999999999993
vertex 142.2331356854682 -61.56999507770954 -2.199999999999993
vertex 142.24644452491683 -61.64547241709111 -2.199999999999993
endloop
endfacet
facet normal 0 0 -1
outer loop
vertex 140.97362260537693 -61.56999507770954 -2.199999999999993
vertex 140.91759975402366 -61.50323161512667 -2.199999999999993
vertex 142.22136335470205 -61.50323161512667 -2.199999999999993
endloop
endfacet
facet normal 0 0 -1
outer loop
vertex 140.97362260537693 -61.56999507770954 -2.199999999999993
vertex 142.22136335470205 -61.50323161512667 -2.199999999999993
vertex 142.2331356854682 -61.56999507770954 -2.199999999999993
endloop
endfacet
facet normal 0 0 -1
outer loop
vertex 140.91759975402366 -61.50323161512667 -2.199999999999993
vertex 140.85083479347566 -61.44721054897458 -2.199999999999993
vertex 142.21148521934026 -61.44721054897458 -2.199999999999993
endloop
endfacet
facet normal 0 0 -1
outer loop
vertex 140.91759975402366 -61.50323161512667 -2.199999999999993
vertex 142.21148521934026 -61.44721054897458 -2.199999999999993
vertex 142.22136335470205 -61.50323161512667 -2.199999999999993
endloop
endfacet
facet normal 0 0 -1
outer loop
vertex 140.85083479347566 -61.44721054897458 -2.199999999999993
vertex 140.77535628887858 -61.40363400535783 -2.199999999999993
vertex 142.20133211567736 -61.40363400535783 -2.199999999999993
endloop
endfacet
facet normal 0 0 -1
outer loop
vertex 140.85083479347566 -61.44721054897458 -2.199999999999993
vertex 142.20133211567736 -61.40363400535783 -2.199999999999993
vertex 142.20612182586547 -61.416793571514 -2.199999999999993
endloop
endfacet
facet normal 0 0 -1
outer loop
vertex 140.85083479347566 -61.44721054897458 -2.199999999999993
vertex 142.20612182586547 -61.416793571514 -2.199999999999993
vertex 142.21148521934026 -61.44721054897458 -2.199999999999993
endloop
endfacet
facet normal 0 0 -1
outer loop
vertex 140.77535628887858 -61.40363400535783 -2.199999999999993
vertex 140.69346015490558 -61.37382200000001 -2.199999999999993
vertex 142.19048138822217 -61.37382200000001 -2.199999999999993
endloop
endfacet
facet normal 0 0 -1
outer loop
vertex 140.77535628887858 -61.40363400535783 -2.199999999999993
vertex 142.19048138822217 -61.37382200000001 -2.199999999999993
vertex 142.20133211567736 -61.40363400535783 -2.199999999999993
endloop
endfacet
facet normal -3.297278644621627e-16 -1.7122358276234328e-15 -1
outer loop
vertex 140.69346015490558 -61.37382200000001 -2.199999999999993
vertex 116.60760939953262 -54.920037758367954 -2.199999999999996
vertex 116.6522400549056 -54.40990800000003 -2.199999999999997
endloop
endfacet
facet normal -3.297278644621627e-16 -1.7122358276234328e-15 -1
outer loop
vertex 140.69346015490558 -61.37382200000001 -2.199999999999993
vertex 116.6522400549056 -54.40990800000003 -2.199999999999997
vertex 116.68621820529317 -54.021536700000006 -2.199999999999996
endloop
endfacet
facet normal -3.297278644621627e-16 -1.7122358276234328e-15 -1
outer loop
vertex 140.69346015490558 -61.37382200000001 -2.199999999999993
vertex 116.68621820529317 -54.021536700000006 -2.199999999999996
vertex 117.89080185490553 -54.021536700000006 -2.1999999999999957
endloop
endfacet
facet normal -3.297278644621627e-16 -1.7122358276234328e-15 -1
outer loop
vertex 140.69346015490558 -61.37382200000001 -2.199999999999993
vertex 117.89080185490553 -54.021536700000006 -2.1999999999999957
vertex 141.00404305490574 -60.214711000000065 -2.199999999999993
endloop
endfacet
facet normal -3.297278644621627e-16 -1.7122358276234328e-15 -1
outer loop
vertex 140.69346015490558 -61.37382200000001 -2.199999999999993
vertex 141.00404305490574 -60.214711000000065 -2.199999999999993
vertex 141.28250160477256 -60.31606626279638 -2.199999999999993
endloop
endfacet
facet normal -3.297278644621627e-16 -1.7122358276234328e-15 -1
outer loop
vertex 140.69346015490558 -61.37382200000001 -2.199999999999993
vertex 141.28250160477256 -60.31606626279638 -2.199999999999993
vertex 141.53912951770462 -60.464230787387436 -2.199999999999993
endloop
endfacet
facet normal -3.297278644621627e-16 -1.7122358276234328e-15 -1
outer loop
vertex 140.69346015490558 -61.37382200000001 -2.199999999999993
vertex 141.53912951770462 -60.464230787387436 -2.199999999999993
vertex 141.76613028553484 -60.65470719917543 -2.199999999999993
endloop
endfacet
facet normal -3.297278644621627e-16 -1.7122358276234328e-15 -1
outer loop
vertex 140.69346015490558 -61.37382200000001 -2.199999999999993
vertex 141.76613028553484 -60.65470719917543 -2.199999999999993
vertex 141.9566066500081 -60.88170800670742 -2.199999999999993
endloop
endfacet
facet normal -3.297278644621627e-16 -1.7122358276234328e-15 -1
outer loop
vertex 140.69346015490558 -61.37382200000001 -2.199999999999993
vertex 141.9566066500081 -60.88170800670742 -2.199999999999993
vertex 142.10477112110914 -61.13833595052202 -2.199999999999993
endloop
endfacet
facet normal -3.297278644621627e-16 -1.7122358276234328e-15 -1
outer loop
vertex 140.69346015490558 -61.37382200000001 -2.199999999999993
vertex 142.10477112110914 -61.13833595052202 -2.199999999999993
vertex 142.19048138822217 -61.37382200000001 -2.199999999999993
endloop
endfacet
facet normal 0 0 -1
outer loop
vertex 39.34665085490553 -95.4451247 -2.2000000000000055
vertex 39.34665085490553 -37.70627939999991 -2.2000000000000055
vertex 40.546650854905536 -37.70627939999991 -2.2000000000000055
endloop
endfacet
facet normal 0 0 -1
outer loop
vertex 39.34665085490553 -95.4451247 -2.2000000000000055
vertex 40.546650854905536 -37.70627939999991 -2.2000000000000055
vertex 40.546652052263184 -95.4451247 -2.2000000000000055
endloop
endfacet
facet normal 0 0 -1
outer loop
vertex 39.34665085490553 -37.70627939999991 -2.2000000000000055
vertex 39.35348471227404 -37.619455611166636 -2.2000000000000055
vertex 40.55424902839941 -37.619455611166636 -2.2000000000000055
endloop
endfacet
facet normal 0 0 -1
outer loop
vertex 39.34665085490553 -37.70627939999991 -2.2000000000000055
vertex 40.55424902839941 -37.619455611166636 -2.2000000000000055
vertex 40.546650854905536 -37.70627939999991 -2.2000000000000055
endloop
endfacet
facet normal 0 0 -1
outer loop
vertex 39.35348471227404 -37.619455611166636 -2.2000000000000055
vertex 39.360110949239925 -37.53526962833711 -2.2000000000000055
vertex 40.57680659451259 -37.53526962833711 -2.2000000000000055
endloop
endfacet
facet normal 0 0 -1
outer loop
vertex 39.35348471227404 -37.619455611166636 -2.2000000000000055
vertex 40.57680659451259 -37.53526962833711 -2.2000000000000055
vertex 40.55424902839941 -37.619455611166636 -2.2000000000000055
endloop
endfacet
facet normal 0 0 -1
outer loop
vertex 116.68621820529317 -54.021536700000006 -2.199999999999996
vertex 118.13386285490552 -37.4749140000001 -2.1999999999999957
vertex 119.32929160238982 -37.4749140000001 -2.1999999999999957
endloop
endfacet
facet normal 0 0 -1
outer loop
vertex 116.68621820529317 -54.021536700000006 -2.199999999999996
vertex 119.32929160238982 -37.4749140000001 -2.1999999999999957
vertex 119.32929130490552 -37.57950220000009 -2.1999999999999957
endloop
endfacet
facet normal 0 0 -1
outer loop
vertex 116.68621820529317 -54.021536700000006 -2.199999999999996
vertex 119.32929130490552 -37.57950220000009 -2.1999999999999957
vertex 117.89080185490553 -54.021536700000006 -2.1999999999999957
endloop
endfacet
facet normal 0 0 -1
outer loop
vertex 39.360110949239925 -37.53526962833711 -2.2000000000000055
vertex 39.36632820733311 -37.45627969999997 -2.2000000000000055
vertex 40.61364019536201 -37.45627969999997 -2.2000000000000055
endloop
endfacet
facet normal 0 0 -1
outer loop
vertex 39.360110949239925 -37.53526962833711 -2.2000000000000055
vertex 40.61364019536201 -37.45627969999997 -2.2000000000000055
vertex 40.57680659451259 -37.53526962833711 -2.2000000000000055
endloop
endfacet
facet normal 0 0 -1
outer loop
vertex 118.13386285490552 -37.4749140000001 -2.1999999999999957
vertex 118.13454823154012 -37.39645733431183 -2.1999999999999957
vertex 119.32929182554717 -37.39645733431183 -2.1999999999999957
endloop
endfacet
facet normal 0 0 -1
outer loop
vertex 118.13386285490552 -37.4749140000001 -2.1999999999999957
vertex 119.32929182554717 -37.39645733431183 -2.1999999999999957
vertex 119.32929160238982 -37.4749140000001 -2.1999999999999957
endloop
endfacet
facet normal 0 0 -1
outer loop
vertex 39.36632820733311 -37.45627969999997 -2.2000000000000055
vertex 39.36758272589378 -37.44034110943165 -2.2000000000000055
vertex 39.38089634492141 -37.38488589515678 -2.2000000000000055
endloop
endfacet
facet normal 0 0 -1
outer loop
vertex 39.36632820733311 -37.45627969999997 -2.2000000000000055
vertex 39.38089634492141 -37.38488589515678 -2.2000000000000055
vertex 40.66363067261118 -37.38488589515678 -2.2000000000000055
endloop
endfacet
facet normal 0 0 -1
outer loop
vertex 39.36632820733311 -37.45627969999997 -2.2000000000000055
vertex 40.66363067261118 -37.38488589515678 -2.2000000000000055
vertex 40.61364019536201 -37.45627969999997 -2.2000000000000055
endloop
endfacet
facet normal 0 0 -1
outer loop
vertex 39.38089634492141 -37.38488589515678 -2.2000000000000055
vertex 39.39569201873071 -37.32325747844054 -2.2000000000000055
vertex 40.72525908648301 -37.32325747844054 -2.2000000000000055
endloop
endfacet
facet normal 0 0 -1
outer loop
vertex 39.38089634492141 -37.38488589515678 -2.2000000000000055
vertex 40.72525908648301 -37.32325747844054 -2.2000000000000055
vertex 40.66363067261118 -37.38488589515678 -2.2000000000000055
endloop
endfacet
facet normal 0 0 -1
outer loop
vertex 118.13454823154012 -37.39645733431183 -2.1999999999999957
vertex 118.1229517557962 -37.31885939695317 -2.1999999999999957
vertex 119.32929204626203 -37.31885939695317 -2.1999999999999957
endloop
endfacet
facet normal 0 0 -1
outer loop
vertex 118.13454823154012 -37.39645733431183 -2.1999999999999957
vertex 119.32929204626203 -37.31885939695317 -2.1999999999999957
vertex 119.32929182554717 -37.39645733431183 -2.1999999999999957
endloop
endfacet
facet normal 0 0 -1
outer loop
vertex 39.39569201873071 -37.32325747844054 -2.2000000000000055
vertex 39.407693671214815 -37.27326699810779 -2.2000000000000055
vertex 40.79665288900104 -37.27326699810779 -2.2000000000000055
endloop
endfacet
facet normal 0 0 -1
outer loop
vertex 39.39569201873071 -37.32325747844054 -2.2000000000000055
vertex 40.79665288900104 -37.27326699810779 -2.2000000000000055
vertex 40.72525908648301 -37.32325747844054 -2.2000000000000055
endloop
endfacet
facet normal 0 0 -1
outer loop
vertex 118.1229517557962 -37.31885939695317 -2.1999999999999957
vertex 118.09935897549482 -37.24403093412192 -2.1999999999999957
vertex 119.3223904978415 -37.24403093412192 -2.1999999999999957
endloop
endfacet
facet normal 0 0 -1
outer loop
vertex 118.1229517557962 -37.31885939695317 -2.1999999999999957
vertex 119.3223904978415 -37.24403093412192 -2.1999999999999957
vertex 119.32929214776682 -37.28317279122048 -2.1999999999999957
endloop
endfacet
facet normal 0 0 -1
outer loop
vertex 118.1229517557962 -37.31885939695317 -2.1999999999999957
vertex 119.32929214776682 -37.28317279122048 -2.1999999999999957
vertex 119.32929204626203 -37.31885939695317 -2.1999999999999957
endloop
endfacet
facet normal 0 0 -1
outer loop
vertex 39.407693671214815 -37.27326699810779 -2.2000000000000055
vertex 39.416536638236124 -37.23643338960704 -2.2000000000000055
vertex 40.875642815993174 -37.23643338960704 -2.2000000000000055
endloop
endfacet
facet normal 0 0 -1
outer loop
vertex 39.407693671214815 -37.27326699810779 -2.2000000000000055
vertex 40.875642815993174 -37.23643338960704 -2.2000000000000055
vertex 40.79665288900104 -37.27326699810779 -2.2000000000000055
endloop
endfacet
facet normal 0 0 -1
outer loop
vertex 39.416536638236124 -37.23643338960704 -2.2000000000000055
vertex 39.42195223071643 -37.21387582349389 -2.2000000000000055
vertex 40.95982879959719 -37.21387582349389 -2.2000000000000055
endloop
endfacet
facet normal 0 0 -1
outer loop
vertex 39.416536638236124 -37.23643338960704 -2.2000000000000055
vertex 40.95982879959719 -37.21387582349389 -2.2000000000000055
vertex 40.875642815993174 -37.23643338960704 -2.2000000000000055
endloop
endfacet
facet normal 0 0 -1
outer loop
vertex 118.09935897549482 -37.24403093412192 -2.1999999999999957
vertex 118.06435083153232 -37.17381449738301 -2.1999999999999957
vertex 119.31000965549742 -37.17381449738301 -2.1999999999999957
endloop
endfacet
facet normal 0 0 -1
outer loop
vertex 118.09935897549482 -37.24403093412192 -2.1999999999999957
vertex 119.31000965549742 -37.17381449738301 -2.1999999999999957
vertex 119.3223904978415 -37.24403093412192 -2.1999999999999957
endloop
endfacet
facet normal 0 0 -1
outer loop
vertex 118.06435083153232 -37.17381449738301 -2.1999999999999957
vertex 118.0187893529813 -37.10993907328056 -2.1999999999999957
vertex 119.29874688860659 -37.10993907328056 -2.1999999999999957
endloop
endfacet
facet normal 0 0 -1
outer loop
vertex 118.06435083153232 -37.17381449738301 -2.1999999999999957
vertex 119.29874688860659 -37.10993907328056 -2.1999999999999957
vertex 119.31000965549742 -37.17381449738301 -2.1999999999999957
endloop
endfacet
facet normal 0 0 -1
outer loop
vertex 118.0187893529813 -37.10993907328056 -2.1999999999999957
vertex 117.9637964307696 -37.05397750934036 -2.1999999999999957
vertex 119.28887952416301 -37.05397750934036 -2.1999999999999957
endloop
endfacet
facet normal 0 0 -1
outer loop
vertex 118.0187893529813 -37.10993907328056 -2.1999999999999957
vertex 119.28887952416301 -37.05397750934036 -2.1999999999999957
vertex 119.29874688860659 -37.10993907328056 -2.1999999999999957
endloop
endfacet
facet normal 0 0 -1
outer loop
vertex 117.9637964307696 -37.05397750934036 -2.1999999999999957
vertex 117.90072619260502 -37.007307784786946 -2.1999999999999957
vertex 119.28065053272567 -37.007307784786946 -2.1999999999999957
endloop
endfacet
facet normal 0 0 -1
outer loop
vertex 117.9637964307696 -37.05397750934036 -2.1999999999999957
vertex 119.28065053272567 -37.007307784786946 -2.1999999999999957
vertex 119.28887952416301 -37.05397750934036 -2.1999999999999957
endloop
endfacet
facet normal 0 0 -1
outer loop
vertex 117.90072619260502 -37.007307784786946 -2.1999999999999957
vertex 117.83113165937849 -36.97107907963478 -2.1999999999999957
vertex 119.270459761019 -36.97107907963478 -2.1999999999999957
endloop
endfacet
facet normal 0 0 -1
outer loop
vertex 117.90072619260502 -37.007307784786946 -2.1999999999999957
vertex 119.270459761019 -36.97107907963478 -2.1999999999999957
vertex 119.2778359360852 -36.991345142105885 -2.1999999999999957
endloop
endfacet
facet normal 0 0 -1
outer loop
vertex 117.90072619260502 -37.007307784786946 -2.1999999999999957
vertex 119.2778359360852 -36.991345142105885 -2.1999999999999957
vertex 119.28065053272567 -37.007307784786946 -2.1999999999999957
endloop
endfacet
facet normal 0 0 -1
outer loop
vertex 117.83113165937849 -36.97107907963478 -2.1999999999999957
vertex 117.75672650408585 -36.946183477655616 -2.1999999999999957
vertex 119.26139858700758 -36.946183477655616 -2.1999999999999957
endloop
endfacet
facet normal 0 0 -1
outer loop
vertex 117.83113165937849 -36.97107907963478 -2.1999999999999957
vertex 119.26139858700758 -36.946183477655616 -2.1999999999999957
vertex 119.270459761019 -36.97107907963478 -2.1999999999999957
endloop
endfacet
facet normal 0 0 -1
outer loop
vertex 117.75672650408585 -36.946183477655616 -2.1999999999999957
vertex 117.67934075490555 -36.933238 -2.199999999999996
vertex 119.25668686218981 -36.933238 -2.1999999999999957
endloop
endfacet
facet normal 0 0 -1
outer loop
vertex 117.75672650408585 -36.946183477655616 -2.1999999999999957
vertex 119.25668686218981 -36.933238 -2.1999999999999957
vertex 119.26139858700758 -36.946183477655616 -2.1999999999999957
endloop
endfacet
facet normal 0 0 -1
outer loop
vertex 41.04665290490556 -37.206278299383776 -2.2000000000000055
vertex 46.68615573436463 -36.71288628112713 -2.2000000000000046
vertex 58.40805233078295 -36.71288628112713 -2.2000000000000033
endloop
endfacet
facet normal 0 0 -1
outer loop
vertex 41.04665290490556 -37.206278299383776 -2.2000000000000055
vertex 58.40805233078295 -36.71288628112713 -2.2000000000000033
vertex 58.3126973480245 -36.84906730968654 -2.2000000000000033
endloop
endfacet
facet normal 0 0 -1
outer loop
vertex 41.04665290490556 -37.206278299383776 -2.2000000000000055
vertex 58.3126973480245 -36.84906730968654 -2.2000000000000033
vertex 58.18944051459209 -36.97232414311896 -2.2000000000000033
endloop
endfacet
facet normal 0 0 -1
outer loop
vertex 41.04665290490556 -37.206278299383776 -2.2000000000000055
vertex 58.18944051459209 -36.97232414311896 -2.2000000000000033
vertex 58.0466529049055 -37.07230510378446 -2.2000000000000033
endloop
endfacet
facet normal 0 0 -1
outer loop
vertex 41.04665290490556 -37.206278299383776 -2.2000000000000055
vertex 58.0466529049055 -37.07230510378446 -2.2000000000000033
vertex 57.888673048231226 -37.145972320785894 -2.2000000000000033
endloop
endfacet
facet normal 0 0 -1
outer loop
vertex 41.04665290490556 -37.206278299383776 -2.2000000000000055
vertex 57.888673048231226 -37.145972320785894 -2.2000000000000033
vertex 57.72030108257246 -37.1910874530122 -2.2000000000000033
endloop
endfacet
facet normal 0 0 -1
outer loop
vertex 41.04665290490556 -37.206278299383776 -2.2000000000000055
vertex 57.72030108257246 -37.1910874530122 -2.2000000000000033
vertex 57.546650854905536 -37.206278299383776 -2.2000000000000033
endloop
endfacet
facet normal 0 0 -1
outer loop
vertex 39.42195223071643 -37.21387582349389 -2.2000000000000055
vertex 39.429856827203764 -37.18095080956256 -2.2000000000000055
vertex 39.53194181378524 -36.93449585044291 -2.2000000000000055
endloop
endfacet
facet normal 0 0 -1
outer loop
vertex 39.42195223071643 -37.21387582349389 -2.2000000000000055
vertex 39.53194181378524 -36.93449585044291 -2.2000000000000055
vertex 39.66774433252128 -36.71288628112713 -2.2000000000000055
endloop
endfacet
facet normal 0 0 -1
outer loop
vertex 39.42195223071643 -37.21387582349389 -2.2000000000000055
vertex 39.66774433252128 -36.71288628112713 -2.2000000000000055
vertex 46.68615573436463 -36.71288628112713 -2.2000000000000046
endloop
endfacet
facet normal 0 0 -1
outer loop
vertex 39.42195223071643 -37.21387582349389 -2.2000000000000055
vertex 46.68615573436463 -36.71288628112713 -2.2000000000000046
vertex 41.04665290490556 -37.206278299383776 -2.2000000000000055
endloop
endfacet
facet normal 0 0 -1
outer loop
vertex 39.42195223071643 -37.21387582349389 -2.2000000000000055
vertex 41.04665290490556 -37.206278299383776 -2.2000000000000055
vertex 40.95982879959719 -37.21387582349389 -2.2000000000000055
endloop
endfacet
facet normal 1.265497801207335e-16 -7.754980499706833e-17 -1
outer loop
vertex 46.68615573436463 -36.71288628112713 -2.2000000000000046
vertex 39.66774433252128 -36.71288628112713 -2.2000000000000055
vertex 39.67132401446817 -36.70704477110273 -2.2000000000000055
endloop
endfacet
facet normal 1.265497801207335e-16 -7.754980499706833e-17 -1
outer loop
vertex 46.68615573436463 -36.71288628112713 -2.2000000000000046
vertex 39.67132401446817 -36.70704477110273 -2.2000000000000055
vertex 39.84457137688831 -36.50419817198297 -2.2000000000000055
endloop
endfacet
facet normal 1.265497801207335e-16 -7.754980499706833e-17 -1
outer loop
vertex 46.68615573436463 -36.71288628112713 -2.2000000000000046
vertex 39.84457137688831 -36.50419817198297 -2.2000000000000055
vertex 40.04741797600842 -36.33095080956254 -2.2000000000000055
endloop
endfacet
facet normal 1.265497801207335e-16 -7.754980499706833e-17 -1
outer loop
vertex 46.68615573436463 -36.71288628112713 -2.2000000000000046
vertex 40.04741797600842 -36.33095080956254 -2.2000000000000055
vertex 40.27486905534832 -36.19156860887977 -2.2000000000000055
endloop
endfacet
facet normal 1.265497801207335e-16 -7.754980499706833e-17 -1
outer loop
vertex 46.68615573436463 -36.71288628112713 -2.2000000000000046
vertex 40.27486905534832 -36.19156860887977 -2.2000000000000055
vertex 40.52132401446809 -36.089483622298246 -2.2000000000000055
endloop
endfacet
facet normal 1.265497801207335e-16 -7.754980499706833e-17 -1
outer loop
vertex 46.68615573436463 -36.71288628112713 -2.2000000000000046
vertex 40.52132401446809 -36.089483622298246 -2.2000000000000055
vertex 40.78071431433716 -36.027209520988265 -2.2000000000000055
endloop
endfacet
facet normal 1.265497801207335e-16 -7.754980499706833e-17 -1
outer loop
vertex 46.68615573436463 -36.71288628112713 -2.2000000000000046
vertex 40.78071431433716 -36.027209520988265 -2.2000000000000055
vertex 41.046652904905386 -36.006279377914076 -2.2000000000000055
endloop
endfacet
facet normal 1.265497801207335e-16 -7.754980499706833e-17 -1
outer loop
vertex 46.68615573436463 -36.71288628112713 -2.2000000000000046
vertex 41.046652904905386 -36.006279377914076 -2.2000000000000055
vertex 57.34665085490553 -36.006279377914076 -2.2000000000000033
endloop
endfacet
facet normal 1.265497801207335e-16 -7.754980499706833e-17 -1
outer loop
vertex 46.68615573436463 -36.71288628112713 -2.2000000000000046
vertex 57.34665085490553 -36.006279377914076 -2.2000000000000033
vertex 58.546652597328176 -36.006279377914076 -2.2000000000000033
endloop
endfacet
facet normal 1.265497801207335e-16 -7.754980499706833e-17 -1
outer loop
vertex 46.68615573436463 -36.71288628112713 -2.2000000000000046
vertex 58.546652597328176 -36.006279377914076 -2.2000000000000033
vertex 58.546652904905514 -36.20627970000015 -2.2000000000000033
endloop
endfacet
facet normal 1.265497801207335e-16 -7.754980499706833e-17 -1
outer loop
vertex 46.68615573436463 -36.71288628112713 -2.2000000000000046
vertex 58.546652904905514 -36.20627970000015 -2.2000000000000033
vertex 58.531460657917734 -36.37992787766694 -2.2000000000000033
endloop
endfacet
facet normal 1.265497801207335e-16 -7.754980499706833e-17 -1
outer loop
vertex 46.68615573436463 -36.71288628112713 -2.2000000000000046
vertex 58.531460657917734 -36.37992787766694 -2.2000000000000033
vertex 58.48634552569143 -36.54829984332569 -2.2000000000000033
endloop
endfacet
facet normal 1.265497801207335e-16 -7.754980499706833e-17 -1
outer loop
vertex 46.68615573436463 -36.71288628112713 -2.2000000000000046
vertex 58.48634552569143 -36.54829984332569 -2.2000000000000033
vertex 58.412678308690005 -36.70627969999994 -2.2000000000000033
endloop
endfacet
facet normal 1.265497801207335e-16 -7.754980499706833e-17 -1
outer loop
vertex 46.68615573436463 -36.71288628112713 -2.2000000000000046
vertex 58.412678308690005 -36.70627969999994 -2.2000000000000033
vertex 58.40805233078295 -36.71288628112713 -2.2000000000000033
endloop
endfacet
facet normal 0 0 -1
outer loop
vertex 57.34665085490553 -36.006279377914076 -2.2000000000000033
vertex 57.34665085490553 -34.87327949999999 -2.2000000000000033
vertex 58.54665085490552 -34.87327949999999 -2.2000000000000033
endloop
endfacet
facet normal 0 0 -1
outer loop
vertex 57.34665085490553 -36.006279377914076 -2.2000000000000033
vertex 58.54665085490552 -34.87327949999999 -2.2000000000000033
vertex 58.546652597328176 -36.006279377914076 -2.2000000000000033
endloop
endfacet
facet normal 0 0 -1
outer loop
vertex 57.34665085490553 -34.87327949999999 -2.2000000000000033
vertex 57.353484714924676 -34.78645566116647 -2.2000000000000033
vertex 58.554249028399425 -34.78645566116647 -2.2000000000000033
endloop
endfacet
facet normal 0 0 -1
outer loop
vertex 57.34665085490553 -34.87327949999999 -2.2000000000000033
vertex 58.554249028399425 -34.78645566116647 -2.2000000000000033
vertex 58.54665085490552 -34.87327949999999 -2.2000000000000033
endloop
endfacet
facet normal 0 0 -1
outer loop
vertex 57.353484714924676 -34.78645566116647 -2.2000000000000033
vertex 57.360110950644724 -34.70226967833708 -2.2000000000000033
vertex 58.576806594512604 -34.70226967833708 -2.2000000000000033
endloop
endfacet
facet normal 0 0 -1
outer loop
vertex 57.353484714924676 -34.78645566116647 -2.2000000000000033
vertex 58.576806594512604 -34.70226967833708 -2.2000000000000033
vertex 58.554249028399425 -34.78645566116647 -2.2000000000000033
endloop
endfacet
facet normal 0 0 -1
outer loop
vertex 57.360110950644724 -34.70226967833708 -2.2000000000000033
vertex 57.36632820756897 -34.623279750000016 -2.2000000000000033
vertex 58.61364020301386 -34.623279750000016 -2.2000000000000033
endloop
endfacet
facet normal 0 0 -1
outer loop
vertex 57.360110950644724 -34.70226967833708 -2.2000000000000033
vertex 58.61364020301386 -34.623279750000016 -2.2000000000000033
vertex 58.576806594512604 -34.70226967833708 -2.2000000000000033
endloop
endfacet
facet normal 0 0 -1
outer loop
vertex 57.36632820756897 -34.623279750000016 -2.2000000000000033
vertex 57.36758272589377 -34.607341159431726 -2.2000000000000033
vertex 57.380896344921425 -34.55188594515674 -2.2000000000000033
endloop
endfacet
facet normal 0 0 -1
outer loop
vertex 57.36632820756897 -34.623279750000016 -2.2000000000000033
vertex 57.380896344921425 -34.55188594515674 -2.2000000000000033
vertex 58.66363068365395 -34.55188594515674 -2.2000000000000033
endloop
endfacet
facet normal 0 0 -1
outer loop
vertex 57.36632820756897 -34.623279750000016 -2.2000000000000033
vertex 58.66363068365395 -34.55188594515674 -2.2000000000000033
vertex 58.61364020301386 -34.623279750000016 -2.2000000000000033
endloop
endfacet
facet normal 0 0 -1
outer loop
vertex 57.380896344921425 -34.55188594515674 -2.2000000000000033
vertex 57.39569201873073 -34.49025752844051 -2.2000000000000033
vertex 58.72525910074488 -34.49025752844051 -2.2000000000000033
endloop
endfacet
facet normal 0 0 -1
outer loop
vertex 57.380896344921425 -34.55188594515674 -2.2000000000000033
vertex 58.72525910074488 -34.49025752844051 -2.2000000000000033
vertex 58.66363068365395 -34.55188594515674 -2.2000000000000033
endloop
endfacet
facet normal 0 0 -1
outer loop
vertex 57.39569201873073 -34.49025752844051 -2.2000000000000033
vertex 57.40769367121483 -34.44026704810778 -2.2000000000000033
vertex 58.79665290620214 -34.44026704810778 -2.2000000000000033
endloop
endfacet
facet normal 0 0 -1
outer loop
vertex 57.39569201873073 -34.49025752844051 -2.2000000000000033
vertex 58.79665290620214 -34.44026704810778 -2.2000000000000033
vertex 58.72525910074488 -34.49025752844051 -2.2000000000000033
endloop
endfacet
facet normal 0 0 -1
outer loop
vertex 57.40769367121483 -34.44026704810778 -2.2000000000000033
vertex 57.416536638236124 -34.403433439607056 -2.2000000000000033
vertex 58.875642835601695 -34.403433439607056 -2.2000000000000033
endloop
endfacet
facet normal 0 0 -1
outer loop
vertex 57.40769367121483 -34.44026704810778 -2.2000000000000033
vertex 58.875642835601695 -34.403433439607056 -2.2000000000000033
vertex 58.79665290620214 -34.44026704810778 -2.2000000000000033
endloop
endfacet
facet normal 0 0 -1
outer loop
vertex 57.416536638236124 -34.403433439607056 -2.2000000000000033
vertex 57.42195223071644 -34.380875873493906 -2.2000000000000033
vertex 58.959828820711365 -34.380875873493906 -2.2000000000000033
endloop
endfacet
facet normal 0 0 -1
outer loop
vertex 57.416536638236124 -34.403433439607056 -2.2000000000000033
vertex 58.959828820711365 -34.380875873493906 -2.2000000000000033
vertex 58.875642835601695 -34.403433439607056 -2.2000000000000033
endloop
endfacet
facet normal 0 0 -1
outer loop
vertex 57.42195223071644 -34.380875873493906 -2.2000000000000033
vertex 57.423776035754585 -34.37327917878784 -2.2000000000000033
vertex 59.0466594490168 -34.37327917878784 -2.2000000000000033
endloop
endfacet
facet normal 0 0 -1
outer loop
vertex 57.42195223071644 -34.380875873493906 -2.2000000000000033
vertex 59.0466594490168 -34.37327917878784 -2.2000000000000033
vertex 58.959828820711365 -34.380875873493906 -2.2000000000000033
endloop
endfacet
facet normal 0 0 -1
outer loop
vertex 117.67934075490555 -36.933238 -2.199999999999996
vertex 96.45949290490552 -35.076743650000004 -2.1999999999999984
vertex 96.29720747168749 -35.04893818008288 -2.1999999999999984
endloop
endfacet
facet normal 0 0 -1
outer loop
vertex 117.67934075490555 -36.933238 -2.199999999999996
vertex 96.29720747168749 -35.04893818008288 -2.1999999999999984
vertex 96.1416844308246 -34.99487997300155 -2.1999999999999984
endloop
endfacet
facet normal 0 0 -1
outer loop
vertex 117.67934075490555 -36.933238 -2.199999999999996
vertex 96.1416844308246 -34.99487997300155 -2.1999999999999984
vertex 95.9971399662295 -34.91603453085636 -2.1999999999999984
endloop
endfacet
facet normal 0 0 -1
outer loop
vertex 117.67934075490555 -36.933238 -2.199999999999996
vertex 95.9971399662295 -34.91603453085636 -2.1999999999999984
vertex 95.86749263584049 -34.81453933040287 -2.199999999999999
endloop
endfacet
facet normal 0 0 -1
outer loop
vertex 117.67934075490555 -36.933238 -2.199999999999996
vertex 95.86749263584049 -34.81453933040287 -2.199999999999999
vertex 95.75625714066695 -34.69314587668493 -2.199999999999999
endloop
endfacet
facet normal 0 0 -1
outer loop
vertex 117.67934075490555 -36.933238 -2.199999999999996
vertex 95.75625714066695 -34.69314587668493 -2.199999999999999
vertex 95.66644904227884 -34.55514511054213 -2.199999999999999
endloop
endfacet
facet normal 0 0 -1
outer loop
vertex 117.67934075490555 -36.933238 -2.199999999999996
vertex 95.66644904227884 -34.55514511054213 -2.199999999999999
vertex 95.60050301181919 -34.40427819217124 -2.199999999999999
endloop
endfacet
facet normal 0 0 -1
outer loop
vertex 117.67934075490555 -36.933238 -2.199999999999996
vertex 95.60050301181919 -34.40427819217124 -2.199999999999999
vertex 95.56020682678513 -34.24463507937333 -2.199999999999999
endloop
endfacet
facet normal 0 0 -1
outer loop
vertex 117.67934075490555 -36.933238 -2.199999999999996
vertex 95.56020682678513 -34.24463507937333 -2.199999999999999
vertex 95.54665085490554 -34.080547299999765 -2.199999999999999
endloop
endfacet
facet normal 0 0 -1
outer loop
vertex 117.67934075490555 -36.933238 -2.199999999999996
vertex 95.54665085490554 -34.080547299999765 -2.199999999999999
vertex 95.5466509319829 -33.8972811 -2.199999999999999
endloop
endfacet
facet normal 0 0 -1
outer loop
vertex 117.67934075490555 -36.933238 -2.199999999999996
vertex 95.5466509319829 -33.8972811 -2.199999999999999
vertex 96.74665085490554 -33.8972811 -2.1999999999999984
endloop
endfacet
facet normal 0 0 -1
outer loop
vertex 117.67934075490555 -36.933238 -2.199999999999996
vertex 96.74665085490554 -33.8972811 -2.1999999999999984
vertex 117.78392765490555 -35.7378044 -2.1999999999999957
endloop
endfacet
facet normal 0 0 -1
outer loop
vertex 117.67934075490555 -36.933238 -2.199999999999996
vertex 117.78392765490555 -35.7378044 -2.1999999999999957
vertex 118.07575862942213 -35.78926025256571 -2.1999999999999957
endloop
endfacet
facet normal 0 0 -1
outer loop
vertex 117.67934075490555 -36.933238 -2.199999999999996
vertex 118.07575862942213 -35.78926025256571 -2.1999999999999957
vertex 118.35421685106817 -35.89061180561745 -2.1999999999999957
endloop
endfacet
facet normal 0 0 -1
outer loop
vertex 117.67934075490555 -36.933238 -2.199999999999996
vertex 118.35421685106817 -35.89061180561745 -2.1999999999999957
vertex 118.61084516434204 -36.03877734592487 -2.1999999999999957
endloop
endfacet
facet normal 0 0 -1
outer loop
vertex 117.67934075490555 -36.933238 -2.199999999999996
vertex 118.61084516434204 -36.03877734592487 -2.1999999999999957
vertex 118.8378460539392 -36.22925494206272 -2.1999999999999957
endloop
endfacet
facet normal 0 0 -1
outer loop
vertex 117.67934075490555 -36.933238 -2.199999999999996
vertex 118.8378460539392 -36.22925494206272 -2.1999999999999957
vertex 119.02832221812342 -36.45625703321177 -2.1999999999999957
endloop
endfacet
facet normal 0 0 -1
outer loop
vertex 117.67934075490555 -36.933238 -2.199999999999996
vertex 119.02832221812342 -36.45625703321177 -2.1999999999999957
vertex 119.17648613958455 -36.71288628112713 -2.1999999999999957
endloop
endfacet
facet normal 0 0 -1
outer loop
vertex 117.67934075490555 -36.933238 -2.199999999999996
vertex 119.17648613958455 -36.71288628112713 -2.1999999999999957
vertex 119.25668686218981 -36.933238 -2.1999999999999957
endloop
endfacet
facet normal 0 0 -1
outer loop
vertex 59.0466594490168 -34.37327917878784 -2.2000000000000033
vertex 57.423776035754585 -34.37327917878784 -2.2000000000000033
vertex 57.429856827203764 -34.34795085956261 -2.2000000000000033
endloop
endfacet
facet normal 0 0 -1
outer loop
vertex 59.0466594490168 -34.37327917878784 -2.2000000000000033
vertex 57.429856827203764 -34.34795085956261 -2.2000000000000033
vertex 57.53194181378532 -34.10149590044275 -2.2000000000000033
endloop
endfacet
facet normal 0 0 -1
outer loop
vertex 59.0466594490168 -34.37327917878784 -2.2000000000000033
vertex 57.53194181378532 -34.10149590044275 -2.2000000000000033
vertex 57.67132401446811 -33.87404482110279 -2.2000000000000033
endloop
endfacet
facet normal 0 0 -1
outer loop
vertex 59.0466594490168 -34.37327917878784 -2.2000000000000033
vertex 57.67132401446811 -33.87404482110279 -2.2000000000000033
vertex 57.84457137688838 -33.67119822198288 -2.2000000000000033
endloop
endfacet
facet normal 0 0 -1
outer loop
vertex 59.0466594490168 -34.37327917878784 -2.2000000000000033
vertex 57.84457137688838 -33.67119822198288 -2.2000000000000033
vertex 58.047417976008276 -33.49795085956262 -2.2000000000000033
endloop
endfacet
facet normal 0 0 -1
outer loop
vertex 59.0466594490168 -34.37327917878784 -2.2000000000000033
vertex 58.047417976008276 -33.49795085956262 -2.2000000000000033
vertex 58.27486905534829 -33.35856865887979 -2.2000000000000033
endloop
endfacet
facet normal 0 0 -1
outer loop
vertex 59.0466594490168 -34.37327917878784 -2.2000000000000033
vertex 58.27486905534829 -33.35856865887979 -2.2000000000000033
vertex 58.52132401446818 -33.256483672298224 -2.2000000000000033
endloop
endfacet
facet normal 0 0 -1
outer loop
vertex 59.0466594490168 -34.37327917878784 -2.2000000000000033
vertex 58.52132401446818 -33.256483672298224 -2.2000000000000033
vertex 58.78071431433712 -33.19420957098827 -2.2000000000000033
endloop
endfacet
facet normal 0 0 -1
outer loop
vertex 59.0466594490168 -34.37327917878784 -2.2000000000000033
vertex 58.78071431433712 -33.19420957098827 -2.2000000000000033
vertex 59.04665290490547 -33.173279750000006 -2.2000000000000033
endloop
endfacet
facet normal 0 0 -1
outer loop
vertex 59.0466594490168 -34.37327917878784 -2.2000000000000033
vertex 59.04665290490547 -33.173279750000006 -2.2000000000000033
vertex 75.34665085490553 -33.173279750000006 -2.200000000000001
endloop
endfacet
facet normal 0 0 -1
outer loop
vertex 59.0466594490168 -34.37327917878784 -2.2000000000000033
vertex 75.34665085490553 -33.173279750000006 -2.200000000000001
vertex 76.54665280651326 -33.173279750000006 -2.200000000000001
endloop
endfacet
facet normal 0 0 -1
outer loop
vertex 59.0466594490168 -34.37327917878784 -2.2000000000000033
vertex 76.54665280651326 -33.173279750000006 -2.200000000000001
vertex 76.54665290490553 -33.37327975000001 -2.200000000000001
endloop
endfacet
facet normal 0 0 -1
outer loop
vertex 59.0466594490168 -34.37327917878784 -2.2000000000000033
vertex 76.54665290490553 -33.37327975000001 -2.200000000000001
vertex 76.53146065791772 -33.546927927667056 -2.200000000000001
endloop
endfacet
facet normal 0 0 -1
outer loop
vertex 59.0466594490168 -34.37327917878784 -2.2000000000000033
vertex 76.53146065791772 -33.546927927667056 -2.200000000000001
vertex 76.48634552569148 -33.71529989332557 -2.200000000000001
endloop
endfacet
facet normal 0 0 -1
outer loop
vertex 59.0466594490168 -34.37327917878784 -2.2000000000000033
vertex 76.48634552569148 -33.71529989332557 -2.200000000000001
vertex 76.41267830868993 -33.87327975000005 -2.200000000000001
endloop
endfacet
facet normal 0 0 -1
outer loop
vertex 59.0466594490168 -34.37327917878784 -2.2000000000000033
vertex 76.41267830868993 -33.87327975000005 -2.200000000000001
vertex 76.31269734802453 -34.01606735968652 -2.200000000000001
endloop
endfacet
facet normal 0 0 -1
outer loop
vertex 59.0466594490168 -34.37327917878784 -2.2000000000000033
vertex 76.31269734802453 -34.01606735968652 -2.200000000000001
vertex 76.18944051459206 -34.13932419311898 -2.200000000000001
endloop
endfacet
facet normal 0 0 -1
outer loop
vertex 59.0466594490168 -34.37327917878784 -2.2000000000000033
vertex 76.18944051459206 -34.13932419311898 -2.200000000000001
vertex 76.04665290490554 -34.239305153784436 -2.200000000000001
endloop
endfacet
facet normal 0 0 -1
outer loop
vertex 59.0466594490168 -34.37327917878784 -2.2000000000000033
vertex 76.04665290490554 -34.239305153784436 -2.200000000000001
vertex 75.8886730482312 -34.31297237078591 -2.200000000000001
endloop
endfacet
facet normal 0 0 -1
outer loop
vertex 59.0466594490168 -34.37327917878784 -2.2000000000000033
vertex 75.8886730482312 -34.31297237078591 -2.200000000000001
vertex 75.72030108257248 -34.35808750301221 -2.200000000000001
endloop
endfacet
facet normal 0 0 -1
outer loop
vertex 59.0466594490168 -34.37327917878784 -2.2000000000000033
vertex 75.72030108257248 -34.35808750301221 -2.200000000000001
vertex 75.54665085490561 -34.37327917878784 -2.200000000000001
endloop
endfacet
facet normal 0 0 -1
outer loop
vertex 95.5466509319829 -33.8972811 -2.199999999999999
vertex 95.54665290490554 -29.206279399999865 -2.199999999999999
vertex 96.74665290490555 -29.206279399999865 -2.1999999999999984
endloop
endfacet
facet normal 0 0 -1
outer loop
vertex 95.5466509319829 -33.8972811 -2.199999999999999
vertex 96.74665290490555 -29.206279399999865 -2.1999999999999984
vertex 96.74665085490554 -33.8972811 -2.1999999999999984
endloop
endfacet
facet normal 0 0 -1
outer loop
vertex 75.34665085490553 -33.173279750000006 -2.200000000000001
vertex 75.34665085490553 -29.206279399999865 -2.200000000000001
vertex 76.54665085490555 -29.206279399999865 -2.200000000000001
endloop
endfacet
facet normal 0 0 -1
outer loop
vertex 75.34665085490553 -33.173279750000006 -2.200000000000001
vertex 76.54665085490555 -29.206279399999865 -2.200000000000001
vertex 76.54665280651326 -33.173279750000006 -2.200000000000001
endloop
endfacet
facet normal 0 0 -1
outer loop
vertex 95.54665290490554 -29.206279399999865 -2.199999999999999
vertex 95.53905678141165 -29.11945561116653 -2.199999999999999
vertex 96.73905678141163 -29.11945561116653 -2.1999999999999984
endloop
endfacet
facet normal 0 0 -1
outer loop
vertex 95.54665290490554 -29.206279399999865 -2.199999999999999
vertex 96.73905678141163 -29.11945561116653 -2.1999999999999984
vertex 96.74665290490555 -29.206279399999865 -2.1999999999999984
endloop
endfacet
facet normal 0 0 -1
outer loop
vertex 75.34665085490553 -29.206279399999865 -2.200000000000001
vertex 75.35348471227405 -29.11945561116653 -2.200000000000001
vertex 76.55424902839943 -29.11945561116653 -2.200000000000001
endloop
endfacet
facet normal 0 0 -1
outer loop
vertex 75.34665085490553 -29.206279399999865 -2.200000000000001
vertex 76.55424902839943 -29.11945561116653 -2.200000000000001
vertex 76.54665085490555 -29.206279399999865 -2.200000000000001
endloop
endfacet
facet normal 0 0 -1
outer loop
vertex 95.53905678141165 -29.11945561116653 -2.199999999999999
vertex 95.51649921529845 -29.035269628337105 -2.199999999999999
vertex 96.73169146228626 -29.035269628337105 -2.1999999999999984
endloop
endfacet
facet normal 0 0 -1
outer loop
vertex 95.53905678141165 -29.11945561116653 -2.199999999999999
vertex 96.73169146228626 -29.035269628337105 -2.1999999999999984
vertex 96.73905678141163 -29.11945561116653 -2.1999999999999984
endloop
endfacet
facet normal 0 0 -1
outer loop
vertex 75.35348471227405 -29.11945561116653 -2.200000000000001
vertex 75.36011094923992 -29.035269628337105 -2.200000000000001
vertex 76.5768065945126 -29.035269628337105 -2.200000000000001
endloop
endfacet
facet normal 0 0 -1
outer loop
vertex 75.35348471227405 -29.11945561116653 -2.200000000000001
vertex 76.5768065945126 -29.035269628337105 -2.200000000000001
vertex 76.55424902839943 -29.11945561116653 -2.200000000000001
endloop
endfacet
facet normal 0 0 -1
outer loop
vertex 95.51649921529845 -29.035269628337105 -2.199999999999999
vertex 95.47966560679771 -28.95627969999996 -2.199999999999999
vertex 96.72478073902404 -28.95627969999996 -2.1999999999999984
endloop
endfacet
facet normal 0 0 -1
outer loop
vertex 95.51649921529845 -29.035269628337105 -2.199999999999999
vertex 96.72478073902404 -28.95627969999996 -2.1999999999999984
vertex 96.73169146228626 -29.035269628337105 -2.1999999999999984
endloop
endfacet
facet normal 0 0 -1
outer loop
vertex 75.36011094923992 -29.035269628337105 -2.200000000000001
vertex 75.36632820733311 -28.95627969999996 -2.200000000000001
vertex 76.61364020301333 -28.95627969999996 -2.200000000000001
endloop
endfacet
facet normal 0 0 -1
outer loop
vertex 75.36011094923992 -29.035269628337105 -2.200000000000001
vertex 76.61364020301333 -28.95627969999996 -2.200000000000001
vertex 76.5768065945126 -29.035269628337105 -2.200000000000001
endloop
endfacet
facet normal 0 0 -1
outer loop
vertex 95.47966560679771 -28.95627969999996 -2.199999999999999
vertex 95.42967512646503 -28.88488589515668 -2.199999999999999
vertex 96.71380798582022 -28.88488589515668 -2.1999999999999984
endloop
endfacet
facet normal 0 0 -1
outer loop
vertex 95.47966560679771 -28.95627969999996 -2.199999999999999
vertex 96.71380798582022 -28.88488589515668 -2.1999999999999984
vertex 96.72082608502627 -28.911077797966207 -2.1999999999999984
endloop
endfacet
facet normal 0 0 -1
outer loop
vertex 95.47966560679771 -28.95627969999996 -2.199999999999999
vertex 96.72082608502627 -28.911077797966207 -2.1999999999999984
vertex 96.72478073902404 -28.95627969999996 -2.1999999999999984
endloop
endfacet
facet normal 0 0 -1
outer loop
vertex 75.36632820733311 -28.95627969999996 -2.200000000000001
vertex 75.36758272589378 -28.94034110943165 -2.200000000000001
vertex 75.38089634492144 -28.88488589515668 -2.200000000000001
endloop
endfacet
facet normal 0 0 -1
outer loop
vertex 75.36632820733311 -28.95627969999996 -2.200000000000001
vertex 75.38089634492144 -28.88488589515668 -2.200000000000001
vertex 76.66363068343966 -28.88488589515668 -2.200000000000001
endloop
endfacet
facet normal 0 0 -1
outer loop
vertex 75.36632820733311 -28.95627969999996 -2.200000000000001
vertex 76.66363068343966 -28.88488589515668 -2.200000000000001
vertex 76.61364020301333 -28.95627969999996 -2.200000000000001
endloop
endfacet
facet normal 0 0 -1
outer loop
vertex 95.42967512646503 -28.88488589515668 -2.199999999999999
vertex 95.36804670974877 -28.82325747844054 -2.199999999999999
vertex 96.69729470133034 -28.82325747844054 -2.1999999999999984
endloop
endfacet
facet normal 0 0 -1
outer loop
vertex 95.42967512646503 -28.88488589515668 -2.199999999999999
vertex 96.69729470133034 -28.82325747844054 -2.1999999999999984
vertex 96.71380798582022 -28.88488589515668 -2.1999999999999984
endloop
endfacet
facet normal 0 0 -1
outer loop
vertex 75.38089634492144 -28.88488589515668 -2.200000000000001
vertex 75.39569201873071 -28.82325747844054 -2.200000000000001
vertex 76.72525910080398 -28.82325747844054 -2.200000000000001
endloop
endfacet
facet normal 0 0 -1
outer loop
vertex 75.38089634492144 -28.88488589515668 -2.200000000000001
vertex 76.72525910080398 -28.82325747844054 -2.200000000000001
vertex 76.66363068343966 -28.88488589515668 -2.200000000000001
endloop
endfacet
facet normal 0 0 -1
outer loop
vertex 95.36804670974877 -28.82325747844054 -2.199999999999999
vertex 95.29665290490553 -28.7732669981078 -2.199999999999999
vertex 96.68389979249594 -28.7732669981078 -2.1999999999999984
endloop
endfacet
facet normal 0 0 -1
outer loop
vertex 95.36804670974877 -28.82325747844054 -2.199999999999999
vertex 96.68389979249594 -28.7732669981078 -2.1999999999999984
vertex 96.69729470133034 -28.82325747844054 -2.1999999999999984
endloop
endfacet
facet normal 0 0 -1
outer loop
vertex 75.39569201873071 -28.82325747844054 -2.200000000000001
vertex 75.40769367121482 -28.7732669981078 -2.200000000000001
vertex 76.79665290631446 -28.7732669981078 -2.200000000000001
endloop
endfacet
facet normal 0 0 -1
outer loop
vertex 75.39569201873071 -28.82325747844054 -2.200000000000001
vertex 76.79665290631446 -28.7732669981078 -2.200000000000001
vertex 76.72525910080398 -28.82325747844054 -2.200000000000001
endloop
endfacet
facet normal 0 0 -1
outer loop
vertex 95.29665290490553 -28.7732669981078 -2.199999999999999
vertex 95.21766297656835 -28.736433389607043 -2.199999999999999
vertex 96.67403025684384 -28.736433389607043 -2.1999999999999984
endloop
endfacet
facet normal 0 0 -1
outer loop
vertex 95.29665290490553 -28.7732669981078 -2.199999999999999
vertex 96.67403025684384 -28.736433389607043 -2.1999999999999984
vertex 96.68389979249594 -28.7732669981078 -2.1999999999999984
endloop
endfacet
facet normal 0 0 -1
outer loop
vertex 75.40769367121482 -28.7732669981078 -2.200000000000001
vertex 75.41653663823612 -28.736433389607043 -2.200000000000001
vertex 76.87564283580618 -28.736433389607043 -2.200000000000001
endloop
endfacet
facet normal 0 0 -1
outer loop
vertex 75.40769367121482 -28.7732669981078 -2.200000000000001
vertex 76.87564283580618 -28.736433389607043 -2.200000000000001
vertex 76.79665290631446 -28.7732669981078 -2.200000000000001
endloop
endfacet
facet normal 0 0 -1
outer loop
vertex 95.21766297656835 -28.736433389607043 -2.199999999999999
vertex 95.13347699373902 -28.713875823493908 -2.199999999999999
vertex 96.6679859752206 -28.713875823493908 -2.1999999999999984
endloop
endfacet
facet normal 0 0 -1
outer loop
vertex 95.21766297656835 -28.736433389607043 -2.199999999999999
vertex 96.6679859752206 -28.713875823493908 -2.1999999999999984
vertex 96.67403025684384 -28.736433389607043 -2.1999999999999984
endloop
endfacet
facet normal 0 0 -1
outer loop
vertex 75.41653663823612 -28.736433389607043 -2.200000000000001
vertex 75.42195223071643 -28.713875823493908 -2.200000000000001
vertex 76.9598288211134 -28.713875823493908 -2.200000000000001
endloop
endfacet
facet normal 0 0 -1
outer loop
vertex 75.41653663823612 -28.736433389607043 -2.200000000000001
vertex 76.9598288211134 -28.713875823493908 -2.200000000000001
vertex 76.87564283580618 -28.736433389607043 -2.200000000000001
endloop
endfacet
facet normal 0 0 -1
outer loop
vertex 95.13347699373902 -28.713875823493908 -2.199999999999999
vertex 95.04665085490554 -28.706279373011668 -2.199999999999999
vertex 96.66595051244855 -28.706279373011668 -2.1999999999999984
endloop
endfacet
facet normal 0 0 -1
outer loop
vertex 95.13347699373902 -28.713875823493908 -2.199999999999999
vertex 96.66595051244855 -28.706279373011668 -2.1999999999999984
vertex 96.6679859752206 -28.713875823493908 -2.1999999999999984
endloop
endfacet
facet normal 0 0 -1
outer loop
vertex 75.42195223071643 -28.713875823493908 -2.200000000000001
vertex 75.42377597712162 -28.706279373011668 -2.200000000000001
vertex 77.04665664239936 -28.706279373011668 -2.200000000000001
endloop
endfacet
facet normal 0 0 -1
outer loop
vertex 75.42195223071643 -28.713875823493908 -2.200000000000001
vertex 77.04665664239936 -28.706279373011668 -2.200000000000001
vertex 76.9598288211134 -28.713875823493908 -2.200000000000001
endloop
endfacet
facet normal 0 1 0
outer loop
vertex 95.04665085490554 -28.706279373011668 -2.199999999999999
vertex 77.04665664239936 -28.706279373011668 -2.200000000000001
vertex 75.42377597712162 -28.706279373011668 -2.200000000000001
endloop
endfacet
facet normal 0 1 0
outer loop
vertex 95.04665085490554 -28.706279373011668 -2.199999999999999
vertex 75.42377597712162 -28.706279373011668 -2.200000000000001
vertex 75.42985682720374 -28.680950809562688 -2.200000000000001
endloop
endfacet
facet normal 0 1 0
outer loop
vertex 95.04665085490554 -28.706279373011668 -2.199999999999999
vertex 75.42985682720374 -28.680950809562688 -2.200000000000001
vertex 75.53194181378534 -28.43449585044273 -2.200000000000001
endloop
endfacet
facet normal 0 1 0
outer loop
vertex 95.04665085490554 -28.706279373011668 -2.199999999999999
vertex 75.53194181378534 -28.43449585044273 -2.200000000000001
vertex 75.67132401446813 -28.207044771102773 -2.200000000000001
endloop
endfacet
facet normal 0 1 0
outer loop
vertex 95.04665085490554 -28.706279373011668 -2.199999999999999
vertex 75.67132401446813 -28.207044771102773 -2.200000000000001
vertex 75.84457137688834 -28.004198171982935 -2.200000000000001
endloop
endfacet
facet normal 0 1 0
outer loop
vertex 95.04665085490554 -28.706279373011668 -2.199999999999999
vertex 75.84457137688834 -28.004198171982935 -2.200000000000001
vertex 76.04741797600835 -27.83095080956258 -2.200000000000001
endloop
endfacet
facet normal 0 1 0
outer loop
vertex 95.04665085490554 -28.706279373011668 -2.199999999999999
vertex 76.04741797600835 -27.83095080956258 -2.200000000000001
vertex 76.27486905534833 -27.691568608879763 -2.200000000000001
endloop
endfacet
facet normal 0 1 0
outer loop
vertex 95.04665085490554 -28.706279373011668 -2.199999999999999
vertex 76.27486905534833 -27.691568608879763 -2.200000000000001
vertex 76.52132401446814 -27.58948362229824 -2.200000000000001
endloop
endfacet
facet normal 0 1 0
outer loop
vertex 95.04665085490554 -28.706279373011668 -2.199999999999999
vertex 76.52132401446814 -27.58948362229824 -2.200000000000001
vertex 76.78071431433713 -27.527209520988265 -2.200000000000001
endloop
endfacet
facet normal 0 1 0
outer loop
vertex 95.04665085490554 -28.706279373011668 -2.199999999999999
vertex 76.78071431433713 -27.527209520988265 -2.200000000000001
vertex 77.04665290490551 -27.5062797 -2.200000000000001
endloop
endfacet
facet normal 0 1 0
outer loop
vertex 95.04665085490554 -28.706279373011668 -2.199999999999999
vertex 77.04665290490551 -27.5062797 -2.200000000000001
vertex 95.04665085490551 -27.5062797 -2.199999999999999
endloop
endfacet
facet normal 0 1 0
outer loop
vertex 95.04665085490554 -28.706279373011668 -2.199999999999999
vertex 95.04665085490551 -27.5062797 -2.199999999999999
vertex 95.34185480693932 -27.53210651987925 -2.199999999999999
endloop
endfacet
facet normal 0 1 0
outer loop
vertex 95.04665085490554 -28.706279373011668 -2.199999999999999
vertex 95.34185480693932 -27.53210651987925 -2.199999999999999
vertex 95.62808714855922 -27.608802244663977 -2.199999999999999
endloop
endfacet
facet normal 0 1 0
outer loop
vertex 95.04665085490554 -28.706279373011668 -2.199999999999999
vertex 95.62808714855922 -27.608802244663977 -2.199999999999999
vertex 95.8966529049055 -27.734036513566437 -2.199999999999999
endloop
endfacet
facet normal 0 1 0
outer loop
vertex 95.04665085490554 -28.706279373011668 -2.199999999999999
vertex 95.8966529049055 -27.734036513566437 -2.199999999999999
vertex 96.13939184137263 -27.90400414669773 -2.1999999999999984
endloop
endfacet
facet normal 0 1 0
outer loop
vertex 95.04665085490554 -28.706279373011668 -2.199999999999999
vertex 96.13939184137263 -27.90400414669773 -2.1999999999999984
vertex 96.34892845820785 -28.11354076353294 -2.1999999999999984
endloop
endfacet
facet normal 0 1 0
outer loop
vertex 95.04665085490554 -28.706279373011668 -2.199999999999999
vertex 96.34892845820785 -28.11354076353294 -2.1999999999999984
vertex 96.51889609133904 -28.356279699999938 -2.1999999999999984
endloop
endfacet
facet normal 0 1 0
outer loop
vertex 95.04665085490554 -28.706279373011668 -2.199999999999999
vertex 96.51889609133904 -28.356279699999938 -2.1999999999999984
vertex 96.6441303602416 -28.624845456346435 -2.1999999999999984
endloop
endfacet
facet normal 0 1 0
outer loop
vertex 95.04665085490554 -28.706279373011668 -2.199999999999999
vertex 96.6441303602416 -28.624845456346435 -2.1999999999999984
vertex 96.66595051244855 -28.706279373011668 -2.1999999999999984
endloop
endfacet
facet normal 0.0006306501669671153 0.0023536180683751797 -0.9999970313767712
outer loop
vertex 109.78763295490546 -108.1693232 -2.199999999999997
vertex 122.59838969020814 -111.6019557 -2.1999999999999953
vertex 122.65487669153777 -111.61709134893925 -2.1999999999999953
endloop
endfacet
facet normal 0.0006306501669671153 0.0023536180683751797 -0.9999970313767712
outer loop
vertex 109.78763295490546 -108.1693232 -2.199999999999997
vertex 122.65487669153777 -111.61709134893925 -2.1999999999999953
vertex 122.65488608844316 -111.61709386683289 -2.1999999999999953
endloop
endfacet
facet normal 0.0006306501669671153 0.0023536180683751797 -0.9999970313767712
outer loop
vertex 109.78763295490546 -108.1693232 -2.199999999999997
vertex 122.65488608844316 -111.61709386683289 -2.1999999999999953
vertex 126.92428910490521 -112.76107714999993 -2.199999999999995
endloop
endfacet
facet normal 0.0006306501669671153 0.0023536180683751797 -0.9999970313767712
outer loop
vertex 109.78763295490546 -108.1693232 -2.199999999999997
vertex 126.92428910490521 -112.76107714999993 -2.199999999999995
vertex 126.92428910490534 -112.76107714999995 5.350334494840948e-15
endloop
endfacet
facet normal 0.0006306501669671153 0.0023536180683751797 -0.9999970313767712
outer loop
vertex 109.78763295490546 -108.1693232 -2.199999999999997
vertex 126.92428910490534 -112.76107714999995 5.350334494840948e-15
vertex 122.65487669153778 -111.61709134893925 4.8274822702138914e-15
endloop
endfacet
facet normal 0.0006306501669671153 0.0023536180683751797 -0.9999970313767712
outer loop
vertex 109.78763295490546 -108.1693232 -2.199999999999997
vertex 122.65487669153778 -111.61709134893925 4.8274822702138914e-15
vertex 113.456805179066 -109.1524751 3.701043386606189e-15
endloop
endfacet
facet normal 0.0006306501669671153 0.0023536180683751797 -0.9999970313767712
outer loop
vertex 109.78763295490546 -108.1693232 -2.199999999999997
vertex 113.456805179066 -109.1524751 3.701043386606189e-15
vertex 109.78763295490546 -108.1693232 3.2516993846223317e-15
endloop
endfacet
facet normal 0.040375239566509784 -0.9991845875662548 0
outer loop
vertex 67.5686707549055 -109.875315 -2.200000000000002
vertex 109.78763295490546 -108.1693232 -2.199999999999997
vertex 109.78763295490546 -108.1693232 3.2516993846223317e-15
endloop
endfacet
facet normal 0.040375239566509784 -0.9991845875662548 0
outer loop
vertex 67.5686707549055 -109.875315 -2.200000000000002
vertex 109.78763295490546 -108.1693232 3.2516993846223317e-15
vertex 77.2905615556098 -109.482471 -7.280440624587114e-16
endloop
endfacet
facet normal 0.040375239566509784 -0.9991845875662548 0
outer loop
vertex 67.5686707549055 -109.875315 -2.200000000000002
vertex 77.2905615556098 -109.482471 -7.280440624587114e-16
vertex 67.56867075490544 -109.87531500000001 -1.9186323075329805e-15
endloop
endfacet
facet normal 0.17364817783908787 -0.9848077529818521 -1.8170758150453432e-15
outer loop
vertex 50.064322954905634 -112.96180379999997 -2.200000000000004
vertex 67.5686707549055 -109.875315 -2.200000000000002
vertex 67.56867075490544 -109.87531500000001 -1.9186323075329805e-15
endloop
endfacet
facet normal 0.17364817783908787 -0.9848077529818521 -1.8170758150453432e-15
outer loop
vertex 50.064322954905634 -112.96180379999997 -2.200000000000004
vertex 67.56867075490544 -109.87531500000001 -1.9186323075329805e-15
vertex 61.92042115078736 -110.87125380000002 -2.6103433873798315e-15
endloop
endfacet
facet normal 0.17364817783908787 -0.9848077529818521 -1.8170758150453432e-15
outer loop
vertex 50.064322954905634 -112.96180379999997 -2.200000000000004
vertex 61.92042115078736 -110.87125380000002 -2.6103433873798315e-15
vertex 50.064322954905734 -112.96180379999996 -4.062296657976146e-15
endloop
endfacet
facet normal 0.30070529331507645 -0.9537171103489199 0
outer loop
vertex 50.027886654905515 -112.97329210000001 -2.200000000000004
vertex 50.064322954905634 -112.96180379999997 -2.200000000000004
vertex 50.064322954905734 -112.96180379999996 -4.062296657976146e-15
endloop
endfacet
facet normal 0.30070529331507645 -0.9537171103489199 0
outer loop
vertex 50.027886654905515 -112.97329210000001 -2.200000000000004
vertex 50.064322954905734 -112.96180379999996 -4.062296657976146e-15
vertex 50.027886654905444 -112.97329210000004 -4.066758817792959e-15
endloop
endfacet
facet normal -0.0015134273220068152 0.0032455553834549148 -0.9999935879334396
outer loop
vertex 33.81533125490546 -120.53333080000003 -2.2000000000000064
vertex 36.05125200096208 -119.49070383877954 -2.200000000000006
vertex 36.083707762905135 -119.47556946851688 -2.200000000000006
endloop
endfacet
facet normal -0.0015134273220068152 0.0032455553834549148 -0.9999935879334396
outer loop
vertex 33.81533125490546 -120.53333080000003 -2.2000000000000064
vertex 36.083707762905135 -119.47556946851688 -2.200000000000006
vertex 36.14763115802512 -119.44576149999993 -2.200000000000006
endloop
endfacet
facet normal -0.0015134273220068152 0.0032455553834549148 -0.9999935879334396
outer loop
vertex 33.81533125490546 -120.53333080000003 -2.2000000000000064
vertex 36.14763115802512 -119.44576149999993 -2.200000000000006
vertex 50.027886654905515 -112.97329210000001 -2.200000000000004
endloop
endfacet
facet normal -0.0015134273220068152 0.0032455553834549148 -0.9999935879334396
outer loop
vertex 33.81533125490546 -120.53333080000003 -2.2000000000000064
vertex 50.027886654905515 -112.97329210000001 -2.200000000000004
vertex 50.027886654905444 -112.97329210000004 -4.066758817792959e-15
endloop
endfacet
facet normal -0.0015134273220068152 0.0032455553834549148 -0.9999935879334396
outer loop
vertex 33.81533125490546 -120.53333080000003 -2.2000000000000064
vertex 50.027886654905444 -112.97329210000004 -4.066758817792959e-15
vertex 41.84741341128991 -116.78790940000002 -5.0685778551233924e-15
endloop
endfacet
facet normal -0.0015134273220068152 0.0032455553834549148 -0.9999935879334396
outer loop
vertex 33.81533125490546 -120.53333080000003 -2.2000000000000064
vertex 41.84741341128991 -116.78790940000002 -5.0685778551233924e-15
vertex 36.05125200096211 -119.49070383877954 -5.7784029069733265e-15
endloop
endfacet
facet normal -0.0015134273220068152 0.0032455553834549148 -0.9999935879334396
outer loop
vertex 33.81533125490546 -120.53333080000003 -2.2000000000000064
vertex 36.05125200096211 -119.49070383877954 -5.7784029069733265e-15
vertex 33.8153312549054 -120.53333080000007 -6.052224225453878e-15
endloop
endfacet
facet normal 0.3502255087086177 -0.9366654114729497 0
outer loop
vertex 33.56546457494679 -120.6267576352669 -2.2000000000000064
vertex 33.81533125490546 -120.53333080000003 -2.2000000000000064
vertex 33.8153312549054 -120.53333080000007 -6.052224225453878e-15
endloop
endfacet
facet normal 0.3502255087086177 -0.9366654114729497 0
outer loop
vertex 33.56546457494679 -120.6267576352669 -2.2000000000000064
vertex 33.8153312549054 -120.53333080000007 -6.052224225453878e-15
vertex 33.56546457494696 -120.62675763526686 -6.082824068436346e-15
endloop
endfacet
facet normal 0.19936803587694377 -0.9799246839786053 0
outer loop
vertex 33.30405784824586 -120.67994146308496 -2.2000000000000064
vertex 33.56546457494679 -120.6267576352669 -2.2000000000000064
vertex 33.56546457494696 -120.62675763526686 -6.082824068436346e-15
endloop
endfacet
facet normal 0.19936803587694377 -0.9799246839786053 0
outer loop
vertex 33.30405784824586 -120.67994146308496 -2.2000000000000064
vertex 33.56546457494696 -120.62675763526686 -6.082824068436346e-15
vertex 33.30405784824583 -120.67994146308496 -6.114837159549358e-15
endloop
endfacet
facet normal 0.04361882239689409 -0.9990482462487525 0
outer loop
vertex 33.03754968069151 -120.69157730997375 -2.2000000000000064
vertex 33.30405784824586 -120.67994146308496 -2.2000000000000064
vertex 33.30405784824583 -120.67994146308496 -6.114837159549358e-15
endloop
endfacet
facet normal 0.04361882239689409 -0.9990482462487525 0
outer loop
vertex 33.03754968069151 -120.69157730997375 -2.2000000000000064
vertex 33.30405784824583 -120.67994146308496 -6.114837159549358e-15
vertex 33.03754968069154 -120.69157730997375 -6.147474996983557e-15
endloop
endfacet
facet normal -0.11320444038358338 -0.9935717159206173 0
outer loop
vertex 32.772502443645436 -120.66137866033002 -2.2000000000000064
vertex 33.03754968069151 -120.69157730997375 -2.2000000000000064
vertex 33.03754968069154 -120.69157730997375 -6.147474996983557e-15
endloop
endfacet
facet normal -0.11320444038358338 -0.9935717159206173 0
outer loop
vertex 32.772502443645436 -120.66137866033002 -2.2000000000000064
vertex 33.03754968069154 -120.69157730997375 -6.147474996983557e-15
vertex 32.77250244364552 -120.66137866033002 -6.179933922030683e-15
endloop
endfacet
facet normal -0.2672402104414572 -0.9636299444928046 0
outer loop
vertex 32.515442535206375 -120.59008911145295 -2.2000000000000064
vertex 32.772502443645436 -120.66137866033002 -2.2000000000000064
vertex 32.77250244364552 -120.66137866033002 -6.179933922030683e-15
endloop
endfacet
facet normal -0.2672402104414572 -0.9636299444928046 0
outer loop
vertex 32.515442535206375 -120.59008911145295 -2.2000000000000064
vertex 32.77250244364552 -120.66137866033002 -6.179933922030683e-15
vertex 32.51544253520623 -120.5900891114529 -6.2114146814366116e-15
endloop
endfacet
facet normal -0.4146955836591242 -0.9099602040164275 0
outer loop
vertex 32.27269967726079 -120.47946406355469 -2.2000000000000064
vertex 32.515442535206375 -120.59008911145295 -2.2000000000000064
vertex 32.51544253520623 -120.5900891114529 -6.2114146814366116e-15
endloop
endfacet
facet normal -0.4146955836591242 -0.9099602040164275 0
outer loop
vertex 32.27269967726079 -120.47946406355469 -2.2000000000000064
vertex 32.51544253520623 -120.5900891114529 -6.2114146814366116e-15
vertex 32.272699677260675 -120.47946406355466 -6.241142107836502e-15
endloop
endfacet
facet normal -0.5519396885056721 -0.8338840328560451 0
outer loop
vertex 32.05025105540108 -120.33222749561462 -2.2000000000000064
vertex 32.27269967726079 -120.47946406355469 -2.2000000000000064
vertex 32.272699677260675 -120.47946406355466 -6.241142107836502e-15
endloop
endfacet
facet normal -0.5519396885056721 -0.8338840328560451 0
outer loop
vertex 32.05025105540108 -120.33222749561462 -2.2000000000000064
vertex 32.272699677260675 -120.47946406355466 -6.241142107836502e-15
vertex 32.05025105540136 -120.33222749561484 -6.268384207109977e-15
endloop
endfacet
facet normal -0.6755930909042714 -0.7372746947525141 0
outer loop
vertex 31.85357413952596 -120.15200489140575 -2.2000000000000064
vertex 32.05025105540108 -120.33222749561462 -2.2000000000000064
vertex 32.05025105540136 -120.33222749561484 -6.268384207109977e-15
endloop
endfacet
facet normal -0.6755930909042714 -0.7372746947525141 0
outer loop
vertex 31.85357413952596 -120.15200489140575 -2.2000000000000064
vertex 32.05025105540136 -120.33222749561484 -6.268384207109977e-15
vertex 31.853574139526017 -120.15200489140577 -6.2924701826592685e-15
endloop
endfacet
facet normal -0.7826110078221445 -0.6225110524606028 0
outer loop
vertex 31.687511809206768 -119.94323396729331 -2.2000000000000064
vertex 31.85357413952596 -120.15200489140575 -2.2000000000000064
vertex 31.853574139526017 -120.15200489140577 -6.2924701826592685e-15
endloop
endfacet
facet normal -0.7826110078221445 -0.6225110524606028 0
outer loop
vertex 31.687511809206768 -119.94323396729331 -2.2000000000000064
vertex 31.853574139526017 -120.15200489140577 -6.2924701826592685e-15
vertex 31.687511809206626 -119.9432339672931 -6.312806952787728e-15
endloop
endfacet
facet normal -0.8703582805713496 -0.49241899175487136 0
outer loop
vertex 31.55615310490552 -119.71105539999988 -2.2000000000000064
vertex 31.687511809206768 -119.94323396729331 -2.2000000000000064
vertex 31.687511809206626 -119.9432339672931 -6.312806952787728e-15
endloop
endfacet
facet normal -0.8703582805713496 -0.49241899175487136 0
outer loop
vertex 31.55615310490552 -119.71105539999988 -2.2000000000000064
vertex 31.687511809206626 -119.9432339672931 -6.312806952787728e-15
vertex 31.556153104905604 -119.7110554000001 -6.328893754463967e-15
endloop
endfacet
facet normal 0.002358680269156816 0.0010998702944739309 -0.9999966134506272
outer loop
vertex 24.371646654905504 -104.30382629999994 -2.2000000000000073
vertex 31.31967241520482 -119.20392074999968 -2.2000000000000064
vertex 31.35486838382087 -119.27939877422276 -2.2000000000000064
endloop
endfacet
facet normal 0.002358680269156816 0.0010998702944739309 -0.9999966134506272
outer loop
vertex 24.371646654905504 -104.30382629999994 -2.2000000000000073
vertex 31.35486838382087 -119.27939877422276 -2.2000000000000064
vertex 31.38600099706977 -119.34616290174435 -2.2000000000000064
endloop
endfacet
facet normal 0.002358680269156816 0.0010998702944739309 -0.9999966134506272
outer loop
vertex 24.371646654905504 -104.30382629999994 -2.2000000000000073
vertex 31.38600099706977 -119.34616290174435 -2.2000000000000064
vertex 31.412124321443883 -119.40218457091349 -2.2000000000000064
endloop
endfacet
facet normal 0.002358680269156816 0.0010998702944739309 -0.9999966134506272
outer loop
vertex 24.371646654905504 -104.30382629999994 -2.2000000000000073
vertex 31.412124321443883 -119.40218457091349 -2.2000000000000064
vertex 31.432444570208958 -119.44576149999993 -2.2000000000000064
endloop
endfacet
facet normal 0.002358680269156816 0.0010998702944739309 -0.9999966134506272
outer loop
vertex 24.371646654905504 -104.30382629999994 -2.2000000000000073
vertex 31.432444570208958 -119.44576149999993 -2.2000000000000064
vertex 31.446344249423277 -119.47556946851688 -2.2000000000000064
endloop
endfacet
facet normal 0.002358680269156816 0.0010998702944739309 -0.9999966134506272
outer loop
vertex 24.371646654905504 -104.30382629999994 -2.2000000000000073
vertex 31.446344249423277 -119.47556946851688 -2.2000000000000064
vertex 31.453403137366195 -119.49070730776647 -2.2000000000000064
endloop
endfacet
facet normal 0.002358680269156816 0.0010998702944739309 -0.9999966134506272
outer loop
vertex 24.371646654905504 -104.30382629999994 -2.2000000000000073
vertex 31.453403137366195 -119.49070730776647 -2.2000000000000064
vertex 31.55615310490552 -119.71105539999988 -2.2000000000000064
endloop
endfacet
facet normal 0.002358680269156816 0.0010998702944739309 -0.9999966134506272
outer loop
vertex 24.371646654905504 -104.30382629999994 -2.2000000000000073
vertex 31.55615310490552 -119.71105539999988 -2.2000000000000064
vertex 31.556153104905604 -119.7110554000001 -6.328893754463967e-15
endloop
endfacet
facet normal 0.002358680269156816 0.0010998702944739309 -0.9999966134506272
outer loop
vertex 24.371646654905504 -104.30382629999994 -2.2000000000000073
vertex 31.556153104905604 -119.7110554000001 -6.328893754463967e-15
vertex 31.453401519751537 -119.49070383877954 -6.341477194450591e-15
endloop
endfacet
facet normal 0.002358680269156816 0.0010998702944739309 -0.9999966134506272
outer loop
vertex 24.371646654905504 -104.30382629999994 -2.2000000000000073
vertex 31.453401519751537 -119.49070383877954 -6.341477194450591e-15
vertex 30.193068207875513 -116.78790940000002 -6.495823510075367e-15
endloop
endfacet
facet normal 0.002358680269156816 0.0010998702944739309 -0.9999966134506272
outer loop
vertex 24.371646654905504 -104.30382629999994 -2.2000000000000073
vertex 30.193068207875513 -116.78790940000002 -6.495823510075367e-15
vertex 24.37164665490559 -104.30382630000013 -7.20874203720857e-15
endloop
endfacet
facet normal -0.9366743304295525 -0.3502016543569569 6.899079073326261e-15
outer loop
vertex 24.27822759394968 -104.05396101443803 -2.2000000000000073
vertex 24.371646654905504 -104.30382629999994 -2.2000000000000073
vertex 24.37164665490559 -104.30382630000013 -7.20874203720857e-15
endloop
endfacet
facet normal -0.9366743304295525 -0.3502016543569569 6.899079073326261e-15
outer loop
vertex 24.27822759394968 -104.05396101443803 -2.2000000000000073
vertex 24.37164665490559 -104.30382630000013 -7.20874203720857e-15
vertex 24.295291142942546 -104.0996004 -7.21809289054085e-15
endloop
endfacet
facet normal -0.9366743304295525 -0.3502016543569569 6.899079073326261e-15
outer loop
vertex 24.27822759394968 -104.05396101443803 -2.2000000000000073
vertex 24.295291142942546 -104.0996004 -7.21809289054085e-15
vertex 24.27822759394968 -104.05396101443799 -7.22018257260647e-15
endloop
endfacet
facet normal 0 0 1
outer loop
vertex 24.225042435570913 -103.79255554259882 -2.2000000000000073
vertex 24.225882486596902 -103.79668440000026 -2.2000000000000073
vertex 24.27822759394968 -104.05396101443803 -2.2000000000000073
endloop
endfacet
facet normal 0 0 1
outer loop
vertex 24.225042435570913 -103.79255554259882 -2.2000000000000073
vertex 24.27822759394968 -104.05396101443803 -2.2000000000000073
vertex 24.27822759394968 -104.05396101443799 -7.22018257260647e-15
endloop
endfacet
facet normal 0 0 1
outer loop
vertex 24.225042435570913 -103.79255554259882 -2.2000000000000073
vertex 24.27822759394968 -104.05396101443799 -7.22018257260647e-15
vertex 24.225042435570884 -103.79255554259869 -7.226695876003544e-15
endloop
endfacet
facet normal 0 0 -1
outer loop
vertex 24.213404926544 -103.52604841293265 -2.2000000000000073
vertex 24.214092626805098 -103.54179723187917 -2.2000000000000073
vertex 24.21789840715931 -103.6289522747666 -2.2000000000000073
endloop
endfacet
facet normal 0 0 -1
outer loop
vertex 24.213404926544 -103.52604841293265 -2.2000000000000073
vertex 24.21789840715931 -103.6289522747666 -2.2000000000000073
vertex 24.221646368728102 -103.71478322686161 -2.2000000000000073
endloop
endfacet
facet normal 0 0 -1
outer loop
vertex 24.213404926544 -103.52604841293265 -2.2000000000000073
vertex 24.221646368728102 -103.71478322686161 -2.2000000000000073
vertex 24.225042435570913 -103.79255554259882 -2.2000000000000073
endloop
endfacet
facet normal 0 0 -1
outer loop
vertex 24.213404926544 -103.52604841293265 -2.2000000000000073
vertex 24.225042435570913 -103.79255554259882 -2.2000000000000073
vertex 24.225042435570884 -103.79255554259869 -7.226695876003544e-15
endloop
endfacet
facet normal 0 0 -1
outer loop
vertex 24.213404926544 -103.52604841293265 -2.2000000000000073
vertex 24.225042435570884 -103.79255554259869 -7.226695876003544e-15
vertex 24.213404926543973 -103.52604841293262 -7.22812105982153e-15
endloop
endfacet
facet normal 0 0 -1
outer loop
vertex 24.24360162132791 -103.26100192379664 -2.2000000000000073
vertex 24.239319405152344 -103.298588367319 -2.2000000000000073
vertex 24.230720125381566 -103.37406712182015 -2.2000000000000073
endloop
endfacet
facet normal 0 0 -1
outer loop
vertex 24.24360162132791 -103.26100192379664 -2.2000000000000073
vertex 24.230720125381566 -103.37406712182015 -2.2000000000000073
vertex 24.22138937738805 -103.45596621754545 -2.2000000000000073
endloop
endfacet
facet normal 0 0 -1
outer loop
vertex 24.24360162132791 -103.26100192379664 -2.2000000000000073
vertex 24.22138937738805 -103.45596621754545 -2.2000000000000073
vertex 24.213404926544 -103.52604841293265 -2.2000000000000073
endloop
endfacet
facet normal 0 0 -1
outer loop
vertex 24.24360162132791 -103.26100192379664 -2.2000000000000073
vertex 24.213404926544 -103.52604841293265 -2.2000000000000073
vertex 24.213404926543973 -103.52604841293262 -7.22812105982153e-15
endloop
endfacet
facet normal 0 0 -1
outer loop
vertex 24.24360162132791 -103.26100192379664 -2.2000000000000073
vertex 24.213404926543973 -103.52604841293262 -7.22812105982153e-15
vertex 24.243601621327855 -103.26100192379671 -7.224423031260338e-15
endloop
endfacet
facet normal 0 0 1
outer loop
vertex 24.314888976135308 -103.00394240768424 -2.2000000000000073
vertex 24.279314618851316 -103.13222219999999 -2.2000000000000073
vertex 24.267229547251333 -103.17580051295705 -2.2000000000000073
endloop
endfacet
facet normal 0 0 1
outer loop
vertex 24.314888976135308 -103.00394240768424 -2.2000000000000073
vertex 24.267229547251333 -103.17580051295705 -2.2000000000000073
vertex 24.251693392718096 -103.2318233009725 -2.2000000000000073
endloop
endfacet
facet normal 0 0 1
outer loop
vertex 24.314888976135308 -103.00394240768424 -2.2000000000000073
vertex 24.251693392718096 -103.2318233009725 -2.2000000000000073
vertex 24.24360162132791 -103.26100192379664 -2.2000000000000073
endloop
endfacet
facet normal 0 0 1
outer loop
vertex 24.314888976135308 -103.00394240768424 -2.2000000000000073
vertex 24.24360162132791 -103.26100192379664 -2.2000000000000073
vertex 24.243601621327855 -103.26100192379671 -7.224423031260338e-15
endloop
endfacet
facet normal 0 0 1
outer loop
vertex 24.314888976135308 -103.00394240768424 -2.2000000000000073
vertex 24.243601621327855 -103.26100192379671 -7.224423031260338e-15
vertex 24.314888976135222 -103.00394240768448 -7.215692848171886e-15
endloop
endfacet
facet normal -0.9099635637358662 0.4146882113987836 0
outer loop
vertex 24.425511657471105 -102.76119953105702 -2.2000000000000073
vertex 24.314888976135308 -103.00394240768424 -2.2000000000000073
vertex 24.314888976135222 -103.00394240768448 -7.215692848171886e-15
endloop
endfacet
facet normal -0.9099635637358662 0.4146882113987836 0
outer loop
vertex 24.425511657471105 -102.76119953105702 -2.2000000000000073
vertex 24.314888976135222 -103.00394240768448 -7.215692848171886e-15
vertex 24.42551165747122 -102.76119953105685 -7.202145476910763e-15
endloop
endfacet
facet normal -0.8338888185663991 0.5519324580688609 0
outer loop
vertex 24.57274576432434 -102.53875043674915 -2.2000000000000073
vertex 24.425511657471105 -102.76119953105702 -2.2000000000000073
vertex 24.42551165747122 -102.76119953105685 -7.202145476910763e-15
endloop
endfacet
facet normal -0.8338888185663991 0.5519324580688609 0
outer loop
vertex 24.57274576432434 -102.53875043674915 -2.2000000000000073
vertex 24.42551165747122 -102.76119953105685 -7.202145476910763e-15
vertex 24.57274576432434 -102.53875043674917 -7.184114499142464e-15
endloop
endfacet
facet normal -0.7372809370756653 0.675586278594251 0
outer loop
vertex 24.752965899735614 -102.34207256668878 -2.2000000000000073
vertex 24.57274576432434 -102.53875043674915 -2.2000000000000073
vertex 24.57274576432434 -102.53875043674917 -7.184114499142464e-15
endloop
endfacet
facet normal -0.7372809370756653 0.675586278594251 0
outer loop
vertex 24.752965899735614 -102.34207256668878 -2.2000000000000073
vertex 24.57274576432434 -102.53875043674917 -7.184114499142464e-15
vertex 24.752965899735727 -102.34207256668867 -7.162043897945119e-15
endloop
endfacet
facet normal -0.6225187289518043 0.7826049016612598 0
outer loop
vertex 24.96173444021676 -102.17600878892613 -2.2000000000000073
vertex 24.752965899735614 -102.34207256668878 -2.2000000000000073
vertex 24.752965899735727 -102.34207256668867 -7.162043897945119e-15
endloop
endfacet
facet normal -0.6225187289518043 0.7826049016612598 0
outer loop
vertex 24.96173444021676 -102.17600878892613 -2.2000000000000073
vertex 24.752965899735727 -102.34207256668867 -7.162043897945119e-15
vertex 24.96173444021659 -102.17600878892623 -7.136477125458864e-15
endloop
endfacet
facet normal -0.49242802422327353 0.8703531702473216 0
outer loop
vertex 25.193910804905613 -102.04464814999999 -2.2000000000000073
vertex 24.96173444021676 -102.17600878892613 -2.2000000000000073
vertex 24.96173444021659 -102.17600878892623 -7.136477125458864e-15
endloop
endfacet
facet normal -0.49242802422327353 0.8703531702473216 0
outer loop
vertex 25.193910804905613 -102.04464814999999 -2.2000000000000073
vertex 24.96173444021659 -102.17600878892623 -7.136477125458864e-15
vertex 25.1939108049057 -102.04464814999994 -7.108043721273445e-15
endloop
endfacet
facet normal -0.4226178609702861 0.9063079739188551 -1.2409493175322685e-15
outer loop
vertex 39.34665085490553 -95.4451247 -2.2000000000000055
vertex 25.193910804905613 -102.04464814999999 -2.2000000000000073
vertex 25.1939108049057 -102.04464814999994 -7.108043721273445e-15
endloop
endfacet
facet normal -0.4226178609702861 0.9063079739188551 -1.2409493175322685e-15
outer loop
vertex 39.34665085490553 -95.4451247 -2.2000000000000055
vertex 25.1939108049057 -102.04464814999994 -7.108043721273445e-15
vertex 33.47536992492189 -98.1829448 -6.0938574809136954e-15
endloop
endfacet
facet normal -0.4226178609702861 0.9063079739188551 -1.2409493175322685e-15
outer loop
vertex 39.34665085490553 -95.4451247 -2.2000000000000055
vertex 33.47536992492189 -98.1829448 -6.0938574809136954e-15
vertex 38.81044244336121 -95.69516250000001 -5.440499532621124e-15
endloop
endfacet
facet normal -0.4226178609702861 0.9063079739188551 -1.2409493175322685e-15
outer loop
vertex 39.34665085490553 -95.4451247 -2.2000000000000055
vertex 38.81044244336121 -95.69516250000001 -5.440499532621124e-15
vertex 39.34665085490553 -95.4451247 -5.37483294113376e-15
endloop
endfacet
facet normal -1 0 0
outer loop
vertex 39.34665085490553 -93.264088 -5.37483294113376e-15
vertex 39.34665085490553 -92.00604689999994 -5.37483294113376e-15
vertex 39.34665085490553 -89.10826947640112 -5.37483294113376e-15
endloop
endfacet
facet normal -1 0 0
outer loop
vertex 39.34665085490553 -93.264088 -5.37483294113376e-15
vertex 39.34665085490553 -89.10826947640112 -5.37483294113376e-15
vertex 39.34665085490553 -87.2062794 -5.37483294113376e-15
endloop
endfacet
facet normal -1 0 0
outer loop
vertex 39.34665085490553 -93.264088 -5.37483294113376e-15
vertex 39.34665085490553 -87.2062794 -5.37483294113376e-15
vertex 39.34665085490553 -73.2062794 -5.37483294113376e-15
endloop
endfacet
facet normal -1 0 0
outer loop
vertex 39.34665085490553 -93.264088 -5.37483294113376e-15
vertex 39.34665085490553 -73.2062794 -5.37483294113376e-15
vertex 39.34665085490553 -70.3732795 -5.37483294113376e-15
endloop
endfacet
facet normal -1 0 0
outer loop
vertex 39.34665085490553 -93.264088 -5.37483294113376e-15
vertex 39.34665085490553 -70.3732795 -5.37483294113376e-15
vertex 39.34665085490553 -70.2062794 -5.37483294113376e-15
endloop
endfacet
facet normal -1 0 0
outer loop
vertex 39.34665085490553 -93.264088 -5.37483294113376e-15
vertex 39.34665085490553 -70.2062794 -5.37483294113376e-15
vertex 39.34665085490553 -56.2062794 -5.37483294113376e-15
endloop
endfacet
facet normal -1 0 0
outer loop
vertex 39.34665085490553 -93.264088 -5.37483294113376e-15
vertex 39.34665085490553 -56.2062794 -5.37483294113376e-15
vertex 39.34665085490553 -53.3732795 -5.37483294113376e-15
endloop
endfacet
facet normal -1 0 0
outer loop
vertex 39.34665085490553 -93.264088 -5.37483294113376e-15
vertex 39.34665085490553 -53.3732795 -5.37483294113376e-15
vertex 39.34665085490553 -53.2062794 -5.37483294113376e-15
endloop
endfacet
facet normal -1 0 0
outer loop
vertex 39.34665085490553 -93.264088 -5.37483294113376e-15
vertex 39.34665085490553 -53.2062794 -5.37483294113376e-15
vertex 39.34665085490553 -39.2062794 -5.37483294113376e-15
endloop
endfacet
facet normal -1 0 0
outer loop
vertex 39.34665085490553 -93.264088 -5.37483294113376e-15
vertex 39.34665085490553 -39.2062794 -5.37483294113376e-15
vertex 39.34665085490553 -37.706279400000014 -5.37483294113376e-15
endloop
endfacet
facet normal -1 0 0
outer loop
vertex 39.34665085490553 -93.264088 -5.37483294113376e-15
vertex 39.34665085490553 -37.706279400000014 -5.37483294113376e-15
vertex 39.34665085490553 -37.70627939999991 -2.2000000000000055
endloop
endfacet
facet normal -1 0 0
outer loop
vertex 39.34665085490553 -93.264088 -5.37483294113376e-15
vertex 39.34665085490553 -37.70627939999991 -2.2000000000000055
vertex 39.34665085490553 -95.4451247 -2.2000000000000055
endloop
endfacet
facet normal -1 0 0
outer loop
vertex 39.34665085490553 -93.264088 -5.37483294113376e-15
vertex 39.34665085490553 -95.4451247 -2.2000000000000055
vertex 39.34665085490553 -95.4451247 -5.37483294113376e-15
endloop
endfacet
facet normal 0 0 1
outer loop
vertex 39.36758272589378 -37.44034110943165 -2.2000000000000055
vertex 39.36632820733311 -37.45627969999997 -2.2000000000000055
vertex 39.360110949239925 -37.53526962833711 -2.2000000000000055
endloop
endfacet
facet normal 0 0 1
outer loop
vertex 39.36758272589378 -37.44034110943165 -2.2000000000000055
vertex 39.360110949239925 -37.53526962833711 -2.2000000000000055
vertex 39.35348471227404 -37.619455611166636 -2.2000000000000055
endloop
endfacet
facet normal 0 0 1
outer loop
vertex 39.36758272589378 -37.44034110943165 -2.2000000000000055
vertex 39.35348471227404 -37.619455611166636 -2.2000000000000055
vertex 39.34665085490553 -37.70627939999991 -2.2000000000000055
endloop
endfacet
facet normal 0 0 1
outer loop
vertex 39.36758272589378 -37.44034110943165 -2.2000000000000055
vertex 39.34665085490553 -37.70627939999991 -2.2000000000000055
vertex 39.34665085490553 -37.706279400000014 -5.37483294113376e-15
endloop
endfacet
facet normal 0 0 1
outer loop
vertex 39.36758272589378 -37.44034110943165 -2.2000000000000055
vertex 39.34665085490553 -37.706279400000014 -5.37483294113376e-15
vertex 39.3675827258938 -37.44034110943167 -5.372269526253166e-15
endloop
endfacet
facet normal 0 0 1
outer loop
vertex 39.429856827203764 -37.18095080956256 -2.2000000000000055
vertex 39.42195223071643 -37.21387582349389 -2.2000000000000055
vertex 39.416536638236124 -37.23643338960704 -2.2000000000000055
endloop
endfacet
facet normal 0 0 1
outer loop
vertex 39.429856827203764 -37.18095080956256 -2.2000000000000055
vertex 39.416536638236124 -37.23643338960704 -2.2000000000000055
vertex 39.407693671214815 -37.27326699810779 -2.2000000000000055
endloop
endfacet
facet normal 0 0 1
outer loop
vertex 39.429856827203764 -37.18095080956256 -2.2000000000000055
vertex 39.407693671214815 -37.27326699810779 -2.2000000000000055
vertex 39.39569201873071 -37.32325747844054 -2.2000000000000055
endloop
endfacet
facet normal 0 0 1
outer loop
vertex 39.429856827203764 -37.18095080956256 -2.2000000000000055
vertex 39.39569201873071 -37.32325747844054 -2.2000000000000055
vertex 39.38089634492141 -37.38488589515678 -2.2000000000000055
endloop
endfacet
facet normal 0 0 1
outer loop
vertex 39.429856827203764 -37.18095080956256 -2.2000000000000055
vertex 39.38089634492141 -37.38488589515678 -2.2000000000000055
vertex 39.36758272589378 -37.44034110943165 -2.2000000000000055
endloop
endfacet
facet normal 0 0 1
outer loop
vertex 39.429856827203764 -37.18095080956256 -2.2000000000000055
vertex 39.36758272589378 -37.44034110943165 -2.2000000000000055
vertex 39.3675827258938 -37.44034110943167 -5.372269526253166e-15
endloop
endfacet
facet normal 0 0 1
outer loop
vertex 39.429856827203764 -37.18095080956256 -2.2000000000000055
vertex 39.3675827258938 -37.44034110943167 -5.372269526253166e-15
vertex 39.42195223071646 -37.21387582349389 -5.3656111822479355e-15
endloop
endfacet
facet normal 0 0 1
outer loop
vertex 39.429856827203764 -37.18095080956256 -2.2000000000000055
vertex 39.42195223071646 -37.21387582349389 -5.3656111822479355e-15
vertex 39.42985682720379 -37.18095080956253 -5.364643148369259e-15
endloop
endfacet
facet normal -0.9238795325112831 0.3826834323650987 0
outer loop
vertex 39.53194181378524 -36.93449585044291 -2.2000000000000055
vertex 39.429856827203764 -37.18095080956256 -2.2000000000000055
vertex 39.42985682720379 -37.18095080956253 -5.364643148369259e-15
endloop
endfacet
facet normal -0.9238795325112831 0.3826834323650987 0
outer loop
vertex 39.53194181378524 -36.93449585044291 -2.2000000000000055
vertex 39.42985682720379 -37.18095080956253 -5.364643148369259e-15
vertex 39.53194181378531 -36.93449585044278 -5.352141343163454e-15
endloop
endfacet
facet normal 0 0 1
outer loop
vertex 39.67132401446817 -36.70704477110273 -2.2000000000000055
vertex 39.66774433252128 -36.71288628112713 -2.2000000000000055
vertex 39.53194181378524 -36.93449585044291 -2.2000000000000055
endloop
endfacet
facet normal 0 0 1
outer loop
vertex 39.67132401446817 -36.70704477110273 -2.2000000000000055
vertex 39.53194181378524 -36.93449585044291 -2.2000000000000055
vertex 39.53194181378531 -36.93449585044278 -5.352141343163454e-15
endloop
endfacet
facet normal 0 0 1
outer loop
vertex 39.67132401446817 -36.70704477110273 -2.2000000000000055
vertex 39.53194181378531 -36.93449585044278 -5.352141343163454e-15
vertex 39.66774433252131 -36.71288628112708 -5.3355103311748345e-15
endloop
endfacet
facet normal 0 0 1
outer loop
vertex 39.67132401446817 -36.70704477110273 -2.2000000000000055
vertex 39.66774433252131 -36.71288628112708 -5.3355103311748345e-15
vertex 39.6713240144681 -36.70704477110283 -5.335071946571024e-15
endloop
endfacet
facet normal -0.7604059656000292 0.6494480483301859 0
outer loop
vertex 39.84457137688831 -36.50419817198297 -2.2000000000000055
vertex 39.67132401446817 -36.70704477110273 -2.2000000000000055
vertex 39.6713240144681 -36.70704477110283 -5.335071946571024e-15
endloop
endfacet
facet normal -0.7604059656000292 0.6494480483301859 0
outer loop
vertex 39.84457137688831 -36.50419817198297 -2.2000000000000055
vertex 39.6713240144681 -36.70704477110283 -5.335071946571024e-15
vertex 39.84457137688834 -36.50419817198296 -5.313855263786158e-15
endloop
endfacet
facet normal -0.6494480483301811 0.7604059656000332 3.476103358562942e-15
outer loop
vertex 40.04741797600842 -36.33095080956254 -2.2000000000000055
vertex 39.84457137688831 -36.50419817198297 -2.2000000000000055
vertex 39.84457137688834 -36.50419817198296 -5.313855263786158e-15
endloop
endfacet
facet normal -0.6494480483301811 0.7604059656000332 3.476103358562942e-15
outer loop
vertex 40.04741797600842 -36.33095080956254 -2.2000000000000055
vertex 39.84457137688834 -36.50419817198296 -5.313855263786158e-15
vertex 39.99785744717562 -36.3732795 -5.295083134253038e-15
endloop
endfacet
facet normal -0.6494480483301811 0.7604059656000332 3.476103358562942e-15
outer loop
vertex 40.04741797600842 -36.33095080956254 -2.2000000000000055
vertex 39.99785744717562 -36.3732795 -5.295083134253038e-15
vertex 40.047417976008475 -36.3309508095625 -5.289013719953118e-15
endloop
endfacet
facet normal -0.5224985647159233 0.852640164354108 0
outer loop
vertex 40.27486905534832 -36.19156860887977 -2.2000000000000055
vertex 40.04741797600842 -36.33095080956254 -2.2000000000000055
vertex 40.047417976008475 -36.3309508095625 -5.289013719953118e-15
endloop
endfacet
facet normal -0.5224985647159233 0.852640164354108 0
outer loop
vertex 40.27486905534832 -36.19156860887977 -2.2000000000000055
vertex 40.047417976008475 -36.3309508095625 -5.289013719953118e-15
vertex 40.27486905534835 -36.191568608879756 -5.261158996325499e-15
endloop
endfacet
facet normal -0.3826834323650987 0.9238795325112831 0
outer loop
vertex 40.52132401446809 -36.089483622298246 -2.2000000000000055
vertex 40.27486905534832 -36.19156860887977 -2.2000000000000055
vertex 40.27486905534835 -36.191568608879756 -5.261158996325499e-15
endloop
endfacet
facet normal -0.3826834323650987 0.9238795325112831 0
outer loop
vertex 40.52132401446809 -36.089483622298246 -2.2000000000000055
vertex 40.27486905534835 -36.191568608879756 -5.261158996325499e-15
vertex 40.52132401446809 -36.089483622298246 -5.2309769686435e-15
endloop
endfacet
facet normal -0.23344536385589248 0.9723699203976797 0
outer loop
vertex 40.78071431433716 -36.027209520988265 -2.2000000000000055
vertex 40.52132401446809 -36.089483622298246 -2.2000000000000055
vertex 40.52132401446809 -36.089483622298246 -5.2309769686435e-15
endloop
endfacet
facet normal -0.23344536385589248 0.9723699203976797 0
outer loop
vertex 40.78071431433716 -36.027209520988265 -2.2000000000000055
vertex 40.52132401446809 -36.089483622298246 -5.2309769686435e-15
vertex 40.780714314337175 -36.027209520988265 -5.199210818597046e-15
endloop
endfacet
facet normal -0.07845909572786522 0.9969173337331265 0
outer loop
vertex 41.046652904905386 -36.006279377914076 -2.2000000000000055
vertex 40.78071431433716 -36.027209520988265 -2.2000000000000055
vertex 40.780714314337175 -36.027209520988265 -5.199210818597046e-15
endloop
endfacet
facet normal -0.07845909572786522 0.9969173337331265 0
outer loop
vertex 41.046652904905386 -36.006279377914076 -2.2000000000000055
vertex 40.780714314337175 -36.027209520988265 -5.199210818597046e-15
vertex 41.046652904905415 -36.006279400000004 -5.16664273422613e-15
endloop
endfacet
facet normal -1.840491137272693e-8 0.9999999999999998 0
outer loop
vertex 57.34665085490553 -36.006279377914076 -2.2000000000000033
vertex 41.046652904905386 -36.006279377914076 -2.2000000000000055
vertex 41.046652904905415 -36.006279400000004 -5.16664273422613e-15
endloop
endfacet
facet normal -1.840491137272693e-8 0.9999999999999998 0
outer loop
vertex 57.34665085490553 -36.006279377914076 -2.2000000000000033
vertex 41.046652904905415 -36.006279400000004 -5.16664273422613e-15
vertex 57.34665085490553 -36.006279400000004 -3.170468702668524e-15
endloop
endfacet
facet normal -1 0 0
outer loop
vertex 57.34665085490553 -34.87327949999991 -3.170468702668524e-15
vertex 57.34665085490553 -34.87327949999999 -2.2000000000000033
vertex 57.34665085490553 -36.006279377914076 -2.2000000000000033
endloop
endfacet
facet normal -1 0 0
outer loop
vertex 57.34665085490553 -34.87327949999991 -3.170468702668524e-15
vertex 57.34665085490553 -36.006279377914076 -2.2000000000000033
vertex 57.34665085490553 -36.006279400000004 -3.170468702668524e-15
endloop
endfacet
facet normal 0 0 1
outer loop
vertex 57.36758272589377 -34.607341159431726 -2.2000000000000033
vertex 57.36632820756897 -34.623279750000016 -2.2000000000000033
vertex 57.360110950644724 -34.70226967833708 -2.2000000000000033
endloop
endfacet
facet normal 0 0 1
outer loop
vertex 57.36758272589377 -34.607341159431726 -2.2000000000000033
vertex 57.360110950644724 -34.70226967833708 -2.2000000000000033
vertex 57.353484714924676 -34.78645566116647 -2.2000000000000033
endloop
endfacet
facet normal 0 0 1
outer loop
vertex 57.36758272589377 -34.607341159431726 -2.2000000000000033
vertex 57.353484714924676 -34.78645566116647 -2.2000000000000033
vertex 57.34665085490553 -34.87327949999999 -2.2000000000000033
endloop
endfacet
facet normal 0 0 1
outer loop
vertex 57.36758272589377 -34.607341159431726 -2.2000000000000033
vertex 57.34665085490553 -34.87327949999999 -2.2000000000000033
vertex 57.34665085490553 -34.87327949999991 -3.170468702668524e-15
endloop
endfacet
facet normal 0 0 1
outer loop
vertex 57.36758272589377 -34.607341159431726 -2.2000000000000033
vertex 57.34665085490553 -34.87327949999991 -3.170468702668524e-15
vertex 57.36758272589377 -34.60734115943174 -3.167905287787933e-15
endloop
endfacet
facet normal 0 0 1
outer loop
vertex 57.429856827203764 -34.34795085956261 -2.2000000000000033
vertex 57.423776035754585 -34.37327917878784 -2.2000000000000033
vertex 57.42195223071644 -34.380875873493906 -2.2000000000000033
endloop
endfacet
facet normal 0 0 1
outer loop
vertex 57.429856827203764 -34.34795085956261 -2.2000000000000033
vertex 57.42195223071644 -34.380875873493906 -2.2000000000000033
vertex 57.416536638236124 -34.403433439607056 -2.2000000000000033
endloop
endfacet
facet normal 0 0 1
outer loop
vertex 57.429856827203764 -34.34795085956261 -2.2000000000000033
vertex 57.416536638236124 -34.403433439607056 -2.2000000000000033
vertex 57.40769367121483 -34.44026704810778 -2.2000000000000033
endloop
endfacet
facet normal 0 0 1
outer loop
vertex 57.429856827203764 -34.34795085956261 -2.2000000000000033
vertex 57.40769367121483 -34.44026704810778 -2.2000000000000033
vertex 57.39569201873073 -34.49025752844051 -2.2000000000000033
endloop
endfacet
facet normal 0 0 1
outer loop
vertex 57.429856827203764 -34.34795085956261 -2.2000000000000033
vertex 57.39569201873073 -34.49025752844051 -2.2000000000000033
vertex 57.380896344921425 -34.55188594515674 -2.2000000000000033
endloop
endfacet
facet normal 0 0 1
outer loop
vertex 57.429856827203764 -34.34795085956261 -2.2000000000000033
vertex 57.380896344921425 -34.55188594515674 -2.2000000000000033
vertex 57.36758272589377 -34.607341159431726 -2.2000000000000033
endloop
endfacet
facet normal 0 0 1
outer loop
vertex 57.429856827203764 -34.34795085956261 -2.2000000000000033
vertex 57.36758272589377 -34.607341159431726 -2.2000000000000033
vertex 57.36758272589377 -34.60734115943174 -3.167905287787933e-15
endloop
endfacet
facet normal 0 0 1
outer loop
vertex 57.429856827203764 -34.34795085956261 -2.2000000000000033
vertex 57.36758272589377 -34.60734115943174 -3.167905287787933e-15
vertex 57.429856827203764 -34.34795085956261 -3.1602789099040267e-15
endloop
endfacet
facet normal -0.9238795325112775 0.3826834323651121 0
outer loop
vertex 57.53194181378532 -34.10149590044275 -2.2000000000000033
vertex 57.429856827203764 -34.34795085956261 -2.2000000000000033
vertex 57.429856827203764 -34.34795085956261 -3.1602789099040267e-15
endloop
endfacet
facet normal -0.9238795325112775 0.3826834323651121 0
outer loop
vertex 57.53194181378532 -34.10149590044275 -2.2000000000000033
vertex 57.429856827203764 -34.34795085956261 -3.1602789099040267e-15
vertex 57.53194181378531 -34.10149590044277 -3.147777104698218e-15
endloop
endfacet
facet normal -0.8526401643541122 0.5224985647159165 0
outer loop
vertex 57.67132401446811 -33.87404482110279 -2.2000000000000033
vertex 57.53194181378532 -34.10149590044275 -2.2000000000000033
vertex 57.53194181378531 -34.10149590044277 -3.147777104698218e-15
endloop
endfacet
facet normal -0.8526401643541122 0.5224985647159165 0
outer loop
vertex 57.67132401446811 -33.87404482110279 -2.2000000000000033
vertex 57.53194181378531 -34.10149590044277 -3.147777104698218e-15
vertex 57.67132401446813 -33.87404482110278 -3.130707708105785e-15
endloop
endfacet
facet normal -0.7604059656000292 0.6494480483301859 0
outer loop
vertex 57.84457137688838 -33.67119822198288 -2.2000000000000033
vertex 57.67132401446811 -33.87404482110279 -2.2000000000000033
vertex 57.67132401446813 -33.87404482110278 -3.130707708105785e-15
endloop
endfacet
facet normal -0.7604059656000292 0.6494480483301859 0
outer loop
vertex 57.84457137688838 -33.67119822198288 -2.2000000000000033
vertex 57.67132401446813 -33.87404482110278 -3.130707708105785e-15
vertex 57.84457137688837 -33.6711982219829 -3.1094910253209183e-15
endloop
endfacet
facet normal -0.6494480483301859 0.760405965600029 0
outer loop
vertex 58.047417976008276 -33.49795085956262 -2.2000000000000033
vertex 57.84457137688838 -33.67119822198288 -2.2000000000000033
vertex 57.84457137688837 -33.6711982219829 -3.1094910253209183e-15
endloop
endfacet
facet normal -0.6494480483301859 0.760405965600029 0
outer loop
vertex 58.047417976008276 -33.49795085956262 -2.2000000000000033
vertex 57.84457137688837 -33.6711982219829 -3.1094910253209183e-15
vertex 58.047417976008305 -33.49795085956261 -3.0846494814879023e-15
endloop
endfacet
facet normal -0.522498564715945 0.8526401643540946 0
outer loop
vertex 58.27486905534829 -33.35856865887979 -2.2000000000000033
vertex 58.047417976008276 -33.49795085956262 -2.2000000000000033
vertex 58.047417976008305 -33.49795085956261 -3.0846494814879023e-15
endloop
endfacet
facet normal -0.522498564715945 0.8526401643540946 0
outer loop
vertex 58.27486905534829 -33.35856865887979 -2.2000000000000033
vertex 58.047417976008305 -33.49795085956261 -3.0846494814879023e-15
vertex 58.27486905534833 -33.35856865887976 -3.056794757860265e-15
endloop
endfacet
facet normal -0.3826834323650987 0.9238795325112831 0
outer loop
vertex 58.52132401446818 -33.256483672298224 -2.2000000000000033
vertex 58.27486905534829 -33.35856865887979 -2.2000000000000033
vertex 58.27486905534833 -33.35856865887976 -3.056794757860265e-15
endloop
endfacet
facet normal -0.3826834323650987 0.9238795325112831 0
outer loop
vertex 58.52132401446818 -33.256483672298224 -2.2000000000000033
vertex 58.27486905534833 -33.35856865887976 -3.056794757860265e-15
vertex 58.52132401446811 -33.256483672298245 -3.0266127301782624e-15
endloop
endfacet
facet normal -0.2334453638558925 0.9723699203976797 0
outer loop
vertex 58.78071431433712 -33.19420957098827 -2.2000000000000033
vertex 58.52132401446818 -33.256483672298224 -2.2000000000000033
vertex 58.52132401446811 -33.256483672298245 -3.0266127301782624e-15
endloop
endfacet
facet normal -0.2334453638558925 0.9723699203976797 0
outer loop
vertex 58.78071431433712 -33.19420957098827 -2.2000000000000033
vertex 58.52132401446811 -33.256483672298245 -3.0266127301782624e-15
vertex 58.78071431433716 -33.19420957098827 -2.9948465801318115e-15
endloop
endfacet
facet normal -0.07845909572786526 0.9969173337331265 0
outer loop
vertex 59.04665290490547 -33.173279750000006 -2.2000000000000033
vertex 58.78071431433712 -33.19420957098827 -2.2000000000000033
vertex 58.78071431433716 -33.19420957098827 -2.9948465801318115e-15
endloop
endfacet
facet normal -0.07845909572786526 0.9969173337331265 0
outer loop
vertex 59.04665290490547 -33.173279750000006 -2.2000000000000033
vertex 58.78071431433716 -33.19420957098827 -2.9948465801318115e-15
vertex 59.04665290490556 -33.17327974627096 -2.9622784957608772e-15
endloop
endfacet
facet normal -1.5337427328177e-8 1 0
outer loop
vertex 75.34665085490553 -33.173279750000006 -2.200000000000001
vertex 59.04665290490547 -33.173279750000006 -2.2000000000000033
vertex 59.04665290490556 -33.17327974627096 -2.9622784957608772e-15
endloop
endfacet
facet normal -1.5337427328177e-8 1 0
outer loop
vertex 75.34665085490553 -33.173279750000006 -2.200000000000001
vertex 59.04665290490556 -33.17327974627096 -2.9622784957608772e-15
vertex 75.34665085490553 -33.17327974627096 -9.66104464203288e-16
endloop
endfacet
facet normal -1 0 0
outer loop
vertex 75.34665085490553 -30.7062794 -9.66104464203288e-16
vertex 75.34665085490553 -29.206279399999993 -9.66104464203288e-16
vertex 75.34665085490553 -29.206279399999865 -2.200000000000001
endloop
endfacet
facet normal -1 0 0
outer loop
vertex 75.34665085490553 -30.7062794 -9.66104464203288e-16
vertex 75.34665085490553 -29.206279399999865 -2.200000000000001
vertex 75.34665085490553 -33.173279750000006 -2.200000000000001
endloop
endfacet
facet normal -1 0 0
outer loop
vertex 75.34665085490553 -30.7062794 -9.66104464203288e-16
vertex 75.34665085490553 -33.173279750000006 -2.200000000000001
vertex 75.34665085490553 -33.17327974627096 -9.66104464203288e-16
endloop
endfacet
facet normal 0 0 1
outer loop
vertex 75.36758272589378 -28.94034110943165 -2.200000000000001
vertex 75.36632820733311 -28.95627969999996 -2.200000000000001
vertex 75.36011094923992 -29.035269628337105 -2.200000000000001
endloop
endfacet
facet normal 0 0 1
outer loop
vertex 75.36758272589378 -28.94034110943165 -2.200000000000001
vertex 75.36011094923992 -29.035269628337105 -2.200000000000001
vertex 75.35348471227405 -29.11945561116653 -2.200000000000001
endloop
endfacet
facet normal 0 0 1
outer loop
vertex 75.36758272589378 -28.94034110943165 -2.200000000000001
vertex 75.35348471227405 -29.11945561116653 -2.200000000000001
vertex 75.34665085490553 -29.206279399999865 -2.200000000000001
endloop
endfacet
facet normal 0 0 1
outer loop
vertex 75.36758272589378 -28.94034110943165 -2.200000000000001
vertex 75.34665085490553 -29.206279399999865 -2.200000000000001
vertex 75.34665085490553 -29.206279399999993 -9.66104464203288e-16
endloop
endfacet
facet normal 0 0 1
outer loop
vertex 75.36758272589378 -28.94034110943165 -2.200000000000001
vertex 75.34665085490553 -29.206279399999993 -9.66104464203288e-16
vertex 75.3675827258938 -28.94034110943157 -9.635410493226938e-16
endloop
endfacet
facet normal 0 0 -1
outer loop
vertex 75.42985682720374 -28.680950809562688 -2.200000000000001
vertex 75.42377597712162 -28.706279373011668 -2.200000000000001
vertex 75.42195223071643 -28.713875823493908 -2.200000000000001
endloop
endfacet
facet normal 0 0 -1
outer loop
vertex 75.42985682720374 -28.680950809562688 -2.200000000000001
vertex 75.42195223071643 -28.713875823493908 -2.200000000000001
vertex 75.41653663823612 -28.736433389607043 -2.200000000000001
endloop
endfacet
facet normal 0 0 -1
outer loop
vertex 75.42985682720374 -28.680950809562688 -2.200000000000001
vertex 75.41653663823612 -28.736433389607043 -2.200000000000001
vertex 75.40769367121482 -28.7732669981078 -2.200000000000001
endloop
endfacet
facet normal 0 0 -1
outer loop
vertex 75.42985682720374 -28.680950809562688 -2.200000000000001
vertex 75.40769367121482 -28.7732669981078 -2.200000000000001
vertex 75.39569201873071 -28.82325747844054 -2.200000000000001
endloop
endfacet
facet normal 0 0 -1
outer loop
vertex 75.42985682720374 -28.680950809562688 -2.200000000000001
vertex 75.39569201873071 -28.82325747844054 -2.200000000000001
vertex 75.38089634492144 -28.88488589515668 -2.200000000000001
endloop
endfacet
facet normal 0 0 -1
outer loop
vertex 75.42985682720374 -28.680950809562688 -2.200000000000001
vertex 75.38089634492144 -28.88488589515668 -2.200000000000001
vertex 75.36758272589378 -28.94034110943165 -2.200000000000001
endloop
endfacet
facet normal 0 0 -1
outer loop
vertex 75.42985682720374 -28.680950809562688 -2.200000000000001
vertex 75.36758272589378 -28.94034110943165 -2.200000000000001
vertex 75.3675827258938 -28.94034110943157 -9.635410493226938e-16
endloop
endfacet
facet normal 0 0 -1
outer loop
vertex 75.42985682720374 -28.680950809562688 -2.200000000000001
vertex 75.3675827258938 -28.94034110943157 -9.635410493226938e-16
vertex 75.42985682720372 -28.680950809562702 -9.55914671438796e-16
endloop
endfacet
facet normal -0.9238795325112715 0.38268343236512675 0
outer loop
vertex 75.53194181378534 -28.43449585044273 -2.200000000000001
vertex 75.42985682720374 -28.680950809562688 -2.200000000000001
vertex 75.42985682720372 -28.680950809562702 -9.55914671438796e-16
endloop
endfacet
facet normal -0.9238795325112715 0.38268343236512675 0
outer loop
vertex 75.53194181378534 -28.43449585044273 -2.200000000000001
vertex 75.42985682720372 -28.680950809562702 -9.55914671438796e-16
vertex 75.53194181378532 -28.43449585044273 -9.434128662329803e-16
endloop
endfacet
facet normal -0.8526401643541122 0.5224985647159165 0
outer loop
vertex 75.67132401446813 -28.207044771102773 -2.200000000000001
vertex 75.53194181378534 -28.43449585044273 -2.200000000000001
vertex 75.53194181378532 -28.43449585044273 -9.434128662329803e-16
endloop
endfacet
facet normal -0.8526401643541122 0.5224985647159165 0
outer loop
vertex 75.67132401446813 -28.207044771102773 -2.200000000000001
vertex 75.53194181378532 -28.43449585044273 -9.434128662329803e-16
vertex 75.67132401446811 -28.207044771102787 -9.263434696405511e-16
endloop
endfacet
facet normal -0.7604059656000257 0.64944804833019 0
outer loop
vertex 75.84457137688834 -28.004198171982935 -2.200000000000001
vertex 75.67132401446813 -28.207044771102773 -2.200000000000001
vertex 75.67132401446811 -28.207044771102787 -9.263434696405511e-16
endloop
endfacet
facet normal -0.7604059656000257 0.64944804833019 0
outer loop
vertex 75.84457137688834 -28.004198171982935 -2.200000000000001
vertex 75.67132401446811 -28.207044771102787 -9.263434696405511e-16
vertex 75.84457137688835 -28.00419817198292 -9.05126786855684e-16
endloop
endfacet
facet normal -0.6494480483301859 0.760405965600029 0
outer loop
vertex 76.04741797600835 -27.83095080956258 -2.200000000000001
vertex 75.84457137688834 -28.004198171982935 -2.200000000000001
vertex 75.84457137688835 -28.00419817198292 -9.05126786855684e-16
endloop
endfacet
facet normal -0.6494480483301859 0.760405965600029 0
outer loop
vertex 76.04741797600835 -27.83095080956258 -2.200000000000001
vertex 75.84457137688835 -28.00419817198292 -9.05126786855684e-16
vertex 76.04741797600838 -27.83095080956255 -8.802852430226579e-16
endloop
endfacet
facet normal -0.5224985647159518 0.8526401643540905 0
outer loop
vertex 76.27486905534833 -27.691568608879763 -2.200000000000001
vertex 76.04741797600835 -27.83095080956258 -2.200000000000001
vertex 76.04741797600838 -27.83095080956255 -8.802852430226579e-16
endloop
endfacet
facet normal -0.5224985647159518 0.8526401643540905 0
outer loop
vertex 76.27486905534833 -27.691568608879763 -2.200000000000001
vertex 76.04741797600838 -27.83095080956255 -8.802852430226579e-16
vertex 76.27486905534829 -27.69156860887979 -8.524305193950342e-16
endloop
endfacet
facet normal -0.3826834323650987 0.9238795325112831 0
outer loop
vertex 76.52132401446814 -27.58948362229824 -2.200000000000001
vertex 76.27486905534833 -27.691568608879763 -2.200000000000001
vertex 76.27486905534829 -27.69156860887979 -8.524305193950342e-16
endloop
endfacet
facet normal -0.3826834323650987 0.9238795325112831 0
outer loop
vertex 76.52132401446814 -27.58948362229824 -2.200000000000001
vertex 76.27486905534829 -27.69156860887979 -8.524305193950342e-16
vertex 76.52132401446814 -27.589483622298246 -8.222484917130233e-16
endloop
endfacet
facet normal -0.23344536385592102 0.972369920397673 0
outer loop
vertex 76.78071431433713 -27.527209520988265 -2.200000000000001
vertex 76.52132401446814 -27.58948362229824 -2.200000000000001
vertex 76.52132401446814 -27.589483622298246 -8.222484917130233e-16
endloop
endfacet
facet normal -0.23344536385592102 0.972369920397673 0
outer loop
vertex 76.78071431433713 -27.527209520988265 -2.200000000000001
vertex 76.52132401446814 -27.589483622298246 -8.222484917130233e-16
vertex 76.78071431433715 -27.527209520988265 -7.904823416665776e-16
endloop
endfacet
facet normal -0.07845909572783684 0.9969173337331287 0
outer loop
vertex 77.04665290490551 -27.5062797 -2.200000000000001
vertex 76.78071431433713 -27.527209520988265 -2.200000000000001
vertex 76.78071431433715 -27.527209520988265 -7.904823416665776e-16
endloop
endfacet
facet normal -0.07845909572783684 0.9969173337331287 0
outer loop
vertex 77.04665290490551 -27.5062797 -2.200000000000001
vertex 76.78071431433715 -27.527209520988265 -7.904823416665776e-16
vertex 77.04665290490556 -27.5062796902952 -7.579142572956414e-16
endloop
endfacet
facet normal -1.6666660940245496e-8 1 0
outer loop
vertex 95.04665085490551 -27.5062797 -2.199999999999999
vertex 77.04665290490551 -27.5062797 -2.200000000000001
vertex 77.04665290490556 -27.5062796902952 -7.579142572956414e-16
endloop
endfacet
facet normal -1.6666660940245496e-8 1 0
outer loop
vertex 95.04665085490551 -27.5062797 -2.199999999999999
vertex 77.04665290490556 -27.5062796902952 -7.579142572956414e-16
vertex 95.04665085490554 -27.5062796902952 1.446449730116998e-15
endloop
endfacet
facet normal 0.0871561467942854 0.9961946627421636 0
outer loop
vertex 95.34185480693932 -27.53210651987925 -2.199999999999999
vertex 95.04665085490551 -27.5062797 -2.199999999999999
vertex 95.04665085490554 -27.5062796902952 1.446449730116998e-15
endloop
endfacet
facet normal 0.0871561467942854 0.9961946627421636 0
outer loop
vertex 95.34185480693932 -27.53210651987925 -2.199999999999999
vertex 95.04665085490554 -27.5062796902952 1.446449730116998e-15
vertex 95.34185480693931 -27.53210651987925 1.482601787612379e-15
endloop
endfacet
facet normal 0.2588190451025272 0.9659258262890666 0
outer loop
vertex 95.62808714855922 -27.608802244663977 -2.199999999999999
vertex 95.34185480693932 -27.53210651987925 -2.199999999999999
vertex 95.34185480693931 -27.53210651987925 1.482601787612379e-15
endloop
endfacet
facet normal 0.2588190451025272 0.9659258262890666 0
outer loop
vertex 95.62808714855922 -27.608802244663977 -2.199999999999999
vertex 95.34185480693931 -27.53210651987925 1.482601787612379e-15
vertex 95.6280871485592 -27.608802244663977 1.5176551397101044e-15
endloop
endfacet
facet normal 0.4226182617407054 0.9063077870366473 0
outer loop
vertex 95.8966529049055 -27.734036513566437 -2.199999999999999
vertex 95.62808714855922 -27.608802244663977 -2.199999999999999
vertex 95.6280871485592 -27.608802244663977 1.5176551397101044e-15
endloop
endfacet
facet normal 0.4226182617407054 0.9063077870366473 0
outer loop
vertex 95.8966529049055 -27.734036513566437 -2.199999999999999
vertex 95.6280871485592 -27.608802244663977 1.5176551397101044e-15
vertex 95.89665290490551 -27.73403651356645 1.5505449590971134e-15
endloop
endfacet
facet normal 0.5735764363510389 0.8191520442889969 0
outer loop
vertex 96.13939184137263 -27.90400414669773 -2.1999999999999984
vertex 95.8966529049055 -27.734036513566437 -2.199999999999999
vertex 95.89665290490551 -27.73403651356645 1.5505449590971134e-15
endloop
endfacet
facet normal 0.5735764363510389 0.8191520442889969 0
outer loop
vertex 96.13939184137263 -27.90400414669773 -2.1999999999999984
vertex 95.89665290490551 -27.73403651356645 1.5505449590971134e-15
vertex 96.13939184137267 -27.90400414669776 1.5802719052544078e-15
endloop
endfacet
facet normal 0.7071067811865405 0.7071067811865547 0
outer loop
vertex 96.34892845820785 -28.11354076353294 -2.1999999999999984
vertex 96.13939184137263 -27.90400414669773 -2.1999999999999984
vertex 96.13939184137267 -27.90400414669776 1.5802719052544078e-15
endloop
endfacet
facet normal 0.7071067811865405 0.7071067811865547 0
outer loop
vertex 96.34892845820785 -28.11354076353294 -2.1999999999999984
vertex 96.13939184137267 -27.90400414669776 1.5802719052544078e-15
vertex 96.34892845820782 -28.113540763532903 1.6059327399655413e-15
endloop
endfacet
facet normal 0.8191520442889912 0.573576436351047 0
outer loop
vertex 96.51889609133904 -28.356279699999938 -2.1999999999999984
vertex 96.34892845820785 -28.11354076353294 -2.1999999999999984
vertex 96.34892845820782 -28.113540763532903 1.6059327399655413e-15
endloop
endfacet
facet normal 0.8191520442889912 0.573576436351047 0
outer loop
vertex 96.51889609133904 -28.356279699999938 -2.1999999999999984
vertex 96.34892845820782 -28.113540763532903 1.6059327399655413e-15
vertex 96.51889609133906 -28.35627969999996 1.6267477717528232e-15
endloop
endfacet
facet normal 0.9063077870366516 0.42261826174069594 0
outer loop
vertex 96.6441303602416 -28.624845456346435 -2.1999999999999984
vertex 96.51889609133904 -28.356279699999938 -2.1999999999999984
vertex 96.51889609133906 -28.35627969999996 1.6267477717528232e-15
endloop
endfacet
facet normal 0.9063077870366516 0.42261826174069594 0
outer loop
vertex 96.6441303602416 -28.624845456346435 -2.1999999999999984
vertex 96.51889609133906 -28.35627969999996 1.6267477717528232e-15
vertex 96.64413036024162 -28.624845456346435 1.6420845464083311e-15
endloop
endfacet
facet normal 0 0 -1
outer loop
vertex 96.72082608502627 -28.911077797966207 -2.1999999999999984
vertex 96.71380798582022 -28.88488589515668 -2.1999999999999984
vertex 96.69729470133034 -28.82325747844054 -2.1999999999999984
endloop
endfacet
facet normal 0 0 -1
outer loop
vertex 96.72082608502627 -28.911077797966207 -2.1999999999999984
vertex 96.69729470133034 -28.82325747844054 -2.1999999999999984
vertex 96.68389979249594 -28.7732669981078 -2.1999999999999984
endloop
endfacet
facet normal 0 0 -1
outer loop
vertex 96.72082608502627 -28.911077797966207 -2.1999999999999984
vertex 96.68389979249594 -28.7732669981078 -2.1999999999999984
vertex 96.67403025684384 -28.736433389607043 -2.1999999999999984
endloop
endfacet
facet normal 0 0 -1
outer loop
vertex 96.72082608502627 -28.911077797966207 -2.1999999999999984
vertex 96.67403025684384 -28.736433389607043 -2.1999999999999984
vertex 96.6679859752206 -28.713875823493908 -2.1999999999999984
endloop
endfacet
facet normal 0 0 -1
outer loop
vertex 96.72082608502627 -28.911077797966207 -2.1999999999999984
vertex 96.6679859752206 -28.713875823493908 -2.1999999999999984
vertex 96.66595051244855 -28.706279373011668 -2.1999999999999984
endloop
endfacet
facet normal 0 0 -1
outer loop
vertex 96.72082608502627 -28.911077797966207 -2.1999999999999984
vertex 96.66595051244855 -28.706279373011668 -2.1999999999999984
vertex 96.6441303602416 -28.624845456346435 -2.1999999999999984
endloop
endfacet
facet normal 0 0 -1
outer loop
vertex 96.72082608502627 -28.911077797966207 -2.1999999999999984
vertex 96.6441303602416 -28.624845456346435 -2.1999999999999984
vertex 96.64413036024162 -28.624845456346435 1.6420845464083311e-15
endloop
endfacet
facet normal 0 0 -1
outer loop
vertex 96.72082608502627 -28.911077797966207 -2.1999999999999984
vertex 96.64413036024162 -28.624845456346435 1.6420845464083311e-15
vertex 96.7208260850263 -28.911077797966215 1.651477063794916e-15
endloop
endfacet
facet normal 0 0 -1
outer loop
vertex 96.74665290490555 -29.206279399999865 -2.1999999999999984
vertex 96.73905678141163 -29.11945561116653 -2.1999999999999984
vertex 96.73169146228626 -29.035269628337105 -2.1999999999999984
endloop
endfacet
facet normal 0 0 -1
outer loop
vertex 96.74665290490555 -29.206279399999865 -2.1999999999999984
vertex 96.73169146228626 -29.035269628337105 -2.1999999999999984
vertex 96.72478073902404 -28.95627969999996 -2.1999999999999984
endloop
endfacet
facet normal 0 0 -1
outer loop
vertex 96.74665290490555 -29.206279399999865 -2.1999999999999984
vertex 96.72478073902404 -28.95627969999996 -2.1999999999999984
vertex 96.72082608502627 -28.911077797966207 -2.1999999999999984
endloop
endfacet
facet normal 0 0 -1
outer loop
vertex 96.74665290490555 -29.206279399999865 -2.1999999999999984
vertex 96.72082608502627 -28.911077797966207 -2.1999999999999984
vertex 96.7208260850263 -28.911077797966215 1.651477063794916e-15
endloop
endfacet
facet normal 0 0 -1
outer loop
vertex 96.74665290490555 -29.206279399999865 -2.1999999999999984
vertex 96.7208260850263 -28.911077797966215 1.651477063794916e-15
vertex 96.74665290490553 -29.206279399999993 1.6546399370246413e-15
endloop
endfacet
facet normal 0.9999999999999045 -4.370068776979288e-7 6.45945407303932e-15
outer loop
vertex 96.74665085490554 -33.8972811 -2.1999999999999984
vertex 96.74665290490555 -29.206279399999865 -2.1999999999999984
vertex 96.74665290490553 -29.206279399999993 1.6546399370246413e-15
endloop
endfacet
facet normal 0.9999999999999045 -4.370068776979288e-7 6.45945407303932e-15
outer loop
vertex 96.74665085490554 -33.8972811 -2.1999999999999984
vertex 96.74665290490553 -29.206279399999993 1.6546399370246413e-15
vertex 96.74665224939531 -30.7062794 1.654639856747792e-15
endloop
endfacet
facet normal 0.9999999999999045 -4.370068776979288e-7 6.45945407303932e-15
outer loop
vertex 96.74665085490554 -33.8972811 -2.1999999999999984
vertex 96.74665224939531 -30.7062794 1.654639856747792e-15
vertex 96.74665085490555 -33.8972811 1.6546396859720502e-15
endloop
endfacet
facet normal 0.08715574596877929 0.9961946978099341 0
outer loop
vertex 117.78392765490555 -35.7378044 -2.1999999999999957
vertex 96.74665085490554 -33.8972811 -2.1999999999999984
vertex 96.74665085490555 -33.8972811 1.6546396859720502e-15
endloop
endfacet
facet normal 0.08715574596877929 0.9961946978099341 0
outer loop
vertex 117.78392765490555 -35.7378044 -2.1999999999999957
vertex 96.74665085490555 -33.8972811 1.6546396859720502e-15
vertex 117.78392765490563 -35.73780440000001 4.230963055561746e-15
endloop
endfacet
facet normal 0.17364221441025232 0.9848088044766375 0
outer loop
vertex 118.07575862942213 -35.78926025256571 -2.1999999999999957
vertex 117.78392765490555 -35.7378044 -2.1999999999999957
vertex 117.78392765490563 -35.73780440000001 4.230963055561746e-15
endloop
endfacet
facet normal 0.17364221441025232 0.9848088044766375 0
outer loop
vertex 118.07575862942213 -35.78926025256571 -2.1999999999999957
vertex 117.78392765490563 -35.73780440000001 4.230963055561746e-15
vertex 118.07575862942205 -35.78926025256569 4.266702042445106e-15
endloop
endfacet
facet normal 0.3420232688641862 0.9396914831770355 0
outer loop
vertex 118.35421685106817 -35.89061180561745 -2.1999999999999957
vertex 118.07575862942213 -35.78926025256571 -2.1999999999999957
vertex 118.07575862942205 -35.78926025256569 4.266702042445106e-15
endloop
endfacet
facet normal 0.3420232688641862 0.9396914831770355 0
outer loop
vertex 118.35421685106817 -35.89061180561745 -2.1999999999999957
vertex 118.07575862942205 -35.78926025256569 4.266702042445106e-15
vertex 118.35421685106822 -35.890611805617475 4.30080333942863e-15
endloop
endfacet
facet normal 0.5000028209047015 0.8660237751282241 0
outer loop
vertex 118.61084516434204 -36.03877734592487 -2.1999999999999957
vertex 118.35421685106817 -35.89061180561745 -2.1999999999999957
vertex 118.35421685106822 -35.890611805617475 4.30080333942863e-15
endloop
endfacet
facet normal 0.5000028209047015 0.8660237751282241 0
outer loop
vertex 118.61084516434204 -36.03877734592487 -2.1999999999999957
vertex 118.35421685106822 -35.890611805617475 4.30080333942863e-15
vertex 118.61084516434212 -36.03877734592494 4.332231243670778e-15
endloop
endfacet
facet normal 0.6427900521975183 0.766042393602281 -1.7029927318095877e-16
outer loop
vertex 118.8378460539392 -36.22925494206272 -2.1999999999999957
vertex 118.61084516434204 -36.03877734592487 -2.1999999999999957
vertex 118.61084516434212 -36.03877734592494 4.332231243670778e-15
endloop
endfacet
facet normal 0.6427900521975183 0.766042393602281 -1.7029927318095877e-16
outer loop
vertex 118.8378460539392 -36.22925494206272 -2.1999999999999957
vertex 118.61084516434212 -36.03877734592494 4.332231243670778e-15
vertex 118.6640278346776 -36.0834031939543 4.338744242370422e-15
endloop
endfacet
facet normal 0.6427900521975183 0.766042393602281 -1.7029927318095877e-16
outer loop
vertex 118.8378460539392 -36.22925494206272 -2.1999999999999957
vertex 118.6640278346776 -36.0834031939543 4.338744242370422e-15
vertex 118.83784605393923 -36.22925494206273 4.360030834955647e-15
endloop
endfacet
facet normal 0.7660464483866618 0.6427852198940027 0
outer loop
vertex 119.02832221812342 -36.45625703321177 -2.1999999999999957
vertex 118.8378460539392 -36.22925494206272 -2.1999999999999957
vertex 118.83784605393923 -36.22925494206273 4.360030834955647e-15
endloop
endfacet
facet normal 0.7660464483866618 0.6427852198940027 0
outer loop
vertex 119.02832221812342 -36.45625703321177 -2.1999999999999957
vertex 118.83784605393923 -36.22925494206273 4.360030834955647e-15
vertex 119.0283222181234 -36.45625703321172 4.383357437433848e-15
endloop
endfacet
facet normal 0.8660269291909598 0.49999735790909555 0
outer loop
vertex 119.17648613958455 -36.71288628112713 -2.1999999999999957
vertex 119.02832221812342 -36.45625703321177 -2.1999999999999957
vertex 119.0283222181234 -36.45625703321172 4.383357437433848e-15
endloop
endfacet
facet normal 0.8660269291909598 0.49999735790909555 0
outer loop
vertex 119.17648613958455 -36.71288628112713 -2.1999999999999957
vertex 119.0283222181234 -36.45625703321172 4.383357437433848e-15
vertex 119.17648613958454 -36.71288628112708 4.401502284650497e-15
endloop
endfacet
facet normal 0 0 1
outer loop
vertex 119.2778359360852 -36.991345142105885 -2.1999999999999957
vertex 119.270459761019 -36.97107907963478 -2.1999999999999957
vertex 119.26139858700758 -36.946183477655616 -2.1999999999999957
endloop
endfacet
facet normal 0 0 1
outer loop
vertex 119.2778359360852 -36.991345142105885 -2.1999999999999957
vertex 119.26139858700758 -36.946183477655616 -2.1999999999999957
vertex 119.25668686218981 -36.933238 -2.1999999999999957
endloop
endfacet
facet normal 0 0 1
outer loop
vertex 119.2778359360852 -36.991345142105885 -2.1999999999999957
vertex 119.25668686218981 -36.933238 -2.1999999999999957
vertex 119.17648613958455 -36.71288628112713 -2.1999999999999957
endloop
endfacet
facet normal 0 0 1
outer loop
vertex 119.2778359360852 -36.991345142105885 -2.1999999999999957
vertex 119.17648613958455 -36.71288628112713 -2.1999999999999957
vertex 119.17648613958454 -36.71288628112708 4.401502284650497e-15
endloop
endfacet
facet normal 0 0 1
outer loop
vertex 119.2778359360852 -36.991345142105885 -2.1999999999999957
vertex 119.17648613958454 -36.71288628112708 4.401502284650497e-15
vertex 119.27783593608521 -36.99134514210592 4.4139140550383765e-15
endloop
endfacet
facet normal 0 0 -1
outer loop
vertex 119.32929214776682 -37.28317279122048 -2.1999999999999957
vertex 119.3223904978415 -37.24403093412192 -2.1999999999999957
vertex 119.31000965549742 -37.17381449738301 -2.1999999999999957
endloop
endfacet
facet normal 0 0 -1
outer loop
vertex 119.32929214776682 -37.28317279122048 -2.1999999999999957
vertex 119.31000965549742 -37.17381449738301 -2.1999999999999957
vertex 119.29874688860659 -37.10993907328056 -2.1999999999999957
endloop
endfacet
facet normal 0 0 -1
outer loop
vertex 119.32929214776682 -37.28317279122048 -2.1999999999999957
vertex 119.29874688860659 -37.10993907328056 -2.1999999999999957
vertex 119.28887952416301 -37.05397750934036 -2.1999999999999957
endloop
endfacet
facet normal 0 0 -1
outer loop
vertex 119.32929214776682 -37.28317279122048 -2.1999999999999957
vertex 119.28887952416301 -37.05397750934036 -2.1999999999999957
vertex 119.28065053272567 -37.007307784786946 -2.1999999999999957
endloop
endfacet
facet normal 0 0 -1
outer loop
vertex 119.32929214776682 -37.28317279122048 -2.1999999999999957
vertex 119.28065053272567 -37.007307784786946 -2.1999999999999957
vertex 119.2778359360852 -36.991345142105885 -2.1999999999999957
endloop
endfacet
facet normal 0 0 -1
outer loop
vertex 119.32929214776682 -37.28317279122048 -2.1999999999999957
vertex 119.2778359360852 -36.991345142105885 -2.1999999999999957
vertex 119.27783593608521 -36.99134514210592 4.4139140550383765e-15
endloop
endfacet
facet normal 0 0 -1
outer loop
vertex 119.32929214776682 -37.28317279122048 -2.1999999999999957
vertex 119.27783593608521 -36.99134514210592 4.4139140550383765e-15
vertex 119.32929214776682 -37.28317279122042 4.42021562353159e-15
endloop
endfacet
facet normal 0 0 -1
outer loop
vertex 119.32929130490552 -37.57950220000009 -2.1999999999999957
vertex 119.32929160238982 -37.4749140000001 -2.1999999999999957
vertex 119.32929182554717 -37.39645733431183 -2.1999999999999957
endloop
endfacet
facet normal 0 0 -1
outer loop
vertex 119.32929130490552 -37.57950220000009 -2.1999999999999957
vertex 119.32929182554717 -37.39645733431183 -2.1999999999999957
vertex 119.32929204626203 -37.31885939695317 -2.1999999999999957
endloop
endfacet
facet normal 0 0 -1
outer loop
vertex 119.32929130490552 -37.57950220000009 -2.1999999999999957
vertex 119.32929204626203 -37.31885939695317 -2.1999999999999957
vertex 119.32929214776682 -37.28317279122048 -2.1999999999999957
endloop
endfacet
facet normal 0 0 -1
outer loop
vertex 119.32929130490552 -37.57950220000009 -2.1999999999999957
vertex 119.32929214776682 -37.28317279122048 -2.1999999999999957
vertex 119.32929214776682 -37.28317279122042 4.42021562353159e-15
endloop
endfacet
facet normal 0 0 -1
outer loop
vertex 119.32929130490552 -37.57950220000009 -2.1999999999999957
vertex 119.32929214776682 -37.28317279122042 4.42021562353159e-15
vertex 119.32929144247709 -37.53113540496139 4.420215537158508e-15
endloop
endfacet
facet normal 0 0 -1
outer loop
vertex 119.32929130490552 -37.57950220000009 -2.1999999999999957
vertex 119.32929144247709 -37.53113540496139 4.420215537158508e-15
vertex 119.32929130490552 -37.57950220000009 4.420215520310851e-15
endloop
endfacet
facet normal 0.9961947095283877 -0.08715561202613943 0
outer loop
vertex 117.89080185490553 -54.021536700000006 -2.1999999999999957
vertex 119.32929130490552 -37.57950220000009 -2.1999999999999957
vertex 119.32929130490552 -37.57950220000009 4.420215520310851e-15
endloop
endfacet
facet normal 0.9961947095283877 -0.08715561202613943 0
outer loop
vertex 117.89080185490553 -54.021536700000006 -2.1999999999999957
vertex 119.32929130490552 -37.57950220000009 4.420215520310851e-15
vertex 119.22677105364932 -38.751315804961386 4.4076604105559815e-15
endloop
endfacet
facet normal 0.9961947095283877 -0.08715561202613943 0
outer loop
vertex 117.89080185490553 -54.021536700000006 -2.1999999999999957
vertex 119.22677105364932 -38.751315804961386 4.4076604105559815e-15
vertex 118.00659249695411 -52.69804160496139 4.2582316341714786e-15
endloop
endfacet
facet normal 0.9961947095283877 -0.08715561202613943 0
outer loop
vertex 117.89080185490553 -54.021536700000006 -2.1999999999999957
vertex 118.00659249695411 -52.69804160496139 4.2582316341714786e-15
vertex 117.89080185490553 -54.0215367 4.2440513702558794e-15
endloop
endfacet
facet normal 0.2588190445564149 0.9659258264353969 -3.239378470160936e-15
outer loop
vertex 141.00404305490574 -60.214711000000065 -2.199999999999993
vertex 117.89080185490553 -54.021536700000006 -2.1999999999999957
vertex 117.89080185490553 -54.0215367 4.2440513702558794e-15
endloop
endfacet
facet normal 0.2588190445564149 0.9659258264353969 -3.239378470160936e-15
outer loop
vertex 141.00404305490574 -60.214711000000065 -2.199999999999993
vertex 117.89080185490553 -54.0215367 4.2440513702558794e-15
vertex 119.551223367843 -54.46644530248071 4.447394359361306e-15
endloop
endfacet
facet normal 0.2588190445564149 0.9659258264353969 -3.239378470160936e-15
outer loop
vertex 141.00404305490574 -60.214711000000065 -2.199999999999993
vertex 119.551223367843 -54.46644530248071 4.447394359361306e-15
vertex 124.10499862534091 -55.6866257024807 5.0050709886744294e-15
endloop
endfacet
facet normal 0.2588190445564149 0.9659258264353969 -3.239378470160936e-15
outer loop
vertex 141.00404305490574 -60.214711000000065 -2.199999999999993
vertex 124.10499862534091 -55.6866257024807 5.0050709886744294e-15
vertex 137.08485919753062 -59.164568852802184 6.594645458985534e-15
endloop
endfacet
facet normal 0.2588190445564149 0.9659258264353969 -3.239378470160936e-15
outer loop
vertex 141.00404305490574 -60.214711000000065 -2.199999999999993
vertex 137.08485919753062 -59.164568852802184 6.594645458985534e-15
vertex 141.0040430549056 -60.21471100000002 7.07460705560596e-15
endloop
endfacet
facet normal 0.34203396731818625 0.9396875891489587 0
outer loop
vertex 141.28250160477256 -60.31606626279638 -2.199999999999993
vertex 141.00404305490574 -60.214711000000065 -2.199999999999993
vertex 141.0040430549056 -60.21471100000002 7.07460705560596e-15
endloop
endfacet
facet normal 0.34203396731818625 0.9396875891489587 0
outer loop
vertex 141.28250160477256 -60.31606626279638 -2.199999999999993
vertex 141.0040430549056 -60.21471100000002 7.07460705560596e-15
vertex 141.28250160477268 -60.31606626279642 7.108708392784952e-15
endloop
endfacet
facet normal 0.5000008351660876 0.8660249216005362 0
outer loop
vertex 141.53912951770462 -60.464230787387436 -2.199999999999993
vertex 141.28250160477256 -60.31606626279638 -2.199999999999993
vertex 141.28250160477268 -60.31606626279642 7.108708392784952e-15
endloop
endfacet
facet normal 0.5000008351660876 0.8660249216005362 0
outer loop
vertex 141.53912951770462 -60.464230787387436 -2.199999999999993
vertex 141.28250160477268 -60.31606626279642 7.108708392784952e-15
vertex 141.53912951770457 -60.4642307873874 7.140136247999344e-15
endloop
endfacet
facet normal 0.6427879091591049 0.7660441918315589 0
outer loop
vertex 141.76613028553484 -60.65470719917543 -2.199999999999993
vertex 141.53912951770462 -60.464230787387436 -2.199999999999993
vertex 141.53912951770457 -60.4642307873874 7.140136247999344e-15
endloop
endfacet
facet normal 0.6427879091591049 0.7660441918315589 0
outer loop
vertex 141.76613028553484 -60.65470719917543 -2.199999999999993
vertex 141.53912951770457 -60.4642307873874 7.140136247999344e-15
vertex 141.76613028553484 -60.65470719917543 7.167935824372077e-15
endloop
endfacet
facet normal 0.7660443258104982 0.6427877494893157 0
outer loop
vertex 141.9566066500081 -60.88170800670742 -2.199999999999993
vertex 141.76613028553484 -60.65470719917543 -2.199999999999993
vertex 141.76613028553484 -60.65470719917543 7.167935824372077e-15
endloop
endfacet
facet normal 0.7660443258104982 0.6427877494893157 0
outer loop
vertex 141.9566066500081 -60.88170800670742 -2.199999999999993
vertex 141.76613028553484 -60.65470719917543 7.167935824372077e-15
vertex 141.9566066500081 -60.8817080067074 7.191262451378615e-15
endloop
endfacet
facet normal 0.8660250258177545 0.500000654656929 0
outer loop
vertex 142.10477112110914 -61.13833595052202 -2.199999999999993
vertex 141.9566066500081 -60.88170800670742 -2.199999999999993
vertex 141.9566066500081 -60.8817080067074 7.191262451378615e-15
endloop
endfacet
facet normal 0.8660250258177545 0.500000654656929 0
outer loop
vertex 142.10477112110914 -61.13833595052202 -2.199999999999993
vertex 141.9566066500081 -60.8817080067074 7.191262451378615e-15
vertex 142.10477112110917 -61.13833595052204 7.209407365906744e-15
endloop
endfacet
facet normal 0 0 -1
outer loop
vertex 142.20612182586547 -61.416793571514 -2.199999999999993
vertex 142.20133211567736 -61.40363400535783 -2.199999999999993
vertex 142.19048138822217 -61.37382200000001 -2.199999999999993
endloop
endfacet
facet normal 0 0 -1
outer loop
vertex 142.20612182586547 -61.416793571514 -2.199999999999993
vertex 142.19048138822217 -61.37382200000001 -2.199999999999993
vertex 142.10477112110914 -61.13833595052202 -2.199999999999993
endloop
endfacet
facet normal 0 0 -1
outer loop
vertex 142.20612182586547 -61.416793571514 -2.199999999999993
vertex 142.10477112110914 -61.13833595052202 -2.199999999999993
vertex 142.10477112110917 -61.13833595052204 7.209407365906744e-15
endloop
endfacet
facet normal 0 0 -1
outer loop
vertex 142.20612182586547 -61.416793571514 -2.199999999999993
vertex 142.10477112110917 -61.13833595052204 7.209407365906744e-15
vertex 142.20612182586547 -61.416793571514006 7.221819247523858e-15
endloop
endfacet
facet normal 0 0 1
outer loop
vertex 142.25757929458308 -61.70862013123106 -2.199999999999993
vertex 142.24644452491683 -61.64547241709111 -2.199999999999993
vertex 142.2331356854682 -61.56999507770954 -2.199999999999993
endloop
endfacet
facet normal 0 0 1
outer loop
vertex 142.25757929458308 -61.70862013123106 -2.199999999999993
vertex 142.2331356854682 -61.56999507770954 -2.199999999999993
vertex 142.22136335470205 -61.50323161512667 -2.199999999999993
endloop
endfacet
facet normal 0 0 1
outer loop
vertex 142.25757929458308 -61.70862013123106 -2.199999999999993
vertex 142.22136335470205 -61.50323161512667 -2.199999999999993
vertex 142.21148521934026 -61.44721054897458 -2.199999999999993
endloop
endfacet
facet normal 0 0 1
outer loop
vertex 142.25757929458308 -61.70862013123106 -2.199999999999993
vertex 142.21148521934026 -61.44721054897458 -2.199999999999993
vertex 142.20612182586547 -61.416793571514 -2.199999999999993
endloop
endfacet
facet normal 0 0 1
outer loop
vertex 142.25757929458308 -61.70862013123106 -2.199999999999993
vertex 142.20612182586547 -61.416793571514 -2.199999999999993
vertex 142.20612182586547 -61.416793571514006 7.221819247523858e-15
endloop
endfacet
facet normal 0 0 1
outer loop
vertex 142.25757929458308 -61.70862013123106 -2.199999999999993
vertex 142.20612182586547 -61.416793571514006 7.221819247523858e-15
vertex 142.25757929458308 -61.70862013123104 7.228120969959582e-15
endloop
endfacet
facet normal 0 0 1
outer loop
vertex 142.25758002836156 -62.004948685445164 -2.199999999999993
vertex 142.2575799819008 -61.98618600000002 -2.199999999999993
vertex 142.2575797693635 -61.900355102004504 -2.199999999999993
endloop
endfacet
facet normal 0 0 1
outer loop
vertex 142.25758002836156 -62.004948685445164 -2.199999999999993
vertex 142.2575797693635 -61.900355102004504 -2.199999999999993
vertex 142.25757955354848 -61.81320052779608 -2.199999999999993
endloop
endfacet
facet normal 0 0 1
outer loop
vertex 142.25758002836156 -62.004948685445164 -2.199999999999993
vertex 142.25757955354848 -61.81320052779608 -2.199999999999993
vertex 142.257579341013 -61.72737035400176 -2.199999999999993
endloop
endfacet
facet normal 0 0 1
outer loop
vertex 142.25758002836156 -62.004948685445164 -2.199999999999993
vertex 142.257579341013 -61.72737035400176 -2.199999999999993
vertex 142.25757929458308 -61.70862013123106 -2.199999999999993
endloop
endfacet
facet normal 0 0 1
outer loop
vertex 142.25758002836156 -62.004948685445164 -2.199999999999993
vertex 142.25757929458308 -61.70862013123106 -2.199999999999993
vertex 142.25757929458308 -61.70862013123104 7.228120969959582e-15
endloop
endfacet
facet normal 0 0 1
outer loop
vertex 142.25758002836156 -62.004948685445164 -2.199999999999993
vertex 142.25757929458308 -61.70862013123104 7.228120969959582e-15
vertex 142.25758002836153 -62.004948685445186 7.228121059821528e-15
endloop
endfacet
facet normal 0.9848082825765776 -0.17364517433136958 0
outer loop
vertex 142.20612400490555 -62.296775499999995 -2.199999999999993
vertex 142.25758002836156 -62.004948685445164 -2.199999999999993
vertex 142.25758002836153 -62.004948685445186 7.228121059821528e-15
endloop
endfacet
facet normal 0.9848082825765776 -0.17364517433136958 0
outer loop
vertex 142.20612400490555 -62.296775499999995 -2.199999999999993
vertex 142.25758002836153 -62.004948685445186 7.228121059821528e-15
vertex 142.20612400490555 -62.29677549999999 7.221819514379303e-15
endloop
endfacet
facet normal 0 0 -1
outer loop
vertex 129.00635536782193 -111.558994866154 -2.1999999999999944
vertex 129.0145055831537 -111.52857784093223 -2.1999999999999944
vertex 129.02951640454592 -111.47255667899977 -2.1999999999999944
endloop
endfacet
facet normal 0 0 -1
outer loop
vertex 129.00635536782193 -111.558994866154 -2.1999999999999944
vertex 129.02951640454592 -111.47255667899977 -2.1999999999999944
vertex 129.0474057416837 -111.40579274740166 -2.1999999999999944
endloop
endfacet
facet normal 0 0 -1
outer loop
vertex 129.00635536782193 -111.558994866154 -2.1999999999999944
vertex 129.0474057416837 -111.40579274740166 -2.1999999999999944
vertex 129.06763003639225 -111.33031463336413 -2.1999999999999944
endloop
endfacet
facet normal 0 0 -1
outer loop
vertex 129.00635536782193 -111.558994866154 -2.1999999999999944
vertex 129.06763003639225 -111.33031463336413 -2.1999999999999944
vertex 129.08957615716497 -111.24841057538666 -2.1999999999999944
endloop
endfacet
facet normal 0 0 -1
outer loop
vertex 129.00635536782193 -111.558994866154 -2.1999999999999944
vertex 129.08957615716497 -111.24841057538666 -2.1999999999999944
vertex 142.20612400490555 -62.296775499999995 -2.199999999999993
endloop
endfacet
facet normal 0 0 -1
outer loop
vertex 129.00635536782193 -111.558994866154 -2.1999999999999944
vertex 142.20612400490555 -62.296775499999995 -2.199999999999993
vertex 142.20612400490555 -62.29677549999999 7.221819514379303e-15
endloop
endfacet
facet normal 0 0 -1
outer loop
vertex 129.00635536782193 -111.558994866154 -2.1999999999999944
vertex 142.20612400490555 -62.29677549999999 7.221819514379303e-15
vertex 142.07449132978275 -62.7880354528021 7.205699160954072e-15
endloop
endfacet
facet normal 0 0 -1
outer loop
vertex 129.00635536782193 -111.558994866154 -2.1999999999999944
vertex 142.07449132978275 -62.7880354528021 7.205699160954072e-15
vertex 138.45102558453445 -76.31099705280215 6.761952588280229e-15
endloop
endfacet
facet normal 0 0 -1
outer loop
vertex 129.00635536782193 -111.558994866154 -2.1999999999999944
vertex 138.45102558453445 -76.31099705280215 6.761952588280229e-15
vertex 137.67456865576787 -79.20877447640103 6.666864039031252e-15
endloop
endfacet
facet normal 0 0 -1
outer loop
vertex 129.00635536782193 -111.558994866154 -2.1999999999999944
vertex 137.67456865576787 -79.20877447640103 6.666864039031252e-15
vertex 134.05110291051955 -92.7317360764011 6.2231174663574084e-15
endloop
endfacet
facet normal 0 0 -1
outer loop
vertex 129.00635536782193 -111.558994866154 -2.1999999999999944
vertex 134.05110291051955 -92.7317360764011 6.2231174663574084e-15
vertex 133.27464598175297 -95.6295135 6.128028917108431e-15
endloop
endfacet
facet normal 0 0 -1
outer loop
vertex 129.00635536782193 -111.558994866154 -2.1999999999999944
vertex 133.27464598175297 -95.6295135 6.128028917108431e-15
vertex 129.65118023650467 -109.1524751 5.684282344434591e-15
endloop
endfacet
facet normal 0 0 -1
outer loop
vertex 129.00635536782193 -111.558994866154 -2.1999999999999944
vertex 129.65118023650467 -109.1524751 5.684282344434591e-15
vertex 129.00635536782193 -111.558994866154 5.605314073290296e-15
endloop
endfacet
facet normal 0 0 1
outer loop
vertex 128.9049983421091 -111.83745474986709 -2.1999999999999944
vertex 128.98520782646992 -111.61709386683289 -2.1999999999999944
vertex 128.9907159541482 -111.60196129381208 -2.1999999999999944
endloop
endfacet
facet normal 0 0 1
outer loop
vertex 128.9049983421091 -111.83745474986709 -2.1999999999999944
vertex 128.9907159541482 -111.60196129381208 -2.1999999999999944
vertex 129.0015655335635 -111.57215405942374 -2.1999999999999944
endloop
endfacet
facet normal 0 0 1
outer loop
vertex 128.9049983421091 -111.83745474986709 -2.1999999999999944
vertex 129.0015655335635 -111.57215405942374 -2.1999999999999944
vertex 129.00635536782193 -111.558994866154 -2.1999999999999944
endloop
endfacet
facet normal 0 0 1
outer loop
vertex 128.9049983421091 -111.83745474986709 -2.1999999999999944
vertex 129.00635536782193 -111.558994866154 -2.1999999999999944
vertex 129.00635536782193 -111.558994866154 5.605314073290296e-15
endloop
endfacet
facet normal 0 0 1
outer loop
vertex 128.9049983421091 -111.83745474986709 -2.1999999999999944
vertex 129.00635536782193 -111.558994866154 5.605314073290296e-15
vertex 128.98520874296173 -111.61709134893925 5.6027243586455176e-15
endloop
endfacet
facet normal 0 0 1
outer loop
vertex 128.9049983421091 -111.83745474986709 -2.1999999999999944
vertex 128.98520874296173 -111.61709134893925 5.6027243586455176e-15
vertex 128.90499834210914 -111.83745474986708 5.592901417579269e-15
endloop
endfacet
facet normal 0.8660249216005264 -0.5000008351661048 0
outer loop
vertex 128.75683381751813 -112.09408266279902 -2.1999999999999944
vertex 128.9049983421091 -111.83745474986709 -2.1999999999999944
vertex 128.90499834210914 -111.83745474986708 5.592901417579269e-15
endloop
endfacet
facet normal 0.8660249216005264 -0.5000008351661048 0
outer loop
vertex 128.75683381751813 -112.09408266279902 -2.1999999999999944
vertex 128.90499834210914 -111.83745474986708 5.592901417579269e-15
vertex 128.7568338175181 -112.09408266279907 5.574756496500509e-15
endloop
endfacet
facet normal 0.766044191831561 -0.6427879091591024 0
outer loop
vertex 128.56635740573006 -112.32108343062936 -2.1999999999999944
vertex 128.75683381751813 -112.09408266279902 -2.1999999999999944
vertex 128.7568338175181 -112.09408266279907 5.574756496500509e-15
endloop
endfacet
facet normal 0.766044191831561 -0.6427879091591024 0
outer loop
vertex 128.56635740573006 -112.32108343062936 -2.1999999999999944
vertex 128.7568338175181 -112.09408266279907 5.574756496500509e-15
vertex 128.56635740573006 -112.32108343062936 5.551429863699579e-15
endloop
endfacet
facet normal 0.6427877494893157 -0.7660443258104982 0
outer loop
vertex 128.33935659819815 -112.51155979510253 -2.199999999999995
vertex 128.56635740573006 -112.32108343062936 -2.1999999999999944
vertex 128.56635740573006 -112.32108343062936 5.551429863699579e-15
endloop
endfacet
facet normal 0.6427877494893157 -0.7660443258104982 0
outer loop
vertex 128.33935659819815 -112.51155979510253 -2.199999999999995
vertex 128.56635740573006 -112.32108343062936 5.551429863699579e-15
vertex 128.33935659819815 -112.51155979510254 5.523630282464798e-15
endloop
endfacet
facet normal 0.5000006546569321 -0.8660250258177528 0
outer loop
vertex 128.08272865438357 -112.65972426620358 -2.199999999999995
vertex 128.33935659819815 -112.51155979510253 -2.199999999999995
vertex 128.33935659819815 -112.51155979510254 5.523630282464798e-15
endloop
endfacet
facet normal 0.5000006546569321 -0.8660250258177528 0
outer loop
vertex 128.08272865438357 -112.65972426620358 -2.199999999999995
vertex 128.33935659819815 -112.51155979510254 5.523630282464798e-15
vertex 128.08272865438357 -112.65972426620357 5.4922024234683705e-15
endloop
endfacet
facet normal 0.3420213925209619 -0.9396921661150647 0
outer loop
vertex 127.8042710333916 -112.7610749709599 -2.199999999999995
vertex 128.08272865438357 -112.65972426620358 -2.199999999999995
vertex 128.08272865438357 -112.65972426620357 5.4922024234683705e-15
endloop
endfacet
facet normal 0.3420213925209619 -0.9396921661150647 0
outer loop
vertex 127.8042710333916 -112.7610749709599 -2.199999999999995
vertex 128.08272865438357 -112.65972426620357 5.4922024234683705e-15
vertex 127.8042710333915 -112.76107497095992 5.458101200043756e-15
endloop
endfacet
facet normal 0.17365005155826874 -0.9848074225927679 0
outer loop
vertex 127.51244447367435 -112.81253243967754 -2.199999999999995
vertex 127.8042710333916 -112.7610749709599 -2.199999999999995
vertex 127.8042710333915 -112.76107497095992 5.458101200043756e-15
endloop
endfacet
facet normal 0.17365005155826874 -0.9848074225927679 0
outer loop
vertex 127.51244447367435 -112.81253243967754 -2.199999999999995
vertex 127.8042710333915 -112.76107497095992 5.458101200043756e-15
vertex 127.5124444736744 -112.81253317345602 5.422362753817384e-15
endloop
endfacet
facet normal 0.0000024762327797134276 -0.9999999999969342 0
outer loop
vertex 127.2161159194604 -112.81253243967754 -2.199999999999995
vertex 127.51244447367435 -112.81253243967754 -2.199999999999995
vertex 127.5124444736744 -112.81253317345602 5.422362753817384e-15
endloop
endfacet
facet normal 0.0000024762327797134276 -0.9999999999969342 0
outer loop
vertex 127.2161159194604 -112.81253243967754 -2.199999999999995
vertex 127.5124444736744 -112.81253317345602 5.422362753817384e-15
vertex 127.21611591946055 -112.81253317345602 5.386072972275989e-15
endloop
endfacet
facet normal -0.17364517433134113 -0.9848082825765827 0
outer loop
vertex 126.92428910490521 -112.76107714999993 -2.199999999999995
vertex 127.2161159194604 -112.81253243967754 -2.199999999999995
vertex 127.21611591946055 -112.81253317345602 5.386072972275989e-15
endloop
endfacet
facet normal -0.17364517433134113 -0.9848082825765827 0
outer loop
vertex 126.92428910490521 -112.76107714999993 -2.199999999999995
vertex 127.21611591946055 -112.81253317345602 5.386072972275989e-15
vertex 126.92428910490534 -112.76107714999995 5.350334494840948e-15
endloop
endfacet
facet normal 0.20987430006934427 0.9777283764780498 0
outer loop
vertex 110.06880305490532 -107.00233109999996 -2.199999999999997
vertex 109.97035841817295 -106.98119946494994 -2.199999999999997
vertex 109.97035841817313 -106.98119946495008 -1.199999999999997
endloop
endfacet
facet normal 0.20987430006934427 0.9777283764780498 0
outer loop
vertex 110.06880305490532 -107.00233109999996 -2.199999999999997
vertex 109.97035841817313 -106.98119946495008 -1.199999999999997
vertex 110.0688030549055 -107.0023311000001 -1.199999999999997
endloop
endfacet
facet normal 0.11048256799085714 0.9938780620227743 0
outer loop
vertex 109.97035841817295 -106.98119946494994 -2.199999999999997
vertex 109.87028690797175 -106.97007520549376 -2.199999999999997
vertex 109.8702869079716 -106.97007520549356 -1.1999999999999966
endloop
endfacet
facet normal 0.11048256799085714 0.9938780620227743 0
outer loop
vertex 109.97035841817295 -106.98119946494994 -2.199999999999997
vertex 109.8702869079716 -106.97007520549356 -1.1999999999999966
vertex 109.97035841817313 -106.98119946495008 -1.199999999999997
endloop
endfacet
facet normal 0.00997791532401493 0.9999502193638377 0
outer loop
vertex 109.87028690797175 -106.97007520549376 -2.199999999999997
vertex 109.76960400490555 -106.96907055 -2.199999999999997
vertex 109.76960400490552 -106.96907055000014 -1.199999999999997
endloop
endfacet
facet normal 0.00997791532401493 0.9999502193638377 0
outer loop
vertex 109.87028690797175 -106.97007520549376 -2.199999999999997
vertex 109.76960400490552 -106.96907055000014 -1.199999999999997
vertex 109.8702869079716 -106.97007520549356 -1.1999999999999966
endloop
endfacet
facet normal -0.0023882217357156627 0.05910235829702293 -0.9982490709440562
outer loop
vertex 109.76960400490555 -106.96907055 -2.199999999999997
vertex 80.06643151200895 -108.1693232 -2.2000000000000006
vertex 67.5067972549057 -108.6768358 -2.200000000000002
endloop
endfacet
facet normal -0.0023882217357156627 0.05910235829702293 -0.9982490709440562
outer loop
vertex 109.76960400490555 -106.96907055 -2.199999999999997
vertex 67.5067972549057 -108.6768358 -2.200000000000002
vertex 67.50679725490556 -108.67683580000073 -1.200000000000002
endloop
endfacet
facet normal -0.0023882217357156627 0.05910235829702293 -0.9982490709440562
outer loop
vertex 109.76960400490555 -106.96907055 -2.199999999999997
vertex 67.50679725490556 -108.67683580000073 -1.200000000000002
vertex 107.7322480419829 -107.05139649999998 -1.1999999999999968
endloop
endfacet
facet normal -0.0023882217357156627 0.05910235829702293 -0.9982490709440562
outer loop
vertex 109.76960400490555 -106.96907055 -2.199999999999997
vertex 107.7322480419829 -107.05139649999998 -1.1999999999999968
vertex 109.76960400490552 -106.96907055000014 -1.199999999999997
endloop
endfacet
facet normal -0.0738327460865093 0.9972706380944569 0
outer loop
vertex 67.5067972549057 -108.6768358 -2.200000000000002
vertex 67.43991987248181 -108.68178705456103 -2.200000000000002
vertex 67.43991987248198 -108.68178705456161 -1.2000000000000024
endloop
endfacet
facet normal -0.0738327460865093 0.9972706380944569 0
outer loop
vertex 67.5067972549057 -108.6768358 -2.200000000000002
vertex 67.43991987248198 -108.68178705456161 -1.2000000000000024
vertex 67.50679725490556 -108.67683580000073 -1.200000000000002
endloop
endfacet
facet normal -0.1405490222898037 0.9900737206558815 0
outer loop
vertex 67.43991987248181 -108.68178705456103 -2.200000000000002
vertex 67.37352110490524 -108.69121290000004 -2.200000000000002
vertex 67.37352110490549 -108.69121289999985 -1.2000000000000024
endloop
endfacet
facet normal -0.1405490222898037 0.9900737206558815 0
outer loop
vertex 67.43991987248181 -108.68178705456103 -2.200000000000002
vertex 67.37352110490549 -108.69121289999985 -1.2000000000000024
vertex 67.43991987248198 -108.68178705456161 -1.2000000000000024
endloop
endfacet
facet normal -0.3007054243172011 0.9537170690441752 0
outer loop
vertex 49.77848815490535 -111.79369220000004 -2.200000000000004
vertex 49.59202825490567 -111.85248269999994 -2.200000000000004
vertex 49.59202825490587 -111.85248270000105 -1.2000000000000042
endloop
endfacet
facet normal -0.3007054243172011 0.9537170690441752 0
outer loop
vertex 49.77848815490535 -111.79369220000004 -2.200000000000004
vertex 49.59202825490587 -111.85248270000105 -1.2000000000000042
vertex 49.77848815490589 -111.79369220000106 -1.200000000000004
endloop
endfacet
facet normal -0.001276471955271504 0.00273740293587092 0.9999954386118539
outer loop
vertex 49.59202825490567 -111.85248269999994 -2.200000000000004
vertex 47.2130814841416 -112.96180379999997 -2.2000000000000046
vertex 47.18844474534103 -112.97329210000001 -2.2000000000000046
endloop
endfacet
facet normal -0.001276471955271504 0.00273740293587092 0.9999954386118539
outer loop
vertex 49.59202825490567 -111.85248269999994 -2.200000000000004
vertex 47.18844474534103 -112.97329210000001 -2.2000000000000046
vertex 33.308189354905664 -119.44576149999993 -2.2000000000000064
endloop
endfacet
facet normal -0.001276471955271504 0.00273740293587092 0.9999954386118539
outer loop
vertex 49.59202825490567 -111.85248269999994 -2.200000000000004
vertex 33.308189354905664 -119.44576149999993 -2.2000000000000064
vertex 33.30818935490569 -119.44576150000049 -1.2000000000000066
endloop
endfacet
facet normal -0.001276471955271504 0.00273740293587092 0.9999954386118539
outer loop
vertex 49.59202825490567 -111.85248269999994 -2.200000000000004
vertex 33.30818935490569 -119.44576150000049 -1.2000000000000066
vertex 39.00797173032754 -116.7879094 -1.2000000000000053
endloop
endfacet
facet normal -0.001276471955271504 0.00273740293587092 0.9999954386118539
outer loop
vertex 49.59202825490567 -111.85248269999994 -2.200000000000004
vertex 39.00797173032754 -116.7879094 -1.2000000000000053
vertex 49.59202825490587 -111.85248270000105 -1.2000000000000042
endloop
endfacet
facet normal -0.3420037237252426 0.9396985968692663 0
outer loop
vertex 33.308189354905664 -119.44576149999993 -2.2000000000000064
vertex 33.22628818176699 -119.47556946851688 -2.2000000000000064
vertex 33.226288181767245 -119.47556946851739 -1.2000000000000066
endloop
endfacet
facet normal -0.3420037237252426 0.9396985968692663 0
outer loop
vertex 33.308189354905664 -119.44576149999993 -2.2000000000000064
vertex 33.226288181767245 -119.47556946851739 -1.2000000000000066
vertex 33.30818935490569 -119.44576150000049 -1.2000000000000066
endloop
endfacet
facet normal -0.17364881894661732 0.9848076399370818 0
outer loop
vertex 33.22628818176699 -119.47556946851688 -2.2000000000000064
vertex 33.140457229672336 -119.49070383877954 -2.2000000000000064
vertex 33.14045722967225 -119.49070383877968 -1.2000000000000062
endloop
endfacet
facet normal -0.17364881894661732 0.9848076399370818 0
outer loop
vertex 33.22628818176699 -119.47556946851688 -2.2000000000000064
vertex 33.14045722967225 -119.49070383877968 -1.2000000000000062
vertex 33.226288181767245 -119.47556946851739 -1.2000000000000066
endloop
endfacet
facet normal -0.0000020562393103773506 0.9999999999978859 0
outer loop
vertex 33.140457229672336 -119.49070383877954 -2.2000000000000064
vertex 33.05330218678483 -119.49070383877954 -2.2000000000000064
vertex 33.05330218678483 -119.49070401799149 -1.2000000000000062
endloop
endfacet
facet normal -0.0000020562393103773506 0.9999999999978859 0
outer loop
vertex 33.140457229672336 -119.49070383877954 -2.2000000000000064
vertex 33.05330218678483 -119.49070401799149 -1.2000000000000062
vertex 33.14045722967225 -119.49070383877968 -1.2000000000000062
endloop
endfacet
facet normal 0.173644768944996 0.9848083540557722 0
outer loop
vertex 33.05330218678483 -119.49070383877954 -2.2000000000000064
vertex 32.96746912052808 -119.47556946851688 -2.2000000000000064
vertex 32.96747117245076 -119.47557000070756 -1.2000000000000062
endloop
endfacet
facet normal 0.173644768944996 0.9848083540557722 0
outer loop
vertex 33.05330218678483 -119.49070383877954 -2.2000000000000064
vertex 32.96747117245076 -119.47557000070756 -1.2000000000000062
vertex 33.05330218678483 -119.49070401799149 -1.2000000000000062
endloop
endfacet
facet normal 0.34201557042717856 0.9396942851722424 0
outer loop
vertex 32.96746912052808 -119.47556946851688 -2.2000000000000064
vertex 32.88557313955491 -119.44576149999993 -2.2000000000000064
vertex 32.885572076725396 -119.44576161899798 -1.2000000000000062
endloop
endfacet
facet normal 0.34201557042717856 0.9396942851722424 0
outer loop
vertex 32.96746912052808 -119.47556946851688 -2.2000000000000064
vertex 32.885572076725396 -119.44576161899798 -1.2000000000000062
vertex 32.96747117245076 -119.47557000070756 -1.2000000000000062
endloop
endfacet
facet normal 0.49999456876434967 0.8660285394870957 0
outer loop
vertex 32.88557313955491 -119.44576149999993 -2.2000000000000064
vertex 32.81009351532933 -119.40218457091349 -2.2000000000000064
vertex 32.81009332222476 -119.40218457091316 -1.2000000000000062
endloop
endfacet
facet normal 0.49999456876434967 0.8660285394870957 0
outer loop
vertex 32.88557313955491 -119.44576149999993 -2.2000000000000064
vertex 32.81009332222476 -119.40218457091316 -1.2000000000000062
vertex 32.885572076725396 -119.44576161899798 -1.2000000000000062
endloop
endfacet
facet normal 0.6427817291230437 0.7660493774591753 0
outer loop
vertex 32.81009351532933 -119.40218457091349 -2.2000000000000064
vertex 32.743328255878055 -119.34616290174435 -2.2000000000000064
vertex 32.74332825587794 -119.3461629017445 -1.2000000000000062
endloop
endfacet
facet normal 0.6427817291230437 0.7660493774591753 0
outer loop
vertex 32.81009351532933 -119.40218457091349 -2.2000000000000064
vertex 32.74332825587794 -119.3461629017445 -1.2000000000000062
vertex 32.81009332222476 -119.40218457091316 -1.2000000000000062
endloop
endfacet
facet normal 0.7660386055650295 0.6427945665482754 0
outer loop
vertex 32.743328255878055 -119.34616290174435 -2.2000000000000064
vertex 32.687305467862615 -119.27939877422276 -2.2000000000000064
vertex 32.687305467862615 -119.2793987742227 -1.2000000000000062
endloop
endfacet
facet normal 0.7660386055650295 0.6427945665482754 0
outer loop
vertex 32.743328255878055 -119.34616290174435 -2.2000000000000064
vertex 32.687305467862615 -119.2793987742227 -1.2000000000000062
vertex 32.74332825587794 -119.3461629017445 -1.2000000000000062
endloop
endfacet
facet normal 0.8660201604171668 0.5000090816685481 0
outer loop
vertex 32.687305467862615 -119.27939877422276 -2.2000000000000064
vertex 32.64372715490538 -119.20392074999968 -2.2000000000000064
vertex 32.643727154905605 -119.20392074999995 -1.2000000000000062
endloop
endfacet
facet normal 0.8660201604171668 0.5000090816685481 0
outer loop
vertex 32.687305467862615 -119.27939877422276 -2.2000000000000064
vertex 32.643727154905605 -119.20392074999995 -1.2000000000000062
vertex 32.687305467862615 -119.2793987742227 -1.2000000000000062
endloop
endfacet
facet normal 0.9397124239786914 0.3419657295988774 0
outer loop
vertex 25.45921595490563 -103.79668440000026 -2.2000000000000073
vertex 25.42941173638866 -103.71478322686161 -2.2000000000000073
vertex 25.42941173638829 -103.71478322686171 -1.2000000000000075
endloop
endfacet
facet normal 0.9397124239786914 0.3419657295988774 0
outer loop
vertex 25.45921595490563 -103.79668440000026 -2.2000000000000073
vertex 25.42941173638829 -103.71478322686171 -1.2000000000000075
vertex 25.459215954905176 -103.79668440000015 -1.2000000000000075
endloop
endfacet
facet normal 0.9848076399370419 0.1736488189468437 0
outer loop
vertex 25.42941173638866 -103.71478322686161 -2.2000000000000073
vertex 25.41427736612596 -103.6289522747666 -2.2000000000000073
vertex 25.414277366126868 -103.62895227476662 -1.200000000000007
endloop
endfacet
facet normal 0.9848076399370419 0.1736488189468437 0
outer loop
vertex 25.42941173638866 -103.71478322686161 -2.2000000000000073
vertex 25.414277366126868 -103.62895227476662 -1.200000000000007
vertex 25.42941173638829 -103.71478322686171 -1.2000000000000075
endloop
endfacet
facet normal 0.9999999999978859 0.0000020562391398470936 0
outer loop
vertex 25.41427736612596 -103.6289522747666 -2.2000000000000073
vertex 25.414277186914347 -103.54179723187917 -2.2000000000000073
vertex 25.414277186913893 -103.54179723187929 -1.200000000000007
endloop
endfacet
facet normal 0.9999999999978859 0.0000020562391398470936 0
outer loop
vertex 25.41427736612596 -103.6289522747666 -2.2000000000000073
vertex 25.414277186913893 -103.54179723187929 -1.200000000000007
vertex 25.414277366126868 -103.62895227476662 -1.200000000000007
endloop
endfacet
facet normal 0.9848083540557621 -0.17364476894505293 0
outer loop
vertex 25.414277186914347 -103.54179723187917 -2.2000000000000073
vertex 25.429411204198942 -103.45596621754545 -2.2000000000000073
vertex 25.429411204198658 -103.4559662175454 -1.200000000000007
endloop
endfacet
facet normal 0.9848083540557621 -0.17364476894505293 0
outer loop
vertex 25.414277186914347 -103.54179723187917 -2.2000000000000073
vertex 25.429411204198658 -103.4559662175454 -1.200000000000007
vertex 25.414277186913893 -103.54179723187929 -1.200000000000007
endloop
endfacet
facet normal 0.9396942851722813 -0.34201557042707187 0
outer loop
vertex 25.429411204198942 -103.45596621754545 -2.2000000000000073
vertex 25.459219585907704 -103.37406712182015 -2.2000000000000073
vertex 25.459219585908443 -103.37406712182022 -1.200000000000007
endloop
endfacet
facet normal 0.9396942851722813 -0.34201557042707187 0
outer loop
vertex 25.429411204198942 -103.45596621754545 -2.2000000000000073
vertex 25.459219585908443 -103.37406712182022 -1.200000000000007
vertex 25.429411204198658 -103.4559662175454 -1.200000000000007
endloop
endfacet
facet normal 0.8660285394869524 -0.4999945687645977 0
outer loop
vertex 25.459219585907704 -103.37406712182015 -2.2000000000000073
vertex 25.50279663399212 -103.298588367319 -2.2000000000000073
vertex 25.502796633991238 -103.29858836731856 -1.200000000000007
endloop
endfacet
facet normal 0.8660285394869524 -0.4999945687645977 0
outer loop
vertex 25.459219585907704 -103.37406712182015 -2.2000000000000073
vertex 25.502796633991238 -103.29858836731856 -1.200000000000007
vertex 25.459219585908443 -103.37406712182022 -1.200000000000007
endloop
endfacet
facet normal 0.7660493774593894 -0.6427817291227886 0
outer loop
vertex 25.50279663399212 -103.298588367319 -2.2000000000000073
vertex 25.55881830316119 -103.2318233009725 -2.2000000000000073
vertex 25.55881830316096 -103.23182330097237 -1.200000000000007
endloop
endfacet
facet normal 0.7660493774593894 -0.6427817291227886 0
outer loop
vertex 25.50279663399212 -103.298588367319 -2.2000000000000073
vertex 25.55881830316096 -103.23182330097237 -1.200000000000007
vertex 25.502796633991238 -103.29858836731856 -1.200000000000007
endloop
endfacet
facet normal 0.6427945665481751 -0.7660386055651136 0
outer loop
vertex 25.55881830316119 -103.2318233009725 -2.2000000000000073
vertex 25.625582430682783 -103.17580051295705 -2.2000000000000073
vertex 25.625582430683636 -103.17580051295808 -1.200000000000007
endloop
endfacet
facet normal 0.6427945665481751 -0.7660386055651136 0
outer loop
vertex 25.55881830316119 -103.2318233009725 -2.2000000000000073
vertex 25.625582430683636 -103.17580051295808 -1.200000000000007
vertex 25.55881830316096 -103.23182330097237 -1.200000000000007
endloop
endfacet
facet normal 0.5000090816685958 -0.8660201604171393 0
outer loop
vertex 25.625582430682783 -103.17580051295705 -2.2000000000000073
vertex 25.70106045490556 -103.13222219999999 -2.2000000000000073
vertex 25.701060454905104 -103.13222219999936 -1.2000000000000075
endloop
endfacet
facet normal 0.5000090816685958 -0.8660201604171393 0
outer loop
vertex 25.625582430682783 -103.17580051295705 -2.2000000000000073
vertex 25.701060454905104 -103.13222219999936 -1.2000000000000075
vertex 25.625582430683636 -103.17580051295808 -1.200000000000007
endloop
endfacet
facet normal 0.4226182938298613 -0.9063077720732273 8.421861487830761e-13
outer loop
vertex 25.70106045490556 -103.13222219999999 -2.2000000000000073
vertex 39.96926915490563 -96.47884659999994 -2.2000000000000055
vertex 39.96926915490516 -96.47884659999923 -1.2000000000000053
endloop
endfacet
facet normal 0.4226182938298613 -0.9063077720732273 8.421861487830761e-13
outer loop
vertex 25.70106045490556 -103.13222219999999 -2.2000000000000073
vertex 39.96926915490516 -96.47884659999923 -1.2000000000000053
vertex 36.314819109594055 -98.1829448 -1.2000000000000057
endloop
endfacet
facet normal 0.4226182938298613 -0.9063077720732273 8.421861487830761e-13
outer loop
vertex 25.70106045490556 -103.13222219999999 -2.2000000000000073
vertex 36.314819109594055 -98.1829448 -1.2000000000000057
vertex 25.701060454905104 -103.13222219999936 -1.2000000000000075
endloop
endfacet
facet normal 0.49460092114077425 -0.869120203888218 0
outer loop
vertex 39.96926915490563 -96.47884659999994 -2.2000000000000055
vertex 40.10997264781811 -96.39877473319613 -2.2000000000000055
vertex 40.109972647818424 -96.39877473319666 -1.2000000000000053
endloop
endfacet
facet normal 0.49460092114077425 -0.869120203888218 0
outer loop
vertex 39.96926915490563 -96.47884659999994 -2.2000000000000055
vertex 40.109972647818424 -96.39877473319666 -1.2000000000000053
vertex 39.96926915490516 -96.47884659999923 -1.2000000000000053
endloop
endfacet
facet normal 0.6283510718891996 -0.7779299007337962 0
outer loop
vertex 40.10997264781811 -96.39877473319613 -2.2000000000000055
vertex 40.23590994180134 -96.29705241401217 -2.2000000000000055
vertex 40.235909941800955 -96.29705241401177 -1.2000000000000053
endloop
endfacet
facet normal 0.6283510718891996 -0.7779299007337962 0
outer loop
vertex 40.10997264781811 -96.39877473319613 -2.2000000000000055
vertex 40.235909941800955 -96.29705241401177 -1.2000000000000053
vertex 40.109972647818424 -96.39877473319666 -1.2000000000000053
endloop
endfacet
facet normal 0.7456413261886067 -0.6663475164504599 0
outer loop
vertex 40.23590994180134 -96.29705241401217 -2.2000000000000055
vertex 40.34378341856967 -96.17634224357951 -2.2000000000000055
vertex 40.343783418570354 -96.17634224358022 -1.2000000000000057
endloop
endfacet
facet normal 0.7456413261886067 -0.6663475164504599 0
outer loop
vertex 40.23590994180134 -96.29705241401217 -2.2000000000000055
vertex 40.343783418570354 -96.17634224358022 -1.2000000000000057
vertex 40.235909941800955 -96.29705241401177 -1.2000000000000053
endloop
endfacet
facet normal 0.8433900868313516 -0.5373017415145843 0
outer loop
vertex 40.34378341856967 -96.17634224357951 -2.2000000000000055
vertex 40.430765969716006 -96.0398077496519 -2.2000000000000055
vertex 40.430765969716106 -96.03980774965201 -1.2000000000000053
endloop
endfacet
facet normal 0.8433900868313516 -0.5373017415145843 0
outer loop
vertex 40.34378341856967 -96.17634224357951 -2.2000000000000055
vertex 40.430765969716106 -96.03980774965201 -1.2000000000000053
vertex 40.343783418570354 -96.17634224358022 -1.2000000000000057
endloop
endfacet
facet normal 0.9190355902469164 -0.3941745601373864 0
outer loop
vertex 40.430765969716006 -96.0398077496519 -2.2000000000000055
vertex 40.494577988528846 -95.89102717803392 -2.2000000000000055
vertex 40.494577988529116 -95.89102717803397 -1.2000000000000053
endloop
endfacet
facet normal 0.9190355902469164 -0.3941745601373864 0
outer loop
vertex 40.430765969716006 -96.0398077496519 -2.2000000000000055
vertex 40.494577988529116 -95.89102717803397 -1.2000000000000053
vertex 40.430765969716106 -96.03980774965201 -1.2000000000000053
endloop
endfacet
facet normal 0.9705953469015132 -0.24071699685134718 0
outer loop
vertex 40.494577988528846 -95.89102717803392 -2.2000000000000055
vertex 40.533547113087025 -95.73389971523018 -2.2000000000000055
vertex 40.53354711308687 -95.73389971523008 -1.2000000000000057
endloop
endfacet
facet normal 0.9705953469015132 -0.24071699685134718 0
outer loop
vertex 40.494577988528846 -95.89102717803392 -2.2000000000000055
vertex 40.53354711308687 -95.73389971523008 -1.2000000000000057
vertex 40.494577988529116 -95.89102717803397 -1.2000000000000053
endloop
endfacet
facet normal 0.9967180976545736 -0.08095081103885066 -3.5870728099750795e-13
outer loop
vertex 40.533547113087025 -95.73389971523018 -2.2000000000000055
vertex 40.54665205490552 -95.57254329999998 -2.2000000000000055
vertex 40.54665205490588 -95.57254330000004 -1.2000000000000057
endloop
endfacet
facet normal 0.9967180976545736 -0.08095081103885066 -3.5870728099750795e-13
outer loop
vertex 40.533547113087025 -95.73389971523018 -2.2000000000000055
vertex 40.54665205490588 -95.57254330000004 -1.2000000000000057
vertex 40.53669324738283 -95.6951625 -1.2000000000000053
endloop
endfacet
facet normal 0.9967180976545736 -0.08095081103885066 -3.5870728099750795e-13
outer loop
vertex 40.533547113087025 -95.73389971523018 -2.2000000000000055
vertex 40.53669324738283 -95.6951625 -1.2000000000000053
vertex 40.53354711308687 -95.73389971523008 -1.2000000000000057
endloop
endfacet
facet normal 0 0 1
outer loop
vertex 40.54665205490552 -95.57254329999998 -2.2000000000000055
vertex 40.546652052263184 -95.4451247 -2.2000000000000055
vertex 40.546650854905536 -37.70627939999991 -2.2000000000000055
endloop
endfacet
facet normal 0 0 1
outer loop
vertex 40.54665205490552 -95.57254329999998 -2.2000000000000055
vertex 40.546650854905536 -37.70627939999991 -2.2000000000000055
vertex 40.54665085490562 -37.7062794 -1.2000000000000053
endloop
endfacet
facet normal 0 0 1
outer loop
vertex 40.54665205490552 -95.57254329999998 -2.2000000000000055
vertex 40.54665085490562 -37.7062794 -1.2000000000000053
vertex 40.54665088601173 -39.2062794 -1.2000000000000053
endloop
endfacet
facet normal 0 0 1
outer loop
vertex 40.54665205490552 -95.57254329999998 -2.2000000000000055
vertex 40.54665088601173 -39.2062794 -1.2000000000000053
vertex 40.546651176336326 -53.2062794 -1.2000000000000053
endloop
endfacet
facet normal 0 0 1
outer loop
vertex 40.54665205490552 -95.57254329999998 -2.2000000000000055
vertex 40.546651176336326 -53.2062794 -1.2000000000000053
vertex 40.54665117979948 -53.3732795 -1.2000000000000053
endloop
endfacet
facet normal 0 0 1
outer loop
vertex 40.54665205490552 -95.57254329999998 -2.2000000000000055
vertex 40.54665117979948 -53.3732795 -1.2000000000000053
vertex 40.54665123854873 -56.2062794 -1.2000000000000053
endloop
endfacet
facet normal 0 0 1
outer loop
vertex 40.54665205490552 -95.57254329999998 -2.2000000000000055
vertex 40.54665123854873 -56.2062794 -1.2000000000000053
vertex 40.54665152887334 -70.2062794 -1.2000000000000053
endloop
endfacet
facet normal 0 0 1
outer loop
vertex 40.54665205490552 -95.57254329999998 -2.2000000000000055
vertex 40.54665152887334 -70.2062794 -1.2000000000000053
vertex 40.5466515323365 -70.3732795 -1.2000000000000053
endloop
endfacet
facet normal 0 0 1
outer loop
vertex 40.54665205490552 -95.57254329999998 -2.2000000000000055
vertex 40.5466515323365 -70.3732795 -1.2000000000000053
vertex 40.54665159108575 -73.2062794 -1.2000000000000053
endloop
endfacet
facet normal 0 0 1
outer loop
vertex 40.54665205490552 -95.57254329999998 -2.2000000000000055
vertex 40.54665159108575 -73.2062794 -1.2000000000000053
vertex 40.54665188141034 -87.2062794 -1.2000000000000053
endloop
endfacet
facet normal 0 0 1
outer loop
vertex 40.54665205490552 -95.57254329999998 -2.2000000000000055
vertex 40.54665188141034 -87.2062794 -1.2000000000000053
vertex 40.54665192085284 -89.10826947640112 -1.2000000000000053
endloop
endfacet
facet normal 0 0 1
outer loop
vertex 40.54665205490552 -95.57254329999998 -2.2000000000000055
vertex 40.54665192085284 -89.10826947640112 -1.2000000000000053
vertex 40.546651980945384 -92.00604689999996 -1.2000000000000053
endloop
endfacet
facet normal 0 0 1
outer loop
vertex 40.54665205490552 -95.57254329999998 -2.2000000000000055
vertex 40.546651980945384 -92.00604689999996 -1.2000000000000053
vertex 40.54665200703401 -93.264088 -1.2000000000000053
endloop
endfacet
facet normal 0 0 1
outer loop
vertex 40.54665205490552 -95.57254329999998 -2.2000000000000055
vertex 40.54665200703401 -93.264088 -1.2000000000000053
vertex 40.54665205490588 -95.57254330000004 -1.2000000000000057
endloop
endfacet
facet normal 0.996192629462523 -0.08717938405692395 0
outer loop
vertex 40.546650854905536 -37.70627939999991 -2.2000000000000055
vertex 40.55424902839941 -37.619455611166636 -2.2000000000000055
vertex 40.554249028399 -37.6194556111665 -1.2000000000000057
endloop
endfacet
facet normal 0.996192629462523 -0.08717938405692395 0
outer loop
vertex 40.546650854905536 -37.70627939999991 -2.2000000000000055
vertex 40.554249028399 -37.6194556111665 -1.2000000000000057
vertex 40.54665085490562 -37.7062794 -1.2000000000000053
endloop
endfacet
facet normal 0.9659258262890704 -0.2588190451025125 0
outer loop
vertex 40.55424902839941 -37.619455611166636 -2.2000000000000055
vertex 40.57680659451259 -37.53526962833711 -2.2000000000000055
vertex 40.57680659451232 -37.535269628337105 -1.2000000000000053
endloop
endfacet
facet normal 0.9659258262890704 -0.2588190451025125 0
outer loop
vertex 40.55424902839941 -37.619455611166636 -2.2000000000000055
vertex 40.57680659451232 -37.535269628337105 -1.2000000000000053
vertex 40.554249028399 -37.6194556111665 -1.2000000000000057
endloop
endfacet
facet normal 0.9063077870366784 -0.4226182617406384 0
outer loop
vertex 40.57680659451259 -37.53526962833711 -2.2000000000000055
vertex 40.61364019536201 -37.45627969999997 -2.2000000000000055
vertex 40.613640203013375 -37.45627970000004 -1.2000000000000057
endloop
endfacet
facet normal 0.9063077870366784 -0.4226182617406384 0
outer loop
vertex 40.57680659451259 -37.53526962833711 -2.2000000000000055
vertex 40.613640203013375 -37.45627970000004 -1.2000000000000057
vertex 40.57680659451232 -37.535269628337105 -1.2000000000000053
endloop
endfacet
facet normal 0.8191520442889458 -0.5735764363511116 0
outer loop
vertex 40.61364019536201 -37.45627969999997 -2.2000000000000055
vertex 40.66363067261118 -37.38488589515678 -2.2000000000000055
vertex 40.66363068334542 -37.38488589515631 -1.200000000000005
endloop
endfacet
facet normal 0.8191520442889458 -0.5735764363511116 0
outer loop
vertex 40.61364019536201 -37.45627969999997 -2.2000000000000055
vertex 40.66363068334542 -37.38488589515631 -1.200000000000005
vertex 40.613640203013375 -37.45627970000004 -1.2000000000000057
endloop
endfacet
facet normal 0.7071067811865511 -0.707106781186544 0
outer loop
vertex 40.66363067261118 -37.38488589515678 -2.2000000000000055
vertex 40.72525908648301 -37.32325747844054 -2.2000000000000055
vertex 40.72525910006266 -37.323257478440915 -1.2000000000000055
endloop
endfacet
facet normal 0.7071067811865511 -0.707106781186544 0
outer loop
vertex 40.66363067261118 -37.38488589515678 -2.2000000000000055
vertex 40.72525910006266 -37.323257478440915 -1.2000000000000055
vertex 40.66363068334542 -37.38488589515631 -1.200000000000005
endloop
endfacet
facet normal 0.5735764363510599 -0.8191520442889821 0
outer loop
vertex 40.72525908648301 -37.32325747844054 -2.2000000000000055
vertex 40.79665288900104 -37.27326699810779 -2.2000000000000055
vertex 40.796652904905685 -37.27326699810801 -1.200000000000005
endloop
endfacet
facet normal 0.5735764363510599 -0.8191520442889821 0
outer loop
vertex 40.72525908648301 -37.32325747844054 -2.2000000000000055
vertex 40.796652904905685 -37.27326699810801 -1.200000000000005
vertex 40.72525910006266 -37.323257478440915 -1.2000000000000055
endloop
endfacet
facet normal 0.4226182617407234 -0.9063077870366388 0
outer loop
vertex 40.79665288900104 -37.27326699810779 -2.2000000000000055
vertex 40.875642815993174 -37.23643338960704 -2.2000000000000055
vertex 40.87564283324356 -37.23643338960898 -1.2000000000000055
endloop
endfacet
facet normal 0.4226182617407234 -0.9063077870366388 0
outer loop
vertex 40.79665288900104 -37.27326699810779 -2.2000000000000055
vertex 40.87564283324356 -37.23643338960898 -1.2000000000000055
vertex 40.796652904905685 -37.27326699810801 -1.200000000000005
endloop
endfacet
facet normal 0.2588190451025271 -0.9659258262890666 0
outer loop
vertex 40.875642815993174 -37.23643338960704 -2.2000000000000055
vertex 40.95982879959719 -37.21387582349389 -2.2000000000000055
vertex 40.95982881607202 -37.213875823493844 -1.2000000000000055
endloop
endfacet
facet normal 0.2588190451025271 -0.9659258262890666 0
outer loop
vertex 40.875642815993174 -37.23643338960704 -2.2000000000000055
vertex 40.95982881607202 -37.213875823493844 -1.2000000000000055
vertex 40.87564283324356 -37.23643338960898 -1.2000000000000055
endloop
endfacet
facet normal 0.0871557427476759 -0.996194698091744 0
outer loop
vertex 40.95982879959719 -37.21387582349389 -2.2000000000000055
vertex 41.04665290490556 -37.206278299383776 -2.2000000000000055
vertex 41.0466529049056 -37.206279700000586 -1.200000000000005
endloop
endfacet
facet normal 0.0871557427476759 -0.996194698091744 0
outer loop
vertex 40.95982879959719 -37.21387582349389 -2.2000000000000055
vertex 41.0466529049056 -37.206279700000586 -1.200000000000005
vertex 40.95982881607202 -37.213875823493844 -1.2000000000000055
endloop
endfacet
facet normal 1.818182226998033e-8 -1 0
outer loop
vertex 41.04665290490556 -37.206278299383776 -2.2000000000000055
vertex 57.546650854905536 -37.206278299383776 -2.2000000000000033
vertex 57.54665085490551 -37.20627940000025 -1.2000000000000035
endloop
endfacet
facet normal 1.818182226998033e-8 -1 0
outer loop
vertex 41.04665290490556 -37.206278299383776 -2.2000000000000055
vertex 57.54665085490551 -37.20627940000025 -1.2000000000000035
vertex 41.0466529049056 -37.206279700000586 -1.200000000000005
endloop
endfacet
facet normal 0.08715301369574034 -0.9961949368490839 0
outer loop
vertex 57.546650854905536 -37.206278299383776 -2.2000000000000033
vertex 57.72030108257246 -37.1910874530122 -2.2000000000000033
vertex 57.72030108257243 -37.19108745301209 -1.2000000000000035
endloop
endfacet
facet normal 0.08715301369574034 -0.9961949368490839 0
outer loop
vertex 57.546650854905536 -37.206278299383776 -2.2000000000000033
vertex 57.72030108257243 -37.19108745301209 -1.2000000000000035
vertex 57.54665085490551 -37.20627940000025 -1.2000000000000035
endloop
endfacet
facet normal 0.2588190451025271 -0.9659258262890666 0
outer loop
vertex 57.72030108257246 -37.1910874530122 -2.2000000000000033
vertex 57.888673048231226 -37.145972320785894 -2.2000000000000033
vertex 57.88867304823118 -37.14597232078587 -1.200000000000003
endloop
endfacet
facet normal 0.2588190451025271 -0.9659258262890666 0
outer loop
vertex 57.72030108257246 -37.1910874530122 -2.2000000000000033
vertex 57.88867304823118 -37.14597232078587 -1.200000000000003
vertex 57.72030108257243 -37.19108745301209 -1.2000000000000035
endloop
endfacet
facet normal 0.4226182617406731 -0.9063077870366624 0
outer loop
vertex 57.888673048231226 -37.145972320785894 -2.2000000000000033
vertex 58.0466529049055 -37.07230510378446 -2.2000000000000033
vertex 58.0466529049059 -37.072305103785276 -1.2000000000000035
endloop
endfacet
facet normal 0.4226182617406731 -0.9063077870366624 0
outer loop
vertex 57.888673048231226 -37.145972320785894 -2.2000000000000033
vertex 58.0466529049059 -37.072305103785276 -1.2000000000000035
vertex 57.88867304823118 -37.14597232078587 -1.200000000000003
endloop
endfacet
facet normal 0.5735764363510761 -0.8191520442889708 0
outer loop
vertex 58.0466529049055 -37.07230510378446 -2.2000000000000033
vertex 58.18944051459209 -36.97232414311896 -2.2000000000000033
vertex 58.18944051459255 -36.972324143119664 -1.200000000000003
endloop
endfacet
facet normal 0.5735764363510761 -0.8191520442889708 0
outer loop
vertex 58.0466529049055 -37.07230510378446 -2.2000000000000033
vertex 58.18944051459255 -36.972324143119664 -1.200000000000003
vertex 58.0466529049059 -37.072305103785276 -1.2000000000000035
endloop
endfacet
facet normal 0.7071067811865546 -0.7071067811865404 0
outer loop
vertex 58.18944051459209 -36.97232414311896 -2.2000000000000033
vertex 58.3126973480245 -36.84906730968654 -2.2000000000000033
vertex 58.31269734802396 -36.849067309686 -1.200000000000003
endloop
endfacet
facet normal 0.7071067811865546 -0.7071067811865404 0
outer loop
vertex 58.18944051459209 -36.97232414311896 -2.2000000000000033
vertex 58.31269734802396 -36.849067309686 -1.200000000000003
vertex 58.18944051459255 -36.972324143119664 -1.200000000000003
endloop
endfacet
facet normal 0 0 1
outer loop
vertex 58.3126973480245 -36.84906730968654 -2.2000000000000033
vertex 58.40805233078295 -36.71288628112713 -2.2000000000000033
vertex 58.412678308690005 -36.70627969999994 -2.2000000000000033
endloop
endfacet
facet normal 0 0 1
outer loop
vertex 58.3126973480245 -36.84906730968654 -2.2000000000000033
vertex 58.412678308690005 -36.70627969999994 -2.2000000000000033
vertex 58.41267830869006 -36.706279700000074 -1.200000000000003
endloop
endfacet
facet normal 0 0 1
outer loop
vertex 58.3126973480245 -36.84906730968654 -2.2000000000000033
vertex 58.41267830869006 -36.706279700000074 -1.200000000000003
vertex 58.31269734802396 -36.849067309686 -1.200000000000003
endloop
endfacet
facet normal 0.9063077870366456 -0.42261826174070904 0
outer loop
vertex 58.412678308690005 -36.70627969999994 -2.2000000000000033
vertex 58.48634552569143 -36.54829984332569 -2.2000000000000033
vertex 58.48634552569072 -36.54829984332537 -1.2000000000000035
endloop
endfacet
facet normal 0.9063077870366456 -0.42261826174070904 0
outer loop
vertex 58.412678308690005 -36.70627969999994 -2.2000000000000033
vertex 58.48634552569072 -36.54829984332537 -1.2000000000000035
vertex 58.41267830869006 -36.706279700000074 -1.200000000000003
endloop
endfacet
facet normal 0.9659258262890629 -0.2588190451025413 0
outer loop
vertex 58.48634552569143 -36.54829984332569 -2.2000000000000033
vertex 58.531460657917734 -36.37992787766694 -2.2000000000000033
vertex 58.531460657918046 -36.37992787766702 -1.2000000000000035
endloop
endfacet
facet normal 0.9659258262890629 -0.2588190451025413 0
outer loop
vertex 58.48634552569143 -36.54829984332569 -2.2000000000000033
vertex 58.531460657918046 -36.37992787766702 -1.2000000000000035
vertex 58.48634552569072 -36.54829984332537 -1.2000000000000035
endloop
endfacet
facet normal 0.996194698091745 -0.08715574274766473 -7.255403432356928e-14
outer loop
vertex 58.531460657917734 -36.37992787766694 -2.2000000000000033
vertex 58.546652904905514 -36.20627970000015 -2.2000000000000033
vertex 58.5466529049056 -36.20627970000001 -1.200000000000003
endloop
endfacet
facet normal 0.996194698091745 -0.08715574274766473 -7.255403432356928e-14
outer loop
vertex 58.531460657917734 -36.37992787766694 -2.2000000000000033
vertex 58.5466529049056 -36.20627970000001 -1.200000000000003
vertex 58.53204231559444 -36.3732795 -1.200000000000003
endloop
endfacet
facet normal 0.996194698091745 -0.08715574274766473 -7.255403432356928e-14
outer loop
vertex 58.531460657917734 -36.37992787766694 -2.2000000000000033
vertex 58.53204231559444 -36.3732795 -1.200000000000003
vertex 58.531460657918046 -36.37992787766702 -1.2000000000000035
endloop
endfacet
facet normal 0 0 1
outer loop
vertex 58.546652904905514 -36.20627970000015 -2.2000000000000033
vertex 58.546652597328176 -36.006279377914076 -2.2000000000000033
vertex 58.54665085490552 -34.87327949999999 -2.2000000000000033
endloop
endfacet
facet normal 0 0 1
outer loop
vertex 58.546652904905514 -36.20627970000015 -2.2000000000000033
vertex 58.54665085490552 -34.87327949999999 -2.2000000000000033
vertex 58.546650854905295 -34.87327950000001 -1.2000000000000035
endloop
endfacet
facet normal 0 0 1
outer loop
vertex 58.546652904905514 -36.20627970000015 -2.2000000000000033
vertex 58.546650854905295 -34.87327950000001 -1.2000000000000035
vertex 58.5466529049056 -36.20627970000001 -1.200000000000003
endloop
endfacet
facet normal 0.996192633822677 -0.08717933423373837 0
outer loop
vertex 58.54665085490552 -34.87327949999999 -2.2000000000000033
vertex 58.554249028399425 -34.78645566116647 -2.2000000000000033
vertex 58.554249028399425 -34.786455661166535 -1.200000000000003
endloop
endfacet
facet normal 0.996192633822677 -0.08717933423373837 0
outer loop
vertex 58.54665085490552 -34.87327949999999 -2.2000000000000033
vertex 58.554249028399425 -34.786455661166535 -1.200000000000003
vertex 58.546650854905295 -34.87327950000001 -1.2000000000000035
endloop
endfacet
facet normal 0.9659258262890666 -0.2588190451025271 0
outer loop
vertex 58.554249028399425 -34.78645566116647 -2.2000000000000033
vertex 58.576806594512604 -34.70226967833708 -2.2000000000000033
vertex 58.576806594512576 -34.702269678337174 -1.2000000000000035
endloop
endfacet
facet normal 0.9659258262890666 -0.2588190451025271 0
outer loop
vertex 58.554249028399425 -34.78645566116647 -2.2000000000000033
vertex 58.576806594512576 -34.702269678337174 -1.2000000000000035
vertex 58.554249028399425 -34.786455661166535 -1.200000000000003
endloop
endfacet
facet normal 0.8191520442889414 -0.5735764363511181 0
outer loop
vertex 58.61364020301386 -34.623279750000016 -2.2000000000000033
vertex 58.66363068365395 -34.55188594515674 -2.2000000000000033
vertex 58.663630683345104 -34.55188594515607 -1.200000000000003
endloop
endfacet
facet normal 0.8191520442889414 -0.5735764363511181 0
outer loop
vertex 58.61364020301386 -34.623279750000016 -2.2000000000000033
vertex 58.663630683345104 -34.55188594515607 -1.200000000000003
vertex 58.61364020301235 -34.62327974999934 -1.200000000000003
endloop
endfacet
facet normal 0.7071067811865547 -0.7071067811865405 0
outer loop
vertex 58.66363068365395 -34.55188594515674 -2.2000000000000033
vertex 58.72525910074488 -34.49025752844051 -2.2000000000000033
vertex 58.72525910006257 -34.49025752844083 -1.200000000000003
endloop
endfacet
facet normal 0.7071067811865547 -0.7071067811865405 0
outer loop
vertex 58.66363068365395 -34.55188594515674 -2.2000000000000033
vertex 58.72525910006257 -34.49025752844083 -1.200000000000003
vertex 58.663630683345104 -34.55188594515607 -1.200000000000003
endloop
endfacet
facet normal 0.5735764363510633 -0.8191520442889798 0
outer loop
vertex 58.72525910074488 -34.49025752844051 -2.2000000000000033
vertex 58.79665290620214 -34.44026704810778 -2.2000000000000033
vertex 58.79665290490554 -34.440267048107835 -1.2000000000000033
endloop
endfacet
facet normal 0.5735764363510633 -0.8191520442889798 0
outer loop
vertex 58.72525910074488 -34.49025752844051 -2.2000000000000033
vertex 58.79665290490554 -34.440267048107835 -1.2000000000000033
vertex 58.72525910006257 -34.49025752844083 -1.200000000000003
endloop
endfacet
facet normal 0.4226182617406946 -0.9063077870366524 0
outer loop
vertex 58.79665290620214 -34.44026704810778 -2.2000000000000033
vertex 58.875642835601695 -34.403433439607056 -2.2000000000000033
vertex 58.87564283324252 -34.403433439606694 -1.2000000000000028
endloop
endfacet
facet normal 0.4226182617406946 -0.9063077870366524 0
outer loop
vertex 58.79665290620214 -34.44026704810778 -2.2000000000000033
vertex 58.87564283324252 -34.403433439606694 -1.2000000000000028
vertex 58.79665290490554 -34.440267048107835 -1.2000000000000033
endloop
endfacet
facet normal 0.2588190451025271 -0.9659258262890666 0
outer loop
vertex 58.875642835601695 -34.403433439607056 -2.2000000000000033
vertex 58.959828820711365 -34.380875873493906 -2.2000000000000033
vertex 58.95982881607206 -34.38087587349388 -1.2000000000000028
endloop
endfacet
facet normal 0.2588190451025271 -0.9659258262890666 0
outer loop
vertex 58.875642835601695 -34.403433439607056 -2.2000000000000033
vertex 58.95982881607206 -34.38087587349388 -1.2000000000000028
vertex 58.87564283324252 -34.403433439606694 -1.2000000000000028
endloop
endfacet
facet normal 0.08715574274766881 -0.9961946980917447 0
outer loop
vertex 58.959828820711365 -34.380875873493906 -2.2000000000000033
vertex 59.0466594490168 -34.37327917878784 -2.2000000000000033
vertex 59.04665290490556 -34.373279750000535 -1.2000000000000028
endloop
endfacet
facet normal 0.08715574274766881 -0.9961946980917447 0
outer loop
vertex 58.959828820711365 -34.380875873493906 -2.2000000000000033
vertex 59.04665290490556 -34.373279750000535 -1.2000000000000028
vertex 58.95982881607206 -34.38087587349388 -1.2000000000000028
endloop
endfacet
facet normal 1.515151382136537e-8 -1 0
outer loop
vertex 59.0466594490168 -34.37327917878784 -2.2000000000000033
vertex 75.54665085490561 -34.37327917878784 -2.200000000000001
vertex 75.54665085490552 -34.373279499999704 -1.2000000000000013
endloop
endfacet
facet normal 1.515151382136537e-8 -1 0
outer loop
vertex 59.0466594490168 -34.37327917878784 -2.2000000000000033
vertex 75.54665085490552 -34.373279499999704 -1.2000000000000013
vertex 59.04665290490556 -34.373279750000535 -1.2000000000000028
endloop
endfacet
facet normal 0.08715329835649754 -0.9961949119452393 0
outer loop
vertex 75.54665085490561 -34.37327917878784 -2.200000000000001
vertex 75.72030108257248 -34.35808750301221 -2.200000000000001
vertex 75.72030108257248 -34.358087503012385 -1.2000000000000008
endloop
endfacet
facet normal 0.08715329835649754 -0.9961949119452393 0
outer loop
vertex 75.54665085490561 -34.37327917878784 -2.200000000000001
vertex 75.72030108257248 -34.358087503012385 -1.2000000000000008
vertex 75.54665085490552 -34.373279499999704 -1.2000000000000013
endloop
endfacet
facet normal 0.2588190451025271 -0.9659258262890666 0
outer loop
vertex 75.72030108257248 -34.35808750301221 -2.200000000000001
vertex 75.8886730482312 -34.31297237078591 -2.200000000000001
vertex 75.88867304823118 -34.312972370785886 -1.2000000000000008
endloop
endfacet
facet normal 0.2588190451025271 -0.9659258262890666 0
outer loop
vertex 75.72030108257248 -34.35808750301221 -2.200000000000001
vertex 75.88867304823118 -34.312972370785886 -1.2000000000000008
vertex 75.72030108257248 -34.358087503012385 -1.2000000000000008
endloop
endfacet
facet normal 0.4226182617406803 -0.906307787036659 0
outer loop
vertex 75.8886730482312 -34.31297237078591 -2.200000000000001
vertex 76.04665290490554 -34.239305153784436 -2.200000000000001
vertex 76.04665290490593 -34.23930515378528 -1.2000000000000008
endloop
endfacet
facet normal 0.4226182617406803 -0.906307787036659 0
outer loop
vertex 75.8886730482312 -34.31297237078591 -2.200000000000001
vertex 76.04665290490593 -34.23930515378528 -1.2000000000000008
vertex 75.88867304823118 -34.312972370785886 -1.2000000000000008
endloop
endfacet
facet normal 0.573576436351068 -0.8191520442889765 0
outer loop
vertex 76.04665290490554 -34.239305153784436 -2.200000000000001
vertex 76.18944051459206 -34.13932419311898 -2.200000000000001
vertex 76.189440514592 -34.13932419311888 -1.2000000000000008
endloop
endfacet
facet normal 0.573576436351068 -0.8191520442889765 0
outer loop
vertex 76.04665290490554 -34.239305153784436 -2.200000000000001
vertex 76.189440514592 -34.13932419311888 -1.2000000000000008
vertex 76.04665290490593 -34.23930515378528 -1.2000000000000008
endloop
endfacet
facet normal 0.7071067811865547 -0.7071067811865405 0
outer loop
vertex 76.18944051459206 -34.13932419311898 -2.200000000000001
vertex 76.31269734802453 -34.01606735968652 -2.200000000000001
vertex 76.31269734802444 -34.01606735968649 -1.2000000000000008
endloop
endfacet
facet normal 0.7071067811865547 -0.7071067811865405 0
outer loop
vertex 76.18944051459206 -34.13932419311898 -2.200000000000001
vertex 76.31269734802444 -34.01606735968649 -1.2000000000000008
vertex 76.189440514592 -34.13932419311888 -1.2000000000000008
endloop
endfacet
facet normal 0.8191520442889798 -0.5735764363510633 0
outer loop
vertex 76.31269734802453 -34.01606735968652 -2.200000000000001
vertex 76.41267830868993 -33.87327975000005 -2.200000000000001
vertex 76.41267830868992 -33.87327974999998 -1.2000000000000008
endloop
endfacet
facet normal 0.8191520442889798 -0.5735764363510633 0
outer loop
vertex 76.31269734802453 -34.01606735968652 -2.200000000000001
vertex 76.41267830868992 -33.87327974999998 -1.2000000000000008
vertex 76.31269734802444 -34.01606735968649 -1.2000000000000008
endloop
endfacet
facet normal 0.9063077870366456 -0.42261826174070904 0
outer loop
vertex 76.41267830868993 -33.87327975000005 -2.200000000000001
vertex 76.48634552569148 -33.71529989332557 -2.200000000000001
vertex 76.48634552569106 -33.715299893325515 -1.2000000000000013
endloop
endfacet
facet normal 0.9063077870366456 -0.42261826174070904 0
outer loop
vertex 76.41267830868993 -33.87327975000005 -2.200000000000001
vertex 76.48634552569106 -33.715299893325515 -1.2000000000000013
vertex 76.41267830868992 -33.87327974999998 -1.2000000000000008
endloop
endfacet
facet normal 0.9659258262890666 -0.2588190451025271 0
outer loop
vertex 76.48634552569148 -33.71529989332557 -2.200000000000001
vertex 76.53146065791772 -33.546927927667056 -2.200000000000001
vertex 76.53146065791772 -33.54692792766694 -1.2000000000000013
endloop
endfacet
facet normal 0.9659258262890666 -0.2588190451025271 0
outer loop
vertex 76.48634552569148 -33.71529989332557 -2.200000000000001
vertex 76.53146065791772 -33.54692792766694 -1.2000000000000013
vertex 76.48634552569106 -33.715299893325515 -1.2000000000000013
endloop
endfacet
facet normal 0.9961946980917447 -0.08715574274766881 0
outer loop
vertex 76.53146065791772 -33.546927927667056 -2.200000000000001
vertex 76.54665290490553 -33.37327975000001 -2.200000000000001
vertex 76.54665290490549 -33.37327975000001 -1.2000000000000013
endloop
endfacet
facet normal 0.9961946980917447 -0.08715574274766881 0
outer loop
vertex 76.53146065791772 -33.546927927667056 -2.200000000000001
vertex 76.54665290490549 -33.37327975000001 -1.2000000000000013
vertex 76.53146065791772 -33.54692792766694 -1.2000000000000013
endloop
endfacet
facet normal 0 0 -1
outer loop
vertex 76.54665290490553 -33.37327975000001 -2.200000000000001
vertex 76.54665280651326 -33.173279750000006 -2.200000000000001
vertex 76.54665085490555 -29.206279399999865 -2.200000000000001
endloop
endfacet
facet normal 0 0 -1
outer loop
vertex 76.54665290490553 -33.37327975000001 -2.200000000000001
vertex 76.54665085490555 -29.206279399999865 -2.200000000000001
vertex 76.54665085490568 -29.2062794 -1.2000000000000008
endloop
endfacet
facet normal 0 0 -1
outer loop
vertex 76.54665290490553 -33.37327975000001 -2.200000000000001
vertex 76.54665085490568 -29.2062794 -1.2000000000000008
vertex 76.54665159284643 -30.7062794 -1.2000000000000008
endloop
endfacet
facet normal 0 0 -1
outer loop
vertex 76.54665290490553 -33.37327975000001 -2.200000000000001
vertex 76.54665159284643 -30.7062794 -1.2000000000000008
vertex 76.54665290490549 -33.37327975000001 -1.2000000000000013
endloop
endfacet
facet normal 0.996192629462523 -0.08717938405692395 0
outer loop
vertex 76.54665085490555 -29.206279399999865 -2.200000000000001
vertex 76.55424902839943 -29.11945561116653 -2.200000000000001
vertex 76.55424902839934 -29.11945561116653 -1.2000000000000013
endloop
endfacet
facet normal 0.996192629462523 -0.08717938405692395 0
outer loop
vertex 76.54665085490555 -29.206279399999865 -2.200000000000001
vertex 76.55424902839934 -29.11945561116653 -1.2000000000000013
vertex 76.54665085490568 -29.2062794 -1.2000000000000008
endloop
endfacet
facet normal 0.9659258262890666 -0.2588190451025271 0
outer loop
vertex 76.55424902839943 -29.11945561116653 -2.200000000000001
vertex 76.5768065945126 -29.035269628337105 -2.200000000000001
vertex 76.57680659451256 -29.03526962833716 -1.2000000000000013
endloop
endfacet
facet normal 0.9659258262890666 -0.2588190451025271 0
outer loop
vertex 76.55424902839943 -29.11945561116653 -2.200000000000001
vertex 76.57680659451256 -29.03526962833716 -1.2000000000000013
vertex 76.55424902839934 -29.11945561116653 -1.2000000000000013
endloop
endfacet
facet normal 0.9063077870366778 -0.42261826174063977 0
outer loop
vertex 76.5768065945126 -29.035269628337105 -2.200000000000001
vertex 76.61364020301333 -28.95627969999996 -2.200000000000001
vertex 76.61364020301349 -28.956279700000103 -1.2000000000000013
endloop
endfacet
facet normal 0.9063077870366778 -0.42261826174063977 0
outer loop
vertex 76.5768065945126 -29.035269628337105 -2.200000000000001
vertex 76.61364020301349 -28.956279700000103 -1.2000000000000013
vertex 76.57680659451256 -29.03526962833716 -1.2000000000000013
endloop
endfacet
facet normal 0.7071067811865689 -0.7071067811865263 0
outer loop
vertex 76.66363068343966 -28.88488589515668 -2.200000000000001
vertex 76.72525910080398 -28.82325747844054 -2.200000000000001
vertex 76.72525910006232 -28.82325747844059 -1.2000000000000008
endloop
endfacet
facet normal 0.7071067811865689 -0.7071067811865263 0
outer loop
vertex 76.66363068343966 -28.88488589515668 -2.200000000000001
vertex 76.72525910006232 -28.82325747844059 -1.2000000000000008
vertex 76.6636306833461 -28.884885895156806 -1.2000000000000008
endloop
endfacet
facet normal 0.5735764363510761 -0.8191520442889708 0
outer loop
vertex 76.72525910080398 -28.82325747844054 -2.200000000000001
vertex 76.79665290631446 -28.7732669981078 -2.200000000000001
vertex 76.79665290490544 -28.77326699810766 -1.2000000000000008
endloop
endfacet
facet normal 0.5735764363510761 -0.8191520442889708 0
outer loop
vertex 76.72525910080398 -28.82325747844054 -2.200000000000001
vertex 76.79665290490544 -28.77326699810766 -1.2000000000000008
vertex 76.72525910006232 -28.82325747844059 -1.2000000000000008
endloop
endfacet
facet normal 0.4226182617406803 -0.906307787036659 0
outer loop
vertex 76.79665290631446 -28.7732669981078 -2.200000000000001
vertex 76.87564283580618 -28.736433389607043 -2.200000000000001
vertex 76.87564283324272 -28.73643338960712 -1.2000000000000013
endloop
endfacet
facet normal 0.4226182617406803 -0.906307787036659 0
outer loop
vertex 76.79665290631446 -28.7732669981078 -2.200000000000001
vertex 76.87564283324272 -28.73643338960712 -1.2000000000000013
vertex 76.79665290490544 -28.77326699810766 -1.2000000000000008
endloop
endfacet
facet normal 0.2588190451025271 -0.9659258262890666 0
outer loop
vertex 76.87564283580618 -28.736433389607043 -2.200000000000001
vertex 76.9598288211134 -28.713875823493908 -2.200000000000001
vertex 76.95982881607205 -28.713875823493844 -1.2000000000000006
endloop
endfacet
facet normal 0.2588190451025271 -0.9659258262890666 0
outer loop
vertex 76.87564283580618 -28.736433389607043 -2.200000000000001
vertex 76.95982881607205 -28.713875823493844 -1.2000000000000006
vertex 76.87564283324272 -28.73643338960712 -1.2000000000000013
endloop
endfacet
facet normal 0.08715574274766881 -0.9961946980917447 0
outer loop
vertex 76.9598288211134 -28.713875823493908 -2.200000000000001
vertex 77.04665664239936 -28.706279373011668 -2.200000000000001
vertex 77.0466529049055 -28.706279699999875 -1.2000000000000006
endloop
endfacet
facet normal 0.08715574274766881 -0.9961946980917447 0
outer loop
vertex 76.9598288211134 -28.713875823493908 -2.200000000000001
vertex 77.0466529049055 -28.706279699999875 -1.2000000000000006
vertex 76.95982881607205 -28.713875823493844 -1.2000000000000006
endloop
endfacet
facet normal 1.666666804567285e-8 -1 0
outer loop
vertex 77.04665664239936 -28.706279373011668 -2.200000000000001
vertex 95.04665085490554 -28.706279373011668 -2.199999999999999
vertex 95.04665085490552 -28.70627939999997 -1.1999999999999988
endloop
endfacet
facet normal 1.666666804567285e-8 -1 0
outer loop
vertex 77.04665664239936 -28.706279373011668 -2.200000000000001
vertex 95.04665085490552 -28.70627939999997 -1.1999999999999988
vertex 77.0466529049055 -28.706279699999875 -1.2000000000000006
endloop
endfacet
facet normal -0.0871571164831124 -0.9961945779045123 0
outer loop
vertex 95.04665085490554 -28.706279373011668 -2.199999999999999
vertex 95.13347699373902 -28.713875823493908 -2.199999999999999
vertex 95.13347699373897 -28.71387582349417 -1.1999999999999988
endloop
endfacet
facet normal -0.0871571164831124 -0.9961945779045123 0
outer loop
vertex 95.04665085490554 -28.706279373011668 -2.199999999999999
vertex 95.13347699373897 -28.71387582349417 -1.1999999999999988
vertex 95.04665085490552 -28.70627939999997 -1.1999999999999988
endloop
endfacet
facet normal -0.25881904510252696 -0.9659258262890666 0
outer loop
vertex 95.13347699373902 -28.713875823493908 -2.199999999999999
vertex 95.21766297656835 -28.736433389607043 -2.199999999999999
vertex 95.21766297656836 -28.736433389607015 -1.1999999999999988
endloop
endfacet
facet normal -0.25881904510252696 -0.9659258262890666 0
outer loop
vertex 95.13347699373902 -28.713875823493908 -2.199999999999999
vertex 95.21766297656836 -28.736433389607015 -1.1999999999999988
vertex 95.13347699373897 -28.71387582349417 -1.1999999999999988
endloop
endfacet
facet normal -0.42261826174067696 -0.9063077870366605 0
outer loop
vertex 95.21766297656835 -28.736433389607043 -2.199999999999999
vertex 95.29665290490553 -28.7732669981078 -2.199999999999999
vertex 95.29665290490547 -28.77326699810787 -1.1999999999999988
endloop
endfacet
facet normal -0.42261826174067696 -0.9063077870366605 0
outer loop
vertex 95.21766297656835 -28.736433389607043 -2.199999999999999
vertex 95.29665290490547 -28.77326699810787 -1.1999999999999988
vertex 95.21766297656836 -28.736433389607015 -1.1999999999999988
endloop
endfacet
facet normal -0.5735764363510599 -0.8191520442889821 0
outer loop
vertex 95.29665290490553 -28.7732669981078 -2.199999999999999
vertex 95.36804670974877 -28.82325747844054 -2.199999999999999
vertex 95.36804670974874 -28.82325747844058 -1.1999999999999984
endloop
endfacet
facet normal -0.5735764363510599 -0.8191520442889821 0
outer loop
vertex 95.29665290490553 -28.7732669981078 -2.199999999999999
vertex 95.36804670974874 -28.82325747844058 -1.1999999999999984
vertex 95.29665290490547 -28.77326699810787 -1.1999999999999988
endloop
endfacet
facet normal -0.7071067811865689 -0.7071067811865263 0
outer loop
vertex 95.36804670974877 -28.82325747844054 -2.199999999999999
vertex 95.42967512646503 -28.88488589515668 -2.199999999999999
vertex 95.42967512646504 -28.8848858951567 -1.1999999999999984
endloop
endfacet
facet normal -0.7071067811865689 -0.7071067811865263 0
outer loop
vertex 95.36804670974877 -28.82325747844054 -2.199999999999999
vertex 95.42967512646504 -28.8848858951567 -1.1999999999999984
vertex 95.36804670974874 -28.82325747844058 -1.1999999999999984
endloop
endfacet
facet normal -0.8191520442889414 -0.5735764363511181 0
outer loop
vertex 95.42967512646503 -28.88488589515668 -2.199999999999999
vertex 95.47966560679771 -28.95627969999996 -2.199999999999999
vertex 95.4796656067977 -28.95627970000004 -1.1999999999999984
endloop
endfacet
facet normal -0.8191520442889414 -0.5735764363511181 0
outer loop
vertex 95.42967512646503 -28.88488589515668 -2.199999999999999
vertex 95.4796656067977 -28.95627970000004 -1.1999999999999984
vertex 95.42967512646504 -28.8848858951567 -1.1999999999999984
endloop
endfacet
facet normal -0.9063077870366791 -0.42261826174063705 0
outer loop
vertex 95.47966560679771 -28.95627969999996 -2.199999999999999
vertex 95.51649921529845 -29.035269628337105 -2.199999999999999
vertex 95.5164992152986 -29.03526962833711 -1.1999999999999988
endloop
endfacet
facet normal -0.9063077870366791 -0.42261826174063705 0
outer loop
vertex 95.47966560679771 -28.95627969999996 -2.199999999999999
vertex 95.5164992152986 -29.03526962833711 -1.1999999999999988
vertex 95.4796656067977 -28.95627970000004 -1.1999999999999984
endloop
endfacet
facet normal -0.9659258262890666 -0.2588190451025271 0
outer loop
vertex 95.51649921529845 -29.035269628337105 -2.199999999999999
vertex 95.53905678141165 -29.11945561116653 -2.199999999999999
vertex 95.53905678141165 -29.11945561116653 -1.1999999999999988
endloop
endfacet
facet normal -0.9659258262890666 -0.2588190451025271 0
outer loop
vertex 95.51649921529845 -29.035269628337105 -2.199999999999999
vertex 95.53905678141165 -29.11945561116653 -1.1999999999999988
vertex 95.5164992152986 -29.03526962833711 -1.1999999999999988
endloop
endfacet
facet normal -0.9961946980917448 -0.08715574274766874 0
outer loop
vertex 95.53905678141165 -29.11945561116653 -2.199999999999999
vertex 95.54665290490554 -29.206279399999865 -2.199999999999999
vertex 95.54665290490534 -29.20627970000001 -1.1999999999999988
endloop
endfacet
facet normal -0.9961946980917448 -0.08715574274766874 0
outer loop
vertex 95.53905678141165 -29.11945561116653 -2.199999999999999
vertex 95.54665290490534 -29.20627970000001 -1.1999999999999988
vertex 95.53905678141165 -29.11945561116653 -1.1999999999999988
endloop
endfacet
facet normal -0.9966048208509604 -0.08233365688845141 0
outer loop
vertex 95.54665085490554 -34.080547299999765 -2.199999999999999
vertex 95.56020682678513 -34.24463507937333 -2.199999999999999
vertex 95.56020682678498 -34.244635079373346 -1.1999999999999984
endloop
endfacet
facet normal -0.9966048208509604 -0.08233365688845141 0
outer loop
vertex 95.54665085490554 -34.080547299999765 -2.199999999999999
vertex 95.56020682678498 -34.244635079373346 -1.1999999999999984
vertex 95.5466508549054 -34.080547300000006 -1.1999999999999984
endloop
endfacet
facet normal -0.9162871913254661 -0.40052188830685503 0
outer loop
vertex 95.60050301181919 -34.40427819217124 -2.199999999999999
vertex 95.66644904227884 -34.55514511054213 -2.199999999999999
vertex 95.66644904227886 -34.555145110542064 -1.1999999999999988
endloop
endfacet
facet normal -0.9162871913254661 -0.40052188830685503 0
outer loop
vertex 95.60050301181919 -34.40427819217124 -2.199999999999999
vertex 95.66644904227886 -34.555145110542064 -1.1999999999999988
vertex 95.60050301181921 -34.40427819217121 -1.1999999999999988
endloop
endfacet
facet normal -0.8381448748025505 -0.5454476774560665 0
outer loop
vertex 95.66644904227884 -34.55514511054213 -2.199999999999999
vertex 95.75625714066695 -34.69314587668493 -2.199999999999999
vertex 95.75625714066693 -34.693145876684895 -1.1999999999999984
endloop
endfacet
facet normal -0.8381448748025505 -0.5454476774560665 0
outer loop
vertex 95.66644904227884 -34.55514511054213 -2.199999999999999
vertex 95.75625714066693 -34.693145876684895 -1.1999999999999984
vertex 95.66644904227886 -34.555145110542064 -1.1999999999999988
endloop
endfacet
facet normal -0.7372806971449085 -0.6755865404354335 0
outer loop
vertex 95.75625714066695 -34.69314587668493 -2.199999999999999
vertex 95.86749263584049 -34.81453933040287 -2.199999999999999
vertex 95.86749263584053 -34.814539330402894 -1.1999999999999984
endloop
endfacet
facet normal -0.7372806971449085 -0.6755865404354335 0
outer loop
vertex 95.75625714066695 -34.69314587668493 -2.199999999999999
vertex 95.86749263584053 -34.814539330402894 -1.1999999999999984
vertex 95.75625714066693 -34.693145876684895 -1.1999999999999984
endloop
endfacet
facet normal -0.6164290565540439 -0.7874104509313369 0
outer loop
vertex 95.86749263584049 -34.81453933040287 -2.199999999999999
vertex 95.9971399662295 -34.91603453085636 -2.1999999999999984
vertex 95.99713996622958 -34.91603453085642 -1.1999999999999984
endloop
endfacet
facet normal -0.6164290565540439 -0.7874104509313369 0
outer loop
vertex 95.86749263584049 -34.81453933040287 -2.199999999999999
vertex 95.99713996622958 -34.91603453085642 -1.1999999999999984
vertex 95.86749263584053 -34.814539330402894 -1.1999999999999984
endloop
endfacet
facet normal -0.47886620547504155 -0.8778878956073692 0
outer loop
vertex 95.9971399662295 -34.91603453085636 -2.1999999999999984
vertex 96.1416844308246 -34.99487997300155 -2.1999999999999984
vertex 96.1416844308245 -34.99487997300153 -1.1999999999999988
endloop
endfacet
facet normal -0.47886620547504155 -0.8778878956073692 0
outer loop
vertex 95.9971399662295 -34.91603453085636 -2.1999999999999984
vertex 96.1416844308245 -34.99487997300153 -1.1999999999999988
vertex 95.99713996622958 -34.91603453085642 -1.1999999999999984
endloop
endfacet
facet normal -0.328321432355988 -0.9445660575394992 0
outer loop
vertex 96.1416844308246 -34.99487997300155 -2.1999999999999984
vertex 96.29720747168749 -35.04893818008288 -2.1999999999999984
vertex 96.29720747168743 -35.04893818008287 -1.1999999999999988
endloop
endfacet
facet normal -0.328321432355988 -0.9445660575394992 0
outer loop
vertex 96.1416844308246 -34.99487997300155 -2.1999999999999984
vertex 96.29720747168743 -35.04893818008287 -1.1999999999999988
vertex 96.1416844308245 -34.99487997300153 -1.1999999999999988
endloop
endfacet
facet normal -0.16887596173492617 -0.9856373113615899 0
outer loop
vertex 96.29720747168749 -35.04893818008288 -2.1999999999999984
vertex 96.45949290490552 -35.076743650000004 -2.1999999999999984
vertex 96.45949290490555 -35.076743649999976 -1.1999999999999984
endloop
endfacet
facet normal -0.16887596173492617 -0.9856373113615899 0
outer loop
vertex 96.29720747168749 -35.04893818008288 -2.1999999999999984
vertex 96.45949290490555 -35.076743649999976 -1.1999999999999984
vertex 96.29720747168743 -35.04893818008287 -1.1999999999999988
endloop
endfacet
facet normal -0.16499236615076995 -0.9862948439041799 0
outer loop
vertex 117.67934075490555 -36.933238 -2.199999999999996
vertex 117.75672650408585 -36.946183477655616 -2.1999999999999957
vertex 117.7567265040859 -36.946183477655424 -1.1999999999999957
endloop
endfacet
facet normal -0.16499236615076995 -0.9862948439041799 0
outer loop
vertex 117.67934075490555 -36.933238 -2.199999999999996
vertex 117.7567265040859 -36.946183477655424 -1.1999999999999957
vertex 117.67934075490557 -36.933237999999804 -1.1999999999999957
endloop
endfacet
facet normal -0.31730448758365837 -0.9483237116930443 0
outer loop
vertex 117.75672650408585 -36.946183477655616 -2.1999999999999957
vertex 117.83113165937849 -36.97107907963478 -2.1999999999999957
vertex 117.83113165937849 -36.971079079634734 -1.1999999999999962
endloop
endfacet
facet normal -0.31730448758365837 -0.9483237116930443 0
outer loop
vertex 117.75672650408585 -36.946183477655616 -2.1999999999999957
vertex 117.83113165937849 -36.971079079634734 -1.1999999999999962
vertex 117.7567265040859 -36.946183477655424 -1.1999999999999957
endloop
endfacet
facet normal -0.46174945814734536 -0.8870103933442004 0
outer loop
vertex 117.83113165937849 -36.97107907963478 -2.1999999999999957
vertex 117.90072619260502 -37.007307784786946 -2.1999999999999957
vertex 117.90072619260499 -37.007307784787 -1.1999999999999957
endloop
endfacet
facet normal -0.46174945814734536 -0.8870103933442004 0
outer loop
vertex 117.83113165937849 -36.97107907963478 -2.1999999999999957
vertex 117.90072619260499 -37.007307784787 -1.1999999999999957
vertex 117.83113165937849 -36.971079079634734 -1.1999999999999962
endloop
endfacet
facet normal -0.5948244612635849 -0.8038556215406384 0
outer loop
vertex 117.90072619260502 -37.007307784786946 -2.1999999999999957
vertex 117.9637964307696 -37.05397750934036 -2.1999999999999957
vertex 117.96379643076958 -37.05397750934029 -1.1999999999999957
endloop
endfacet
facet normal -0.5948244612635849 -0.8038556215406384 0
outer loop
vertex 117.90072619260502 -37.007307784786946 -2.1999999999999957
vertex 117.96379643076958 -37.05397750934029 -1.1999999999999957
vertex 117.90072619260499 -37.007307784787 -1.1999999999999957
endloop
endfacet
facet normal -0.7132527016338794 -0.7009069721524905 0
outer loop
vertex 117.9637964307696 -37.05397750934036 -2.1999999999999957
vertex 118.0187893529813 -37.10993907328056 -2.1999999999999957
vertex 118.01878935298129 -37.109939073280536 -1.1999999999999957
endloop
endfacet
facet normal -0.7132527016338794 -0.7009069721524905 0
outer loop
vertex 117.9637964307696 -37.05397750934036 -2.1999999999999957
vertex 118.01878935298129 -37.109939073280536 -1.1999999999999957
vertex 117.96379643076958 -37.05397750934029 -1.1999999999999957
endloop
endfacet
facet normal -0.8141180410495291 -0.5806994190092473 0
outer loop
vertex 118.0187893529813 -37.10993907328056 -2.1999999999999957
vertex 118.06435083153232 -37.17381449738301 -2.1999999999999957
vertex 118.0643508315323 -37.173814497383 -1.1999999999999962
endloop
endfacet
facet normal -0.8141180410495291 -0.5806994190092473 0
outer loop
vertex 118.0187893529813 -37.10993907328056 -2.1999999999999957
vertex 118.0643508315323 -37.173814497383 -1.1999999999999962
vertex 118.01878935298129 -37.109939073280536 -1.1999999999999957
endloop
endfacet
facet normal -0.9537189369911756 -0.30069949987391426 0
outer loop
vertex 118.09935897549482 -37.24403093412192 -2.1999999999999957
vertex 118.1229517557962 -37.31885939695317 -2.1999999999999957
vertex 118.12295175579605 -37.31885939695317 -1.1999999999999962
endloop
endfacet
facet normal -0.9537189369911756 -0.30069949987391426 0
outer loop
vertex 118.09935897549482 -37.24403093412192 -2.1999999999999957
vertex 118.12295175579605 -37.31885939695317 -1.1999999999999962
vertex 118.09935897549471 -37.244030934122016 -1.1999999999999962
endloop
endfacet
facet normal -0.9890170067710221 -0.1478017601982061 0
outer loop
vertex 118.1229517557962 -37.31885939695317 -2.1999999999999957
vertex 118.13454823154012 -37.39645733431183 -2.1999999999999957
vertex 118.13454823154017 -37.39645733431193 -1.1999999999999962
endloop
endfacet
facet normal -0.9890170067710221 -0.1478017601982061 0
outer loop
vertex 118.1229517557962 -37.31885939695317 -2.1999999999999957
vertex 118.13454823154017 -37.39645733431193 -1.1999999999999962
vertex 118.12295175579605 -37.31885939695317 -1.1999999999999962
endloop
endfacet
facet normal -0.9999618456513963 0.008735401619446748 0
outer loop
vertex 118.13454823154012 -37.39645733431183 -2.1999999999999957
vertex 118.13386285490552 -37.4749140000001 -2.1999999999999957
vertex 118.13386285490546 -37.474914000000005 -1.1999999999999957
endloop
endfacet
facet normal -0.9999618456513963 0.008735401619446748 0
outer loop
vertex 118.13454823154012 -37.39645733431183 -2.1999999999999957
vertex 118.13386285490546 -37.474914000000005 -1.1999999999999957
vertex 118.13454823154017 -37.39645733431193 -1.1999999999999962
endloop
endfacet
facet normal 0.013535536045862185 -0.0011842082031898844 0.9999076891967992
outer loop
vertex 118.13386285490552 -37.4749140000001 -2.1999999999999957
vertex 116.68621820529317 -54.021536700000006 -2.199999999999996
vertex 116.6522400549056 -54.40990800000003 -2.199999999999997
endloop
endfacet
facet normal 0.013535536045862185 -0.0011842082031898844 0.9999076891967992
outer loop
vertex 118.13386285490552 -37.4749140000001 -2.1999999999999957
vertex 116.6522400549056 -54.40990800000003 -2.199999999999997
vertex 116.6522400549056 -54.40990800000003 -1.1999999999999964
endloop
endfacet
facet normal 0.013535536045862185 -0.0011842082031898844 0.9999076891967992
outer loop
vertex 118.13386285490552 -37.4749140000001 -2.1999999999999957
vertex 116.6522400549056 -54.40990800000003 -1.1999999999999964
vertex 116.80200924180002 -52.69804160496139 -1.1999999999999957
endloop
endfacet
facet normal 0.013535536045862185 -0.0011842082031898844 0.9999076891967992
outer loop
vertex 118.13386285490552 -37.4749140000001 -2.1999999999999957
vertex 116.80200924180002 -52.69804160496139 -1.1999999999999957
vertex 118.02219195521747 -38.75131580496139 -1.1999999999999957
endloop
endfacet
facet normal 0.013535536045862185 -0.0011842082031898844 0.9999076891967992
outer loop
vertex 118.13386285490552 -37.4749140000001 -2.1999999999999957
vertex 118.02219195521747 -38.75131580496139 -1.1999999999999957
vertex 118.12894411000141 -37.5311354049614 -1.1999999999999957
endloop
endfacet
facet normal 0.013535536045862185 -0.0011842082031898844 0.9999076891967992
outer loop
vertex 118.13386285490552 -37.4749140000001 -2.1999999999999957
vertex 118.12894411000141 -37.5311354049614 -1.1999999999999957
vertex 118.13386285490546 -37.474914000000005 -1.1999999999999957
endloop
endfacet
facet normal -0.9961946837495288 0.08715590667964385 1.584102094477132e-7
outer loop
vertex 116.6522400549056 -54.40990800000003 -2.199999999999997
vertex 116.60760939953262 -54.920037758367954 -2.199999999999996
vertex 116.6076095549056 -54.92003780000001 -1.199999999999996
endloop
endfacet
facet normal -0.9961946837495288 0.08715590667964385 1.584102094477132e-7
outer loop
vertex 116.6522400549056 -54.40990800000003 -2.199999999999997
vertex 116.6076095549056 -54.92003780000001 -1.199999999999996
vertex 116.64729367249726 -54.46644530248071 -1.199999999999996
endloop
endfacet
facet normal -0.9961946837495288 0.08715590667964385 1.584102094477132e-7
outer loop
vertex 116.6522400549056 -54.40990800000003 -2.199999999999997
vertex 116.64729367249726 -54.46644530248071 -1.199999999999996
vertex 116.6522400549056 -54.40990800000003 -1.1999999999999964
endloop
endfacet
facet normal -0.34206320607594354 -0.9396769461091651 0
outer loop
vertex 140.69346015490558 -61.37382200000001 -2.199999999999993
vertex 140.77535628887858 -61.40363400535783 -2.199999999999993
vertex 140.77535628887856 -61.40363400535783 -1.1999999999999929
endloop
endfacet
facet normal -0.34206320607594354 -0.9396769461091651 0
outer loop
vertex 140.69346015490558 -61.37382200000001 -2.199999999999993
vertex 140.77535628887856 -61.40363400535783 -1.1999999999999929
vertex 140.69346015490555 -61.373822 -1.1999999999999929
endloop
endfacet
facet normal -0.4999914691808397 -0.8660303289991556 0
outer loop
vertex 140.77535628887858 -61.40363400535783 -2.199999999999993
vertex 140.85083479347566 -61.44721054897458 -2.199999999999993
vertex 140.8508347934757 -61.44721054897451 -1.1999999999999933
endloop
endfacet
facet normal -0.4999914691808397 -0.8660303289991556 0
outer loop
vertex 140.77535628887858 -61.40363400535783 -2.199999999999993
vertex 140.8508347934757 -61.44721054897451 -1.1999999999999933
vertex 140.77535628887856 -61.40363400535783 -1.1999999999999929
endloop
endfacet
facet normal -0.6427782666014527 -0.7660522828011362 0
outer loop
vertex 140.85083479347566 -61.44721054897458 -2.199999999999993
vertex 140.91759975402366 -61.50323161512667 -2.199999999999993
vertex 140.9175997540238 -61.50323161512657 -1.1999999999999929
endloop
endfacet
facet normal -0.6427782666014527 -0.7660522828011362 0
outer loop
vertex 140.85083479347566 -61.44721054897458 -2.199999999999993
vertex 140.9175997540238 -61.50323161512657 -1.1999999999999929
vertex 140.8508347934757 -61.44721054897451 -1.1999999999999933
endloop
endfacet
facet normal -0.7660350953476248 -0.6427987497621284 0
outer loop
vertex 140.91759975402366 -61.50323161512667 -2.199999999999993
vertex 140.97362260537693 -61.56999507770954 -2.199999999999993
vertex 140.9736226053769 -61.569995077709564 -1.1999999999999929
endloop
endfacet
facet normal -0.7660350953476248 -0.6427987497621284 0
outer loop
vertex 140.91759975402366 -61.50323161512667 -2.199999999999993
vertex 140.9736226053769 -61.569995077709564 -1.1999999999999929
vertex 140.9175997540238 -61.50323161512657 -1.1999999999999929
endloop
endfacet
facet normal -0.8660169594708945 -0.5000146256948762 0
outer loop
vertex 140.97362260537693 -61.56999507770954 -2.199999999999993
vertex 141.01720116718982 -61.64547241709111 -2.199999999999993
vertex 141.0172011671898 -61.6454724170911 -1.1999999999999933
endloop
endfacet
facet normal -0.8660169594708945 -0.5000146256948762 0
outer loop
vertex 140.97362260537693 -61.56999507770954 -2.199999999999993
vertex 141.0172011671898 -61.6454724170911 -1.1999999999999933
vertex 140.9736226053769 -61.569995077709564 -1.1999999999999929
endloop
endfacet
facet normal -0.9396860420818458 -0.34203821762568515 0
outer loop
vertex 141.01720116718982 -61.64547241709111 -2.199999999999993
vertex 141.04701136241852 -61.72737035400176 -2.199999999999993
vertex 141.04701136241854 -61.727370354001735 -1.1999999999999929
endloop
endfacet
facet normal -0.9396860420818458 -0.34203821762568515 0
outer loop
vertex 141.01720116718982 -61.64547241709111 -2.199999999999993
vertex 141.04701136241854 -61.727370354001735 -1.1999999999999929
vertex 141.0172011671898 -61.6454724170911 -1.1999999999999933
endloop
endfacet
facet normal -0.984804005404649 -0.17366943006459243 0
outer loop
vertex 141.04701136241852 -61.72737035400176 -2.199999999999993
vertex 141.06214744765316 -61.81320052779608 -2.199999999999993
vertex 141.06214744765288 -61.813200527796155 -1.1999999999999933
endloop
endfacet
facet normal -0.984804005404649 -0.17366943006459243 0
outer loop
vertex 141.04701136241852 -61.72737035400176 -2.199999999999993
vertex 141.06214744765288 -61.813200527796155 -1.1999999999999933
vertex 141.04701136241854 -61.727370354001735 -1.1999999999999929
endloop
endfacet
facet normal -0.9999999997137675 -0.000023926246797145723 0
outer loop
vertex 141.06214744765316 -61.81320052779608 -2.199999999999993
vertex 141.062149532935 -61.900355102004504 -2.199999999999993
vertex 141.06214953293508 -61.90035510200451 -1.1999999999999929
endloop
endfacet
facet normal -0.9999999997137675 -0.000023926246797145723 0
outer loop
vertex 141.06214744765316 -61.81320052779608 -2.199999999999993
vertex 141.06214953293508 -61.90035510200451 -1.1999999999999929
vertex 141.06214744765288 -61.813200527796155 -1.1999999999999933
endloop
endfacet
facet normal -0.9848123147923978 0.17362230453844088 0
outer loop
vertex 141.062149532935 -61.900355102004504 -2.199999999999993
vertex 141.04701755490552 -61.98618600000002 -2.199999999999993
vertex 141.0470175549053 -61.98618599999995 -1.1999999999999929
endloop
endfacet
facet normal -0.9848123147923978 0.17362230453844088 0
outer loop
vertex 141.062149532935 -61.900355102004504 -2.199999999999993
vertex 141.0470175549053 -61.98618599999995 -1.1999999999999929
vertex 141.06214953293508 -61.90035510200451 -1.1999999999999929
endloop
endfacet
facet normal -0.9659258013618044 0.258819138132318 -6.977249787889767e-13
outer loop
vertex 141.04701755490552 -61.98618600000002 -2.199999999999993
vertex 127.84723917740826 -111.24841057538666 -2.199999999999995
vertex 127.84723917740754 -111.24841057538661 -1.1999999999999948
endloop
endfacet
facet normal -0.9659258013618044 0.258819138132318 -6.977249787889767e-13
outer loop
vertex 141.04701755490552 -61.98618600000002 -2.199999999999993
vertex 127.84723917740754 -111.24841057538661 -1.1999999999999948
vertex 128.40884361178172 -109.1524751 -1.1999999999999944
endloop
endfacet
facet normal -0.9659258013618044 0.258819138132318 -6.977249787889767e-13
outer loop
vertex 141.04701755490552 -61.98618600000002 -2.199999999999993
vertex 128.40884361178172 -109.1524751 -1.1999999999999944
vertex 132.03231164770537 -95.6295135 -1.199999999999994
endloop
endfacet
facet normal -0.9659258013618044 0.258819138132318 -6.977249787889767e-13
outer loop
vertex 141.04701755490552 -61.98618600000002 -2.199999999999993
vertex 132.03231164770537 -95.6295135 -1.199999999999994
vertex 132.80876906733096 -92.7317360764011 -1.199999999999994
endloop
endfacet
facet normal -0.9659258013618044 0.258819138132318 -6.977249787889767e-13
outer loop
vertex 141.04701755490552 -61.98618600000002 -2.199999999999993
vertex 132.80876906733096 -92.7317360764011 -1.199999999999994
vertex 136.4322371032546 -79.20877447640105 -1.1999999999999935
endloop
endfacet
facet normal -0.9659258013618044 0.258819138132318 -6.977249787889767e-13
outer loop
vertex 141.04701755490552 -61.98618600000002 -2.199999999999993
vertex 136.4322371032546 -79.20877447640105 -1.1999999999999935
vertex 137.2086945228802 -76.31099705280216 -1.1999999999999933
endloop
endfacet
facet normal -0.9659258013618044 0.258819138132318 -6.977249787889767e-13
outer loop
vertex 141.04701755490552 -61.98618600000002 -2.199999999999993
vertex 137.2086945228802 -76.31099705280216 -1.1999999999999933
vertex 140.83216255880384 -62.7880354528021 -1.1999999999999929
endloop
endfacet
facet normal -0.9659258013618044 0.258819138132318 -6.977249787889767e-13
outer loop
vertex 141.04701755490552 -61.98618600000002 -2.199999999999993
vertex 140.83216255880384 -62.7880354528021 -1.1999999999999929
vertex 141.0470175549053 -61.98618599999995 -1.1999999999999929
endloop
endfacet
facet normal -0.9397083234986204 0.34197699739516424 0
outer loop
vertex 127.84723917740826 -111.24841057538666 -2.199999999999995
vertex 127.81743279693764 -111.33031463336413 -2.199999999999995
vertex 127.81743279693754 -111.33031463336404 -1.1999999999999944
endloop
endfacet
facet normal -0.9397083234986204 0.34197699739516424 0
outer loop
vertex 127.84723917740826 -111.24841057538666 -2.199999999999995
vertex 127.81743279693754 -111.33031463336404 -1.1999999999999944
vertex 127.84723917740754 -111.24841057538661 -1.1999999999999948
endloop
endfacet
facet normal -0.866014461159191 0.5000189527039509 0
outer loop
vertex 127.81743279693764 -111.33031463336413 -2.199999999999995
vertex 127.77385328501748 -111.40579274740166 -2.199999999999995
vertex 127.77385328501761 -111.40579274740173 -1.1999999999999944
endloop
endfacet
facet normal -0.866014461159191 0.5000189527039509 0
outer loop
vertex 127.81743279693764 -111.33031463336413 -2.199999999999995
vertex 127.77385328501761 -111.40579274740173 -1.1999999999999944
vertex 127.81743279693754 -111.33031463336404 -1.1999999999999944
endloop
endfacet
facet normal -0.7660304047748394 0.6428043395625886 0
outer loop
vertex 127.77385328501748 -111.40579274740166 -2.199999999999995
vertex 127.71782920987633 -111.47255667899977 -2.199999999999995
vertex 127.71782920987667 -111.47255667900015 -1.1999999999999944
endloop
endfacet
facet normal -0.7660304047748394 0.6428043395625886 0
outer loop
vertex 127.77385328501748 -111.40579274740166 -2.199999999999995
vertex 127.71782920987667 -111.47255667900015 -1.1999999999999944
vertex 127.77385328501761 -111.40579274740173 -1.1999999999999944
endloop
endfacet
facet normal -0.6427709142318163 0.7660584519588536 0
outer loop
vertex 127.71782920987633 -111.47255667899977 -2.199999999999995
vertex 127.65106283380561 -111.52857784093223 -2.199999999999995
vertex 127.65106283380555 -111.52857784093217 -1.1999999999999946
endloop
endfacet
facet normal -0.6427709142318163 0.7660584519588536 0
outer loop
vertex 127.71782920987633 -111.47255667899977 -2.199999999999995
vertex 127.65106283380555 -111.52857784093217 -1.1999999999999946
vertex 127.71782920987667 -111.47255667900015 -1.1999999999999944
endloop
endfacet
facet normal -0.49998116483749044 0.8660362779974902 0
outer loop
vertex 127.65106283380561 -111.52857784093223 -2.199999999999995
vertex 127.5755828183057 -111.57215405942374 -2.199999999999995
vertex 127.57558281830556 -111.57215405942337 -1.1999999999999946
endloop
endfacet
facet normal -0.49998116483749044 0.8660362779974902 0
outer loop
vertex 127.65106283380561 -111.52857784093223 -2.199999999999995
vertex 127.57558281830556 -111.57215405942337 -1.1999999999999946
vertex 127.65106283380555 -111.52857784093217 -1.1999999999999946
endloop
endfacet
facet normal -0.341999748624176 0.9397000435995523 0
outer loop
vertex 127.5755828183057 -111.57215405942374 -2.199999999999995
vertex 127.49368258426463 -111.60196129381208 -2.199999999999995
vertex 127.49368258426452 -111.60196129381173 -1.1999999999999946
endloop
endfacet
facet normal -0.341999748624176 0.9397000435995523 0
outer loop
vertex 127.5755828183057 -111.57215405942374 -2.199999999999995
vertex 127.49368258426452 -111.60196129381173 -1.1999999999999946
vertex 127.57558281830556 -111.57215405942337 -1.1999999999999946
endloop
endfacet
facet normal -0.1736268484934839 0.9848115136828066 0
outer loop
vertex 127.49368258426463 -111.60196129381208 -2.199999999999995
vertex 127.40785062756066 -111.61709386683289 -2.199999999999995
vertex 127.4078506275607 -111.61709386683333 -1.1999999999999946
endloop
endfacet
facet normal -0.1736268484934839 0.9848115136828066 0
outer loop
vertex 127.49368258426463 -111.60196129381208 -2.199999999999995
vertex 127.4078506275607 -111.61709386683333 -1.1999999999999946
vertex 127.49368258426452 -111.60196129381173 -1.1999999999999946
endloop
endfacet
facet normal 0.00002161283566692873 0.9999999997664428 0
outer loop
vertex 127.40785062756066 -111.61709386683289 -2.199999999999995
vertex 127.32069490741374 -111.61709134893925 -2.199999999999995
vertex 127.32069490741372 -111.6170919831502 -1.1999999999999946
endloop
endfacet
facet normal 0.00002161283566692873 0.9999999997664428 0
outer loop
vertex 127.40785062756066 -111.61709386683289 -2.199999999999995
vertex 127.32069490741372 -111.6170919831502 -1.1999999999999946
vertex 127.4078506275607 -111.61709386683333 -1.1999999999999946
endloop
endfacet
facet normal 0.17366941747016545 0.9848040076256663 0
outer loop
vertex 127.32069490741374 -111.61709134893925 -2.199999999999995
vertex 127.23486360490557 -111.6019557 -2.199999999999995
vertex 127.23486360490551 -111.60195570000003 -1.1999999999999946
endloop
endfacet
facet normal 0.17366941747016545 0.9848040076256663 0
outer loop
vertex 127.32069490741374 -111.61709134893925 -2.199999999999995
vertex 127.23486360490551 -111.60195570000003 -1.1999999999999946
vertex 127.32069490741372 -111.6170919831502 -1.1999999999999946
endloop
endfacet
facet normal -0.2588186533673977 -0.9659259312540931 0
outer loop
vertex 127.23486360490557 -111.6019557 -2.199999999999995
vertex 114.42408392934283 -108.1693232 -2.199999999999996
vertex 110.06880305490532 -107.00233109999996 -2.199999999999997
endloop
endfacet
facet normal -0.2588186533673977 -0.9659259312540931 0
outer loop
vertex 127.23486360490557 -111.6019557 -2.199999999999995
vertex 110.06880305490532 -107.00233109999996 -2.199999999999997
vertex 110.0688030549055 -107.0023311000001 -1.199999999999997
endloop
endfacet
facet normal -0.2588186533673977 -0.9659259312540931 0
outer loop
vertex 127.23486360490557 -111.6019557 -2.199999999999995
vertex 110.0688030549055 -107.0023311000001 -1.199999999999997
vertex 118.09326272390096 -109.1524751 -1.1999999999999957
endloop
endfacet
facet normal -0.2588186533673977 -0.9659259312540931 0
outer loop
vertex 127.23486360490557 -111.6019557 -2.199999999999995
vertex 118.09326272390096 -109.1524751 -1.1999999999999957
vertex 127.23486360490551 -111.60195570000003 -1.1999999999999946
endloop
endfacet
facet normal -0.0012260388361977673 0.006953211169169443 0.999975074530965
outer loop
vertex 67.37352110490524 -108.69121290000004 -2.200000000000002
vertex 60.658144965034296 -109.875315 -2.200000000000003
vertex 49.77848815490535 -111.79369220000004 -2.200000000000004
endloop
endfacet
facet normal -0.0012260388361977673 0.006953211169169443 0.999975074530965
outer loop
vertex 67.37352110490524 -108.69121290000004 -2.200000000000002
vertex 49.77848815490535 -111.79369220000004 -2.200000000000004
vertex 49.77848815490589 -111.79369220000106 -1.200000000000004
endloop
endfacet
facet normal -0.0012260388361977673 0.006953211169169443 0.999975074530965
outer loop
vertex 67.37352110490524 -108.69121290000004 -2.200000000000002
vertex 49.77848815490589 -111.79369220000106 -1.200000000000004
vertex 55.00989583660879 -110.87125379999999 -1.2000000000000035
endloop
endfacet
facet normal -0.0012260388361977673 0.006953211169169443 0.999975074530965
outer loop
vertex 67.37352110490524 -108.69121290000004 -2.200000000000002
vertex 55.00989583660879 -110.87125379999999 -1.2000000000000035
vertex 62.88607381026786 -109.48247099999999 -1.2000000000000024
endloop
endfacet
facet normal -0.0012260388361977673 0.006953211169169443 0.999975074530965
outer loop
vertex 67.37352110490524 -108.69121290000004 -2.200000000000002
vertex 62.88607381026786 -109.48247099999999 -1.2000000000000024
vertex 67.37352110490549 -108.69121289999985 -1.2000000000000024
endloop
endfacet
facet normal 0.9063078118431682 0.42261820854294546 3.644665428677858e-13
outer loop
vertex 32.64372715490538 -119.20392074999968 -2.2000000000000064
vertex 25.45921595490563 -103.79668440000026 -2.2000000000000073
vertex 25.459215954905176 -103.79668440000015 -1.2000000000000075
endloop
endfacet
facet normal 0.9063078118431682 0.42261820854294546 3.644665428677858e-13
outer loop
vertex 32.64372715490538 -119.20392074999968 -2.2000000000000064
vertex 25.459215954905176 -103.79668440000015 -1.2000000000000075
vertex 25.600467983836694 -104.0996004 -1.200000000000007
endloop
endfacet
facet normal 0.9063078118431682 0.42261820854294546 3.644665428677858e-13
outer loop
vertex 32.64372715490538 -119.20392074999968 -2.2000000000000064
vertex 25.600467983836694 -104.0996004 -1.200000000000007
vertex 31.51712273286057 -116.7879094 -1.2000000000000064
endloop
endfacet
facet normal 0.9063078118431682 0.42261820854294546 3.644665428677858e-13
outer loop
vertex 32.64372715490538 -119.20392074999968 -2.2000000000000064
vertex 31.51712273286057 -116.7879094 -1.2000000000000064
vertex 32.643727154905605 -119.20392074999995 -1.2000000000000062
endloop
endfacet
facet normal 0.9063077870366724 -0.4226182617406514 0
outer loop
vertex 58.576806594512604 -34.70226967833708 -2.2000000000000033
vertex 58.61364020301386 -34.623279750000016 -2.2000000000000033
vertex 58.61364020301235 -34.62327974999934 -1.200000000000003
endloop
endfacet
facet normal 0.9063077870366724 -0.4226182617406514 0
outer loop
vertex 58.576806594512604 -34.70226967833708 -2.2000000000000033
vertex 58.61364020301235 -34.62327974999934 -1.200000000000003
vertex 58.576806594512576 -34.702269678337174 -1.2000000000000035
endloop
endfacet
facet normal 0.8191520442889504 -0.5735764363511052 0
outer loop
vertex 76.61364020301333 -28.95627969999996 -2.200000000000001
vertex 76.66363068343966 -28.88488589515668 -2.200000000000001
vertex 76.6636306833461 -28.884885895156806 -1.2000000000000008
endloop
endfacet
facet normal 0.8191520442889504 -0.5735764363511052 0
outer loop
vertex 76.61364020301333 -28.95627969999996 -2.200000000000001
vertex 76.6636306833461 -28.884885895156806 -1.2000000000000008
vertex 76.61364020301349 -28.956279700000103 -1.2000000000000013
endloop
endfacet
facet normal 0 0 1
outer loop
vertex 95.54665290490554 -29.206279399999865 -2.199999999999999
vertex 95.5466509319829 -33.8972811 -2.199999999999999
vertex 95.54665085490554 -34.080547299999765 -2.199999999999999
endloop
endfacet
facet normal 0 0 1
outer loop
vertex 95.54665290490554 -29.206279399999865 -2.199999999999999
vertex 95.54665085490554 -34.080547299999765 -2.199999999999999
vertex 95.5466508549054 -34.080547300000006 -1.1999999999999984
endloop
endfacet
facet normal 0 0 1
outer loop
vertex 95.54665290490554 -29.206279399999865 -2.199999999999999
vertex 95.5466508549054 -34.080547300000006 -1.1999999999999984
vertex 95.54665227404162 -30.7062794 -1.1999999999999984
endloop
endfacet
facet normal 0 0 1
outer loop
vertex 95.54665290490554 -29.206279399999865 -2.199999999999999
vertex 95.54665227404162 -30.7062794 -1.1999999999999984
vertex 95.54665290490534 -29.20627970000001 -1.1999999999999988
endloop
endfacet
facet normal -0.9695892314872336 -0.2447380685222384 0
outer loop
vertex 95.56020682678513 -34.24463507937333 -2.199999999999999
vertex 95.60050301181919 -34.40427819217124 -2.199999999999999
vertex 95.60050301181921 -34.40427819217121 -1.1999999999999988
endloop
endfacet
facet normal -0.9695892314872336 -0.2447380685222384 0
outer loop
vertex 95.56020682678513 -34.24463507937333 -2.199999999999999
vertex 95.60050301181921 -34.40427819217121 -1.1999999999999988
vertex 95.56020682678498 -34.244635079373346 -1.1999999999999984
endloop
endfacet
facet normal -0.08715565988219254 -0.996194705341531 0
outer loop
vertex 96.45949290490552 -35.076743650000004 -2.1999999999999984
vertex 117.67934075490555 -36.933238 -2.199999999999996
vertex 117.67934075490557 -36.933237999999804 -1.1999999999999957
endloop
endfacet
facet normal -0.08715565988219254 -0.996194705341531 0
outer loop
vertex 96.45949290490552 -35.076743650000004 -2.1999999999999984
vertex 117.67934075490557 -36.933237999999804 -1.1999999999999957
vertex 96.45949290490555 -35.076743649999976 -1.1999999999999984
endloop
endfacet
facet normal -0.8949368044230953 -0.446192913535142 0
outer loop
vertex 118.06435083153232 -37.17381449738301 -2.1999999999999957
vertex 118.09935897549482 -37.24403093412192 -2.1999999999999957
vertex 118.09935897549471 -37.244030934122016 -1.1999999999999962
endloop
endfacet
facet normal -0.8949368044230953 -0.446192913535142 0
outer loop
vertex 118.06435083153232 -37.17381449738301 -2.1999999999999957
vertex 118.09935897549471 -37.244030934122016 -1.1999999999999962
vertex 118.0643508315323 -37.173814497383 -1.1999999999999962
endloop
endfacet
facet normal -0.2588190444557047 -0.9659258264623821 5.699043693715597e-15
outer loop
vertex 116.60760939953262 -54.920037758367954 -2.199999999999996
vertex 140.69346015490558 -61.37382200000001 -2.199999999999993
vertex 140.69346015490555 -61.373822 -1.1999999999999929
endloop
endfacet
facet normal -0.2588190444557047 -0.9659258264623821 5.699043693715597e-15
outer loop
vertex 116.60760939953262 -54.920037758367954 -2.199999999999996
vertex 140.69346015490555 -61.373822 -1.1999999999999929
vertex 132.44841514069728 -59.164568852802184 -1.199999999999994
endloop
endfacet
facet normal -0.2588190444557047 -0.9659258264623821 5.699043693715597e-15
outer loop
vertex 116.60760939953262 -54.920037758367954 -2.199999999999996
vertex 132.44841514069728 -59.164568852802184 -1.199999999999994
vertex 119.46855456309427 -55.6866257024807 -1.1999999999999955
endloop
endfacet
facet normal -0.2588190444557047 -0.9659258264623821 5.699043693715597e-15
outer loop
vertex 116.60760939953262 -54.920037758367954 -2.199999999999996
vertex 119.46855456309427 -55.6866257024807 -1.1999999999999955
vertex 116.6076095549056 -54.92003780000001 -1.199999999999996
endloop
endfacet
facet normal 0 0 -1
outer loop
vertex 33.05330218678483 -119.49070401799149 -1.2000000000000062
vertex 32.96747117245076 -119.47557000070756 -1.2000000000000062
vertex 32.885572076725396 -119.44576161899798 -1.2000000000000062
endloop
endfacet
facet normal 0 0 -1
outer loop
vertex 33.05330218678483 -119.49070401799149 -1.2000000000000062
vertex 32.885572076725396 -119.44576161899798 -1.2000000000000062
vertex 32.81009332222476 -119.40218457091316 -1.2000000000000062
endloop
endfacet
facet normal 0 0 -1
outer loop
vertex 33.05330218678483 -119.49070401799149 -1.2000000000000062
vertex 32.81009332222476 -119.40218457091316 -1.2000000000000062
vertex 32.74332825587794 -119.3461629017445 -1.2000000000000062
endloop
endfacet
facet normal 0 0 -1
outer loop
vertex 33.05330218678483 -119.49070401799149 -1.2000000000000062
vertex 32.74332825587794 -119.3461629017445 -1.2000000000000062
vertex 32.687305467862615 -119.2793987742227 -1.2000000000000062
endloop
endfacet
facet normal 0 0 -1
outer loop
vertex 33.05330218678483 -119.49070401799149 -1.2000000000000062
vertex 32.687305467862615 -119.2793987742227 -1.2000000000000062
vertex 32.643727154905605 -119.20392074999995 -1.2000000000000062
endloop
endfacet
facet normal 0 0 -1
outer loop
vertex 33.05330218678483 -119.49070401799149 -1.2000000000000062
vertex 32.643727154905605 -119.20392074999995 -1.2000000000000062
vertex 31.51712273286057 -116.7879094 -1.2000000000000064
endloop
endfacet
facet normal 0 0 -1
outer loop
vertex 33.05330218678483 -119.49070401799149 -1.2000000000000062
vertex 31.51712273286057 -116.7879094 -1.2000000000000064
vertex 34.27556845490557 -116.7879094 -1.200000000000006
endloop
endfacet
facet normal 0 0 -1
outer loop
vertex 33.05330218678483 -119.49070401799149 -1.2000000000000062
vertex 34.27556845490557 -116.7879094 -1.200000000000006
vertex 39.00797173032754 -116.7879094 -1.2000000000000053
endloop
endfacet
facet normal 0 0 -1
outer loop
vertex 33.05330218678483 -119.49070401799149 -1.2000000000000062
vertex 39.00797173032754 -116.7879094 -1.2000000000000053
vertex 33.30818935490569 -119.44576150000049 -1.2000000000000066
endloop
endfacet
facet normal 0 0 -1
outer loop
vertex 33.05330218678483 -119.49070401799149 -1.2000000000000062
vertex 33.30818935490569 -119.44576150000049 -1.2000000000000066
vertex 33.226288181767245 -119.47556946851739 -1.2000000000000066
endloop
endfacet
facet normal 0 0 -1
outer loop
vertex 33.05330218678483 -119.49070401799149 -1.2000000000000062
vertex 33.226288181767245 -119.47556946851739 -1.2000000000000066
vertex 33.14045722967225 -119.49070383877968 -1.2000000000000062
endloop
endfacet
facet normal 2.220446049250313e-16 0 -1
outer loop
vertex 34.27556845490557 -116.7879094 -1.200000000000006
vertex 44.85962526842876 -111.8524827 -1.2000000000000046
vertex 49.59202825490587 -111.85248270000105 -1.2000000000000042
endloop
endfacet
facet normal 2.220446049250313e-16 0 -1
outer loop
vertex 34.27556845490557 -116.7879094 -1.200000000000006
vertex 49.59202825490587 -111.85248270000105 -1.2000000000000042
vertex 39.00797173032754 -116.7879094 -1.2000000000000053
endloop
endfacet
facet normal 2.220446049250313e-16 0 -1
outer loop
vertex 44.85962526842876 -111.8524827 -1.2000000000000046
vertex 44.985701903726664 -111.7936922 -1.2000000000000046
vertex 49.77848815490589 -111.79369220000106 -1.200000000000004
endloop
endfacet
facet normal 2.220446049250313e-16 0 -1
outer loop
vertex 44.85962526842876 -111.8524827 -1.2000000000000046
vertex 49.77848815490589 -111.79369220000106 -1.200000000000004
vertex 49.59202825490587 -111.85248270000105 -1.2000000000000042
endloop
endfacet
facet normal 2.220446049250313e-16 0 -1
outer loop
vertex 44.985701903726664 -111.7936922 -1.2000000000000046
vertex 46.96387745490556 -110.87125379999999 -1.2000000000000044
vertex 55.00989583660879 -110.87125379999999 -1.2000000000000035
endloop
endfacet
facet normal 2.220446049250313e-16 0 -1
outer loop
vertex 44.985701903726664 -111.7936922 -1.2000000000000046
vertex 55.00989583660879 -110.87125379999999 -1.2000000000000035
vertex 49.77848815490589 -111.79369220000106 -1.200000000000004
endloop
endfacet
facet normal 8.789918214331222e-17 4.098806139286754e-17 -1
outer loop
vertex 46.96387745490556 -110.87125379999999 -1.2000000000000044
vertex 46.316277405852205 -109.48247099999999 -1.2000000000000044
vertex 51.368533854905536 -109.48247099999999 -1.200000000000004
endloop
endfacet
facet normal 8.789918214331222e-17 4.098806139286754e-17 -1
outer loop
vertex 46.96387745490556 -110.87125379999999 -1.2000000000000044
vertex 51.368533854905536 -109.48247099999999 -1.200000000000004
vertex 62.88607381026786 -109.48247099999999 -1.2000000000000024
endloop
endfacet
facet normal 8.789918214331222e-17 4.098806139286754e-17 -1
outer loop
vertex 46.96387745490556 -110.87125379999999 -1.2000000000000044
vertex 62.88607381026786 -109.48247099999999 -1.2000000000000024
vertex 55.00989583660879 -110.87125379999999 -1.2000000000000035
endloop
endfacet
facet normal -2.338127696023973e-16 -1.325850894762141e-15 -1
outer loop
vertex 127.32069490741372 -111.6170919831502 -1.1999999999999946
vertex 127.23486360490551 -111.60195570000003 -1.1999999999999946
vertex 118.09326272390096 -109.1524751 -1.1999999999999957
endloop
endfacet
facet normal -2.338127696023973e-16 -1.325850894762141e-15 -1
outer loop
vertex 127.32069490741372 -111.6170919831502 -1.1999999999999946
vertex 118.09326272390096 -109.1524751 -1.1999999999999957
vertex 125.82065625490554 -109.1524751 -1.1999999999999948
endloop
endfacet
facet normal -2.338127696023973e-16 -1.325850894762141e-15 -1
outer loop
vertex 127.32069490741372 -111.6170919831502 -1.1999999999999946
vertex 125.82065625490554 -109.1524751 -1.1999999999999948
vertex 128.40884361178172 -109.1524751 -1.1999999999999944
endloop
endfacet
facet normal -2.338127696023973e-16 -1.325850894762141e-15 -1
outer loop
vertex 127.32069490741372 -111.6170919831502 -1.1999999999999946
vertex 128.40884361178172 -109.1524751 -1.1999999999999944
vertex 127.84723917740754 -111.24841057538661 -1.1999999999999948
endloop
endfacet
facet normal -2.338127696023973e-16 -1.325850894762141e-15 -1
outer loop
vertex 127.32069490741372 -111.6170919831502 -1.1999999999999946
vertex 127.84723917740754 -111.24841057538661 -1.1999999999999948
vertex 127.81743279693754 -111.33031463336404 -1.1999999999999944
endloop
endfacet
facet normal -2.338127696023973e-16 -1.325850894762141e-15 -1
outer loop
vertex 127.32069490741372 -111.6170919831502 -1.1999999999999946
vertex 127.81743279693754 -111.33031463336404 -1.1999999999999944
vertex 127.77385328501761 -111.40579274740173 -1.1999999999999944
endloop
endfacet
facet normal -2.338127696023973e-16 -1.325850894762141e-15 -1
outer loop
vertex 127.32069490741372 -111.6170919831502 -1.1999999999999946
vertex 127.77385328501761 -111.40579274740173 -1.1999999999999944
vertex 127.71782920987667 -111.47255667900015 -1.1999999999999944
endloop
endfacet
facet normal -2.338127696023973e-16 -1.325850894762141e-15 -1
outer loop
vertex 127.32069490741372 -111.6170919831502 -1.1999999999999946
vertex 127.71782920987667 -111.47255667900015 -1.1999999999999944
vertex 127.65106283380555 -111.52857784093217 -1.1999999999999946
endloop
endfacet
facet normal -2.338127696023973e-16 -1.325850894762141e-15 -1
outer loop
vertex 127.32069490741372 -111.6170919831502 -1.1999999999999946
vertex 127.65106283380555 -111.52857784093217 -1.1999999999999946
vertex 127.57558281830556 -111.57215405942337 -1.1999999999999946
endloop
endfacet
facet normal -2.338127696023973e-16 -1.325850894762141e-15 -1
outer loop
vertex 127.32069490741372 -111.6170919831502 -1.1999999999999946
vertex 127.57558281830556 -111.57215405942337 -1.1999999999999946
vertex 127.49368258426452 -111.60196129381173 -1.1999999999999946
endloop
endfacet
facet normal -2.338127696023973e-16 -1.325850894762141e-15 -1
outer loop
vertex 127.32069490741372 -111.6170919831502 -1.1999999999999946
vertex 127.49368258426452 -111.60196129381173 -1.1999999999999946
vertex 127.4078506275607 -111.61709386683333 -1.1999999999999946
endloop
endfacet
facet normal 2.220446049250313e-16 0 -1
outer loop
vertex 51.368533854905536 -109.48247099999999 -1.200000000000004
vertex 55.85598149496093 -108.6912129 -1.2000000000000033
vertex 67.37352110490549 -108.69121289999985 -1.2000000000000024
endloop
endfacet
facet normal 2.220446049250313e-16 0 -1
outer loop
vertex 51.368533854905536 -109.48247099999999 -1.200000000000004
vertex 67.37352110490549 -108.69121289999985 -1.2000000000000024
vertex 62.88607381026786 -109.48247099999999 -1.2000000000000024
endloop
endfacet
facet normal 2.220446049250313e-16 0 -1
outer loop
vertex 55.85598149496093 -108.6912129 -1.2000000000000033
vertex 55.90943812039177 -108.68178705456098 -1.2000000000000033
vertex 67.43991987248198 -108.68178705456161 -1.2000000000000024
endloop
endfacet
facet normal 2.220446049250313e-16 0 -1
outer loop
vertex 55.85598149496093 -108.6912129 -1.2000000000000033
vertex 67.43991987248198 -108.68178705456161 -1.2000000000000024
vertex 67.37352110490549 -108.69121289999985 -1.2000000000000024
endloop
endfacet
facet normal 2.220446049250313e-16 0 -1
outer loop
vertex 55.90943812039177 -108.68178705456098 -1.2000000000000033
vertex 55.93751808013559 -108.6768358 -1.2000000000000033
vertex 67.50679725490556 -108.67683580000073 -1.200000000000002
endloop
endfacet
facet normal 2.220446049250313e-16 0 -1
outer loop
vertex 55.90943812039177 -108.68178705456098 -1.2000000000000033
vertex 67.50679725490556 -108.67683580000073 -1.200000000000002
vertex 67.43991987248198 -108.68178705456161 -1.2000000000000024
endloop
endfacet
facet normal 2.220446049250313e-16 0 -1
outer loop
vertex 55.93751808013559 -108.6768358 -1.2000000000000033
vertex 65.15584235490559 -107.05139649999998 -1.2000000000000022
vertex 107.7322480419829 -107.05139649999998 -1.1999999999999968
endloop
endfacet
facet normal 2.220446049250313e-16 0 -1
outer loop
vertex 55.93751808013559 -108.6768358 -1.2000000000000033
vertex 107.7322480419829 -107.05139649999998 -1.1999999999999968
vertex 67.50679725490556 -108.67683580000073 -1.200000000000002
endloop
endfacet
facet normal 2.220446049250313e-16 0 -1
outer loop
vertex 118.09326272390096 -109.1524751 -1.1999999999999957
vertex 110.0688030549055 -107.0023311000001 -1.199999999999997
vertex 117.79620951473962 -107.00233110000002 -1.1999999999999957
endloop
endfacet
facet normal 2.220446049250313e-16 0 -1
outer loop
vertex 118.09326272390096 -109.1524751 -1.1999999999999957
vertex 117.79620951473962 -107.00233110000002 -1.1999999999999957
vertex 125.82065625490554 -109.1524751 -1.1999999999999948
endloop
endfacet
facet normal 2.220446049250313e-16 0 -1
outer loop
vertex 110.0688030549055 -107.0023311000001 -1.199999999999997
vertex 109.97035841817313 -106.98119946495008 -1.199999999999997
vertex 117.71734517821528 -106.98119946494997 -1.1999999999999957
endloop
endfacet
facet normal 2.220446049250313e-16 0 -1
outer loop
vertex 110.0688030549055 -107.0023311000001 -1.199999999999997
vertex 117.71734517821528 -106.98119946494997 -1.1999999999999957
vertex 117.79620951473962 -107.00233110000002 -1.1999999999999957
endloop
endfacet
facet normal 2.220446049250313e-16 0 -1
outer loop
vertex 109.97035841817313 -106.98119946495008 -1.199999999999997
vertex 109.8702869079716 -106.97007520549356 -1.1999999999999966
vertex 117.67582887626985 -106.97007520549376 -1.1999999999999957
endloop
endfacet
facet normal 2.220446049250313e-16 0 -1
outer loop
vertex 109.97035841817313 -106.98119946495008 -1.199999999999997
vertex 117.67582887626985 -106.97007520549376 -1.1999999999999957
vertex 117.71734517821528 -106.98119946494997 -1.1999999999999957
endloop
endfacet
facet normal 2.220446049250313e-16 0 -1
outer loop
vertex 109.8702869079716 -106.97007520549356 -1.1999999999999966
vertex 109.76960400490552 -106.96907055000014 -1.199999999999997
vertex 117.67207945088165 -106.96907055 -1.1999999999999957
endloop
endfacet
facet normal 2.220446049250313e-16 0 -1
outer loop
vertex 109.8702869079716 -106.97007520549356 -1.1999999999999966
vertex 117.67207945088165 -106.96907055 -1.1999999999999957
vertex 117.67582887626985 -106.97007520549376 -1.1999999999999957
endloop
endfacet
facet normal 2.220446049250313e-16 0 -1
outer loop
vertex 65.15584235490559 -107.05139649999998 -1.2000000000000022
vertex 65.14132606858807 -106.96907055 -1.2000000000000022
vertex 109.76960400490552 -106.96907055000014 -1.199999999999997
endloop
endfacet
facet normal 2.220446049250313e-16 0 -1
outer loop
vertex 65.15584235490559 -107.05139649999998 -1.2000000000000022
vertex 109.76960400490552 -106.96907055000014 -1.199999999999997
vertex 107.7322480419829 -107.05139649999998 -1.1999999999999968
endloop
endfacet
facet normal 1.1443475189796076e-16 2.0177934457111084e-17 -1
outer loop
vertex 109.76960400490552 -106.96907055000014 -1.199999999999997
vertex 65.14132606858807 -106.96907055 -1.2000000000000022
vertex 64.88740427317943 -105.52900849999999 -1.2000000000000022
endloop
endfacet
facet normal 1.1443475189796076e-16 2.0177934457111084e-17 -1
outer loop
vertex 109.76960400490552 -106.96907055000014 -1.199999999999997
vertex 64.88740427317943 -105.52900849999999 -1.2000000000000022
vertex 112.29769465490551 -105.52900849999999 -1.1999999999999964
endloop
endfacet
facet normal 1.1443475189796076e-16 2.0177934457111084e-17 -1
outer loop
vertex 109.76960400490552 -106.96907055000014 -1.199999999999997
vertex 112.29769465490551 -105.52900849999999 -1.1999999999999964
vertex 117.67207945088165 -106.96907055 -1.1999999999999957
endloop
endfacet
facet normal 2.220446049250313e-16 0 -1
outer loop
vertex 31.51712273286057 -116.7879094 -1.2000000000000064
vertex 25.600467983836694 -104.0996004 -1.200000000000007
vertex 28.358912854905526 -104.0996004 -1.2000000000000066
endloop
endfacet
facet normal 2.220446049250313e-16 0 -1
outer loop
vertex 31.51712273286057 -116.7879094 -1.2000000000000064
vertex 28.358912854905526 -104.0996004 -1.2000000000000066
vertex 34.27556845490557 -116.7879094 -1.200000000000006
endloop
endfacet
facet normal 2.220446049250313e-16 0 -1
outer loop
vertex 46.316277405852205 -109.48247099999999 -1.2000000000000044
vertex 41.047221854905516 -98.1829448 -1.200000000000005
vertex 49.376122500151126 -98.1829448 -1.2000000000000042
endloop
endfacet
facet normal 2.220446049250313e-16 0 -1
outer loop
vertex 46.316277405852205 -109.48247099999999 -1.2000000000000044
vertex 49.376122500151126 -98.1829448 -1.2000000000000042
vertex 51.368533854905536 -109.48247099999999 -1.200000000000004
endloop
endfacet
facet normal 2.220446049250313e-16 0 -1
outer loop
vertex 25.600467983836694 -104.0996004 -1.200000000000007
vertex 25.459215954905176 -103.79668440000015 -1.2000000000000075
vertex 25.42941173638829 -103.71478322686171 -1.2000000000000075
endloop
endfacet
facet normal 2.220446049250313e-16 0 -1
outer loop
vertex 25.600467983836694 -104.0996004 -1.200000000000007
vertex 25.42941173638829 -103.71478322686171 -1.2000000000000075
vertex 25.414277366126868 -103.62895227476662 -1.200000000000007
endloop
endfacet
facet normal 2.220446049250313e-16 0 -1
outer loop
vertex 25.600467983836694 -104.0996004 -1.200000000000007
vertex 25.414277366126868 -103.62895227476662 -1.200000000000007
vertex 25.414277186913893 -103.54179723187929 -1.200000000000007
endloop
endfacet
facet normal 2.220446049250313e-16 0 -1
outer loop
vertex 25.600467983836694 -104.0996004 -1.200000000000007
vertex 25.414277186913893 -103.54179723187929 -1.200000000000007
vertex 25.429411204198658 -103.4559662175454 -1.200000000000007
endloop
endfacet
facet normal 2.220446049250313e-16 0 -1
outer loop
vertex 25.600467983836694 -104.0996004 -1.200000000000007
vertex 25.429411204198658 -103.4559662175454 -1.200000000000007
vertex 25.459219585908443 -103.37406712182022 -1.200000000000007
endloop
endfacet
facet normal 2.220446049250313e-16 0 -1
outer loop
vertex 25.600467983836694 -104.0996004 -1.200000000000007
vertex 25.459219585908443 -103.37406712182022 -1.200000000000007
vertex 25.502796633991238 -103.29858836731856 -1.200000000000007
endloop
endfacet
facet normal 2.220446049250313e-16 0 -1
outer loop
vertex 25.600467983836694 -104.0996004 -1.200000000000007
vertex 25.502796633991238 -103.29858836731856 -1.200000000000007
vertex 25.55881830316096 -103.23182330097237 -1.200000000000007
endloop
endfacet
facet normal 2.220446049250313e-16 0 -1
outer loop
vertex 25.600467983836694 -104.0996004 -1.200000000000007
vertex 25.55881830316096 -103.23182330097237 -1.200000000000007
vertex 25.625582430683636 -103.17580051295808 -1.200000000000007
endloop
endfacet
facet normal 2.220446049250313e-16 0 -1
outer loop
vertex 25.600467983836694 -104.0996004 -1.200000000000007
vertex 25.625582430683636 -103.17580051295808 -1.200000000000007
vertex 25.701060454905104 -103.13222219999936 -1.2000000000000075
endloop
endfacet
facet normal 2.220446049250313e-16 0 -1
outer loop
vertex 25.600467983836694 -104.0996004 -1.200000000000007
vertex 25.701060454905104 -103.13222219999936 -1.2000000000000075
vertex 36.314819109594055 -98.1829448 -1.2000000000000057
endloop
endfacet
facet normal 2.220446049250313e-16 0 -1
outer loop
vertex 25.600467983836694 -104.0996004 -1.200000000000007
vertex 36.314819109594055 -98.1829448 -1.2000000000000057
vertex 41.047221854905516 -98.1829448 -1.200000000000005
endloop
endfacet
facet normal 2.220446049250313e-16 0 -1
outer loop
vertex 25.600467983836694 -104.0996004 -1.200000000000007
vertex 41.047221854905516 -98.1829448 -1.200000000000005
vertex 28.358912854905526 -104.0996004 -1.2000000000000066
endloop
endfacet
facet normal 1.4076016996546913e-16 -4.1260415425715194e-17 -1
outer loop
vertex 41.047221854905516 -98.1829448 -1.200000000000005
vertex 36.314819109594055 -98.1829448 -1.2000000000000057
vertex 39.96926915490516 -96.47884659999923 -1.2000000000000053
endloop
endfacet
facet normal 1.4076016996546913e-16 -4.1260415425715194e-17 -1
outer loop
vertex 41.047221854905516 -98.1829448 -1.200000000000005
vertex 39.96926915490516 -96.47884659999923 -1.2000000000000053
vertex 49.07564400723021 -96.47884660000004 -1.2000000000000042
endloop
endfacet
facet normal 1.4076016996546913e-16 -4.1260415425715194e-17 -1
outer loop
vertex 41.047221854905516 -98.1829448 -1.200000000000005
vertex 49.07564400723021 -96.47884660000004 -1.2000000000000042
vertex 49.376122500151126 -98.1829448 -1.2000000000000042
endloop
endfacet
facet normal 2.220446049250313e-16 0 -1
outer loop
vertex 39.96926915490516 -96.47884659999923 -1.2000000000000053
vertex 40.109972647818424 -96.39877473319666 -1.2000000000000053
vertex 49.061525176600256 -96.3987747331961 -1.2000000000000042
endloop
endfacet
facet normal 2.220446049250313e-16 0 -1
outer loop
vertex 39.96926915490516 -96.47884659999923 -1.2000000000000053
vertex 49.061525176600256 -96.3987747331961 -1.2000000000000042
vertex 49.07564400723021 -96.47884660000004 -1.2000000000000042
endloop
endfacet
facet normal 2.220446049250313e-16 0 -1
outer loop
vertex 40.109972647818424 -96.39877473319666 -1.2000000000000053
vertex 40.235909941800955 -96.29705241401177 -1.2000000000000053
vertex 49.043588787039596 -96.29705241401214 -1.2000000000000042
endloop
endfacet
facet normal 2.220446049250313e-16 0 -1
outer loop
vertex 40.109972647818424 -96.39877473319666 -1.2000000000000053
vertex 49.043588787039596 -96.29705241401214 -1.2000000000000042
vertex 49.061525176600256 -96.3987747331961 -1.2000000000000042
endloop
endfacet
facet normal 2.220446049250313e-16 0 -1
outer loop
vertex 40.235909941800955 -96.29705241401177 -1.2000000000000053
vertex 40.343783418570354 -96.17634224358022 -1.2000000000000057
vertex 49.02230432697044 -96.17634224357958 -1.2000000000000042
endloop
endfacet
facet normal 2.220446049250313e-16 0 -1
outer loop
vertex 40.235909941800955 -96.29705241401177 -1.2000000000000053
vertex 49.02230432697044 -96.17634224357958 -1.2000000000000042
vertex 49.043588787039596 -96.29705241401214 -1.2000000000000042
endloop
endfacet
facet normal 2.220446049250313e-16 0 -1
outer loop
vertex 40.343783418570354 -96.17634224358022 -1.2000000000000057
vertex 40.430765969716106 -96.03980774965201 -1.2000000000000053
vertex 48.9982296116946 -96.03980774965197 -1.2000000000000042
endloop
endfacet
facet normal 2.220446049250313e-16 0 -1
outer loop
vertex 40.343783418570354 -96.17634224358022 -1.2000000000000057
vertex 48.9982296116946 -96.03980774965197 -1.2000000000000042
vertex 49.02230432697044 -96.17634224357958 -1.2000000000000042
endloop
endfacet
facet normal 2.220446049250313e-16 0 -1
outer loop
vertex 40.430765969716106 -96.03980774965201 -1.2000000000000053
vertex 40.494577988529116 -95.89102717803397 -1.2000000000000053
vertex 48.971995582496206 -95.89102717803382 -1.2000000000000042
endloop
endfacet
facet normal 2.220446049250313e-16 0 -1
outer loop
vertex 40.430765969716106 -96.03980774965201 -1.2000000000000053
vertex 48.971995582496206 -95.89102717803382 -1.2000000000000042
vertex 48.9982296116946 -96.03980774965197 -1.2000000000000042
endloop
endfacet
facet normal 2.220446049250313e-16 0 -1
outer loop
vertex 40.494577988529116 -95.89102717803397 -1.2000000000000053
vertex 40.53354711308687 -95.73389971523008 -1.2000000000000057
vertex 48.94428977116458 -95.73389971523008 -1.2000000000000042
endloop
endfacet
facet normal 2.220446049250313e-16 0 -1
outer loop
vertex 40.494577988529116 -95.89102717803397 -1.2000000000000053
vertex 48.94428977116458 -95.73389971523008 -1.2000000000000042
vertex 48.971995582496206 -95.89102717803382 -1.2000000000000042
endloop
endfacet
facet normal 2.220446049250313e-16 0 -1
outer loop
vertex 40.53354711308687 -95.73389971523008 -1.2000000000000057
vertex 40.53669324738283 -95.6951625 -1.2000000000000053
vertex 48.93745935490553 -95.6951625 -1.2000000000000042
endloop
endfacet
facet normal 2.220446049250313e-16 0 -1
outer loop
vertex 40.53354711308687 -95.73389971523008 -1.2000000000000057
vertex 48.93745935490553 -95.6951625 -1.2000000000000042
vertex 48.94428977116458 -95.73389971523008 -1.2000000000000042
endloop
endfacet
facet normal 2.220446049250313e-16 0 -1
outer loop
vertex 125.82065625490554 -109.1524751 -1.1999999999999948
vertex 129.44412285490552 -95.6295135 -1.1999999999999944
vertex 132.03231164770537 -95.6295135 -1.199999999999994
endloop
endfacet
facet normal 2.220446049250313e-16 0 -1
outer loop
vertex 125.82065625490554 -109.1524751 -1.1999999999999948
vertex 132.03231164770537 -95.6295135 -1.199999999999994
vertex 128.40884361178172 -109.1524751 -1.1999999999999944
endloop
endfacet
facet normal 2.220446049250313e-16 0 -1
outer loop
vertex 40.53669324738283 -95.6951625 -1.2000000000000053
vertex 40.54665205490588 -95.57254330000004 -1.2000000000000057
vertex 49.63286738885196 -95.57254330000006 -1.2000000000000042
endloop
endfacet
facet normal 2.220446049250313e-16 0 -1
outer loop
vertex 40.53669324738283 -95.6951625 -1.2000000000000053
vertex 49.63286738885196 -95.57254330000006 -1.2000000000000042
vertex 48.93745935490553 -95.6951625 -1.2000000000000042
endloop
endfacet
facet normal 2.220446049250313e-16 0 -1
outer loop
vertex 64.88740427317943 -105.52900849999999 -1.2000000000000022
vertex 62.72476785490554 -93.264088 -1.2000000000000024
vertex 115.58407016183631 -93.264088 -1.199999999999996
endloop
endfacet
facet normal 2.220446049250313e-16 0 -1
outer loop
vertex 64.88740427317943 -105.52900849999999 -1.2000000000000022
vertex 115.58407016183631 -93.264088 -1.199999999999996
vertex 112.29769465490551 -105.52900849999999 -1.1999999999999964
endloop
endfacet
facet normal 2.220446049250313e-16 0 -1
outer loop
vertex 40.54665205490588 -95.57254330000004 -1.2000000000000057
vertex 40.54665200703401 -93.264088 -1.2000000000000053
vertex 62.72476785490554 -93.264088 -1.2000000000000024
endloop
endfacet
facet normal 2.220446049250313e-16 0 -1
outer loop
vertex 40.54665205490588 -95.57254330000004 -1.2000000000000057
vertex 62.72476785490554 -93.264088 -1.2000000000000024
vertex 49.63286738885196 -95.57254330000006 -1.2000000000000042
endloop
endfacet
facet normal 1.149387463271593e-16 4.5828087699823283e-17 -1
outer loop
vertex 129.44412285490552 -95.6295135 -1.1999999999999944
vertex 118.6294701616327 -92.7317360764011 -1.1999999999999955
vertex 130.22057996683318 -92.7317360764011 -1.1999999999999942
endloop
endfacet
facet normal 1.149387463271593e-16 4.5828087699823283e-17 -1
outer loop
vertex 129.44412285490552 -95.6295135 -1.1999999999999944
vertex 130.22057996683318 -92.7317360764011 -1.1999999999999942
vertex 132.80876906733096 -92.7317360764011 -1.199999999999994
endloop
endfacet
facet normal 1.149387463271593e-16 4.5828087699823283e-17 -1
outer loop
vertex 129.44412285490552 -95.6295135 -1.1999999999999944
vertex 132.80876906733096 -92.7317360764011 -1.199999999999994
vertex 132.03231164770537 -95.6295135 -1.199999999999994
endloop
endfacet
facet normal 2.220446049250313e-16 0 -1
outer loop
vertex 118.6294701616327 -92.7317360764011 -1.1999999999999955
vertex 115.92116125490554 -92.00604689999996 -1.199999999999996
vertex 127.51227106010606 -92.00604689999996 -1.1999999999999946
endloop
endfacet
facet normal 2.220446049250313e-16 0 -1
outer loop
vertex 118.6294701616327 -92.7317360764011 -1.1999999999999955
vertex 127.51227106010606 -92.00604689999996 -1.1999999999999946
vertex 130.22057996683318 -92.7317360764011 -1.1999999999999942
endloop
endfacet
facet normal 1.301544226671734e-16 2.6990774264924425e-24 -1
outer loop
vertex 62.72476785490554 -93.264088 -1.2000000000000024
vertex 40.54665200703401 -93.264088 -1.2000000000000053
vertex 40.546651980945384 -92.00604689999996 -1.2000000000000053
endloop
endfacet
facet normal 1.301544226671734e-16 2.6990774264924425e-24 -1
outer loop
vertex 62.72476785490554 -93.264088 -1.2000000000000024
vertex 40.546651980945384 -92.00604689999996 -1.2000000000000053
vertex 115.92116125490554 -92.00604689999996 -1.199999999999996
endloop
endfacet
facet normal 1.301544226671734e-16 2.6990774264924425e-24 -1
outer loop
vertex 62.72476785490554 -93.264088 -1.2000000000000024
vertex 115.92116125490554 -92.00604689999996 -1.199999999999996
vertex 115.58407016183631 -93.264088 -1.199999999999996
endloop
endfacet
facet normal 1.2372715254377319e-16 2.5657869605981242e-24 -1
outer loop
vertex 115.92116125490554 -92.00604689999996 -1.199999999999996
vertex 40.546651980945384 -92.00604689999996 -1.2000000000000053
vertex 40.54665192085284 -89.10826947640112 -1.2000000000000053
endloop
endfacet
facet normal 1.2372715254377319e-16 2.5657869605981242e-24 -1
outer loop
vertex 115.92116125490554 -92.00604689999996 -1.199999999999996
vertex 40.54665192085284 -89.10826947640112 -1.2000000000000053
vertex 116.69761836683318 -89.10826947640112 -1.199999999999996
endloop
endfacet
facet normal 1.2372715254377319e-16 2.5657869605981242e-24 -1
outer loop
vertex 115.92116125490554 -92.00604689999996 -1.199999999999996
vertex 116.69761836683318 -89.10826947640112 -1.199999999999996
vertex 127.51227106010606 -92.00604689999996 -1.1999999999999946
endloop
endfacet
facet normal 1.7763575687760818e-16 3.683719459068717e-24 -1
outer loop
vertex 40.54665192085284 -89.10826947640112 -1.2000000000000053
vertex 40.54665188141034 -87.2062794 -1.2000000000000053
vertex 43.046650854905536 -87.2062794 -1.2000000000000048
endloop
endfacet
facet normal 1.7763575687760818e-16 3.683719459068717e-24 -1
outer loop
vertex 40.54665192085284 -89.10826947640112 -1.2000000000000053
vertex 43.046650854905536 -87.2062794 -1.2000000000000048
vertex 57.046650854905536 -87.2062794 -1.200000000000003
endloop
endfacet
facet normal 1.7763575687760818e-16 3.683719459068717e-24 -1
outer loop
vertex 40.54665192085284 -89.10826947640112 -1.2000000000000053
vertex 57.046650854905536 -87.2062794 -1.200000000000003
vertex 117.20725506619134 -87.2062794 -1.1999999999999957
endloop
endfacet
facet normal 1.7763575687760818e-16 3.683719459068717e-24 -1
outer loop
vertex 40.54665192085284 -89.10826947640112 -1.2000000000000053
vertex 117.20725506619134 -87.2062794 -1.1999999999999957
vertex 116.69761836683318 -89.10826947640112 -1.199999999999996
endloop
endfacet
facet normal 1.1862555986263339e-16 0 -1
outer loop
vertex 57.046650854905536 -87.2062794 -1.200000000000003
vertex 57.046650854905536 -86.56866140000001 -1.200000000000003
vertex 111.3291642549056 -86.56866140000001 -1.1999999999999966
endloop
endfacet
facet normal 1.1862555986263339e-16 0 -1
outer loop
vertex 57.046650854905536 -87.2062794 -1.200000000000003
vertex 111.3291642549056 -86.56866140000001 -1.1999999999999966
vertex 117.37810429248498 -86.56866140000001 -1.1999999999999957
endloop
endfacet
facet normal 1.1862555986263339e-16 0 -1
outer loop
vertex 57.046650854905536 -87.2062794 -1.200000000000003
vertex 117.37810429248498 -86.56866140000001 -1.1999999999999957
vertex 117.20725506619134 -87.2062794 -1.1999999999999957
endloop
endfacet
facet normal 2.220446049250313e-16 0 -1
outer loop
vertex 57.046650854905536 -86.56866140000001 -1.200000000000003
vertex 57.046650854905536 -85.34848100000002 -1.200000000000003
vertex 97.38243845490561 -85.34848100000002 -1.1999999999999982
endloop
endfacet
facet normal 2.220446049250313e-16 0 -1
outer loop
vertex 57.046650854905536 -86.56866140000001 -1.200000000000003
vertex 97.38243845490561 -85.34848100000002 -1.1999999999999982
vertex 111.3291642549056 -86.56866140000001 -1.1999999999999966
endloop
endfacet
facet normal 1.1102230246251565e-16 0 -1
outer loop
vertex 57.046650854905536 -85.34848100000002 -1.200000000000003
vertex 57.046650854905536 -84.3732795 -1.200000000000003
vertex 61.046650854905536 -84.3732795 -1.2000000000000026
endloop
endfacet
facet normal 1.1102230246251565e-16 0 -1
outer loop
vertex 57.046650854905536 -85.34848100000002 -1.200000000000003
vertex 61.046650854905536 -84.3732795 -1.2000000000000026
vertex 75.04665085490554 -84.3732795 -1.200000000000001
endloop
endfacet
facet normal 1.1102230246251565e-16 0 -1
outer loop
vertex 57.046650854905536 -85.34848100000002 -1.200000000000003
vertex 75.04665085490554 -84.3732795 -1.200000000000001
vertex 97.46775753075275 -84.3732795 -1.1999999999999982
endloop
endfacet
facet normal 1.1102230246251565e-16 0 -1
outer loop
vertex 57.046650854905536 -85.34848100000002 -1.200000000000003
vertex 97.46775753075275 -84.3732795 -1.1999999999999982
vertex 97.38243845490561 -85.34848100000002 -1.1999999999999982
endloop
endfacet
facet normal 2.220446049250313e-16 0 -1
outer loop
vertex 130.22057996683318 -92.7317360764011 -1.1999999999999942
vertex 133.8440465668332 -79.20877447640105 -1.1999999999999937
vertex 136.4322371032546 -79.20877447640105 -1.1999999999999935
endloop
endfacet
facet normal 2.220446049250313e-16 0 -1
outer loop
vertex 130.22057996683318 -92.7317360764011 -1.1999999999999942
vertex 136.4322371032546 -79.20877447640105 -1.1999999999999935
vertex 132.80876906733096 -92.7317360764011 -1.199999999999994
endloop
endfacet
facet normal 1.6653345369377348e-16 0 -1
outer loop
vertex 75.04665085490554 -84.3732795 -1.200000000000001
vertex 75.04665085490554 -78.7062794 -1.200000000000001
vertex 79.04665085490554 -78.7062794 -1.2000000000000004
endloop
endfacet
facet normal 1.6653345369377348e-16 0 -1
outer loop
vertex 75.04665085490554 -84.3732795 -1.200000000000001
vertex 79.04665085490554 -78.7062794 -1.2000000000000004
vertex 93.04665085490554 -78.7062794 -1.1999999999999988
endloop
endfacet
facet normal 1.6653345369377348e-16 0 -1
outer loop
vertex 75.04665085490554 -84.3732795 -1.200000000000001
vertex 93.04665085490554 -78.7062794 -1.1999999999999988
vertex 97.96355579537612 -78.7062794 -1.1999999999999982
endloop
endfacet
facet normal 1.6653345369377348e-16 0 -1
outer loop
vertex 75.04665085490554 -84.3732795 -1.200000000000001
vertex 97.96355579537612 -78.7062794 -1.1999999999999982
vertex 97.46775753075275 -84.3732795 -1.1999999999999982
endloop
endfacet
facet normal 1.1493874632715775e-16 -3.079774391745191e-17 -1
outer loop
vertex 133.8440465668332 -79.20877447640105 -1.1999999999999937
vertex 123.02939387356024 -76.31099705280216 -1.199999999999995
vertex 134.62050367876088 -76.31099705280216 -1.1999999999999937
endloop
endfacet
facet normal 1.1493874632715775e-16 -3.079774391745191e-17 -1
outer loop
vertex 133.8440465668332 -79.20877447640105 -1.1999999999999937
vertex 134.62050367876088 -76.31099705280216 -1.1999999999999937
vertex 137.2086945228802 -76.31099705280216 -1.1999999999999933
endloop
endfacet
facet normal 1.1493874632715775e-16 -3.079774391745191e-17 -1
outer loop
vertex 133.8440465668332 -79.20877447640105 -1.1999999999999937
vertex 137.2086945228802 -76.31099705280216 -1.1999999999999933
vertex 136.4322371032546 -79.20877447640105 -1.1999999999999935
endloop
endfacet
facet normal 2.220446049250313e-16 0 -1
outer loop
vertex 123.02939387356024 -76.31099705280216 -1.199999999999995
vertex 120.32108496683321 -75.58530787640106 -1.1999999999999955
vertex 131.9121947720339 -75.58530787640106 -1.199999999999994
endloop
endfacet
facet normal 2.220446049250313e-16 0 -1
outer loop
vertex 123.02939387356024 -76.31099705280216 -1.199999999999995
vertex 131.9121947720339 -75.58530787640106 -1.199999999999994
vertex 134.62050367876088 -76.31099705280216 -1.1999999999999937
endloop
endfacet
facet normal 2.220446049250313e-16 0 -1
outer loop
vertex 111.3291642549056 -86.56866140000001 -1.1999999999999966
vertex 112.29008317508436 -75.58530787640106 -1.1999999999999964
vertex 120.32108496683321 -75.58530787640106 -1.1999999999999955
endloop
endfacet
facet normal 2.220446049250313e-16 0 -1
outer loop
vertex 111.3291642549056 -86.56866140000001 -1.1999999999999966
vertex 120.32108496683321 -75.58530787640106 -1.1999999999999955
vertex 117.37810429248498 -86.56866140000001 -1.1999999999999957
endloop
endfacet
facet normal 2.220446049250313e-16 0 -1
outer loop
vertex 57.046650854905536 -84.3732795 -1.200000000000003
vertex 57.046650854905536 -73.2062794 -1.200000000000003
vertex 61.046650854905536 -73.2062794 -1.2000000000000026
endloop
endfacet
facet normal 2.220446049250313e-16 0 -1
outer loop
vertex 57.046650854905536 -84.3732795 -1.200000000000003
vertex 61.046650854905536 -73.2062794 -1.2000000000000026
vertex 61.046650854905536 -84.3732795 -1.2000000000000026
endloop
endfacet
facet normal 2.220446049250313e-16 0 -1
outer loop
vertex 40.54665188141034 -87.2062794 -1.2000000000000053
vertex 40.54665159108575 -73.2062794 -1.2000000000000053
vertex 43.046650854905536 -73.2062794 -1.2000000000000048
endloop
endfacet
facet normal 2.220446049250313e-16 0 -1
outer loop
vertex 40.54665188141034 -87.2062794 -1.2000000000000053
vertex 43.046650854905536 -73.2062794 -1.2000000000000048
vertex 43.046650854905536 -87.2062794 -1.2000000000000048
endloop
endfacet
facet normal 1.1059372700086442e-16 -9.675697363276969e-18 -1
outer loop
vertex 120.32108496683321 -75.58530787640106 -1.1999999999999955
vertex 112.29008317508436 -75.58530787640106 -1.1999999999999964
vertex 112.54360584890347 -72.68753045280216 -1.1999999999999964
endloop
endfacet
facet normal 1.1059372700086442e-16 -9.675697363276969e-18 -1
outer loop
vertex 120.32108496683321 -75.58530787640106 -1.1999999999999955
vertex 112.54360584890347 -72.68753045280216 -1.1999999999999964
vertex 121.09754207876087 -72.68753045280216 -1.1999999999999953
endloop
endfacet
facet normal 1.1059372700086442e-16 -9.675697363276969e-18 -1
outer loop
vertex 120.32108496683321 -75.58530787640106 -1.1999999999999955
vertex 121.09754207876087 -72.68753045280216 -1.1999999999999953
vertex 131.9121947720339 -75.58530787640106 -1.199999999999994
endloop
endfacet
facet normal 2.220446049250313e-16 0 -1
outer loop
vertex 112.54360584890347 -72.68753045280216 -1.1999999999999964
vertex 112.54934465490552 -72.62193559999997 -1.1999999999999964
vertex 121.11511816640285 -72.62193559999997 -1.1999999999999953
endloop
endfacet
facet normal 2.220446049250313e-16 0 -1
outer loop
vertex 112.54360584890347 -72.68753045280216 -1.1999999999999964
vertex 121.11511816640285 -72.62193559999997 -1.1999999999999953
vertex 121.09754207876087 -72.68753045280216 -1.1999999999999953
endloop
endfacet
facet normal 2.220446049250313e-16 0 -1
outer loop
vertex 112.54934465490552 -72.62193559999997 -1.1999999999999964
vertex 98.60261885490554 -71.4017552 -1.1999999999999982
vertex 121.44206451559418 -71.4017552 -1.1999999999999953
endloop
endfacet
facet normal 2.220446049250313e-16 0 -1
outer loop
vertex 112.54934465490552 -72.62193559999997 -1.1999999999999964
vertex 121.44206451559418 -71.4017552 -1.1999999999999953
vertex 121.11511816640285 -72.62193559999997 -1.1999999999999953
endloop
endfacet
facet normal 2.220446049250313e-16 0 -1
outer loop
vertex 93.04665085490554 -78.7062794 -1.1999999999999988
vertex 93.04665085490554 -71.4017552 -1.1999999999999988
vertex 98.60261885490554 -71.4017552 -1.1999999999999982
endloop
endfacet
facet normal 2.220446049250313e-16 0 -1
outer loop
vertex 93.04665085490554 -78.7062794 -1.1999999999999988
vertex 98.60261885490554 -71.4017552 -1.1999999999999982
vertex 97.96355579537612 -78.7062794 -1.1999999999999982
endloop
endfacet
facet normal 2.220446049250313e-16 0 -1
outer loop
vertex 75.04665085490554 -78.7062794 -1.200000000000001
vertex 75.04665085490554 -70.3732795 -1.200000000000001
vertex 79.04665085490554 -70.3732795 -1.2000000000000004
endloop
endfacet
facet normal 2.220446049250313e-16 0 -1
outer loop
vertex 75.04665085490554 -78.7062794 -1.200000000000001
vertex 79.04665085490554 -70.3732795 -1.2000000000000004
vertex 79.04665085490554 -78.7062794 -1.2000000000000004
endloop
endfacet
facet normal 0 -1 0
outer loop
vertex 57.046650854905536 -73.2062794 -1.200000000000003
vertex 43.046650854905536 -73.2062794 -1.2000000000000048
vertex 40.54665159108575 -73.2062794 -1.2000000000000053
endloop
endfacet
facet normal 0 -1 0
outer loop
vertex 57.046650854905536 -73.2062794 -1.200000000000003
vertex 40.54665159108575 -73.2062794 -1.2000000000000053
vertex 40.5466515323365 -70.3732795 -1.2000000000000053
endloop
endfacet
facet normal 0 -1 0
outer loop
vertex 57.046650854905536 -73.2062794 -1.200000000000003
vertex 40.5466515323365 -70.3732795 -1.2000000000000053
vertex 61.046650854905536 -70.3732795 -1.2000000000000026
endloop
endfacet
facet normal 0 -1 0
outer loop
vertex 57.046650854905536 -73.2062794 -1.200000000000003
vertex 61.046650854905536 -70.3732795 -1.2000000000000026
vertex 61.046650854905536 -73.2062794 -1.2000000000000026
endloop
endfacet
facet normal 0 -1 0
outer loop
vertex 75.04665085490554 -70.3732795 -1.200000000000001
vertex 61.046650854905536 -70.3732795 -1.2000000000000026
vertex 40.5466515323365 -70.3732795 -1.2000000000000053
endloop
endfacet
facet normal 0 -1 0
outer loop
vertex 75.04665085490554 -70.3732795 -1.200000000000001
vertex 40.5466515323365 -70.3732795 -1.2000000000000053
vertex 40.54665152887334 -70.2062794 -1.2000000000000053
endloop
endfacet
facet normal 0 -1 0
outer loop
vertex 75.04665085490554 -70.3732795 -1.200000000000001
vertex 40.54665152887334 -70.2062794 -1.2000000000000053
vertex 43.046650854905536 -70.2062794 -1.2000000000000048
endloop
endfacet
facet normal 0 -1 0
outer loop
vertex 75.04665085490554 -70.3732795 -1.200000000000001
vertex 43.046650854905536 -70.2062794 -1.2000000000000048
vertex 57.046650854905536 -70.2062794 -1.200000000000003
endloop
endfacet
facet normal 0 -1 0
outer loop
vertex 75.04665085490554 -70.3732795 -1.200000000000001
vertex 57.046650854905536 -70.2062794 -1.200000000000003
vertex 79.04665085490554 -70.2062794 -1.2000000000000004
endloop
endfacet
facet normal 0 -1 0
outer loop
vertex 75.04665085490554 -70.3732795 -1.200000000000001
vertex 79.04665085490554 -70.2062794 -1.2000000000000004
vertex 79.04665085490554 -70.3732795 -1.2000000000000004
endloop
endfacet
facet normal 1.1989518564093476e-16 0 -1
outer loop
vertex 98.60261885490554 -71.4017552 -1.1999999999999982
vertex 93.04665085490554 -71.4017552 -1.1999999999999988
vertex 93.04665085490554 -69.63335150248068 -1.1999999999999988
endloop
endfacet
facet normal 1.1989518564093476e-16 0 -1
outer loop
vertex 98.60261885490554 -71.4017552 -1.1999999999999982
vertex 93.04665085490554 -69.63335150248068 -1.1999999999999988
vertex 112.81081188325993 -69.63335150248068 -1.1999999999999964
endloop
endfacet
facet normal 1.1989518564093476e-16 0 -1
outer loop
vertex 98.60261885490554 -71.4017552 -1.1999999999999982
vertex 112.81081188325993 -69.63335150248068 -1.1999999999999964
vertex 121.91590685300625 -69.63335150248068 -1.1999999999999953
endloop
endfacet
facet normal 1.1989518564093476e-16 0 -1
outer loop
vertex 98.60261885490554 -71.4017552 -1.1999999999999982
vertex 121.91590685300625 -69.63335150248068 -1.1999999999999953
vertex 121.44206451559418 -71.4017552 -1.1999999999999953
endloop
endfacet
facet normal 2.220446049250313e-16 0 -1
outer loop
vertex 93.04665085490554 -69.63335150248068 -1.1999999999999988
vertex 93.04665085490554 -68.41317110248067 -1.1999999999999988
vertex 98.86408608325995 -68.41317110248067 -1.199999999999998
endloop
endfacet
facet normal 2.220446049250313e-16 0 -1
outer loop
vertex 93.04665085490554 -69.63335150248068 -1.1999999999999988
vertex 98.86408608325995 -68.41317110248067 -1.199999999999998
vertex 112.81081188325993 -69.63335150248068 -1.1999999999999964
endloop
endfacet
facet normal 1.1102230246251565e-16 0 -1
outer loop
vertex 57.046650854905536 -70.2062794 -1.200000000000003
vertex 57.046650854905536 -67.3732795 -1.200000000000003
vertex 61.046650854905536 -67.3732795 -1.2000000000000026
endloop
endfacet
facet normal 1.1102230246251565e-16 0 -1
outer loop
vertex 57.046650854905536 -70.2062794 -1.200000000000003
vertex 61.046650854905536 -67.3732795 -1.2000000000000026
vertex 75.04665085490554 -67.3732795 -1.200000000000001
endloop
endfacet
facet normal 1.1102230246251565e-16 0 -1
outer loop
vertex 57.046650854905536 -70.2062794 -1.200000000000003
vertex 75.04665085490554 -67.3732795 -1.200000000000001
vertex 79.04665085490554 -67.3732795 -1.2000000000000004
endloop
endfacet
facet normal 1.1102230246251565e-16 0 -1
outer loop
vertex 57.046650854905536 -70.2062794 -1.200000000000003
vertex 79.04665085490554 -67.3732795 -1.2000000000000004
vertex 79.04665085490554 -70.2062794 -1.2000000000000004
endloop
endfacet
facet normal 2.220446049250313e-16 0 -1
outer loop
vertex 93.04665085490554 -68.41317110248067 -1.1999999999999988
vertex 93.04665085490554 -64.7062794 -1.1999999999999988
vertex 99.18839708393148 -64.7062794 -1.199999999999998
endloop
endfacet
facet normal 2.220446049250313e-16 0 -1
outer loop
vertex 93.04665085490554 -68.41317110248067 -1.1999999999999988
vertex 99.18839708393148 -64.7062794 -1.199999999999998
vertex 98.86408608325995 -68.41317110248067 -1.199999999999998
endloop
endfacet
facet normal 2.220446049250313e-16 0 -1
outer loop
vertex 75.04665085490554 -67.3732795 -1.200000000000001
vertex 75.04665085490554 -64.7062794 -1.200000000000001
vertex 79.04665085490554 -64.7062794 -1.2000000000000004
endloop
endfacet
facet normal 2.220446049250313e-16 0 -1
outer loop
vertex 75.04665085490554 -67.3732795 -1.200000000000001
vertex 79.04665085490554 -64.7062794 -1.2000000000000004
vertex 79.04665085490554 -67.3732795 -1.2000000000000004
endloop
endfacet
facet normal 2.220446049250313e-16 0 -1
outer loop
vertex 134.62050367876088 -76.31099705280216 -1.1999999999999937
vertex 138.24397027876088 -62.7880354528021 -1.1999999999999933
vertex 140.83216255880384 -62.7880354528021 -1.1999999999999929
endloop
endfacet
facet normal 2.220446049250313e-16 0 -1
outer loop
vertex 134.62050367876088 -76.31099705280216 -1.1999999999999937
vertex 140.83216255880384 -62.7880354528021 -1.1999999999999929
vertex 137.2086945228802 -76.31099705280216 -1.1999999999999933
endloop
endfacet
facet normal 0 -1 0
outer loop
vertex 93.04665085490554 -64.7062794 -1.1999999999999988
vertex 79.04665085490554 -64.7062794 -1.2000000000000004
vertex 75.04665085490554 -64.7062794 -1.200000000000001
endloop
endfacet
facet normal 0 -1 0
outer loop
vertex 93.04665085490554 -64.7062794 -1.1999999999999988
vertex 75.04665085490554 -64.7062794 -1.200000000000001
vertex 75.04665085490554 -61.7062794 -1.200000000000001
endloop
endfacet
facet normal 0 -1 0
outer loop
vertex 93.04665085490554 -64.7062794 -1.1999999999999988
vertex 75.04665085490554 -61.7062794 -1.200000000000001
vertex 79.04665085490554 -61.7062794 -1.2000000000000004
endloop
endfacet
facet normal 0 -1 0
outer loop
vertex 93.04665085490554 -64.7062794 -1.1999999999999988
vertex 79.04665085490554 -61.7062794 -1.2000000000000004
vertex 93.04665085490554 -61.7062794 -1.1999999999999988
endloop
endfacet
facet normal 0 -1 0
outer loop
vertex 93.04665085490554 -64.7062794 -1.1999999999999988
vertex 93.04665085490554 -61.7062794 -1.1999999999999988
vertex 99.45086307534085 -61.7062794 -1.199999999999998
endloop
endfacet
facet normal 0 -1 0
outer loop
vertex 93.04665085490554 -64.7062794 -1.1999999999999988
vertex 99.45086307534085 -61.7062794 -1.199999999999998
vertex 99.18839708393148 -64.7062794 -1.199999999999998
endloop
endfacet
facet normal 2.220446049250313e-16 0 -1
outer loop
vertex 138.24397027876088 -62.7880354528021 -1.1999999999999933
vertex 124.72100867876088 -59.164568852802184 -1.1999999999999948
vertex 132.44841514069728 -59.164568852802184 -1.199999999999994
endloop
endfacet
facet normal 2.220446049250313e-16 0 -1
outer loop
vertex 138.24397027876088 -62.7880354528021 -1.1999999999999933
vertex 132.44841514069728 -59.164568852802184 -1.199999999999994
vertex 140.69346015490555 -61.373822 -1.1999999999999929
endloop
endfacet
facet normal 2.220446049250313e-16 0 -1
outer loop
vertex 138.24397027876088 -62.7880354528021 -1.1999999999999933
vertex 140.69346015490555 -61.373822 -1.1999999999999929
vertex 140.77535628887856 -61.40363400535783 -1.1999999999999929
endloop
endfacet
facet normal 2.220446049250313e-16 0 -1
outer loop
vertex 138.24397027876088 -62.7880354528021 -1.1999999999999933
vertex 140.77535628887856 -61.40363400535783 -1.1999999999999929
vertex 140.8508347934757 -61.44721054897451 -1.1999999999999933
endloop
endfacet
facet normal 2.220446049250313e-16 0 -1
outer loop
vertex 138.24397027876088 -62.7880354528021 -1.1999999999999933
vertex 140.8508347934757 -61.44721054897451 -1.1999999999999933
vertex 140.9175997540238 -61.50323161512657 -1.1999999999999929
endloop
endfacet
facet normal 2.220446049250313e-16 0 -1
outer loop
vertex 138.24397027876088 -62.7880354528021 -1.1999999999999933
vertex 140.9175997540238 -61.50323161512657 -1.1999999999999929
vertex 140.9736226053769 -61.569995077709564 -1.1999999999999929
endloop
endfacet
facet normal 2.220446049250313e-16 0 -1
outer loop
vertex 138.24397027876088 -62.7880354528021 -1.1999999999999933
vertex 140.9736226053769 -61.569995077709564 -1.1999999999999929
vertex 141.0172011671898 -61.6454724170911 -1.1999999999999933
endloop
endfacet
facet normal 2.220446049250313e-16 0 -1
outer loop
vertex 138.24397027876088 -62.7880354528021 -1.1999999999999933
vertex 141.0172011671898 -61.6454724170911 -1.1999999999999933
vertex 141.04701136241854 -61.727370354001735 -1.1999999999999929
endloop
endfacet
facet normal 2.220446049250313e-16 0 -1
outer loop
vertex 138.24397027876088 -62.7880354528021 -1.1999999999999933
vertex 141.04701136241854 -61.727370354001735 -1.1999999999999929
vertex 141.06214744765288 -61.813200527796155 -1.1999999999999933
endloop
endfacet
facet normal 2.220446049250313e-16 0 -1
outer loop
vertex 138.24397027876088 -62.7880354528021 -1.1999999999999933
vertex 141.06214744765288 -61.813200527796155 -1.1999999999999933
vertex 141.06214953293508 -61.90035510200451 -1.1999999999999929
endloop
endfacet
facet normal 2.220446049250313e-16 0 -1
outer loop
vertex 138.24397027876088 -62.7880354528021 -1.1999999999999933
vertex 141.06214953293508 -61.90035510200451 -1.1999999999999929
vertex 141.0470175549053 -61.98618599999995 -1.1999999999999929
endloop
endfacet
facet normal 2.220446049250313e-16 0 -1
outer loop
vertex 138.24397027876088 -62.7880354528021 -1.1999999999999933
vertex 141.0470175549053 -61.98618599999995 -1.1999999999999929
vertex 140.83216255880384 -62.7880354528021 -1.1999999999999929
endloop
endfacet
facet normal 2.220446049250313e-16 0 -1
outer loop
vertex 112.81081188325993 -69.63335150248068 -1.1999999999999964
vertex 113.72671169741366 -59.164568852802184 -1.1999999999999962
vertex 124.72100867876088 -59.164568852802184 -1.1999999999999948
endloop
endfacet
facet normal 2.220446049250313e-16 0 -1
outer loop
vertex 112.81081188325993 -69.63335150248068 -1.1999999999999964
vertex 124.72100867876088 -59.164568852802184 -1.1999999999999948
vertex 121.91590685300625 -69.63335150248068 -1.1999999999999953
endloop
endfacet
facet normal 2.220446049250313e-16 0 -1
outer loop
vertex 57.046650854905536 -67.3732795 -1.200000000000003
vertex 57.046650854905536 -56.2062794 -1.200000000000003
vertex 61.046650854905536 -56.2062794 -1.2000000000000026
endloop
endfacet
facet normal 2.220446049250313e-16 0 -1
outer loop
vertex 57.046650854905536 -67.3732795 -1.200000000000003
vertex 61.046650854905536 -56.2062794 -1.2000000000000026
vertex 61.046650854905536 -67.3732795 -1.2000000000000026
endloop
endfacet
facet normal 2.220446049250313e-16 0 -1
outer loop
vertex 40.54665152887334 -70.2062794 -1.2000000000000053
vertex 40.54665123854873 -56.2062794 -1.2000000000000053
vertex 43.046650854905536 -56.2062794 -1.2000000000000048
endloop
endfacet
facet normal 2.220446049250313e-16 0 -1
outer loop
vertex 40.54665152887334 -70.2062794 -1.2000000000000053
vertex 43.046650854905536 -56.2062794 -1.2000000000000048
vertex 43.046650854905536 -70.2062794 -1.2000000000000048
endloop
endfacet
facet normal 1.2117806457388732e-16 -1.0601707019237856e-17 -1
outer loop
vertex 124.72100867876088 -59.164568852802184 -1.1999999999999948
vertex 113.72671169741366 -59.164568852802184 -1.1999999999999962
vertex 114.03099229835354 -55.6866257024807 -1.1999999999999962
endloop
endfacet
facet normal 1.2117806457388732e-16 -1.0601707019237856e-17 -1
outer loop
vertex 124.72100867876088 -59.164568852802184 -1.1999999999999948
vertex 114.03099229835354 -55.6866257024807 -1.1999999999999962
vertex 119.46855456309427 -55.6866257024807 -1.1999999999999955
endloop
endfacet
facet normal 1.2117806457388732e-16 -1.0601707019237856e-17 -1
outer loop
vertex 124.72100867876088 -59.164568852802184 -1.1999999999999948
vertex 119.46855456309427 -55.6866257024807 -1.1999999999999955
vertex 132.44841514069728 -59.164568852802184 -1.199999999999994
endloop
endfacet
facet normal 2.220446049250313e-16 0 -1
outer loop
vertex 114.03099229835354 -55.6866257024807 -1.1999999999999962
vertex 105.26885198160764 -54.920037758367954 -1.1999999999999973
vertex 116.6076095549056 -54.92003780000001 -1.199999999999996
endloop
endfacet
facet normal 2.220446049250313e-16 0 -1
outer loop
vertex 114.03099229835354 -55.6866257024807 -1.1999999999999962
vertex 116.6076095549056 -54.92003780000001 -1.199999999999996
vertex 119.46855456309427 -55.6866257024807 -1.1999999999999955
endloop
endfacet
facet normal 2.220446049250313e-16 0 -1
outer loop
vertex 105.26885198160764 -54.920037758367954 -1.1999999999999973
vertex 100.08426648325997 -54.46644530248071 -1.199999999999998
vertex 116.64729367249726 -54.46644530248071 -1.199999999999996
endloop
endfacet
facet normal 2.220446049250313e-16 0 -1
outer loop
vertex 105.26885198160764 -54.920037758367954 -1.1999999999999973
vertex 116.64729367249726 -54.46644530248071 -1.199999999999996
vertex 116.6076095549056 -54.92003780000001 -1.199999999999996
endloop
endfacet
facet normal 2.220446049250313e-16 0 -1
outer loop
vertex 93.04665085490554 -61.7062794 -1.1999999999999988
vertex 93.04665085490554 -54.46644530248071 -1.1999999999999988
vertex 100.08426648325997 -54.46644530248071 -1.199999999999998
endloop
endfacet
facet normal 2.220446049250313e-16 0 -1
outer loop
vertex 93.04665085490554 -61.7062794 -1.1999999999999988
vertex 100.08426648325997 -54.46644530248071 -1.199999999999998
vertex 99.45086307534085 -61.7062794 -1.199999999999998
endloop
endfacet
facet normal 2.220446049250313e-16 0 -1
outer loop
vertex 75.04665085490554 -61.7062794 -1.200000000000001
vertex 75.04665085490554 -53.3732795 -1.200000000000001
vertex 79.04665085490554 -53.3732795 -1.2000000000000004
endloop
endfacet
facet normal 2.220446049250313e-16 0 -1
outer loop
vertex 75.04665085490554 -61.7062794 -1.200000000000001
vertex 79.04665085490554 -53.3732795 -1.2000000000000004
vertex 79.04665085490554 -61.7062794 -1.2000000000000004
endloop
endfacet
facet normal 0 -1 0
outer loop
vertex 57.046650854905536 -56.2062794 -1.200000000000003
vertex 43.046650854905536 -56.2062794 -1.2000000000000048
vertex 40.54665123854873 -56.2062794 -1.2000000000000053
endloop
endfacet
facet normal 0 -1 0
outer loop
vertex 57.046650854905536 -56.2062794 -1.200000000000003
vertex 40.54665123854873 -56.2062794 -1.2000000000000053
vertex 40.54665117979948 -53.3732795 -1.2000000000000053
endloop
endfacet
facet normal 0 -1 0
outer loop
vertex 57.046650854905536 -56.2062794 -1.200000000000003
vertex 40.54665117979948 -53.3732795 -1.2000000000000053
vertex 61.046650854905536 -53.3732795 -1.2000000000000026
endloop
endfacet
facet normal 0 -1 0
outer loop
vertex 57.046650854905536 -56.2062794 -1.200000000000003
vertex 61.046650854905536 -53.3732795 -1.2000000000000026
vertex 61.046650854905536 -56.2062794 -1.2000000000000026
endloop
endfacet
facet normal 0 -1 0
outer loop
vertex 75.04665085490554 -53.3732795 -1.200000000000001
vertex 61.046650854905536 -53.3732795 -1.2000000000000026
vertex 40.54665117979948 -53.3732795 -1.2000000000000053
endloop
endfacet
facet normal 0 -1 0
outer loop
vertex 75.04665085490554 -53.3732795 -1.200000000000001
vertex 40.54665117979948 -53.3732795 -1.2000000000000053
vertex 40.546651176336326 -53.2062794 -1.2000000000000053
endloop
endfacet
facet normal 0 -1 0
outer loop
vertex 75.04665085490554 -53.3732795 -1.200000000000001
vertex 40.546651176336326 -53.2062794 -1.2000000000000053
vertex 43.046650854905536 -53.2062794 -1.2000000000000048
endloop
endfacet
facet normal 0 -1 0
outer loop
vertex 75.04665085490554 -53.3732795 -1.200000000000001
vertex 43.046650854905536 -53.2062794 -1.2000000000000048
vertex 57.046650854905536 -53.2062794 -1.200000000000003
endloop
endfacet
facet normal 0 -1 0
outer loop
vertex 75.04665085490554 -53.3732795 -1.200000000000001
vertex 57.046650854905536 -53.2062794 -1.200000000000003
vertex 79.04665085490554 -53.2062794 -1.2000000000000004
endloop
endfacet
facet normal 0 -1 0
outer loop
vertex 75.04665085490554 -53.3732795 -1.200000000000001
vertex 79.04665085490554 -53.2062794 -1.2000000000000004
vertex 79.04665085490554 -53.3732795 -1.2000000000000004
endloop
endfacet
facet normal 1.2620445142267642e-16 0 -1
outer loop
vertex 100.08426648325997 -54.46644530248071 -1.199999999999998
vertex 93.04665085490554 -54.46644530248071 -1.1999999999999988
vertex 93.04665085490554 -52.69804160496139 -1.1999999999999988
endloop
endfacet
facet normal 1.2620445142267642e-16 0 -1
outer loop
vertex 100.08426648325997 -54.46644530248071 -1.199999999999998
vertex 93.04665085490554 -52.69804160496139 -1.1999999999999988
vertex 114.29245951161433 -52.69804160496139 -1.1999999999999962
endloop
endfacet
facet normal 1.2620445142267642e-16 0 -1
outer loop
vertex 100.08426648325997 -54.46644530248071 -1.199999999999998
vertex 114.29245951161433 -52.69804160496139 -1.1999999999999962
vertex 116.80200924180002 -52.69804160496139 -1.1999999999999957
endloop
endfacet
facet normal 1.2620445142267642e-16 0 -1
outer loop
vertex 100.08426648325997 -54.46644530248071 -1.199999999999998
vertex 116.80200924180002 -52.69804160496139 -1.1999999999999957
vertex 116.6522400549056 -54.40990800000003 -1.1999999999999964
endloop
endfacet
facet normal 1.2620445142267642e-16 0 -1
outer loop
vertex 100.08426648325997 -54.46644530248071 -1.199999999999998
vertex 116.6522400549056 -54.40990800000003 -1.1999999999999964
vertex 116.64729367249726 -54.46644530248071 -1.199999999999996
endloop
endfacet
facet normal 2.220446049250313e-16 0 -1
outer loop
vertex 93.04665085490554 -52.69804160496139 -1.1999999999999988
vertex 93.04665085490554 -51.4778612049614 -1.1999999999999988
vertex 100.34573371161437 -51.4778612049614 -1.199999999999998
endloop
endfacet
facet normal 2.220446049250313e-16 0 -1
outer loop
vertex 93.04665085490554 -52.69804160496139 -1.1999999999999988
vertex 100.34573371161437 -51.4778612049614 -1.199999999999998
vertex 114.29245951161433 -52.69804160496139 -1.1999999999999962
endloop
endfacet
facet normal 1.1102230246251565e-16 0 -1
outer loop
vertex 57.046650854905536 -53.2062794 -1.200000000000003
vertex 57.046650854905536 -50.3732795 -1.200000000000003
vertex 61.046650854905536 -50.3732795 -1.2000000000000026
endloop
endfacet
facet normal 1.1102230246251565e-16 0 -1
outer loop
vertex 57.046650854905536 -53.2062794 -1.200000000000003
vertex 61.046650854905536 -50.3732795 -1.2000000000000026
vertex 75.04665085490554 -50.3732795 -1.200000000000001
endloop
endfacet
facet normal 1.1102230246251565e-16 0 -1
outer loop
vertex 57.046650854905536 -53.2062794 -1.200000000000003
vertex 75.04665085490554 -50.3732795 -1.200000000000001
vertex 79.04665085490554 -50.3732795 -1.2000000000000004
endloop
endfacet
facet normal 1.1102230246251565e-16 0 -1
outer loop
vertex 57.046650854905536 -53.2062794 -1.200000000000003
vertex 79.04665085490554 -50.3732795 -1.2000000000000004
vertex 79.04665085490554 -53.2062794 -1.2000000000000004
endloop
endfacet
facet normal 2.220446049250313e-16 0 -1
outer loop
vertex 93.04665085490554 -51.4778612049614 -1.1999999999999988
vertex 93.04665085490554 -47.7062794 -1.1999999999999988
vertex 100.67570436858458 -47.7062794 -1.1999999999999977
endloop
endfacet
facet normal 2.220446049250313e-16 0 -1
outer loop
vertex 93.04665085490554 -51.4778612049614 -1.1999999999999988
vertex 100.67570436858458 -47.7062794 -1.1999999999999977
vertex 100.34573371161437 -51.4778612049614 -1.199999999999998
endloop
endfacet
facet normal 2.220446049250313e-16 0 -1
outer loop
vertex 75.04665085490554 -50.3732795 -1.200000000000001
vertex 75.04665085490554 -47.7062794 -1.200000000000001
vertex 79.04665085490554 -47.7062794 -1.2000000000000004
endloop
endfacet
facet normal 2.220446049250313e-16 0 -1
outer loop
vertex 75.04665085490554 -50.3732795 -1.200000000000001
vertex 79.04665085490554 -47.7062794 -1.2000000000000004
vertex 79.04665085490554 -50.3732795 -1.2000000000000004
endloop
endfacet
facet normal 0 -1 0
outer loop
vertex 93.04665085490554 -47.7062794 -1.1999999999999988
vertex 79.04665085490554 -47.7062794 -1.2000000000000004
vertex 75.04665085490554 -47.7062794 -1.200000000000001
endloop
endfacet
facet normal 0 -1 0
outer loop
vertex 93.04665085490554 -47.7062794 -1.1999999999999988
vertex 75.04665085490554 -47.7062794 -1.200000000000001
vertex 75.04665085490554 -44.7062794 -1.200000000000001
endloop
endfacet
facet normal 0 -1 0
outer loop
vertex 93.04665085490554 -47.7062794 -1.1999999999999988
vertex 75.04665085490554 -44.7062794 -1.200000000000001
vertex 79.04665085490554 -44.7062794 -1.2000000000000004
endloop
endfacet
facet normal 0 -1 0
outer loop
vertex 93.04665085490554 -47.7062794 -1.1999999999999988
vertex 79.04665085490554 -44.7062794 -1.2000000000000004
vertex 93.04665085490554 -44.7062794 -1.1999999999999988
endloop
endfacet
facet normal 0 -1 0
outer loop
vertex 93.04665085490554 -47.7062794 -1.1999999999999988
vertex 93.04665085490554 -44.7062794 -1.1999999999999988
vertex 100.93817035999396 -44.7062794 -1.1999999999999977
endloop
endfacet
facet normal 0 -1 0
outer loop
vertex 93.04665085490554 -47.7062794 -1.1999999999999988
vertex 100.93817035999396 -44.7062794 -1.1999999999999977
vertex 100.67570436858458 -47.7062794 -1.1999999999999977
endloop
endfacet
facet normal 2.220446049250313e-16 0 -1
outer loop
vertex 57.046650854905536 -50.3732795 -1.200000000000003
vertex 57.046650854905536 -39.2062794 -1.200000000000003
vertex 61.046650854905536 -39.2062794 -1.2000000000000026
endloop
endfacet
facet normal 2.220446049250313e-16 0 -1
outer loop
vertex 57.046650854905536 -50.3732795 -1.200000000000003
vertex 61.046650854905536 -39.2062794 -1.2000000000000026
vertex 61.046650854905536 -50.3732795 -1.2000000000000026
endloop
endfacet
facet normal 2.220446049250313e-16 0 -1
outer loop
vertex 40.546651176336326 -53.2062794 -1.2000000000000053
vertex 40.54665088601173 -39.2062794 -1.2000000000000053
vertex 43.046650854905536 -39.2062794 -1.2000000000000048
endloop
endfacet
facet normal 2.220446049250313e-16 0 -1
outer loop
vertex 40.546651176336326 -53.2062794 -1.2000000000000053
vertex 43.046650854905536 -39.2062794 -1.2000000000000048
vertex 43.046650854905536 -53.2062794 -1.2000000000000048
endloop
endfacet
facet normal 2.220446049250313e-16 0 -1
outer loop
vertex 114.29245951161433 -52.69804160496139 -1.1999999999999962
vertex 115.51263994180152 -38.75131580496139 -1.199999999999996
vertex 118.02219195521747 -38.75131580496139 -1.1999999999999957
endloop
endfacet
facet normal 2.220446049250313e-16 0 -1
outer loop
vertex 114.29245951161433 -52.69804160496139 -1.1999999999999962
vertex 118.02219195521747 -38.75131580496139 -1.1999999999999957
vertex 116.80200924180002 -52.69804160496139 -1.1999999999999957
endloop
endfacet
facet normal 2.220446049250313e-16 0 -1
outer loop
vertex 115.51263994180152 -38.75131580496139 -1.199999999999996
vertex 101.56591411161438 -37.5311354049614 -1.1999999999999977
vertex 118.12894411000141 -37.5311354049614 -1.1999999999999957
endloop
endfacet
facet normal 2.220446049250313e-16 0 -1
outer loop
vertex 115.51263994180152 -38.75131580496139 -1.199999999999996
vertex 118.12894411000141 -37.5311354049614 -1.1999999999999957
vertex 118.02219195521747 -38.75131580496139 -1.1999999999999957
endloop
endfacet
facet normal 2.220446049250313e-16 0 -1
outer loop
vertex 93.04665085490554 -44.7062794 -1.1999999999999988
vertex 93.04665085490554 -37.5311354049614 -1.1999999999999988
vertex 101.56591411161438 -37.5311354049614 -1.1999999999999977
endloop
endfacet
facet normal 2.220446049250313e-16 0 -1
outer loop
vertex 93.04665085490554 -44.7062794 -1.1999999999999988
vertex 101.56591411161438 -37.5311354049614 -1.1999999999999977
vertex 100.93817035999396 -44.7062794 -1.1999999999999977
endloop
endfacet
facet normal 0 -1 0
outer loop
vertex 57.046650854905536 -39.2062794 -1.200000000000003
vertex 43.046650854905536 -39.2062794 -1.2000000000000048
vertex 40.54665088601173 -39.2062794 -1.2000000000000053
endloop
endfacet
facet normal 0 -1 0
outer loop
vertex 57.046650854905536 -39.2062794 -1.200000000000003
vertex 40.54665088601173 -39.2062794 -1.2000000000000053
vertex 40.54665085490562 -37.7062794 -1.2000000000000053
endloop
endfacet
facet normal 0 -1 0
outer loop
vertex 57.046650854905536 -39.2062794 -1.200000000000003
vertex 40.54665085490562 -37.7062794 -1.2000000000000053
vertex 40.554249028399 -37.6194556111665 -1.2000000000000057
endloop
endfacet
facet normal 0 -1 0
outer loop
vertex 57.046650854905536 -39.2062794 -1.200000000000003
vertex 40.554249028399 -37.6194556111665 -1.2000000000000057
vertex 40.57680659451232 -37.535269628337105 -1.2000000000000053
endloop
endfacet
facet normal 0 -1 0
outer loop
vertex 57.046650854905536 -39.2062794 -1.200000000000003
vertex 40.57680659451232 -37.535269628337105 -1.2000000000000053
vertex 40.613640203013375 -37.45627970000004 -1.2000000000000057
endloop
endfacet
facet normal 0 -1 0
outer loop
vertex 57.046650854905536 -39.2062794 -1.200000000000003
vertex 40.613640203013375 -37.45627970000004 -1.2000000000000057
vertex 40.66363068334542 -37.38488589515631 -1.200000000000005
endloop
endfacet
facet normal 0 -1 0
outer loop
vertex 57.046650854905536 -39.2062794 -1.200000000000003
vertex 40.66363068334542 -37.38488589515631 -1.200000000000005
vertex 40.72525910006266 -37.323257478440915 -1.2000000000000055
endloop
endfacet
facet normal 0 -1 0
outer loop
vertex 57.046650854905536 -39.2062794 -1.200000000000003
vertex 40.72525910006266 -37.323257478440915 -1.2000000000000055
vertex 40.796652904905685 -37.27326699810801 -1.200000000000005
endloop
endfacet
facet normal 0 -1 0
outer loop
vertex 57.046650854905536 -39.2062794 -1.200000000000003
vertex 40.796652904905685 -37.27326699810801 -1.200000000000005
vertex 40.87564283324356 -37.23643338960898 -1.2000000000000055
endloop
endfacet
facet normal 0 -1 0
outer loop
vertex 57.046650854905536 -39.2062794 -1.200000000000003
vertex 40.87564283324356 -37.23643338960898 -1.2000000000000055
vertex 40.95982881607202 -37.213875823493844 -1.2000000000000055
endloop
endfacet
facet normal 0 -1 0
outer loop
vertex 57.046650854905536 -39.2062794 -1.200000000000003
vertex 40.95982881607202 -37.213875823493844 -1.2000000000000055
vertex 41.0466529049056 -37.206279700000586 -1.200000000000005
endloop
endfacet
facet normal 0 -1 0
outer loop
vertex 57.046650854905536 -39.2062794 -1.200000000000003
vertex 41.0466529049056 -37.206279700000586 -1.200000000000005
vertex 57.54665085490551 -37.20627940000025 -1.2000000000000035
endloop
endfacet
facet normal 0 -1 0
outer loop
vertex 57.046650854905536 -39.2062794 -1.200000000000003
vertex 57.54665085490551 -37.20627940000025 -1.2000000000000035
vertex 61.046650854905536 -37.20627870439575 -1.2000000000000026
endloop
endfacet
facet normal 0 -1 0
outer loop
vertex 57.046650854905536 -39.2062794 -1.200000000000003
vertex 61.046650854905536 -37.20627870439575 -1.2000000000000026
vertex 61.046650854905536 -39.2062794 -1.2000000000000026
endloop
endfacet
facet normal 2.220446049250313e-16 0 -1
outer loop
vertex 57.54665085490551 -37.20627940000025 -1.2000000000000035
vertex 57.72030108257243 -37.19108745301209 -1.2000000000000035
vertex 61.046650854905536 -37.191087453012194 -1.2000000000000026
endloop
endfacet
facet normal 2.220446049250313e-16 0 -1
outer loop
vertex 57.54665085490551 -37.20627940000025 -1.2000000000000035
vertex 61.046650854905536 -37.191087453012194 -1.2000000000000026
vertex 61.046650854905536 -37.20627870439575 -1.2000000000000026
endloop
endfacet
facet normal 2.220446049250313e-16 0 -1
outer loop
vertex 57.72030108257243 -37.19108745301209 -1.2000000000000035
vertex 57.88867304823118 -37.14597232078587 -1.200000000000003
vertex 61.046650854905536 -37.145972320785916 -1.2000000000000026
endloop
endfacet
facet normal 2.220446049250313e-16 0 -1
outer loop
vertex 57.72030108257243 -37.19108745301209 -1.2000000000000035
vertex 61.046650854905536 -37.145972320785916 -1.2000000000000026
vertex 61.046650854905536 -37.191087453012194 -1.2000000000000026
endloop
endfacet
facet normal 2.220446049250313e-16 0 -1
outer loop
vertex 57.88867304823118 -37.14597232078587 -1.200000000000003
vertex 58.0466529049059 -37.072305103785276 -1.2000000000000035
vertex 61.046650854905536 -37.07230510378443 -1.2000000000000026
endloop
endfacet
facet normal 2.220446049250313e-16 0 -1
outer loop
vertex 57.88867304823118 -37.14597232078587 -1.200000000000003
vertex 61.046650854905536 -37.07230510378443 -1.2000000000000026
vertex 61.046650854905536 -37.145972320785916 -1.2000000000000026
endloop
endfacet
facet normal 2.220446049250313e-16 0 -1
outer loop
vertex 58.0466529049059 -37.072305103785276 -1.2000000000000035
vertex 58.18944051459255 -36.972324143119664 -1.200000000000003
vertex 61.046650854905536 -36.97232414311893 -1.2000000000000026
endloop
endfacet
facet normal 2.220446049250313e-16 0 -1
outer loop
vertex 58.0466529049059 -37.072305103785276 -1.2000000000000035
vertex 61.046650854905536 -36.97232414311893 -1.2000000000000026
vertex 61.046650854905536 -37.07230510378443 -1.2000000000000026
endloop
endfacet
facet normal 2.220446049250313e-16 0 -1
outer loop
vertex 58.18944051459255 -36.972324143119664 -1.200000000000003
vertex 58.31269734802396 -36.849067309686 -1.200000000000003
vertex 61.046650854905536 -36.84906730968663 -1.2000000000000026
endloop
endfacet
facet normal 2.220446049250313e-16 0 -1
outer loop
vertex 58.18944051459255 -36.972324143119664 -1.200000000000003
vertex 61.046650854905536 -36.84906730968663 -1.2000000000000026
vertex 61.046650854905536 -36.97232414311893 -1.2000000000000026
endloop
endfacet
facet normal 2.220446049250313e-16 0 -1
outer loop
vertex 58.31269734802396 -36.849067309686 -1.200000000000003
vertex 58.41267830869006 -36.706279700000074 -1.200000000000003
vertex 61.046650854905536 -36.706279699999975 -1.2000000000000026
endloop
endfacet
facet normal 2.220446049250313e-16 0 -1
outer loop
vertex 58.31269734802396 -36.849067309686 -1.200000000000003
vertex 61.046650854905536 -36.706279699999975 -1.2000000000000026
vertex 61.046650854905536 -36.84906730968663 -1.2000000000000026
endloop
endfacet
facet normal 2.220446049250313e-16 0 -1
outer loop
vertex 58.41267830869006 -36.706279700000074 -1.200000000000003
vertex 58.48634552569072 -36.54829984332537 -1.2000000000000035
vertex 61.046650854905536 -36.54829984332565 -1.2000000000000026
endloop
endfacet
facet normal 2.220446049250313e-16 0 -1
outer loop
vertex 58.41267830869006 -36.706279700000074 -1.200000000000003
vertex 61.046650854905536 -36.54829984332565 -1.2000000000000026
vertex 61.046650854905536 -36.706279699999975 -1.2000000000000026
endloop
endfacet
facet normal 2.220446049250313e-16 0 -1
outer loop
vertex 58.48634552569072 -36.54829984332537 -1.2000000000000035
vertex 58.531460657918046 -36.37992787766702 -1.2000000000000035
vertex 61.046650854905536 -36.37992787766697 -1.2000000000000026
endloop
endfacet
facet normal 2.220446049250313e-16 0 -1
outer loop
vertex 58.48634552569072 -36.54829984332537 -1.2000000000000035
vertex 61.046650854905536 -36.37992787766697 -1.2000000000000026
vertex 61.046650854905536 -36.54829984332565 -1.2000000000000026
endloop
endfacet
facet normal 2.220446049250313e-16 0 -1
outer loop
vertex 75.04665085490554 -44.7062794 -1.200000000000001
vertex 75.04665085490554 -36.3732795 -1.200000000000001
vertex 79.04665085490554 -36.3732795 -1.2000000000000004
endloop
endfacet
facet normal 2.220446049250313e-16 0 -1
outer loop
vertex 75.04665085490554 -44.7062794 -1.200000000000001
vertex 79.04665085490554 -36.3732795 -1.2000000000000004
vertex 79.04665085490554 -44.7062794 -1.2000000000000004
endloop
endfacet
facet normal 2.220446049250313e-16 0 -1
outer loop
vertex 58.531460657918046 -36.37992787766702 -1.2000000000000035
vertex 58.53204231559444 -36.3732795 -1.200000000000003
vertex 61.046650854905536 -36.3732795 -1.2000000000000026
endloop
endfacet
facet normal 2.220446049250313e-16 0 -1
outer loop
vertex 58.531460657918046 -36.37992787766702 -1.2000000000000035
vertex 61.046650854905536 -36.3732795 -1.2000000000000026
vertex 61.046650854905536 -36.37992787766697 -1.2000000000000026
endloop
endfacet
facet normal 0 -1 0
outer loop
vertex 75.04665085490554 -36.3732795 -1.200000000000001
vertex 61.046650854905536 -36.3732795 -1.2000000000000026
vertex 58.53204231559444 -36.3732795 -1.200000000000003
endloop
endfacet
facet normal 0 -1 0
outer loop
vertex 75.04665085490554 -36.3732795 -1.200000000000001
vertex 58.53204231559444 -36.3732795 -1.200000000000003
vertex 58.5466529049056 -36.20627970000001 -1.200000000000003
endloop
endfacet
facet normal 0 -1 0
outer loop
vertex 75.04665085490554 -36.3732795 -1.200000000000001
vertex 58.5466529049056 -36.20627970000001 -1.200000000000003
vertex 79.04665085490554 -36.20627970000016 -1.2000000000000004
endloop
endfacet
facet normal 0 -1 0
outer loop
vertex 75.04665085490554 -36.3732795 -1.200000000000001
vertex 79.04665085490554 -36.20627970000016 -1.2000000000000004
vertex 79.04665085490554 -36.3732795 -1.2000000000000004
endloop
endfacet
facet normal 1.3031913572466096e-16 0 -1
outer loop
vertex 101.56591411161438 -37.5311354049614 -1.1999999999999977
vertex 93.04665085490554 -37.5311354049614 -1.1999999999999988
vertex 93.04665085490554 -35.07674365000002 -1.1999999999999988
endloop
endfacet
facet normal 1.3031913572466096e-16 0 -1
outer loop
vertex 101.56591411161438 -37.5311354049614 -1.1999999999999977
vertex 93.04665085490554 -35.07674365000002 -1.1999999999999988
vertex 96.45949290490555 -35.076743649999976 -1.1999999999999984
endloop
endfacet
facet normal 1.3031913572466096e-16 0 -1
outer loop
vertex 101.56591411161438 -37.5311354049614 -1.1999999999999977
vertex 96.45949290490555 -35.076743649999976 -1.1999999999999984
vertex 117.67934075490557 -36.933237999999804 -1.1999999999999957
endloop
endfacet
facet normal 1.3031913572466096e-16 0 -1
outer loop
vertex 101.56591411161438 -37.5311354049614 -1.1999999999999977
vertex 117.67934075490557 -36.933237999999804 -1.1999999999999957
vertex 117.7567265040859 -36.946183477655424 -1.1999999999999957
endloop
endfacet
facet normal 1.3031913572466096e-16 0 -1
outer loop
vertex 101.56591411161438 -37.5311354049614 -1.1999999999999977
vertex 117.7567265040859 -36.946183477655424 -1.1999999999999957
vertex 117.83113165937849 -36.971079079634734 -1.1999999999999962
endloop
endfacet
facet normal 1.3031913572466096e-16 0 -1
outer loop
vertex 101.56591411161438 -37.5311354049614 -1.1999999999999977
vertex 117.83113165937849 -36.971079079634734 -1.1999999999999962
vertex 117.90072619260499 -37.007307784787 -1.1999999999999957
endloop
endfacet
facet normal 1.3031913572466096e-16 0 -1
outer loop
vertex 101.56591411161438 -37.5311354049614 -1.1999999999999977
vertex 117.90072619260499 -37.007307784787 -1.1999999999999957
vertex 117.96379643076958 -37.05397750934029 -1.1999999999999957
endloop
endfacet
facet normal 1.3031913572466096e-16 0 -1
outer loop
vertex 101.56591411161438 -37.5311354049614 -1.1999999999999977
vertex 117.96379643076958 -37.05397750934029 -1.1999999999999957
vertex 118.01878935298129 -37.109939073280536 -1.1999999999999957
endloop
endfacet
facet normal 1.3031913572466096e-16 0 -1
outer loop
vertex 101.56591411161438 -37.5311354049614 -1.1999999999999977
vertex 118.01878935298129 -37.109939073280536 -1.1999999999999957
vertex 118.0643508315323 -37.173814497383 -1.1999999999999962
endloop
endfacet
facet normal 1.3031913572466096e-16 0 -1
outer loop
vertex 101.56591411161438 -37.5311354049614 -1.1999999999999977
vertex 118.0643508315323 -37.173814497383 -1.1999999999999962
vertex 118.09935897549471 -37.244030934122016 -1.1999999999999962
endloop
endfacet
facet normal 1.3031913572466096e-16 0 -1
outer loop
vertex 101.56591411161438 -37.5311354049614 -1.1999999999999977
vertex 118.09935897549471 -37.244030934122016 -1.1999999999999962
vertex 118.12295175579605 -37.31885939695317 -1.1999999999999962
endloop
endfacet
facet normal 1.3031913572466096e-16 0 -1
outer loop
vertex 101.56591411161438 -37.5311354049614 -1.1999999999999977
vertex 118.12295175579605 -37.31885939695317 -1.1999999999999962
vertex 118.13454823154017 -37.39645733431193 -1.1999999999999962
endloop
endfacet
facet normal 1.3031913572466096e-16 0 -1
outer loop
vertex 101.56591411161438 -37.5311354049614 -1.1999999999999977
vertex 118.13454823154017 -37.39645733431193 -1.1999999999999962
vertex 118.13386285490546 -37.474914000000005 -1.1999999999999957
endloop
endfacet
facet normal 1.3031913572466096e-16 0 -1
outer loop
vertex 101.56591411161438 -37.5311354049614 -1.1999999999999977
vertex 118.13386285490546 -37.474914000000005 -1.1999999999999957
vertex 118.12894411000141 -37.5311354049614 -1.1999999999999957
endloop
endfacet
facet normal 2.220446049250313e-16 0 -1
outer loop
vertex 93.04665085490554 -35.07674365000002 -1.1999999999999988
vertex 93.04665085490554 -35.048938180082864 -1.1999999999999988
vertex 96.29720747168743 -35.04893818008287 -1.1999999999999988
endloop
endfacet
facet normal 2.220446049250313e-16 0 -1
outer loop
vertex 93.04665085490554 -35.07674365000002 -1.1999999999999988
vertex 96.29720747168743 -35.04893818008287 -1.1999999999999988
vertex 96.45949290490555 -35.076743649999976 -1.1999999999999984
endloop
endfacet
facet normal 2.220446049250313e-16 0 -1
outer loop
vertex 93.04665085490554 -35.048938180082864 -1.1999999999999988
vertex 93.04665085490554 -34.994879973001524 -1.1999999999999988
vertex 96.1416844308245 -34.99487997300153 -1.1999999999999988
endloop
endfacet
facet normal 2.220446049250313e-16 0 -1
outer loop
vertex 93.04665085490554 -35.048938180082864 -1.1999999999999988
vertex 96.1416844308245 -34.99487997300153 -1.1999999999999988
vertex 96.29720747168743 -35.04893818008287 -1.1999999999999988
endloop
endfacet
facet normal 2.220446049250313e-16 0 -1
outer loop
vertex 93.04665085490554 -34.994879973001524 -1.1999999999999988
vertex 93.04665085490554 -34.91603453085641 -1.1999999999999988
vertex 95.99713996622958 -34.91603453085642 -1.1999999999999984
endloop
endfacet
facet normal 2.220446049250313e-16 0 -1
outer loop
vertex 93.04665085490554 -34.994879973001524 -1.1999999999999988
vertex 95.99713996622958 -34.91603453085642 -1.1999999999999984
vertex 96.1416844308245 -34.99487997300153 -1.1999999999999988
endloop
endfacet
facet normal 2.220446049250313e-16 0 -1
outer loop
vertex 93.04665085490554 -34.91603453085641 -1.1999999999999988
vertex 93.04665085490554 -34.81453933040292 -1.1999999999999988
vertex 95.86749263584053 -34.814539330402894 -1.1999999999999984
endloop
endfacet
facet normal 2.220446049250313e-16 0 -1
outer loop
vertex 93.04665085490554 -34.91603453085641 -1.1999999999999988
vertex 95.86749263584053 -34.814539330402894 -1.1999999999999984
vertex 95.99713996622958 -34.91603453085642 -1.1999999999999984
endloop
endfacet
facet normal 2.220446049250313e-16 0 -1
outer loop
vertex 93.04665085490554 -34.81453933040292 -1.1999999999999988
vertex 93.04665085490554 -34.69314587668486 -1.1999999999999988
vertex 95.75625714066693 -34.693145876684895 -1.1999999999999984
endloop
endfacet
facet normal 2.220446049250313e-16 0 -1
outer loop
vertex 93.04665085490554 -34.81453933040292 -1.1999999999999988
vertex 95.75625714066693 -34.693145876684895 -1.1999999999999984
vertex 95.86749263584053 -34.814539330402894 -1.1999999999999984
endloop
endfacet
facet normal 2.220446049250313e-16 0 -1
outer loop
vertex 93.04665085490554 -34.69314587668486 -1.1999999999999988
vertex 93.04665085490554 -34.55514511054213 -1.1999999999999988
vertex 95.66644904227886 -34.555145110542064 -1.1999999999999988
endloop
endfacet
facet normal 2.220446049250313e-16 0 -1
outer loop
vertex 93.04665085490554 -34.69314587668486 -1.1999999999999988
vertex 95.66644904227886 -34.555145110542064 -1.1999999999999988
vertex 95.75625714066693 -34.693145876684895 -1.1999999999999984
endloop
endfacet
facet normal 2.220446049250313e-16 0 -1
outer loop
vertex 93.04665085490554 -34.55514511054213 -1.1999999999999988
vertex 93.04665085490554 -34.40427819217117 -1.1999999999999988
vertex 95.60050301181921 -34.40427819217121 -1.1999999999999988
endloop
endfacet
facet normal 2.220446049250313e-16 0 -1
outer loop
vertex 93.04665085490554 -34.55514511054213 -1.1999999999999988
vertex 95.60050301181921 -34.40427819217121 -1.1999999999999988
vertex 95.66644904227886 -34.555145110542064 -1.1999999999999988
endloop
endfacet
facet normal 6.225262853286183e-14 -3.3305440760069396e-16 -1
outer loop
vertex 58.5466529049056 -36.20627970000001 -1.200000000000003
vertex 58.546650854905295 -34.87327950000001 -1.2000000000000035
vertex 58.554249028399425 -34.786455661166535 -1.200000000000003
endloop
endfacet
facet normal 6.225262853286183e-14 -3.3305440760069396e-16 -1
outer loop
vertex 58.5466529049056 -36.20627970000001 -1.200000000000003
vertex 58.554249028399425 -34.786455661166535 -1.200000000000003
vertex 58.576806594512576 -34.702269678337174 -1.2000000000000035
endloop
endfacet
facet normal 6.225262853286183e-14 -3.3305440760069396e-16 -1
outer loop
vertex 58.5466529049056 -36.20627970000001 -1.200000000000003
vertex 58.576806594512576 -34.702269678337174 -1.2000000000000035
vertex 58.61364020301235 -34.62327974999934 -1.200000000000003
endloop
endfacet
facet normal 6.225262853286183e-14 -3.3305440760069396e-16 -1
outer loop
vertex 58.5466529049056 -36.20627970000001 -1.200000000000003
vertex 58.61364020301235 -34.62327974999934 -1.200000000000003
vertex 58.663630683345104 -34.55188594515607 -1.200000000000003
endloop
endfacet
facet normal 6.225262853286183e-14 -3.3305440760069396e-16 -1
outer loop
vertex 58.5466529049056 -36.20627970000001 -1.200000000000003
vertex 58.663630683345104 -34.55188594515607 -1.200000000000003
vertex 58.72525910006257 -34.49025752844083 -1.200000000000003
endloop
endfacet
facet normal 6.225262853286183e-14 -3.3305440760069396e-16 -1
outer loop
vertex 58.5466529049056 -36.20627970000001 -1.200000000000003
vertex 58.72525910006257 -34.49025752844083 -1.200000000000003
vertex 58.79665290490554 -34.440267048107835 -1.2000000000000033
endloop
endfacet
facet normal 6.225262853286183e-14 -3.3305440760069396e-16 -1
outer loop
vertex 58.5466529049056 -36.20627970000001 -1.200000000000003
vertex 58.79665290490554 -34.440267048107835 -1.2000000000000033
vertex 58.87564283324252 -34.403433439606694 -1.2000000000000028
endloop
endfacet
facet normal 6.225262853286183e-14 -3.3305440760069396e-16 -1
outer loop
vertex 58.5466529049056 -36.20627970000001 -1.200000000000003
vertex 58.87564283324252 -34.403433439606694 -1.2000000000000028
vertex 58.95982881607206 -34.38087587349388 -1.2000000000000028
endloop
endfacet
facet normal 6.225262853286183e-14 -3.3305440760069396e-16 -1
outer loop
vertex 58.5466529049056 -36.20627970000001 -1.200000000000003
vertex 58.95982881607206 -34.38087587349388 -1.2000000000000028
vertex 59.04665290490556 -34.373279750000535 -1.2000000000000028
endloop
endfacet
facet normal 6.225262853286183e-14 -3.3305440760069396e-16 -1
outer loop
vertex 58.5466529049056 -36.20627970000001 -1.200000000000003
vertex 59.04665290490556 -34.373279750000535 -1.2000000000000028
vertex 75.54665085490552 -34.373279499999704 -1.2000000000000013
endloop
endfacet
facet normal 6.225262853286183e-14 -3.3305440760069396e-16 -1
outer loop
vertex 58.5466529049056 -36.20627970000001 -1.200000000000003
vertex 75.54665085490552 -34.373279499999704 -1.2000000000000013
vertex 79.04665085490554 -34.37327944696969 -1.2000000000000004
endloop
endfacet
facet normal 6.225262853286183e-14 -3.3305440760069396e-16 -1
outer loop
vertex 58.5466529049056 -36.20627970000001 -1.200000000000003
vertex 79.04665085490554 -34.37327944696969 -1.2000000000000004
vertex 79.04665085490554 -36.20627970000016 -1.2000000000000004
endloop
endfacet
facet normal 2.220446049250313e-16 0 -1
outer loop
vertex 75.54665085490552 -34.373279499999704 -1.2000000000000013
vertex 75.72030108257248 -34.358087503012385 -1.2000000000000008
vertex 79.04665085490554 -34.35808750301222 -1.2000000000000004
endloop
endfacet
facet normal 2.220446049250313e-16 0 -1
outer loop
vertex 75.54665085490552 -34.373279499999704 -1.2000000000000013
vertex 79.04665085490554 -34.35808750301222 -1.2000000000000004
vertex 79.04665085490554 -34.37327944696969 -1.2000000000000004
endloop
endfacet
facet normal 2.220446049250313e-16 0 -1
outer loop
vertex 75.72030108257248 -34.358087503012385 -1.2000000000000008
vertex 75.88867304823118 -34.312972370785886 -1.2000000000000008
vertex 79.04665085490554 -34.31297237078592 -1.2000000000000004
endloop
endfacet
facet normal 2.220446049250313e-16 0 -1
outer loop
vertex 75.72030108257248 -34.358087503012385 -1.2000000000000008
vertex 79.04665085490554 -34.31297237078592 -1.2000000000000004
vertex 79.04665085490554 -34.35808750301222 -1.2000000000000004
endloop
endfacet
facet normal 2.220446049250313e-16 0 -1
outer loop
vertex 93.04665085490554 -34.40427819217117 -1.1999999999999988
vertex 93.04665085490554 -34.24463507937316 -1.1999999999999988
vertex 95.56020682678498 -34.244635079373346 -1.1999999999999984
endloop
endfacet
facet normal 2.220446049250313e-16 0 -1
outer loop
vertex 93.04665085490554 -34.40427819217117 -1.1999999999999988
vertex 95.56020682678498 -34.244635079373346 -1.1999999999999984
vertex 95.60050301181921 -34.40427819217121 -1.1999999999999988
endloop
endfacet
facet normal 2.220446049250313e-16 0 -1
outer loop
vertex 75.88867304823118 -34.312972370785886 -1.2000000000000008
vertex 76.04665290490593 -34.23930515378528 -1.2000000000000008
vertex 79.04665085490554 -34.23930515378441 -1.2000000000000004
endloop
endfacet
facet normal 2.220446049250313e-16 0 -1
outer loop
vertex 75.88867304823118 -34.312972370785886 -1.2000000000000008
vertex 79.04665085490554 -34.23930515378441 -1.2000000000000004
vertex 79.04665085490554 -34.31297237078592 -1.2000000000000004
endloop
endfacet
facet normal 2.220446049250313e-16 0 -1
outer loop
vertex 76.04665290490593 -34.23930515378528 -1.2000000000000008
vertex 76.189440514592 -34.13932419311888 -1.2000000000000008
vertex 79.04665085490554 -34.13932419311896 -1.2000000000000004
endloop
endfacet
facet normal 2.220446049250313e-16 0 -1
outer loop
vertex 76.04665290490593 -34.23930515378528 -1.2000000000000008
vertex 79.04665085490554 -34.13932419311896 -1.2000000000000004
vertex 79.04665085490554 -34.23930515378441 -1.2000000000000004
endloop
endfacet
facet normal 2.220446049250313e-16 0 -1
outer loop
vertex 93.04665085490554 -34.24463507937316 -1.1999999999999988
vertex 93.04665085490554 -34.0805473000003 -1.1999999999999988
vertex 95.5466508549054 -34.080547300000006 -1.1999999999999984
endloop
endfacet
facet normal 2.220446049250313e-16 0 -1
outer loop
vertex 93.04665085490554 -34.24463507937316 -1.1999999999999988
vertex 95.5466508549054 -34.080547300000006 -1.1999999999999984
vertex 95.56020682678498 -34.244635079373346 -1.1999999999999984
endloop
endfacet
facet normal 2.220446049250313e-16 0 -1
outer loop
vertex 76.189440514592 -34.13932419311888 -1.2000000000000008
vertex 76.31269734802444 -34.01606735968649 -1.2000000000000008
vertex 79.04665085490554 -34.016067359686524 -1.2000000000000004
endloop
endfacet
facet normal 2.220446049250313e-16 0 -1
outer loop
vertex 76.189440514592 -34.13932419311888 -1.2000000000000008
vertex 79.04665085490554 -34.016067359686524 -1.2000000000000004
vertex 79.04665085490554 -34.13932419311896 -1.2000000000000004
endloop
endfacet
facet normal 2.220446049250313e-16 0 -1
outer loop
vertex 76.31269734802444 -34.01606735968649 -1.2000000000000008
vertex 76.41267830868992 -33.87327974999998 -1.2000000000000008
vertex 79.04665085490554 -33.873279749999995 -1.2000000000000004
endloop
endfacet
facet normal 2.220446049250313e-16 0 -1
outer loop
vertex 76.31269734802444 -34.01606735968649 -1.2000000000000008
vertex 79.04665085490554 -33.873279749999995 -1.2000000000000004
vertex 79.04665085490554 -34.016067359686524 -1.2000000000000004
endloop
endfacet
facet normal 2.220446049250313e-16 0 -1
outer loop
vertex 76.41267830868992 -33.87327974999998 -1.2000000000000008
vertex 76.48634552569106 -33.715299893325515 -1.2000000000000013
vertex 79.04665085490554 -33.715299893325735 -1.2000000000000004
endloop
endfacet
facet normal 2.220446049250313e-16 0 -1
outer loop
vertex 76.41267830868992 -33.87327974999998 -1.2000000000000008
vertex 79.04665085490554 -33.715299893325735 -1.2000000000000004
vertex 79.04665085490554 -33.873279749999995 -1.2000000000000004
endloop
endfacet
facet normal 2.220446049250313e-16 0 -1
outer loop
vertex 76.48634552569106 -33.715299893325515 -1.2000000000000013
vertex 76.53146065791772 -33.54692792766694 -1.2000000000000013
vertex 79.04665085490554 -33.546927927666935 -1.2000000000000004
endloop
endfacet
facet normal 2.220446049250313e-16 0 -1
outer loop
vertex 76.48634552569106 -33.715299893325515 -1.2000000000000013
vertex 79.04665085490554 -33.546927927666935 -1.2000000000000004
vertex 79.04665085490554 -33.715299893325735 -1.2000000000000004
endloop
endfacet
facet normal 2.220446049250313e-16 0 -1
outer loop
vertex 76.53146065791772 -33.54692792766694 -1.2000000000000013
vertex 76.54665290490549 -33.37327975000001 -1.2000000000000013
vertex 79.04665085490554 -33.37327974999993 -1.2000000000000004
endloop
endfacet
facet normal 2.220446049250313e-16 0 -1
outer loop
vertex 76.53146065791772 -33.54692792766694 -1.2000000000000013
vertex 79.04665085490554 -33.37327974999993 -1.2000000000000004
vertex 79.04665085490554 -33.546927927666935 -1.2000000000000004
endloop
endfacet
facet normal 2.220446049250313e-16 0 -1
outer loop
vertex 93.04665085490554 -34.0805473000003 -1.1999999999999988
vertex 93.04665085490554 -30.7062794 -1.1999999999999988
vertex 95.54665227404162 -30.7062794 -1.1999999999999984
endloop
endfacet
facet normal 2.220446049250313e-16 0 -1
outer loop
vertex 93.04665085490554 -34.0805473000003 -1.1999999999999988
vertex 95.54665227404162 -30.7062794 -1.1999999999999984
vertex 95.5466508549054 -34.080547300000006 -1.1999999999999984
endloop
endfacet
facet normal 2.220446049250313e-16 0 -1
outer loop
vertex 76.54665290490549 -33.37327975000001 -1.2000000000000013
vertex 76.54665159284643 -30.7062794 -1.2000000000000008
vertex 79.04665085490554 -30.7062794 -1.2000000000000004
endloop
endfacet
facet normal 2.220446049250313e-16 0 -1
outer loop
vertex 76.54665290490549 -33.37327975000001 -1.2000000000000013
vertex 79.04665085490554 -30.7062794 -1.2000000000000004
vertex 79.04665085490554 -33.37327974999993 -1.2000000000000004
endloop
endfacet
facet normal 0 -1 0
outer loop
vertex 93.04665085490554 -30.7062794 -1.1999999999999988
vertex 79.04665085490554 -30.7062794 -1.2000000000000004
vertex 76.54665159284643 -30.7062794 -1.2000000000000008
endloop
endfacet
facet normal 0 -1 0
outer loop
vertex 93.04665085490554 -30.7062794 -1.1999999999999988
vertex 76.54665159284643 -30.7062794 -1.2000000000000008
vertex 76.54665085490568 -29.2062794 -1.2000000000000008
endloop
endfacet
facet normal 0 -1 0
outer loop
vertex 93.04665085490554 -30.7062794 -1.1999999999999988
vertex 76.54665085490568 -29.2062794 -1.2000000000000008
vertex 76.55424902839934 -29.11945561116653 -1.2000000000000013
endloop
endfacet
facet normal 0 -1 0
outer loop
vertex 93.04665085490554 -30.7062794 -1.1999999999999988
vertex 76.55424902839934 -29.11945561116653 -1.2000000000000013
vertex 76.57680659451256 -29.03526962833716 -1.2000000000000013
endloop
endfacet
facet normal 0 -1 0
outer loop
vertex 93.04665085490554 -30.7062794 -1.1999999999999988
vertex 76.57680659451256 -29.03526962833716 -1.2000000000000013
vertex 76.61364020301349 -28.956279700000103 -1.2000000000000013
endloop
endfacet
facet normal 0 -1 0
outer loop
vertex 93.04665085490554 -30.7062794 -1.1999999999999988
vertex 76.61364020301349 -28.956279700000103 -1.2000000000000013
vertex 76.6636306833461 -28.884885895156806 -1.2000000000000008
endloop
endfacet
facet normal 0 -1 0
outer loop
vertex 93.04665085490554 -30.7062794 -1.1999999999999988
vertex 76.6636306833461 -28.884885895156806 -1.2000000000000008
vertex 76.72525910006232 -28.82325747844059 -1.2000000000000008
endloop
endfacet
facet normal 0 -1 0
outer loop
vertex 93.04665085490554 -30.7062794 -1.1999999999999988
vertex 76.72525910006232 -28.82325747844059 -1.2000000000000008
vertex 76.79665290490544 -28.77326699810766 -1.2000000000000008
endloop
endfacet
facet normal 0 -1 0
outer loop
vertex 93.04665085490554 -30.7062794 -1.1999999999999988
vertex 76.79665290490544 -28.77326699810766 -1.2000000000000008
vertex 76.87564283324272 -28.73643338960712 -1.2000000000000013
endloop
endfacet
facet normal 0 -1 0
outer loop
vertex 93.04665085490554 -30.7062794 -1.1999999999999988
vertex 76.87564283324272 -28.73643338960712 -1.2000000000000013
vertex 76.95982881607205 -28.713875823493844 -1.2000000000000006
endloop
endfacet
facet normal 0 -1 0
outer loop
vertex 93.04665085490554 -30.7062794 -1.1999999999999988
vertex 76.95982881607205 -28.713875823493844 -1.2000000000000006
vertex 77.0466529049055 -28.706279699999875 -1.2000000000000006
endloop
endfacet
facet normal 0 -1 0
outer loop
vertex 93.04665085490554 -30.7062794 -1.1999999999999988
vertex 77.0466529049055 -28.706279699999875 -1.2000000000000006
vertex 95.04665085490552 -28.70627939999997 -1.1999999999999988
endloop
endfacet
facet normal 0 -1 0
outer loop
vertex 93.04665085490554 -30.7062794 -1.1999999999999988
vertex 95.04665085490552 -28.70627939999997 -1.1999999999999988
vertex 95.13347699373897 -28.71387582349417 -1.1999999999999988
endloop
endfacet
facet normal 0 -1 0
outer loop
vertex 93.04665085490554 -30.7062794 -1.1999999999999988
vertex 95.13347699373897 -28.71387582349417 -1.1999999999999988
vertex 95.21766297656836 -28.736433389607015 -1.1999999999999988
endloop
endfacet
facet normal 0 -1 0
outer loop
vertex 93.04665085490554 -30.7062794 -1.1999999999999988
vertex 95.21766297656836 -28.736433389607015 -1.1999999999999988
vertex 95.29665290490547 -28.77326699810787 -1.1999999999999988
endloop
endfacet
facet normal 0 -1 0
outer loop
vertex 93.04665085490554 -30.7062794 -1.1999999999999988
vertex 95.29665290490547 -28.77326699810787 -1.1999999999999988
vertex 95.36804670974874 -28.82325747844058 -1.1999999999999984
endloop
endfacet
facet normal 0 -1 0
outer loop
vertex 93.04665085490554 -30.7062794 -1.1999999999999988
vertex 95.36804670974874 -28.82325747844058 -1.1999999999999984
vertex 95.42967512646504 -28.8848858951567 -1.1999999999999984
endloop
endfacet
facet normal 0 -1 0
outer loop
vertex 93.04665085490554 -30.7062794 -1.1999999999999988
vertex 95.42967512646504 -28.8848858951567 -1.1999999999999984
vertex 95.4796656067977 -28.95627970000004 -1.1999999999999984
endloop
endfacet
facet normal 0 -1 0
outer loop
vertex 93.04665085490554 -30.7062794 -1.1999999999999988
vertex 95.4796656067977 -28.95627970000004 -1.1999999999999984
vertex 95.5164992152986 -29.03526962833711 -1.1999999999999988
endloop
endfacet
facet normal 0 -1 0
outer loop
vertex 93.04665085490554 -30.7062794 -1.1999999999999988
vertex 95.5164992152986 -29.03526962833711 -1.1999999999999988
vertex 95.53905678141165 -29.11945561116653 -1.1999999999999988
endloop
endfacet
facet normal 0 -1 0
outer loop
vertex 93.04665085490554 -30.7062794 -1.1999999999999988
vertex 95.53905678141165 -29.11945561116653 -1.1999999999999988
vertex 95.54665290490534 -29.20627970000001 -1.1999999999999988
endloop
endfacet
facet normal 0 -1 0
outer loop
vertex 93.04665085490554 -30.7062794 -1.1999999999999988
vertex 95.54665290490534 -29.20627970000001 -1.1999999999999988
vertex 95.54665227404162 -30.7062794 -1.1999999999999984
endloop
endfacet
facet normal 0.08715574269062643 0.9961946980967351 0
outer loop
vertex 111.3291642549056 -86.56866140000001 -1.1999999999999966
vertex 97.38243845490561 -85.34848100000002 -1.1999999999999982
vertex 97.38243845490551 -85.348481 1.7325012108998028e-15
endloop
endfacet
facet normal 0.08715574269062643 0.9961946980967351 0
outer loop
vertex 111.3291642549056 -86.56866140000001 -1.1999999999999966
vertex 97.38243845490551 -85.348481 1.7325012108998028e-15
vertex 111.32916425490554 -86.5686614 3.440482521855387e-15
endloop
endfacet
facet normal 0 0 -1
outer loop
vertex 97.38243845490561 -85.34848100000002 -1.1999999999999982
vertex 97.46775753075275 -84.3732795 -1.1999999999999982
vertex 97.96355579537612 -78.7062794 -1.1999999999999982
endloop
endfacet
facet normal 0 0 -1
outer loop
vertex 97.38243845490561 -85.34848100000002 -1.1999999999999982
vertex 97.96355579537612 -78.7062794 -1.1999999999999982
vertex 98.60261885490554 -71.4017552 -1.1999999999999982
endloop
endfacet
facet normal 0 0 -1
outer loop
vertex 97.38243845490561 -85.34848100000002 -1.1999999999999982
vertex 98.60261885490554 -71.4017552 -1.1999999999999982
vertex 98.60261885490553 -71.4017552 1.881930213024039e-15
endloop
endfacet
facet normal 0 0 -1
outer loop
vertex 97.38243845490561 -85.34848100000002 -1.1999999999999982
vertex 98.60261885490553 -71.4017552 1.881930213024039e-15
vertex 97.96355579537612 -78.7062794 1.8036675599934387e-15
endloop
endfacet
facet normal 0 0 -1
outer loop
vertex 97.38243845490561 -85.34848100000002 -1.1999999999999982
vertex 97.96355579537612 -78.7062794 1.8036675599934387e-15
vertex 97.46775753075273 -84.3732795 1.742949784214054e-15
endloop
endfacet
facet normal 0 0 -1
outer loop
vertex 97.38243845490561 -85.34848100000002 -1.1999999999999982
vertex 97.46775753075273 -84.3732795 1.742949784214054e-15
vertex 97.38243845490551 -85.348481 1.7325012108998028e-15
endloop
endfacet
facet normal 0 0 -1
outer loop
vertex 98.86408608325995 -68.41317110248067 -1.199999999999998
vertex 99.18839708393148 -64.7062794 -1.199999999999998
vertex 99.45086307534085 -61.7062794 -1.199999999999998
endloop
endfacet
facet normal 0 0 -1
outer loop
vertex 98.86408608325995 -68.41317110248067 -1.199999999999998
vertex 99.45086307534085 -61.7062794 -1.199999999999998
vertex 100.08426648325997 -54.46644530248071 -1.199999999999998
endloop
endfacet
facet normal 0 0 -1
outer loop
vertex 98.86408608325995 -68.41317110248067 -1.199999999999998
vertex 100.08426648325997 -54.46644530248071 -1.199999999999998
vertex 100.08426648325995 -54.46644530248071 2.06337971557689e-15
endloop
endfacet
facet normal 0 0 -1
outer loop
vertex 98.86408608325995 -68.41317110248067 -1.199999999999998
vertex 100.08426648325995 -54.46644530248071 2.06337971557689e-15
vertex 99.45086307147533 -61.7062794 1.9858101694957844e-15
endloop
endfacet
facet normal 0 0 -1
outer loop
vertex 98.86408608325995 -68.41317110248067 -1.199999999999998
vertex 99.45086307147533 -61.7062794 1.9858101694957844e-15
vertex 99.18839708393148 -64.7062794 1.953667356342722e-15
endloop
endfacet
facet normal 0 0 -1
outer loop
vertex 98.86408608325995 -68.41317110248067 -1.199999999999998
vertex 99.18839708393148 -64.7062794 1.953667356342722e-15
vertex 98.86408608325993 -68.41317110248067 1.913950713452654e-15
endloop
endfacet
facet normal -5.0123619883719156e-8 4.385248528602511e-9 0.9999999999999988
outer loop
vertex 100.34573371161437 -51.4778612049614 -1.199999999999998
vertex 100.67570436858458 -47.7062794 -1.1999999999999977
vertex 100.93817035999396 -44.7062794 -1.1999999999999977
endloop
endfacet
facet normal -5.0123619883719156e-8 4.385248528602511e-9 0.9999999999999988
outer loop
vertex 100.34573371161437 -51.4778612049614 -1.199999999999998
vertex 100.93817035999396 -44.7062794 -1.1999999999999977
vertex 101.56591411161438 -37.5311354049614 -1.1999999999999977
endloop
endfacet
facet normal -5.0123619883719156e-8 4.385248528602511e-9 0.9999999999999988
outer loop
vertex 100.34573371161437 -51.4778612049614 -1.199999999999998
vertex 101.56591411161438 -37.5311354049614 -1.1999999999999977
vertex 101.56591411161438 -37.53113540496139 2.244829218129741e-15
endloop
endfacet
facet normal -5.0123619883719156e-8 4.385248528602511e-9 0.9999999999999988
outer loop
vertex 100.34573371161437 -51.4778612049614 -1.199999999999998
vertex 101.56591411161438 -37.53113540496139 2.244829218129741e-15
vertex 100.93817033422381 -44.7062794 2.167952777363139e-15
endloop
endfacet
facet normal -5.0123619883719156e-8 4.385248528602511e-9 0.9999999999999988
outer loop
vertex 100.34573371161437 -51.4778612049614 -1.199999999999998
vertex 100.93817033422381 -44.7062794 2.167952777363139e-15
vertex 100.67570434667995 -47.7062794 2.135809964210075e-15
endloop
endfacet
facet normal -5.0123619883719156e-8 4.385248528602511e-9 0.9999999999999988
outer loop
vertex 100.34573371161437 -51.4778612049614 -1.199999999999998
vertex 100.67570434667995 -47.7062794 2.135809964210075e-15
vertex 100.34573369899942 -51.4778612049614 2.0954002144606215e-15
endloop
endfacet
facet normal -0.08715574269062643 -0.9961946980967351 0
outer loop
vertex 98.60261885490554 -71.4017552 -1.1999999999999982
vertex 112.54934465490552 -72.62193559999997 -1.1999999999999964
vertex 112.54934465490554 -72.6219356 3.589911523979621e-15
endloop
endfacet
facet normal -0.08715574269062643 -0.9961946980967351 0
outer loop
vertex 98.60261885490554 -71.4017552 -1.1999999999999982
vertex 112.54934465490554 -72.6219356 3.589911523979621e-15
vertex 98.60261885490553 -71.4017552 1.881930213024039e-15
endloop
endfacet
facet normal -0.9961946980967364 0.08715574269061217 0
outer loop
vertex 115.51263994180152 -38.75131580496139 -1.199999999999996
vertex 114.29245951161433 -52.69804160496139 -1.1999999999999962
vertex 114.29245950943732 -52.69804160496139 3.803381526694475e-15
endloop
endfacet
facet normal -0.9961946980967364 0.08715574269061217 0
outer loop
vertex 115.51263994180152 -38.75131580496139 -1.199999999999996
vertex 114.29245950943732 -52.69804160496139 3.803381526694475e-15
vertex 115.51263991161431 -38.751315804961386 3.952810529085315e-15
endloop
endfacet
facet normal 8.33650487715433e-8 -7.293496771286356e-9 -0.9999999999999964
outer loop
vertex 114.03099229835354 -55.6866257024807 -1.1999999999999962
vertex 113.72671169741366 -59.164568852802184 -1.1999999999999962
vertex 112.81081188325993 -69.63335150248068 -1.1999999999999964
endloop
endfacet
facet normal 8.33650487715433e-8 -7.293496771286356e-9 -0.9999999999999964
outer loop
vertex 114.03099229835354 -55.6866257024807 -1.1999999999999962
vertex 112.81081188325993 -69.63335150248068 -1.1999999999999964
vertex 112.8108118829334 -69.63335150248068 3.621932024368244e-15
endloop
endfacet
facet normal 8.33650487715433e-8 -7.293496771286356e-9 -0.9999999999999964
outer loop
vertex 114.03099229835354 -55.6866257024807 -1.1999999999999962
vertex 112.8108118829334 -69.63335150248068 3.621932024368244e-15
vertex 113.72671168394936 -59.164568852802184 3.734097400333635e-15
endloop
endfacet
facet normal 8.33650487715433e-8 -7.293496771286356e-9 -0.9999999999999964
outer loop
vertex 114.03099229835354 -55.6866257024807 -1.1999999999999962
vertex 113.72671168394936 -59.164568852802184 3.734097400333635e-15
vertex 114.03099228325993 -55.6866257024807 3.7713610265324684e-15
endloop
endfacet
facet normal 0 0 -1
outer loop
vertex 112.54934465490552 -72.62193559999997 -1.1999999999999964
vertex 112.54360584890347 -72.68753045280216 -1.1999999999999964
vertex 112.29008317508436 -75.58530787640106 -1.1999999999999964
endloop
endfacet
facet normal 0 0 -1
outer loop
vertex 112.54934465490552 -72.62193559999997 -1.1999999999999964
vertex 112.29008317508436 -75.58530787640106 -1.1999999999999964
vertex 111.3291642549056 -86.56866140000001 -1.1999999999999966
endloop
endfacet
facet normal 0 0 -1
outer loop
vertex 112.54934465490552 -72.62193559999997 -1.1999999999999964
vertex 111.3291642549056 -86.56866140000001 -1.1999999999999966
vertex 111.32916425490554 -86.5686614 3.440482521855387e-15
endloop
endfacet
facet normal 0 0 -1
outer loop
vertex 112.54934465490552 -72.62193559999997 -1.1999999999999964
vertex 111.32916425490554 -86.5686614 3.440482521855387e-15
vertex 112.29008317508436 -75.58530787640106 3.558161149839101e-15
endloop
endfacet
facet normal 0 0 -1
outer loop
vertex 112.54934465490552 -72.62193559999997 -1.1999999999999964
vertex 112.29008317508436 -75.58530787640106 3.558161149839101e-15
vertex 112.54360584890347 -72.68753045280216 3.589208722939485e-15
endloop
endfacet
facet normal 0 0 -1
outer loop
vertex 112.54934465490552 -72.62193559999997 -1.1999999999999964
vertex 112.54360584890347 -72.68753045280216 3.589208722939485e-15
vertex 112.54934465490554 -72.6219356 3.589911523979621e-15
endloop
endfacet
facet normal 0.08715574269062643 0.9961946980967351 0
outer loop
vertex 112.81081188325993 -69.63335150248068 -1.1999999999999964
vertex 98.86408608325995 -68.41317110248067 -1.199999999999998
vertex 98.86408608325993 -68.41317110248067 1.913950713452654e-15
endloop
endfacet
facet normal 0.08715574269062643 0.9961946980967351 0
outer loop
vertex 112.81081188325993 -69.63335150248068 -1.1999999999999964
vertex 98.86408608325993 -68.41317110248067 1.913950713452654e-15
vertex 112.8108118829334 -69.63335150248068 3.621932024368244e-15
endloop
endfacet
facet normal 1.0314061758752231e-9 1.1789028011991442e-8 0.9999999999999999
outer loop
vertex 100.08426648325997 -54.46644530248071 -1.199999999999998
vertex 105.26885198160764 -54.920037758367954 -1.1999999999999973
vertex 114.03099229835354 -55.6866257024807 -1.1999999999999962
endloop
endfacet
facet normal 1.0314061758752231e-9 1.1789028011991442e-8 0.9999999999999999
outer loop
vertex 100.08426648325997 -54.46644530248071 -1.199999999999998
vertex 114.03099229835354 -55.6866257024807 -1.1999999999999962
vertex 114.03099228325993 -55.6866257024807 3.7713610265324684e-15
endloop
endfacet
facet normal 1.0314061758752231e-9 1.1789028011991442e-8 0.9999999999999999
outer loop
vertex 100.08426648325997 -54.46644530248071 -1.199999999999998
vertex 114.03099228325993 -55.6866257024807 3.7713610265324684e-15
vertex 100.08426648325995 -54.46644530248071 2.06337971557689e-15
endloop
endfacet
facet normal 0.08715574269062643 0.9961946980967351 0
outer loop
vertex 114.29245951161433 -52.69804160496139 -1.1999999999999962
vertex 100.34573371161437 -51.4778612049614 -1.199999999999998
vertex 100.34573369899942 -51.4778612049614 2.0954002144606215e-15
endloop
endfacet
facet normal 0.08715574269062643 0.9961946980967351 0
outer loop
vertex 114.29245951161433 -52.69804160496139 -1.1999999999999962
vertex 100.34573369899942 -51.4778612049614 2.0954002144606215e-15
vertex 114.29245950943732 -52.69804160496139 3.803381526694475e-15
endloop
endfacet
facet normal -0.08715574269062643 -0.9961946980967351 0
outer loop
vertex 101.56591411161438 -37.5311354049614 -1.1999999999999977
vertex 115.51263994180152 -38.75131580496139 -1.199999999999996
vertex 115.51263991161431 -38.751315804961386 3.952810529085315e-15
endloop
endfacet
facet normal -0.08715574269062643 -0.9961946980967351 0
outer loop
vertex 101.56591411161438 -37.5311354049614 -1.1999999999999977
vertex 115.51263991161431 -38.751315804961386 3.952810529085315e-15
vertex 101.56591411161438 -37.53113540496139 2.244829218129741e-15
endloop
endfacet
facet normal 0.0026413168273367654 0.009857528707317861 -0.9999479249306947
outer loop
vertex 125.82065625490554 -109.1524751 -1.1999999999999948
vertex 117.79620951473962 -107.00233110000002 -1.1999999999999957
vertex 117.71734517821528 -106.98119946494997 -1.1999999999999957
endloop
endfacet
facet normal 0.0026413168273367654 0.009857528707317861 -0.9999479249306947
outer loop
vertex 125.82065625490554 -109.1524751 -1.1999999999999948
vertex 117.71734517821528 -106.98119946494997 -1.1999999999999957
vertex 117.67582887626985 -106.97007520549376 -1.1999999999999957
endloop
endfacet
facet normal 0.0026413168273367654 0.009857528707317861 -0.9999479249306947
outer loop
vertex 125.82065625490554 -109.1524751 -1.1999999999999948
vertex 117.67582887626985 -106.97007520549376 -1.1999999999999957
vertex 117.67207945088165 -106.96907055 -1.1999999999999957
endloop
endfacet
facet normal 0.0026413168273367654 0.009857528707317861 -0.9999479249306947
outer loop
vertex 125.82065625490554 -109.1524751 -1.1999999999999948
vertex 117.67207945088165 -106.96907055 -1.1999999999999957
vertex 112.29769465490551 -105.52900849999999 -1.1999999999999964
endloop
endfacet
facet normal 0.0026413168273367654 0.009857528707317861 -0.9999479249306947
outer loop
vertex 125.82065625490554 -109.1524751 -1.1999999999999948
vertex 112.29769465490551 -105.52900849999999 -1.1999999999999964
vertex 112.29769465490554 -105.52900849999999 3.559093287279077e-15
endloop
endfacet
facet normal 0.0026413168273367654 0.009857528707317861 -0.9999479249306947
outer loop
vertex 125.82065625490554 -109.1524751 -1.1999999999999948
vertex 112.29769465490554 -105.52900849999999 3.559093287279077e-15
vertex 117.97932408245444 -107.0513965 4.254892216517996e-15
endloop
endfacet
facet normal 0.0026413168273367654 0.009857528707317861 -0.9999479249306947
outer loop
vertex 125.82065625490554 -109.1524751 -1.1999999999999948
vertex 117.97932408245444 -107.0513965 4.254892216517996e-15
vertex 122.15148337204602 -108.1693232 4.765834368471115e-15
endloop
endfacet
facet normal 0.0026413168273367654 0.009857528707317861 -0.9999479249306947
outer loop
vertex 125.82065625490554 -109.1524751 -1.1999999999999948
vertex 122.15148337204602 -108.1693232 4.765834368471115e-15
vertex 125.82065625490553 -109.1524751 5.215178451122334e-15
endloop
endfacet
facet normal -0.0032761298540720757 0.000877836339008214 0.9999942481717288
outer loop
vertex 112.29769465490551 -105.52900849999999 -1.1999999999999964
vertex 115.58407016183631 -93.264088 -1.199999999999996
vertex 115.92116125490554 -92.00604689999996 -1.199999999999996
endloop
endfacet
facet normal -0.0032761298540720757 0.000877836339008214 0.9999942481717288
outer loop
vertex 112.29769465490551 -105.52900849999999 -1.1999999999999964
vertex 115.92116125490554 -92.00604689999996 -1.199999999999996
vertex 115.92116125490554 -92.00604689999994 4.002839964629813e-15
endloop
endfacet
facet normal -0.0032761298540720757 0.000877836339008214 0.9999942481717288
outer loop
vertex 112.29769465490551 -105.52900849999999 -1.1999999999999964
vertex 115.92116125490554 -92.00604689999994 4.002839964629813e-15
vertex 115.58407016183631 -93.264088 3.9615582118149796e-15
endloop
endfacet
facet normal -0.0032761298540720757 0.000877836339008214 0.9999942481717288
outer loop
vertex 112.29769465490551 -105.52900849999999 -1.1999999999999964
vertex 115.58407016183631 -93.264088 3.9615582118149796e-15
vertex 112.29769465490554 -105.52900849999999 3.559093287279077e-15
endloop
endfacet
facet normal -0.004904690615787348 0.0013142078751179561 0.9999871083507149
outer loop
vertex 116.69761836683318 -89.10826947640112 -1.199999999999996
vertex 117.20725506619134 -87.2062794 -1.1999999999999957
vertex 117.37810429248498 -86.56866140000001 -1.1999999999999957
endloop
endfacet
facet normal -0.004904690615787348 0.0013142078751179561 0.9999871083507149
outer loop
vertex 116.69761836683318 -89.10826947640112 -1.199999999999996
vertex 117.37810429248498 -86.56866140000001 -1.1999999999999957
vertex 120.32108496683321 -75.58530787640106 -1.1999999999999955
endloop
endfacet
facet normal -0.004904690615787348 0.0013142078751179561 0.9999871083507149
outer loop
vertex 116.69761836683318 -89.10826947640112 -1.199999999999996
vertex 120.32108496683321 -75.58530787640106 -1.1999999999999955
vertex 120.32108496683321 -75.58530787640106 4.541675213660289e-15
endloop
endfacet
facet normal -0.004904690615787348 0.0013142078751179561 0.9999871083507149
outer loop
vertex 116.69761836683318 -89.10826947640112 -1.199999999999996
vertex 120.32108496683321 -75.58530787640106 4.541675213660289e-15
vertex 117.37810429248499 -86.5686614 4.1812640273809815e-15
endloop
endfacet
facet normal -0.004904690615787348 0.0013142078751179561 0.9999871083507149
outer loop
vertex 116.69761836683318 -89.10826947640112 -1.199999999999996
vertex 117.37810429248499 -86.5686614 4.1812640273809815e-15
vertex 117.20725506619134 -87.2062794 4.160341031569249e-15
endloop
endfacet
facet normal -0.004904690615787348 0.0013142078751179561 0.9999871083507149
outer loop
vertex 116.69761836683318 -89.10826947640112 -1.199999999999996
vertex 117.20725506619134 -87.2062794 4.160341031569249e-15
vertex 116.69761836683318 -89.10826947640112 4.097928536309552e-15
endloop
endfacet
facet normal 0 0 1
outer loop
vertex 121.09754207876087 -72.68753045280216 -1.1999999999999953
vertex 121.11511816640285 -72.62193559999997 -1.1999999999999953
vertex 121.44206451559418 -71.4017552 -1.1999999999999953
endloop
endfacet
facet normal 0 0 1
outer loop
vertex 121.09754207876087 -72.68753045280216 -1.1999999999999953
vertex 121.44206451559418 -71.4017552 -1.1999999999999953
vertex 121.91590685300625 -69.63335150248068 -1.1999999999999953
endloop
endfacet
facet normal 0 0 1
outer loop
vertex 121.09754207876087 -72.68753045280216 -1.1999999999999953
vertex 121.91590685300625 -69.63335150248068 -1.1999999999999953
vertex 124.72100867876088 -59.164568852802184 -1.1999999999999948
endloop
endfacet
facet normal 0 0 1
outer loop
vertex 121.09754207876087 -72.68753045280216 -1.1999999999999953
vertex 124.72100867876088 -59.164568852802184 -1.1999999999999948
vertex 124.72100867876085 -59.164568852802184 5.080510462690762e-15
endloop
endfacet
facet normal 0 0 1
outer loop
vertex 121.09754207876087 -72.68753045280216 -1.1999999999999953
vertex 124.72100867876085 -59.164568852802184 5.080510462690762e-15
vertex 121.91590685300625 -69.63335150248068 4.736984565471485e-15
endloop
endfacet
facet normal 0 0 1
outer loop
vertex 121.09754207876087 -72.68753045280216 -1.1999999999999953
vertex 121.91590685300625 -69.63335150248068 4.736984565471485e-15
vertex 121.44206451559418 -71.4017552 4.678955615290264e-15
endloop
endfacet
facet normal 0 0 1
outer loop
vertex 121.09754207876087 -72.68753045280216 -1.1999999999999953
vertex 121.44206451559418 -71.4017552 4.678955615290264e-15
vertex 121.11511816640284 -72.6219356 4.638916235287256e-15
endloop
endfacet
facet normal 0 0 1
outer loop
vertex 121.09754207876087 -72.68753045280216 -1.1999999999999953
vertex 121.11511816640284 -72.6219356 4.638916235287256e-15
vertex 121.09754207876088 -72.68753045280216 4.636763785340029e-15
endloop
endfacet
facet normal 0.003078062081445959 0.01148748420360978 -0.9999292791195259
outer loop
vertex 115.92116125490554 -92.00604689999996 -1.199999999999996
vertex 118.6294701616327 -92.7317360764011 -1.1999999999999955
vertex 129.44412285490552 -95.6295135 -1.1999999999999944
endloop
endfacet
facet normal 0.003078062081445959 0.01148748420360978 -0.9999292791195259
outer loop
vertex 115.92116125490554 -92.00604689999996 -1.199999999999996
vertex 129.44412285490552 -95.6295135 -1.1999999999999944
vertex 129.44412285490554 -95.6295135 5.658925128473069e-15
endloop
endfacet
facet normal 0.003078062081445959 0.01148748420360978 -0.9999292791195259
outer loop
vertex 115.92116125490554 -92.00604689999996 -1.199999999999996
vertex 129.44412285490554 -95.6295135 5.658925128473069e-15
vertex 118.6294701616327 -92.7317360764011 4.334512148002379e-15
endloop
endfacet
facet normal 0.003078062081445959 0.01148748420360978 -0.9999292791195259
outer loop
vertex 115.92116125490554 -92.00604689999996 -1.199999999999996
vertex 118.6294701616327 -92.7317360764011 4.334512148002379e-15
vertex 115.92116125490554 -92.00604689999994 4.002839964629813e-15
endloop
endfacet
facet normal -0.965925827003297 0.2588190424369829 0
outer loop
vertex 138.24397027876088 -62.7880354528021 -1.1999999999999933
vertex 134.62050367876088 -76.31099705280216 -1.1999999999999937
vertex 134.62050367876088 -76.31099705280215 6.292848949183286e-15
endloop
endfacet
facet normal -0.965925827003297 0.2588190424369829 0
outer loop
vertex 138.24397027876088 -62.7880354528021 -1.1999999999999933
vertex 134.62050367876088 -76.31099705280215 6.292848949183286e-15
vertex 138.24397027876088 -62.7880354528021 6.736595626534022e-15
endloop
endfacet
facet normal -0.965925827003297 0.2588190424369829 0
outer loop
vertex 133.8440465668332 -79.20877447640105 -1.1999999999999937
vertex 130.22057996683318 -92.7317360764011 -1.1999999999999942
vertex 130.2205799668332 -92.7317360764011 5.754013700152809e-15
endloop
endfacet
facet normal -0.965925827003297 0.2588190424369829 0
outer loop
vertex 133.8440465668332 -79.20877447640105 -1.1999999999999937
vertex 130.2205799668332 -92.7317360764011 5.754013700152809e-15
vertex 133.8440465668332 -79.20877447640103 6.197760377503545e-15
endloop
endfacet
facet normal -0.965925827003297 0.2588190424369829 0
outer loop
vertex 129.44412285490552 -95.6295135 -1.1999999999999944
vertex 125.82065625490554 -109.1524751 -1.1999999999999948
vertex 125.82065625490553 -109.1524751 5.215178451122334e-15
endloop
endfacet
facet normal -0.965925827003297 0.2588190424369829 0
outer loop
vertex 129.44412285490552 -95.6295135 -1.1999999999999944
vertex 125.82065625490553 -109.1524751 5.215178451122334e-15
vertex 129.44412285490554 -95.6295135 5.658925128473069e-15
endloop
endfacet
facet normal 0.0026890708730545115 0.010035749234171656 0.9999460248609164
outer loop
vertex 130.22057996683318 -92.7317360764011 -1.1999999999999942
vertex 127.51227106010606 -92.00604689999996 -1.1999999999999946
vertex 116.69761836683318 -89.10826947640112 -1.199999999999996
endloop
endfacet
facet normal 0.0026890708730545115 0.010035749234171656 0.9999460248609164
outer loop
vertex 130.22057996683318 -92.7317360764011 -1.1999999999999942
vertex 116.69761836683318 -89.10826947640112 -1.199999999999996
vertex 116.69761836683318 -89.10826947640112 4.097928536309552e-15
endloop
endfacet
facet normal 0.0026890708730545115 0.010035749234171656 0.9999460248609164
outer loop
vertex 130.22057996683318 -92.7317360764011 -1.1999999999999942
vertex 116.69761836683318 -89.10826947640112 4.097928536309552e-15
vertex 127.512271060106 -92.00604689999994 5.422341516780236e-15
endloop
endfacet
facet normal 0.0026890708730545115 0.010035749234171656 0.9999460248609164
outer loop
vertex 130.22057996683318 -92.7317360764011 -1.1999999999999942
vertex 127.512271060106 -92.00604689999994 5.422341516780236e-15
vertex 130.2205799668332 -92.7317360764011 5.754013700152809e-15
endloop
endfacet
facet normal 0.0033363426492922033 0.012451400416059896 -0.9999169122709174
outer loop
vertex 120.32108496683321 -75.58530787640106 -1.1999999999999955
vertex 123.02939387356024 -76.31099705280216 -1.199999999999995
vertex 133.8440465668332 -79.20877447640105 -1.1999999999999937
endloop
endfacet
facet normal 0.0033363426492922033 0.012451400416059896 -0.9999169122709174
outer loop
vertex 120.32108496683321 -75.58530787640106 -1.1999999999999955
vertex 133.8440465668332 -79.20877447640105 -1.1999999999999937
vertex 133.8440465668332 -79.20877447640103 6.197760377503545e-15
endloop
endfacet
facet normal 0.0033363426492922033 0.012451400416059896 -0.9999169122709174
outer loop
vertex 120.32108496683321 -75.58530787640106 -1.1999999999999955
vertex 133.8440465668332 -79.20877447640103 6.197760377503545e-15
vertex 123.02939387356017 -76.31099705280215 4.873347397032833e-15
endloop
endfacet
facet normal 0.0033363426492922033 0.012451400416059896 -0.9999169122709174
outer loop
vertex 120.32108496683321 -75.58530787640106 -1.1999999999999955
vertex 123.02939387356017 -76.31099705280215 4.873347397032833e-15
vertex 120.32108496683321 -75.58530787640106 4.541675213660289e-15
endloop
endfacet
facet normal -0.01010588215056147 -0.03771566605751709 0.9992374090674332
outer loop
vertex 134.62050367876088 -76.31099705280216 -1.1999999999999937
vertex 131.9121947720339 -75.58530787640106 -1.199999999999994
vertex 121.09754207876087 -72.68753045280216 -1.1999999999999953
endloop
endfacet
facet normal -0.01010588215056147 -0.03771566605751709 0.9992374090674332
outer loop
vertex 134.62050367876088 -76.31099705280216 -1.1999999999999937
vertex 121.09754207876087 -72.68753045280216 -1.1999999999999953
vertex 121.09754207876088 -72.68753045280216 4.636763785340029e-15
endloop
endfacet
facet normal -0.01010588215056147 -0.03771566605751709 0.9992374090674332
outer loop
vertex 134.62050367876088 -76.31099705280216 -1.1999999999999937
vertex 121.09754207876088 -72.68753045280216 4.636763785340029e-15
vertex 131.9121947720339 -75.58530787640106 5.961176765810741e-15
endloop
endfacet
facet normal -0.01010588215056147 -0.03771566605751709 0.9992374090674332
outer loop
vertex 134.62050367876088 -76.31099705280216 -1.1999999999999937
vertex 131.9121947720339 -75.58530787640106 5.961176765810741e-15
vertex 134.62050367876088 -76.31099705280215 6.292848949183286e-15
endloop
endfacet
facet normal -0.25881904243695436 -0.9659258270033046 0
outer loop
vertex 124.72100867876088 -59.164568852802184 -1.1999999999999948
vertex 138.24397027876088 -62.7880354528021 -1.1999999999999933
vertex 138.24397027876088 -62.7880354528021 6.736595626534022e-15
endloop
endfacet
facet normal -0.25881904243695436 -0.9659258270033046 0
outer loop
vertex 124.72100867876088 -59.164568852802184 -1.1999999999999948
vertex 138.24397027876088 -62.7880354528021 6.736595626534022e-15
vertex 124.72100867876085 -59.164568852802184 5.080510462690762e-15
endloop
endfacet
facet normal 0 1 0
outer loop
vertex 79.04665085490554 -78.7062794 -1.2000000000000004
vertex 79.04665085490554 -78.7062794 -5.129851485187671e-16
vertex 93.04665085490554 -78.7062794 1.2015203702875274e-15
endloop
endfacet
facet normal 0 1 0
outer loop
vertex 79.04665085490554 -78.7062794 -1.2000000000000004
vertex 93.04665085490554 -78.7062794 1.2015203702875274e-15
vertex 93.04665085490554 -78.7062794 -1.1999999999999988
endloop
endfacet
facet normal 1 0 0
outer loop
vertex 79.04665085490554 -70.3732795 -1.2000000000000004
vertex 79.04665085490554 -70.2062794 -1.2000000000000004
vertex 79.04665085490554 -67.3732795 -1.2000000000000004
endloop
endfacet
facet normal 1 0 0
outer loop
vertex 79.04665085490554 -70.3732795 -1.2000000000000004
vertex 79.04665085490554 -67.3732795 -1.2000000000000004
vertex 79.04665085490554 -64.7062794 -1.2000000000000004
endloop
endfacet
facet normal 1 0 0
outer loop
vertex 79.04665085490554 -70.3732795 -1.2000000000000004
vertex 79.04665085490554 -64.7062794 -1.2000000000000004
vertex 79.04665085490554 -64.7062794 -5.129851485187671e-16
endloop
endfacet
facet normal 1 0 0
outer loop
vertex 79.04665085490554 -70.3732795 -1.2000000000000004
vertex 79.04665085490554 -64.7062794 -5.129851485187671e-16
vertex 79.04665085490554 -67.3732795 -5.129851485187671e-16
endloop
endfacet
facet normal 1 0 0
outer loop
vertex 79.04665085490554 -70.3732795 -1.2000000000000004
vertex 79.04665085490554 -67.3732795 -5.129851485187671e-16
vertex 79.04665085490554 -70.2062794 -5.129851485187671e-16
endloop
endfacet
facet normal 1 0 0
outer loop
vertex 79.04665085490554 -70.3732795 -1.2000000000000004
vertex 79.04665085490554 -70.2062794 -5.129851485187671e-16
vertex 79.04665085490554 -70.3732795 -5.129851485187671e-16
endloop
endfacet
facet normal 1 0 0
outer loop
vertex 79.04665085490554 -70.3732795 -1.2000000000000004
vertex 79.04665085490554 -70.3732795 -5.129851485187671e-16
vertex 79.04665085490554 -78.7062794 -5.129851485187671e-16
endloop
endfacet
facet normal 1 0 0
outer loop
vertex 79.04665085490554 -70.3732795 -1.2000000000000004
vertex 79.04665085490554 -78.7062794 -5.129851485187671e-16
vertex 79.04665085490554 -78.7062794 -1.2000000000000004
endloop
endfacet
facet normal 1 0 0
outer loop
vertex 79.04665085490554 -53.3732795 -1.2000000000000004
vertex 79.04665085490554 -53.2062794 -1.2000000000000004
vertex 79.04665085490554 -50.3732795 -1.2000000000000004
endloop
endfacet
facet normal 1 0 0
outer loop
vertex 79.04665085490554 -53.3732795 -1.2000000000000004
vertex 79.04665085490554 -50.3732795 -1.2000000000000004
vertex 79.04665085490554 -47.7062794 -1.2000000000000004
endloop
endfacet
facet normal 1 0 0
outer loop
vertex 79.04665085490554 -53.3732795 -1.2000000000000004
vertex 79.04665085490554 -47.7062794 -1.2000000000000004
vertex 79.04665085490554 -47.7062794 -5.129851485187671e-16
endloop
endfacet
facet normal 1 0 0
outer loop
vertex 79.04665085490554 -53.3732795 -1.2000000000000004
vertex 79.04665085490554 -47.7062794 -5.129851485187671e-16
vertex 79.04665085490554 -50.3732795 -5.129851485187671e-16
endloop
endfacet
facet normal 1 0 0
outer loop
vertex 79.04665085490554 -53.3732795 -1.2000000000000004
vertex 79.04665085490554 -50.3732795 -5.129851485187671e-16
vertex 79.04665085490554 -53.2062794 -5.129851485187671e-16
endloop
endfacet
facet normal 1 0 0
outer loop
vertex 79.04665085490554 -53.3732795 -1.2000000000000004
vertex 79.04665085490554 -53.2062794 -5.129851485187671e-16
vertex 79.04665085490554 -53.3732795 -5.129851485187671e-16
endloop
endfacet
facet normal 1 0 0
outer loop
vertex 79.04665085490554 -53.3732795 -1.2000000000000004
vertex 79.04665085490554 -53.3732795 -5.129851485187671e-16
vertex 79.04665085490554 -61.7062794 -5.129851485187671e-16
endloop
endfacet
facet normal 1 0 0
outer loop
vertex 79.04665085490554 -53.3732795 -1.2000000000000004
vertex 79.04665085490554 -61.7062794 -5.129851485187671e-16
vertex 79.04665085490554 -61.7062794 -1.2000000000000004
endloop
endfacet
facet normal 1 0 0
outer loop
vertex 79.04665085490554 -36.3732795 -1.2000000000000004
vertex 79.04665085490554 -36.20627970000016 -1.2000000000000004
vertex 79.04665085490554 -34.37327944696969 -1.2000000000000004
endloop
endfacet
facet normal 1 0 0
outer loop
vertex 79.04665085490554 -36.3732795 -1.2000000000000004
vertex 79.04665085490554 -34.37327944696969 -1.2000000000000004
vertex 79.04665085490554 -34.35808750301222 -1.2000000000000004
endloop
endfacet
facet normal 1 0 0
outer loop
vertex 79.04665085490554 -36.3732795 -1.2000000000000004
vertex 79.04665085490554 -34.35808750301222 -1.2000000000000004
vertex 79.04665085490554 -34.31297237078592 -1.2000000000000004
endloop
endfacet
facet normal 1 0 0
outer loop
vertex 79.04665085490554 -36.3732795 -1.2000000000000004
vertex 79.04665085490554 -34.31297237078592 -1.2000000000000004
vertex 79.04665085490554 -34.23930515378441 -1.2000000000000004
endloop
endfacet
facet normal 1 0 0
outer loop
vertex 79.04665085490554 -36.3732795 -1.2000000000000004
vertex 79.04665085490554 -34.23930515378441 -1.2000000000000004
vertex 79.04665085490554 -34.13932419311896 -1.2000000000000004
endloop
endfacet
facet normal 1 0 0
outer loop
vertex 79.04665085490554 -36.3732795 -1.2000000000000004
vertex 79.04665085490554 -34.13932419311896 -1.2000000000000004
vertex 79.04665085490554 -34.016067359686524 -1.2000000000000004
endloop
endfacet
facet normal 1 0 0
outer loop
vertex 79.04665085490554 -36.3732795 -1.2000000000000004
vertex 79.04665085490554 -34.016067359686524 -1.2000000000000004
vertex 79.04665085490554 -33.873279749999995 -1.2000000000000004
endloop
endfacet
facet normal 1 0 0
outer loop
vertex 79.04665085490554 -36.3732795 -1.2000000000000004
vertex 79.04665085490554 -33.873279749999995 -1.2000000000000004
vertex 79.04665085490554 -33.715299893325735 -1.2000000000000004
endloop
endfacet
facet normal 1 0 0
outer loop
vertex 79.04665085490554 -36.3732795 -1.2000000000000004
vertex 79.04665085490554 -33.715299893325735 -1.2000000000000004
vertex 79.04665085490554 -33.546927927666935 -1.2000000000000004
endloop
endfacet
facet normal 1 0 0
outer loop
vertex 79.04665085490554 -36.3732795 -1.2000000000000004
vertex 79.04665085490554 -33.546927927666935 -1.2000000000000004
vertex 79.04665085490554 -33.37327974999993 -1.2000000000000004
endloop
endfacet
facet normal 1 0 0
outer loop
vertex 79.04665085490554 -36.3732795 -1.2000000000000004
vertex 79.04665085490554 -33.37327974999993 -1.2000000000000004
vertex 79.04665085490554 -30.7062794 -1.2000000000000004
endloop
endfacet
facet normal 1 0 0
outer loop
vertex 79.04665085490554 -36.3732795 -1.2000000000000004
vertex 79.04665085490554 -30.7062794 -1.2000000000000004
vertex 79.04665085490554 -30.7062794 -5.129851485187671e-16
endloop
endfacet
facet normal 1 0 0
outer loop
vertex 79.04665085490554 -36.3732795 -1.2000000000000004
vertex 79.04665085490554 -30.7062794 -5.129851485187671e-16
vertex 79.04665085490554 -33.17327974627096 -5.129851485187671e-16
endloop
endfacet
facet normal 1 0 0
outer loop
vertex 79.04665085490554 -36.3732795 -1.2000000000000004
vertex 79.04665085490554 -33.17327974627096 -5.129851485187671e-16
vertex 79.04665085490554 -36.006279400000004 -5.129851485187671e-16
endloop
endfacet
facet normal 1 0 0
outer loop
vertex 79.04665085490554 -36.3732795 -1.2000000000000004
vertex 79.04665085490554 -36.006279400000004 -5.129851485187671e-16
vertex 79.04665085490554 -36.3732795 -5.129851485187671e-16
endloop
endfacet
facet normal 1 0 0
outer loop
vertex 79.04665085490554 -36.3732795 -1.2000000000000004
vertex 79.04665085490554 -36.3732795 -5.129851485187671e-16
vertex 79.04665085490554 -44.7062794 -5.129851485187671e-16
endloop
endfacet
facet normal 1 0 0
outer loop
vertex 79.04665085490554 -36.3732795 -1.2000000000000004
vertex 79.04665085490554 -44.7062794 -5.129851485187671e-16
vertex 79.04665085490554 -44.7062794 -1.2000000000000004
endloop
endfacet
facet normal 0 -1 0
outer loop
vertex 79.04665085490554 -64.7062794 -5.129851485187671e-16
vertex 79.04665085490554 -64.7062794 -1.2000000000000004
vertex 93.04665085490554 -64.7062794 -1.1999999999999988
endloop
endfacet
facet normal 0 -1 0
outer loop
vertex 79.04665085490554 -64.7062794 -5.129851485187671e-16
vertex 93.04665085490554 -64.7062794 -1.1999999999999988
vertex 93.04665085490554 -64.7062794 1.2015203702875274e-15
endloop
endfacet
facet normal -1 0 0
outer loop
vertex 93.04665085490554 -71.4017552 1.2015203702875274e-15
vertex 93.04665085490554 -69.63335150248068 1.2015203702875274e-15
vertex 93.04665085490554 -68.41317110248067 1.2015203702875274e-15
endloop
endfacet
facet normal -1 0 0
outer loop
vertex 93.04665085490554 -71.4017552 1.2015203702875274e-15
vertex 93.04665085490554 -68.41317110248067 1.2015203702875274e-15
vertex 93.04665085490554 -64.7062794 1.2015203702875274e-15
endloop
endfacet
facet normal -1 0 0
outer loop
vertex 93.04665085490554 -71.4017552 1.2015203702875274e-15
vertex 93.04665085490554 -64.7062794 1.2015203702875274e-15
vertex 93.04665085490554 -64.7062794 -1.1999999999999988
endloop
endfacet
facet normal -1 0 0
outer loop
vertex 93.04665085490554 -71.4017552 1.2015203702875274e-15
vertex 93.04665085490554 -64.7062794 -1.1999999999999988
vertex 93.04665085490554 -68.41317110248067 -1.1999999999999988
endloop
endfacet
facet normal -1 0 0
outer loop
vertex 93.04665085490554 -71.4017552 1.2015203702875274e-15
vertex 93.04665085490554 -68.41317110248067 -1.1999999999999988
vertex 93.04665085490554 -69.63335150248068 -1.1999999999999988
endloop
endfacet
facet normal -1 0 0
outer loop
vertex 93.04665085490554 -71.4017552 1.2015203702875274e-15
vertex 93.04665085490554 -69.63335150248068 -1.1999999999999988
vertex 93.04665085490554 -71.4017552 -1.1999999999999988
endloop
endfacet
facet normal -1 0 0
outer loop
vertex 93.04665085490554 -71.4017552 1.2015203702875274e-15
vertex 93.04665085490554 -71.4017552 -1.1999999999999988
vertex 93.04665085490554 -78.7062794 -1.1999999999999988
endloop
endfacet
facet normal -1 0 0
outer loop
vertex 93.04665085490554 -71.4017552 1.2015203702875274e-15
vertex 93.04665085490554 -78.7062794 -1.1999999999999988
vertex 93.04665085490554 -78.7062794 1.2015203702875274e-15
endloop
endfacet
facet normal -1 0 0
outer loop
vertex 93.04665085490554 -54.46644530248071 1.2015203702875274e-15
vertex 93.04665085490554 -54.0215367 1.2015203702875274e-15
vertex 93.04665085490554 -52.69804160496139 1.2015203702875274e-15
endloop
endfacet
facet normal -1 0 0
outer loop
vertex 93.04665085490554 -54.46644530248071 1.2015203702875274e-15
vertex 93.04665085490554 -52.69804160496139 1.2015203702875274e-15
vertex 93.04665085490554 -51.4778612049614 1.2015203702875274e-15
endloop
endfacet
facet normal -1 0 0
outer loop
vertex 93.04665085490554 -54.46644530248071 1.2015203702875274e-15
vertex 93.04665085490554 -51.4778612049614 1.2015203702875274e-15
vertex 93.04665085490554 -47.7062794 1.2015203702875274e-15
endloop
endfacet
facet normal -1 0 0
outer loop
vertex 93.04665085490554 -54.46644530248071 1.2015203702875274e-15
vertex 93.04665085490554 -47.7062794 1.2015203702875274e-15
vertex 93.04665085490554 -47.7062794 -1.1999999999999988
endloop
endfacet
facet normal -1 0 0
outer loop
vertex 93.04665085490554 -54.46644530248071 1.2015203702875274e-15
vertex 93.04665085490554 -47.7062794 -1.1999999999999988
vertex 93.04665085490554 -51.4778612049614 -1.1999999999999988
endloop
endfacet
facet normal -1 0 0
outer loop
vertex 93.04665085490554 -54.46644530248071 1.2015203702875274e-15
vertex 93.04665085490554 -51.4778612049614 -1.1999999999999988
vertex 93.04665085490554 -52.69804160496139 -1.1999999999999988
endloop
endfacet
facet normal -1 0 0
outer loop
vertex 93.04665085490554 -54.46644530248071 1.2015203702875274e-15
vertex 93.04665085490554 -52.69804160496139 -1.1999999999999988
vertex 93.04665085490554 -54.46644530248071 -1.1999999999999988
endloop
endfacet
facet normal -1 0 0
outer loop
vertex 93.04665085490554 -54.46644530248071 1.2015203702875274e-15
vertex 93.04665085490554 -54.46644530248071 -1.1999999999999988
vertex 93.04665085490554 -61.7062794 -1.1999999999999988
endloop
endfacet
facet normal -1 0 0
outer loop
vertex 93.04665085490554 -54.46644530248071 1.2015203702875274e-15
vertex 93.04665085490554 -61.7062794 -1.1999999999999988
vertex 93.04665085490554 -61.7062794 1.2015203702875274e-15
endloop
endfacet
facet normal -1 0 0
outer loop
vertex 93.04665085490554 -37.53113540496139 1.2015203702875274e-15
vertex 93.04665085490554 -36.0834031939543 1.2015203702875274e-15
vertex 93.04665085490554 -35.890611805617475 1.2015203702875274e-15
endloop
endfacet
facet normal -1 0 0
outer loop
vertex 93.04665085490554 -37.53113540496139 1.2015203702875274e-15
vertex 93.04665085490554 -35.890611805617475 1.2015203702875274e-15
vertex 93.04665085490554 -33.8972811 1.2015203702875274e-15
endloop
endfacet
facet normal -1 0 0
outer loop
vertex 93.04665085490554 -37.53113540496139 1.2015203702875274e-15
vertex 93.04665085490554 -33.8972811 1.2015203702875274e-15
vertex 93.04665085490554 -30.7062794 1.2015203702875274e-15
endloop
endfacet
facet normal -1 0 0
outer loop
vertex 93.04665085490554 -37.53113540496139 1.2015203702875274e-15
vertex 93.04665085490554 -30.7062794 1.2015203702875274e-15
vertex 93.04665085490554 -30.7062794 -1.1999999999999988
endloop
endfacet
facet normal -1 0 0
outer loop
vertex 93.04665085490554 -37.53113540496139 1.2015203702875274e-15
vertex 93.04665085490554 -30.7062794 -1.1999999999999988
vertex 93.04665085490554 -34.0805473000003 -1.1999999999999988
endloop
endfacet
facet normal -1 0 0
outer loop
vertex 93.04665085490554 -37.53113540496139 1.2015203702875274e-15
vertex 93.04665085490554 -34.0805473000003 -1.1999999999999988
vertex 93.04665085490554 -34.24463507937316 -1.1999999999999988
endloop
endfacet
facet normal -1 0 0
outer loop
vertex 93.04665085490554 -37.53113540496139 1.2015203702875274e-15
vertex 93.04665085490554 -34.24463507937316 -1.1999999999999988
vertex 93.04665085490554 -34.40427819217117 -1.1999999999999988
endloop
endfacet
facet normal -1 0 0
outer loop
vertex 93.04665085490554 -37.53113540496139 1.2015203702875274e-15
vertex 93.04665085490554 -34.40427819217117 -1.1999999999999988
vertex 93.04665085490554 -34.55514511054213 -1.1999999999999988
endloop
endfacet
facet normal -1 0 0
outer loop
vertex 93.04665085490554 -37.53113540496139 1.2015203702875274e-15
vertex 93.04665085490554 -34.55514511054213 -1.1999999999999988
vertex 93.04665085490554 -34.69314587668486 -1.1999999999999988
endloop
endfacet
facet normal -1 0 0
outer loop
vertex 93.04665085490554 -37.53113540496139 1.2015203702875274e-15
vertex 93.04665085490554 -34.69314587668486 -1.1999999999999988
vertex 93.04665085490554 -34.81453933040292 -1.1999999999999988
endloop
endfacet
facet normal -1 0 0
outer loop
vertex 93.04665085490554 -37.53113540496139 1.2015203702875274e-15
vertex 93.04665085490554 -34.81453933040292 -1.1999999999999988
vertex 93.04665085490554 -34.91603453085641 -1.1999999999999988
endloop
endfacet
facet normal -1 0 0
outer loop
vertex 93.04665085490554 -37.53113540496139 1.2015203702875274e-15
vertex 93.04665085490554 -34.91603453085641 -1.1999999999999988
vertex 93.04665085490554 -34.994879973001524 -1.1999999999999988
endloop
endfacet
facet normal -1 0 0
outer loop
vertex 93.04665085490554 -37.53113540496139 1.2015203702875274e-15
vertex 93.04665085490554 -34.994879973001524 -1.1999999999999988
vertex 93.04665085490554 -35.048938180082864 -1.1999999999999988
endloop
endfacet
facet normal -1 0 0
outer loop
vertex 93.04665085490554 -37.53113540496139 1.2015203702875274e-15
vertex 93.04665085490554 -35.048938180082864 -1.1999999999999988
vertex 93.04665085490554 -35.07674365000002 -1.1999999999999988
endloop
endfacet
facet normal -1 0 0
outer loop
vertex 93.04665085490554 -37.53113540496139 1.2015203702875274e-15
vertex 93.04665085490554 -35.07674365000002 -1.1999999999999988
vertex 93.04665085490554 -37.5311354049614 -1.1999999999999988
endloop
endfacet
facet normal -1 0 0
outer loop
vertex 93.04665085490554 -37.53113540496139 1.2015203702875274e-15
vertex 93.04665085490554 -37.5311354049614 -1.1999999999999988
vertex 93.04665085490554 -44.7062794 -1.1999999999999988
endloop
endfacet
facet normal -1 0 0
outer loop
vertex 93.04665085490554 -37.53113540496139 1.2015203702875274e-15
vertex 93.04665085490554 -44.7062794 -1.1999999999999988
vertex 93.04665085490554 -44.7062794 1.2015203702875274e-15
endloop
endfacet
facet normal 0 1 0
outer loop
vertex 79.04665085490554 -61.7062794 -1.2000000000000004
vertex 79.04665085490554 -61.7062794 -5.129851485187671e-16
vertex 93.04665085490554 -61.7062794 1.2015203702875274e-15
endloop
endfacet
facet normal 0 1 0
outer loop
vertex 79.04665085490554 -61.7062794 -1.2000000000000004
vertex 93.04665085490554 -61.7062794 1.2015203702875274e-15
vertex 93.04665085490554 -61.7062794 -1.1999999999999988
endloop
endfacet
facet normal 0 -1 0
outer loop
vertex 79.04665085490554 -47.7062794 -5.129851485187671e-16
vertex 79.04665085490554 -47.7062794 -1.2000000000000004
vertex 93.04665085490554 -47.7062794 -1.1999999999999988
endloop
endfacet
facet normal 0 -1 0
outer loop
vertex 79.04665085490554 -47.7062794 -5.129851485187671e-16
vertex 93.04665085490554 -47.7062794 -1.1999999999999988
vertex 93.04665085490554 -47.7062794 1.2015203702875274e-15
endloop
endfacet
facet normal 0 1 0
outer loop
vertex 79.04665085490554 -44.7062794 -1.2000000000000004
vertex 79.04665085490554 -44.7062794 -5.129851485187671e-16
vertex 93.04665085490554 -44.7062794 1.2015203702875274e-15
endloop
endfacet
facet normal 0 1 0
outer loop
vertex 79.04665085490554 -44.7062794 -1.2000000000000004
vertex 93.04665085490554 -44.7062794 1.2015203702875274e-15
vertex 93.04665085490554 -44.7062794 -1.1999999999999988
endloop
endfacet
facet normal 0 -1 0
outer loop
vertex 79.04665085490554 -30.7062794 -5.129851485187671e-16
vertex 79.04665085490554 -30.7062794 -1.2000000000000004
vertex 93.04665085490554 -30.7062794 -1.1999999999999988
endloop
endfacet
facet normal 0 -1 0
outer loop
vertex 79.04665085490554 -30.7062794 -5.129851485187671e-16
vertex 93.04665085490554 -30.7062794 -1.1999999999999988
vertex 93.04665085490554 -30.7062794 1.2015203702875274e-15
endloop
endfacet
facet normal 0 1 0
outer loop
vertex 61.046650854905536 -84.3732795 -1.2000000000000026
vertex 61.046650854905536 -84.3732795 -2.717349386984003e-15
vertex 75.04665085490554 -84.3732795 -1.0028438681777083e-15
endloop
endfacet
facet normal 0 1 0
outer loop
vertex 61.046650854905536 -84.3732795 -1.2000000000000026
vertex 75.04665085490554 -84.3732795 -1.0028438681777083e-15
vertex 75.04665085490554 -84.3732795 -1.200000000000001
endloop
endfacet
facet normal 1 0 0
outer loop
vertex 61.046650854905536 -73.2062794 -1.2000000000000026
vertex 61.046650854905536 -70.3732795 -1.2000000000000026
vertex 61.046650854905536 -70.3732795 -2.717349386984003e-15
endloop
endfacet
facet normal 1 0 0
outer loop
vertex 61.046650854905536 -73.2062794 -1.2000000000000026
vertex 61.046650854905536 -70.3732795 -2.717349386984003e-15
vertex 61.046650854905536 -73.2062794 -2.717349386984003e-15
endloop
endfacet
facet normal 1 0 0
outer loop
vertex 61.046650854905536 -73.2062794 -1.2000000000000026
vertex 61.046650854905536 -73.2062794 -2.717349386984003e-15
vertex 61.046650854905536 -84.3732795 -2.717349386984003e-15
endloop
endfacet
facet normal 1 0 0
outer loop
vertex 61.046650854905536 -73.2062794 -1.2000000000000026
vertex 61.046650854905536 -84.3732795 -2.717349386984003e-15
vertex 61.046650854905536 -84.3732795 -1.2000000000000026
endloop
endfacet
facet normal 1 0 0
outer loop
vertex 61.046650854905536 -56.2062794 -1.2000000000000026
vertex 61.046650854905536 -53.3732795 -1.2000000000000026
vertex 61.046650854905536 -53.3732795 -2.717349386984003e-15
endloop
endfacet
facet normal 1 0 0
outer loop
vertex 61.046650854905536 -56.2062794 -1.2000000000000026
vertex 61.046650854905536 -53.3732795 -2.717349386984003e-15
vertex 61.046650854905536 -56.2062794 -2.717349386984003e-15
endloop
endfacet
facet normal 1 0 0
outer loop
vertex 61.046650854905536 -56.2062794 -1.2000000000000026
vertex 61.046650854905536 -56.2062794 -2.717349386984003e-15
vertex 61.046650854905536 -67.3732795 -2.717349386984003e-15
endloop
endfacet
facet normal 1 0 0
outer loop
vertex 61.046650854905536 -56.2062794 -1.2000000000000026
vertex 61.046650854905536 -67.3732795 -2.717349386984003e-15
vertex 61.046650854905536 -67.3732795 -1.2000000000000026
endloop
endfacet
facet normal 1 0 0
outer loop
vertex 61.046650854905536 -39.2062794 -1.2000000000000026
vertex 61.046650854905536 -37.20627870439575 -1.2000000000000026
vertex 61.046650854905536 -37.191087453012194 -1.2000000000000026
endloop
endfacet
facet normal 1 0 0
outer loop
vertex 61.046650854905536 -39.2062794 -1.2000000000000026
vertex 61.046650854905536 -37.191087453012194 -1.2000000000000026
vertex 61.046650854905536 -37.145972320785916 -1.2000000000000026
endloop
endfacet
facet normal 1 0 0
outer loop
vertex 61.046650854905536 -39.2062794 -1.2000000000000026
vertex 61.046650854905536 -37.145972320785916 -1.2000000000000026
vertex 61.046650854905536 -37.07230510378443 -1.2000000000000026
endloop
endfacet
facet normal 1 0 0
outer loop
vertex 61.046650854905536 -39.2062794 -1.2000000000000026
vertex 61.046650854905536 -37.07230510378443 -1.2000000000000026
vertex 61.046650854905536 -36.97232414311893 -1.2000000000000026
endloop
endfacet
facet normal 1 0 0
outer loop
vertex 61.046650854905536 -39.2062794 -1.2000000000000026
vertex 61.046650854905536 -36.97232414311893 -1.2000000000000026
vertex 61.046650854905536 -36.84906730968663 -1.2000000000000026
endloop
endfacet
facet normal 1 0 0
outer loop
vertex 61.046650854905536 -39.2062794 -1.2000000000000026
vertex 61.046650854905536 -36.84906730968663 -1.2000000000000026
vertex 61.046650854905536 -36.706279699999975 -1.2000000000000026
endloop
endfacet
facet normal 1 0 0
outer loop
vertex 61.046650854905536 -39.2062794 -1.2000000000000026
vertex 61.046650854905536 -36.706279699999975 -1.2000000000000026
vertex 61.046650854905536 -36.54829984332565 -1.2000000000000026
endloop
endfacet
facet normal 1 0 0
outer loop
vertex 61.046650854905536 -39.2062794 -1.2000000000000026
vertex 61.046650854905536 -36.54829984332565 -1.2000000000000026
vertex 61.046650854905536 -36.37992787766697 -1.2000000000000026
endloop
endfacet
facet normal 1 0 0
outer loop
vertex 61.046650854905536 -39.2062794 -1.2000000000000026
vertex 61.046650854905536 -36.37992787766697 -1.2000000000000026
vertex 61.046650854905536 -36.3732795 -1.2000000000000026
endloop
endfacet
facet normal 1 0 0
outer loop
vertex 61.046650854905536 -39.2062794 -1.2000000000000026
vertex 61.046650854905536 -36.3732795 -1.2000000000000026
vertex 61.046650854905536 -36.3732795 -2.717349386984003e-15
endloop
endfacet
facet normal 1 0 0
outer loop
vertex 61.046650854905536 -39.2062794 -1.2000000000000026
vertex 61.046650854905536 -36.3732795 -2.717349386984003e-15
vertex 61.046650854905536 -36.71288628112708 -2.717349386984003e-15
endloop
endfacet
facet normal 1 0 0
outer loop
vertex 61.046650854905536 -39.2062794 -1.2000000000000026
vertex 61.046650854905536 -36.71288628112708 -2.717349386984003e-15
vertex 61.046650854905536 -37.109939073280515 -2.717349386984003e-15
endloop
endfacet
facet normal 1 0 0
outer loop
vertex 61.046650854905536 -39.2062794 -1.2000000000000026
vertex 61.046650854905536 -37.109939073280515 -2.717349386984003e-15
vertex 61.046650854905536 -37.206278299383776 -2.717349386984003e-15
endloop
endfacet
facet normal 1 0 0
outer loop
vertex 61.046650854905536 -39.2062794 -1.2000000000000026
vertex 61.046650854905536 -37.206278299383776 -2.717349386984003e-15
vertex 61.046650854905536 -37.21387582349389 -2.717349386984003e-15
endloop
endfacet
facet normal 1 0 0
outer loop
vertex 61.046650854905536 -39.2062794 -1.2000000000000026
vertex 61.046650854905536 -37.21387582349389 -2.717349386984003e-15
vertex 61.046650854905536 -39.2062794 -2.717349386984003e-15
endloop
endfacet
facet normal 1 0 0
outer loop
vertex 61.046650854905536 -39.2062794 -1.2000000000000026
vertex 61.046650854905536 -39.2062794 -2.717349386984003e-15
vertex 61.046650854905536 -50.3732795 -2.717349386984003e-15
endloop
endfacet
facet normal 1 0 0
outer loop
vertex 61.046650854905536 -39.2062794 -1.2000000000000026
vertex 61.046650854905536 -50.3732795 -2.717349386984003e-15
vertex 61.046650854905536 -50.3732795 -1.2000000000000026
endloop
endfacet
facet normal 0 -1 0
outer loop
vertex 61.046650854905536 -70.3732795 -2.717349386984003e-15
vertex 61.046650854905536 -70.3732795 -1.2000000000000026
vertex 75.04665085490554 -70.3732795 -1.200000000000001
endloop
endfacet
facet normal 0 -1 0
outer loop
vertex 61.046650854905536 -70.3732795 -2.717349386984003e-15
vertex 75.04665085490554 -70.3732795 -1.200000000000001
vertex 75.04665085490554 -70.3732795 -1.0028438681777083e-15
endloop
endfacet
facet normal -1 0 0
outer loop
vertex 75.04665085490554 -78.7062794 -1.0028438681777083e-15
vertex 75.04665085490554 -70.3732795 -1.0028438681777083e-15
vertex 75.04665085490554 -70.3732795 -1.200000000000001
endloop
endfacet
facet normal -1 0 0
outer loop
vertex 75.04665085490554 -78.7062794 -1.0028438681777083e-15
vertex 75.04665085490554 -70.3732795 -1.200000000000001
vertex 75.04665085490554 -78.7062794 -1.200000000000001
endloop
endfacet
facet normal -1 0 0
outer loop
vertex 75.04665085490554 -78.7062794 -1.0028438681777083e-15
vertex 75.04665085490554 -78.7062794 -1.200000000000001
vertex 75.04665085490554 -84.3732795 -1.200000000000001
endloop
endfacet
facet normal -1 0 0
outer loop
vertex 75.04665085490554 -78.7062794 -1.0028438681777083e-15
vertex 75.04665085490554 -84.3732795 -1.200000000000001
vertex 75.04665085490554 -84.3732795 -1.0028438681777083e-15
endloop
endfacet
facet normal -1 0 0
outer loop
vertex 75.04665085490554 -64.7062794 -1.0028438681777083e-15
vertex 75.04665085490554 -61.7062794 -1.0028438681777083e-15
vertex 75.04665085490554 -53.3732795 -1.0028438681777083e-15
endloop
endfacet
facet normal -1 0 0
outer loop
vertex 75.04665085490554 -64.7062794 -1.0028438681777083e-15
vertex 75.04665085490554 -53.3732795 -1.0028438681777083e-15
vertex 75.04665085490554 -53.3732795 -1.200000000000001
endloop
endfacet
facet normal -1 0 0
outer loop
vertex 75.04665085490554 -64.7062794 -1.0028438681777083e-15
vertex 75.04665085490554 -53.3732795 -1.200000000000001
vertex 75.04665085490554 -61.7062794 -1.200000000000001
endloop
endfacet
facet normal -1 0 0
outer loop
vertex 75.04665085490554 -64.7062794 -1.0028438681777083e-15
vertex 75.04665085490554 -61.7062794 -1.200000000000001
vertex 75.04665085490554 -64.7062794 -1.200000000000001
endloop
endfacet
facet normal -1 0 0
outer loop
vertex 75.04665085490554 -64.7062794 -1.0028438681777083e-15
vertex 75.04665085490554 -64.7062794 -1.200000000000001
vertex 75.04665085490554 -67.3732795 -1.200000000000001
endloop
endfacet
facet normal -1 0 0
outer loop
vertex 75.04665085490554 -64.7062794 -1.0028438681777083e-15
vertex 75.04665085490554 -67.3732795 -1.200000000000001
vertex 75.04665085490554 -67.3732795 -1.0028438681777083e-15
endloop
endfacet
facet normal -1 0 0
outer loop
vertex 75.04665085490554 -47.7062794 -1.0028438681777083e-15
vertex 75.04665085490554 -44.7062794 -1.0028438681777083e-15
vertex 75.04665085490554 -36.3732795 -1.0028438681777083e-15
endloop
endfacet
facet normal -1 0 0
outer loop
vertex 75.04665085490554 -47.7062794 -1.0028438681777083e-15
vertex 75.04665085490554 -36.3732795 -1.0028438681777083e-15
vertex 75.04665085490554 -36.3732795 -1.200000000000001
endloop
endfacet
facet normal -1 0 0
outer loop
vertex 75.04665085490554 -47.7062794 -1.0028438681777083e-15
vertex 75.04665085490554 -36.3732795 -1.200000000000001
vertex 75.04665085490554 -44.7062794 -1.200000000000001
endloop
endfacet
facet normal -1 0 0
outer loop
vertex 75.04665085490554 -47.7062794 -1.0028438681777083e-15
vertex 75.04665085490554 -44.7062794 -1.200000000000001
vertex 75.04665085490554 -47.7062794 -1.200000000000001
endloop
endfacet
facet normal -1 0 0
outer loop
vertex 75.04665085490554 -47.7062794 -1.0028438681777083e-15
vertex 75.04665085490554 -47.7062794 -1.200000000000001
vertex 75.04665085490554 -50.3732795 -1.200000000000001
endloop
endfacet
facet normal -1 0 0
outer loop
vertex 75.04665085490554 -47.7062794 -1.0028438681777083e-15
vertex 75.04665085490554 -50.3732795 -1.200000000000001
vertex 75.04665085490554 -50.3732795 -1.0028438681777083e-15
endloop
endfacet
facet normal 0 1 0
outer loop
vertex 61.046650854905536 -67.3732795 -1.2000000000000026
vertex 61.046650854905536 -67.3732795 -2.717349386984003e-15
vertex 75.04665085490554 -67.3732795 -1.0028438681777083e-15
endloop
endfacet
facet normal 0 1 0
outer loop
vertex 61.046650854905536 -67.3732795 -1.2000000000000026
vertex 75.04665085490554 -67.3732795 -1.0028438681777083e-15
vertex 75.04665085490554 -67.3732795 -1.200000000000001
endloop
endfacet
facet normal 0 -1 0
outer loop
vertex 61.046650854905536 -53.3732795 -2.717349386984003e-15
vertex 61.046650854905536 -53.3732795 -1.2000000000000026
vertex 75.04665085490554 -53.3732795 -1.200000000000001
endloop
endfacet
facet normal 0 -1 0
outer loop
vertex 61.046650854905536 -53.3732795 -2.717349386984003e-15
vertex 75.04665085490554 -53.3732795 -1.200000000000001
vertex 75.04665085490554 -53.3732795 -1.0028438681777083e-15
endloop
endfacet
facet normal 0 1 0
outer loop
vertex 61.046650854905536 -50.3732795 -1.2000000000000026
vertex 61.046650854905536 -50.3732795 -2.717349386984003e-15
vertex 75.04665085490554 -50.3732795 -1.0028438681777083e-15
endloop
endfacet
facet normal 0 1 0
outer loop
vertex 61.046650854905536 -50.3732795 -1.2000000000000026
vertex 75.04665085490554 -50.3732795 -1.0028438681777083e-15
vertex 75.04665085490554 -50.3732795 -1.200000000000001
endloop
endfacet
facet normal 0 -1 0
outer loop
vertex 61.046650854905536 -36.3732795 -2.717349386984003e-15
vertex 61.046650854905536 -36.3732795 -1.2000000000000026
vertex 75.04665085490554 -36.3732795 -1.200000000000001
endloop
endfacet
facet normal 0 -1 0
outer loop
vertex 61.046650854905536 -36.3732795 -2.717349386984003e-15
vertex 75.04665085490554 -36.3732795 -1.200000000000001
vertex 75.04665085490554 -36.3732795 -1.0028438681777083e-15
endloop
endfacet
facet normal 0 1 0
outer loop
vertex 43.046650854905536 -87.2062794 -1.2000000000000048
vertex 43.046650854905536 -87.2062794 -4.921713625449238e-15
vertex 57.046650854905536 -87.2062794 -3.2072081066429443e-15
endloop
endfacet
facet normal 0 1 0
outer loop
vertex 43.046650854905536 -87.2062794 -1.2000000000000048
vertex 57.046650854905536 -87.2062794 -3.2072081066429443e-15
vertex 57.046650854905536 -87.2062794 -1.200000000000003
endloop
endfacet
facet normal 1 0 0
outer loop
vertex 43.046650854905536 -73.2062794 -1.2000000000000048
vertex 43.046650854905536 -73.2062794 -4.921713625449238e-15
vertex 43.046650854905536 -87.2062794 -4.921713625449238e-15
endloop
endfacet
facet normal 1 0 0
outer loop
vertex 43.046650854905536 -73.2062794 -1.2000000000000048
vertex 43.046650854905536 -87.2062794 -4.921713625449238e-15
vertex 43.046650854905536 -87.2062794 -1.2000000000000048
endloop
endfacet
facet normal 1 0 0
outer loop
vertex 43.046650854905536 -56.2062794 -1.2000000000000048
vertex 43.046650854905536 -56.2062794 -4.921713625449238e-15
vertex 43.046650854905536 -70.2062794 -4.921713625449238e-15
endloop
endfacet
facet normal 1 0 0
outer loop
vertex 43.046650854905536 -56.2062794 -1.2000000000000048
vertex 43.046650854905536 -70.2062794 -4.921713625449238e-15
vertex 43.046650854905536 -70.2062794 -1.2000000000000048
endloop
endfacet
facet normal 1 0 0
outer loop
vertex 43.046650854905536 -39.2062794 -1.2000000000000048
vertex 43.046650854905536 -39.2062794 -4.921713625449238e-15
vertex 43.046650854905536 -53.2062794 -4.921713625449238e-15
endloop
endfacet
facet normal 1 0 0
outer loop
vertex 43.046650854905536 -39.2062794 -1.2000000000000048
vertex 43.046650854905536 -53.2062794 -4.921713625449238e-15
vertex 43.046650854905536 -53.2062794 -1.2000000000000048
endloop
endfacet
facet normal 0 -1 0
outer loop
vertex 43.046650854905536 -73.2062794 -4.921713625449238e-15
vertex 43.046650854905536 -73.2062794 -1.2000000000000048
vertex 57.046650854905536 -73.2062794 -1.200000000000003
endloop
endfacet
facet normal 0 -1 0
outer loop
vertex 43.046650854905536 -73.2062794 -4.921713625449238e-15
vertex 57.046650854905536 -73.2062794 -1.200000000000003
vertex 57.046650854905536 -73.2062794 -3.2072081066429443e-15
endloop
endfacet
facet normal -1 0 0
outer loop
vertex 57.046650854905536 -86.5686614 -3.2072081066429443e-15
vertex 57.046650854905536 -85.348481 -3.2072081066429443e-15
vertex 57.046650854905536 -84.3732795 -3.2072081066429443e-15
endloop
endfacet
facet normal -1 0 0
outer loop
vertex 57.046650854905536 -86.5686614 -3.2072081066429443e-15
vertex 57.046650854905536 -84.3732795 -3.2072081066429443e-15
vertex 57.046650854905536 -73.2062794 -3.2072081066429443e-15
endloop
endfacet
facet normal -1 0 0
outer loop
vertex 57.046650854905536 -86.5686614 -3.2072081066429443e-15
vertex 57.046650854905536 -73.2062794 -3.2072081066429443e-15
vertex 57.046650854905536 -73.2062794 -1.200000000000003
endloop
endfacet
facet normal -1 0 0
outer loop
vertex 57.046650854905536 -86.5686614 -3.2072081066429443e-15
vertex 57.046650854905536 -73.2062794 -1.200000000000003
vertex 57.046650854905536 -84.3732795 -1.200000000000003
endloop
endfacet
facet normal -1 0 0
outer loop
vertex 57.046650854905536 -86.5686614 -3.2072081066429443e-15
vertex 57.046650854905536 -84.3732795 -1.200000000000003
vertex 57.046650854905536 -85.34848100000002 -1.200000000000003
endloop
endfacet
facet normal -1 0 0
outer loop
vertex 57.046650854905536 -86.5686614 -3.2072081066429443e-15
vertex 57.046650854905536 -85.34848100000002 -1.200000000000003
vertex 57.046650854905536 -86.56866140000001 -1.200000000000003
endloop
endfacet
facet normal -1 0 0
outer loop
vertex 57.046650854905536 -86.5686614 -3.2072081066429443e-15
vertex 57.046650854905536 -86.56866140000001 -1.200000000000003
vertex 57.046650854905536 -87.2062794 -1.200000000000003
endloop
endfacet
facet normal -1 0 0
outer loop
vertex 57.046650854905536 -86.5686614 -3.2072081066429443e-15
vertex 57.046650854905536 -87.2062794 -1.200000000000003
vertex 57.046650854905536 -87.2062794 -3.2072081066429443e-15
endloop
endfacet
facet normal -1 0 0
outer loop
vertex 57.046650854905536 -67.3732795 -3.2072081066429443e-15
vertex 57.046650854905536 -56.2062794 -3.2072081066429443e-15
vertex 57.046650854905536 -56.2062794 -1.200000000000003
endloop
endfacet
facet normal -1 0 0
outer loop
vertex 57.046650854905536 -67.3732795 -3.2072081066429443e-15
vertex 57.046650854905536 -56.2062794 -1.200000000000003
vertex 57.046650854905536 -67.3732795 -1.200000000000003
endloop
endfacet
facet normal -1 0 0
outer loop
vertex 57.046650854905536 -67.3732795 -3.2072081066429443e-15
vertex 57.046650854905536 -67.3732795 -1.200000000000003
vertex 57.046650854905536 -70.2062794 -1.200000000000003
endloop
endfacet
facet normal -1 0 0
outer loop
vertex 57.046650854905536 -67.3732795 -3.2072081066429443e-15
vertex 57.046650854905536 -70.2062794 -1.200000000000003
vertex 57.046650854905536 -70.2062794 -3.2072081066429443e-15
endloop
endfacet
facet normal -1 0 0
outer loop
vertex 57.046650854905536 -50.3732795 -3.2072081066429443e-15
vertex 57.046650854905536 -39.2062794 -3.2072081066429443e-15
vertex 57.046650854905536 -39.2062794 -1.200000000000003
endloop
endfacet
facet normal -1 0 0
outer loop
vertex 57.046650854905536 -50.3732795 -3.2072081066429443e-15
vertex 57.046650854905536 -39.2062794 -1.200000000000003
vertex 57.046650854905536 -50.3732795 -1.200000000000003
endloop
endfacet
facet normal -1 0 0
outer loop
vertex 57.046650854905536 -50.3732795 -3.2072081066429443e-15
vertex 57.046650854905536 -50.3732795 -1.200000000000003
vertex 57.046650854905536 -53.2062794 -1.200000000000003
endloop
endfacet
facet normal -1 0 0
outer loop
vertex 57.046650854905536 -50.3732795 -3.2072081066429443e-15
vertex 57.046650854905536 -53.2062794 -1.200000000000003
vertex 57.046650854905536 -53.2062794 -3.2072081066429443e-15
endloop
endfacet
facet normal 0 1 0
outer loop
vertex 43.046650854905536 -70.2062794 -1.2000000000000048
vertex 43.046650854905536 -70.2062794 -4.921713625449238e-15
vertex 57.046650854905536 -70.2062794 -3.2072081066429443e-15
endloop
endfacet
facet normal 0 1 0
outer loop
vertex 43.046650854905536 -70.2062794 -1.2000000000000048
vertex 57.046650854905536 -70.2062794 -3.2072081066429443e-15
vertex 57.046650854905536 -70.2062794 -1.200000000000003
endloop
endfacet
facet normal 0 -1 0
outer loop
vertex 43.046650854905536 -56.2062794 -4.921713625449238e-15
vertex 43.046650854905536 -56.2062794 -1.2000000000000048
vertex 57.046650854905536 -56.2062794 -1.200000000000003
endloop
endfacet
facet normal 0 -1 0
outer loop
vertex 43.046650854905536 -56.2062794 -4.921713625449238e-15
vertex 57.046650854905536 -56.2062794 -1.200000000000003
vertex 57.046650854905536 -56.2062794 -3.2072081066429443e-15
endloop
endfacet
facet normal 0 1 0
outer loop
vertex 43.046650854905536 -53.2062794 -1.2000000000000048
vertex 43.046650854905536 -53.2062794 -4.921713625449238e-15
vertex 57.046650854905536 -53.2062794 -3.2072081066429443e-15
endloop
endfacet
facet normal 0 1 0
outer loop
vertex 43.046650854905536 -53.2062794 -1.2000000000000048
vertex 57.046650854905536 -53.2062794 -3.2072081066429443e-15
vertex 57.046650854905536 -53.2062794 -1.200000000000003
endloop
endfacet
facet normal 0 -1 0
outer loop
vertex 43.046650854905536 -39.2062794 -4.921713625449238e-15
vertex 43.046650854905536 -39.2062794 -1.2000000000000048
vertex 57.046650854905536 -39.2062794 -1.200000000000003
endloop
endfacet
facet normal 0 -1 0
outer loop
vertex 43.046650854905536 -39.2062794 -4.921713625449238e-15
vertex 57.046650854905536 -39.2062794 -1.200000000000003
vertex 57.046650854905536 -39.2062794 -3.2072081066429443e-15
endloop
endfacet
facet normal -0.0004420748675065863 0.0025071311382717557 0.9999967594263829
outer loop
vertex 65.15584235490559 -107.05139649999998 -1.2000000000000022
vertex 55.93751808013559 -108.6768358 -1.2000000000000033
vertex 55.90943812039177 -108.68178705456098 -1.2000000000000033
endloop
endfacet
facet normal -0.0004420748675065863 0.0025071311382717557 0.9999967594263829
outer loop
vertex 65.15584235490559 -107.05139649999998 -1.2000000000000022
vertex 55.90943812039177 -108.68178705456098 -1.2000000000000033
vertex 55.85598149496093 -108.6912129 -1.2000000000000033
endloop
endfacet
facet normal -0.0004420748675065863 0.0025071311382717557 0.9999967594263829
outer loop
vertex 65.15584235490559 -107.05139649999998 -1.2000000000000022
vertex 55.85598149496093 -108.6912129 -1.2000000000000033
vertex 51.368533854905536 -109.48247099999999 -1.200000000000004
endloop
endfacet
facet normal -0.0004420748675065863 0.0025071311382717557 0.9999967594263829
outer loop
vertex 65.15584235490559 -107.05139649999998 -1.2000000000000022
vertex 51.368533854905536 -109.48247099999999 -1.200000000000004
vertex 51.36853385490552 -109.482471 -3.902576887566363e-15
endloop
endfacet
facet normal -0.0004420748675065863 0.0025071311382717557 0.9999967594263829
outer loop
vertex 65.15584235490559 -107.05139649999998 -1.2000000000000022
vertex 51.36853385490552 -109.482471 -3.902576887566363e-15
vertex 58.81576503794679 -108.1693232 -2.9905541044841785e-15
endloop
endfacet
facet normal -0.0004420748675065863 0.0025071311382717557 0.9999967594263829
outer loop
vertex 65.15584235490559 -107.05139649999998 -1.2000000000000022
vertex 58.81576503794679 -108.1693232 -2.9905541044841785e-15
vertex 65.15584235490553 -107.0513965 -2.2141185652281524e-15
endloop
endfacet
facet normal 0.005605495377146045 0.0009884000833989767 -0.9999838006122159
outer loop
vertex 51.368533854905536 -109.48247099999999 -1.200000000000004
vertex 49.376122500151126 -98.1829448 -1.2000000000000042
vertex 49.07564400723021 -96.47884660000004 -1.2000000000000042
endloop
endfacet
facet normal 0.005605495377146045 0.0009884000833989767 -0.9999838006122159
outer loop
vertex 51.368533854905536 -109.48247099999999 -1.200000000000004
vertex 49.07564400723021 -96.47884660000004 -1.2000000000000042
vertex 49.061525176600256 -96.3987747331961 -1.2000000000000042
endloop
endfacet
facet normal 0.005605495377146045 0.0009884000833989767 -0.9999838006122159
outer loop
vertex 51.368533854905536 -109.48247099999999 -1.200000000000004
vertex 49.061525176600256 -96.3987747331961 -1.2000000000000042
vertex 49.043588787039596 -96.29705241401214 -1.2000000000000042
endloop
endfacet
facet normal 0.005605495377146045 0.0009884000833989767 -0.9999838006122159
outer loop
vertex 51.368533854905536 -109.48247099999999 -1.200000000000004
vertex 49.043588787039596 -96.29705241401214 -1.2000000000000042
vertex 49.02230432697044 -96.17634224357958 -1.2000000000000042
endloop
endfacet
facet normal 0.005605495377146045 0.0009884000833989767 -0.9999838006122159
outer loop
vertex 51.368533854905536 -109.48247099999999 -1.200000000000004
vertex 49.02230432697044 -96.17634224357958 -1.2000000000000042
vertex 48.9982296116946 -96.03980774965197 -1.2000000000000042
endloop
endfacet
facet normal 0.005605495377146045 0.0009884000833989767 -0.9999838006122159
outer loop
vertex 51.368533854905536 -109.48247099999999 -1.200000000000004
vertex 48.9982296116946 -96.03980774965197 -1.2000000000000042
vertex 48.971995582496206 -95.89102717803382 -1.2000000000000042
endloop
endfacet
facet normal 0.005605495377146045 0.0009884000833989767 -0.9999838006122159
outer loop
vertex 51.368533854905536 -109.48247099999999 -1.200000000000004
vertex 48.971995582496206 -95.89102717803382 -1.2000000000000042
vertex 48.94428977116458 -95.73389971523008 -1.2000000000000042
endloop
endfacet
facet normal 0.005605495377146045 0.0009884000833989767 -0.9999838006122159
outer loop
vertex 51.368533854905536 -109.48247099999999 -1.200000000000004
vertex 48.94428977116458 -95.73389971523008 -1.2000000000000042
vertex 48.93745935490553 -95.6951625 -1.2000000000000042
endloop
endfacet
facet normal 0.005605495377146045 0.0009884000833989767 -0.9999838006122159
outer loop
vertex 51.368533854905536 -109.48247099999999 -1.200000000000004
vertex 48.93745935490553 -95.6951625 -1.2000000000000042
vertex 48.93745935490551 -95.69516250000001 -4.200297648057739e-15
endloop
endfacet
facet normal 0.005605495377146045 0.0009884000833989767 -0.9999838006122159
outer loop
vertex 51.368533854905536 -109.48247099999999 -1.200000000000004
vertex 48.93745935490551 -95.69516250000001 -4.200297648057739e-15
vertex 49.376122500151126 -98.1829448 -4.146576906384844e-15
endloop
endfacet
facet normal 0.005605495377146045 0.0009884000833989767 -0.9999838006122159
outer loop
vertex 51.368533854905536 -109.48247099999999 -1.200000000000004
vertex 49.376122500151126 -98.1829448 -4.146576906384844e-15
vertex 51.36853385490552 -109.482471 -3.902576887566363e-15
endloop
endfacet
facet normal 0.004155392762051189 -0.0235664032299581 0.999713637673207
outer loop
vertex 48.93745935490553 -95.6951625 -1.2000000000000042
vertex 49.63286738885196 -95.57254330000006 -1.2000000000000042
vertex 62.72476785490554 -93.264088 -1.2000000000000024
endloop
endfacet
facet normal 0.004155392762051189 -0.0235664032299581 0.999713637673207
outer loop
vertex 48.93745935490553 -95.6951625 -1.2000000000000042
vertex 62.72476785490554 -93.264088 -1.2000000000000024
vertex 62.724767854905565 -93.264088 -2.5118393257195235e-15
endloop
endfacet
facet normal 0.004155392762051189 -0.0235664032299581 0.999713637673207
outer loop
vertex 48.93745935490553 -95.6951625 -1.2000000000000042
vertex 62.724767854905565 -93.264088 -2.5118393257195235e-15
vertex 50.35549417253924 -95.4451247 -4.026638468008275e-15
endloop
endfacet
facet normal 0.004155392762051189 -0.0235664032299581 0.999713637673207
outer loop
vertex 48.93745935490553 -95.6951625 -1.2000000000000042
vertex 50.35549417253924 -95.4451247 -4.026638468008275e-15
vertex 48.93745935490551 -95.69516250000001 -4.200297648057739e-15
endloop
endfacet
facet normal 0.0030001153493994957 0.0005290012857102556 0.9999953597219989
outer loop
vertex 62.72476785490554 -93.264088 -1.2000000000000024
vertex 64.88740427317943 -105.52900849999999 -1.2000000000000022
vertex 65.14132606858807 -106.96907055 -1.2000000000000022
endloop
endfacet
facet normal 0.0030001153493994957 0.0005290012857102556 0.9999953597219989
outer loop
vertex 62.72476785490554 -93.264088 -1.2000000000000024
vertex 65.14132606858807 -106.96907055 -1.2000000000000022
vertex 65.15584235490559 -107.05139649999998 -1.2000000000000022
endloop
endfacet
facet normal 0.0030001153493994957 0.0005290012857102556 0.9999953597219989
outer loop
vertex 62.72476785490554 -93.264088 -1.2000000000000024
vertex 65.15584235490559 -107.05139649999998 -1.2000000000000022
vertex 65.15584235490553 -107.0513965 -2.2141185652281524e-15
endloop
endfacet
facet normal 0.0030001153493994957 0.0005290012857102556 0.9999953597219989
outer loop
vertex 62.72476785490554 -93.264088 -1.2000000000000024
vertex 65.15584235490553 -107.0513965 -2.2141185652281524e-15
vertex 64.88740427317943 -105.52900849999999 -2.2469927489836653e-15
endloop
endfacet
facet normal 0.0030001153493994957 0.0005290012857102556 0.9999953597219989
outer loop
vertex 62.72476785490554 -93.264088 -1.2000000000000024
vertex 64.88740427317943 -105.52900849999999 -2.2469927489836653e-15
vertex 62.724767854905565 -93.264088 -2.5118393257195235e-15
endloop
endfacet
facet normal -0.019575798865959882 0.04198043653802505 -0.9989266394720067
outer loop
vertex 46.96387745490556 -110.87125379999999 -1.2000000000000044
vertex 44.985701903726664 -111.7936922 -1.2000000000000046
vertex 44.85962526842876 -111.8524827 -1.2000000000000046
endloop
endfacet
facet normal -0.019575798865959882 0.04198043653802505 -0.9989266394720067
outer loop
vertex 46.96387745490556 -110.87125379999999 -1.2000000000000044
vertex 44.85962526842876 -111.8524827 -1.2000000000000046
vertex 34.27556845490557 -116.7879094 -1.200000000000006
endloop
endfacet
facet normal -0.019575798865959882 0.04198043653802505 -0.9989266394720067
outer loop
vertex 46.96387745490556 -110.87125379999999 -1.2000000000000044
vertex 34.27556845490557 -116.7879094 -1.200000000000006
vertex 34.27556845490548 -116.78790940000002 -5.995861424071014e-15
endloop
endfacet
facet normal -0.019575798865959882 0.04198043653802505 -0.9989266394720067
outer loop
vertex 46.96387745490556 -110.87125379999999 -1.2000000000000044
vertex 34.27556845490548 -116.78790940000002 -5.995861424071014e-15
vertex 42.456041730913924 -112.97329210000004 -4.994042382773594e-15
endloop
endfacet
facet normal -0.019575798865959882 0.04198043653802505 -0.9989266394720067
outer loop
vertex 46.96387745490556 -110.87125379999999 -1.2000000000000044
vertex 42.456041730913924 -112.97329210000004 -4.994042382773594e-15
vertex 42.48067847000108 -112.96180379999996 -4.991025252407142e-15
endloop
endfacet
facet normal -0.019575798865959882 0.04198043653802505 -0.9989266394720067
outer loop
vertex 46.96387745490556 -110.87125379999999 -1.2000000000000044
vertex 42.48067847000108 -112.96180379999996 -4.991025252407142e-15
vertex 46.96387745490553 -110.87125380000002 -4.441991723726752e-15
endloop
endfacet
facet normal 0.906307788561546 0.42261825847054946 0
outer loop
vertex 34.27556845490557 -116.7879094 -1.200000000000006
vertex 28.358912854905526 -104.0996004 -1.2000000000000066
vertex 28.358912854905526 -104.0996004 -6.720442758290734e-15
endloop
endfacet
facet normal 0.906307788561546 0.42261825847054946 0
outer loop
vertex 34.27556845490557 -116.7879094 -1.200000000000006
vertex 28.358912854905526 -104.0996004 -6.720442758290734e-15
vertex 34.27556845490548 -116.78790940000002 -5.995861424071014e-15
endloop
endfacet
facet normal 0.42261825847056317 -0.9063077885615396 0
outer loop
vertex 28.358912854905526 -104.0996004 -1.2000000000000066
vertex 41.047221854905516 -98.1829448 -1.200000000000005
vertex 41.04722185490553 -98.1829448 -5.1665730579464784e-15
endloop
endfacet
facet normal 0.42261825847056317 -0.9063077885615396 0
outer loop
vertex 28.358912854905526 -104.0996004 -1.2000000000000066
vertex 41.04722185490553 -98.1829448 -5.1665730579464784e-15
vertex 28.358912854905526 -104.0996004 -6.720442758290734e-15
endloop
endfacet
facet normal 0.0027124542581385734 0.0012648381810499904 0.9999955213781077
outer loop
vertex 41.047221854905516 -98.1829448 -1.200000000000005
vertex 46.316277405852205 -109.48247099999999 -1.2000000000000044
vertex 46.96387745490556 -110.87125379999999 -1.2000000000000044
endloop
endfacet
facet normal 0.0027124542581385734 0.0012648381810499904 0.9999955213781077
outer loop
vertex 41.047221854905516 -98.1829448 -1.200000000000005
vertex 46.96387745490556 -110.87125379999999 -1.2000000000000044
vertex 46.96387745490553 -110.87125380000002 -4.441991723726752e-15
endloop
endfacet
facet normal 0.0027124542581385734 0.0012648381810499904 0.9999955213781077
outer loop
vertex 41.047221854905516 -98.1829448 -1.200000000000005
vertex 46.96387745490553 -110.87125380000002 -4.441991723726752e-15
vertex 46.49946356978677 -109.87531500000001 -4.49886602151578e-15
endloop
endfacet
facet normal 0.0027124542581385734 0.0012648381810499904 0.9999955213781077
outer loop
vertex 41.047221854905516 -98.1829448 -1.200000000000005
vertex 46.49946356978677 -109.87531500000001 -4.49886602151578e-15
vertex 46.31627740585222 -109.482471 -4.521299856446833e-15
endloop
endfacet
facet normal 0.0027124542581385734 0.0012648381810499904 0.9999955213781077
outer loop
vertex 41.047221854905516 -98.1829448 -1.200000000000005
vertex 46.31627740585222 -109.482471 -4.521299856446833e-15
vertex 41.04722185490553 -98.1829448 -5.1665730579464784e-15
endloop
endfacet
endsolid csg.js
