solid csg.js
facet normal 2.220446049250313e-16 0 -1
outer loop
vertex 39.273556565283826 -120.66137866033 -1.6000000000000059
vertex 39.01649665684465 -120.59008911145291 -1.6000000000000059
vertex 38.77375379889921 -120.47946406355472 -1.6000000000000059
endloop
endfacet
facet normal 2.220446049250313e-16 0 -1
outer loop
vertex 39.273556565283826 -120.66137866033 -1.6000000000000059
vertex 38.77375379889921 -120.47946406355472 -1.6000000000000059
vertex 38.551305177039666 -120.33222749561475 -1.6000000000000059
endloop
endfacet
facet normal 2.220446049250313e-16 0 -1
outer loop
vertex 39.273556565283826 -120.66137866033 -1.6000000000000059
vertex 38.551305177039666 -120.33222749561475 -1.6000000000000059
vertex 38.35462826116449 -120.15200489140582 -1.600000000000006
endloop
endfacet
facet normal 2.220446049250313e-16 0 -1
outer loop
vertex 39.273556565283826 -120.66137866033 -1.6000000000000059
vertex 38.35462826116449 -120.15200489140582 -1.600000000000006
vertex 38.1885659308451 -119.94323396729314 -1.600000000000006
endloop
endfacet
facet normal 2.220446049250313e-16 0 -1
outer loop
vertex 39.273556565283826 -120.66137866033 -1.6000000000000059
vertex 38.1885659308451 -119.94323396729314 -1.600000000000006
vertex 38.057207226543824 -119.71105539999968 -1.600000000000006
endloop
endfacet
facet normal 2.220446049250313e-16 0 -1
outer loop
vertex 39.273556565283826 -120.66137866033 -1.6000000000000059
vertex 38.057207226543824 -119.71105539999968 -1.600000000000006
vertex 34.915337709659525 -112.97329210000002 -1.6000000000000063
endloop
endfacet
facet normal 2.220446049250313e-16 0 -1
outer loop
vertex 39.273556565283826 -120.66137866033 -1.6000000000000059
vertex 34.915337709659525 -112.97329210000002 -1.6000000000000063
vertex 56.52894077654389 -112.97329210000002 -1.6000000000000039
endloop
endfacet
facet normal 2.220446049250313e-16 0 -1
outer loop
vertex 39.273556565283826 -120.66137866033 -1.6000000000000059
vertex 56.52894077654389 -112.97329210000002 -1.6000000000000039
vertex 40.31638537654388 -120.53333080000004 -1.6000000000000056
endloop
endfacet
facet normal 2.220446049250313e-16 0 -1
outer loop
vertex 39.273556565283826 -120.66137866033 -1.6000000000000059
vertex 40.31638537654388 -120.53333080000004 -1.6000000000000056
vertex 40.06651869658529 -120.62675763526688 -1.6000000000000059
endloop
endfacet
facet normal 2.220446049250313e-16 0 -1
outer loop
vertex 39.273556565283826 -120.66137866033 -1.6000000000000059
vertex 40.06651869658529 -120.62675763526688 -1.6000000000000059
vertex 39.80511196988431 -120.67994146308494 -1.6000000000000059
endloop
endfacet
facet normal 2.220446049250313e-16 0 -1
outer loop
vertex 39.273556565283826 -120.66137866033 -1.6000000000000059
vertex 39.80511196988431 -120.67994146308494 -1.6000000000000059
vertex 39.5386038023299 -120.69157730997374 -1.6000000000000059
endloop
endfacet
facet normal 2.220446049250313e-16 0 -1
outer loop
vertex 34.915337709659525 -112.97329210000002 -1.6000000000000063
vertex 34.909980629280795 -112.9618038 -1.6000000000000063
vertex 56.56537707654397 -112.9618038 -1.6000000000000039
endloop
endfacet
facet normal 2.220446049250313e-16 0 -1
outer loop
vertex 34.915337709659525 -112.97329210000002 -1.6000000000000063
vertex 56.56537707654397 -112.9618038 -1.6000000000000039
vertex 56.52894077654389 -112.97329210000002 -1.6000000000000039
endloop
endfacet
facet normal 2.220446049250313e-16 0 -1
outer loop
vertex 34.909980629280795 -112.9618038 -1.6000000000000063
vertex 33.47616790267557 -109.88698139999994 -1.6000000000000065
vertex 74.00356677654422 -109.88698139999994 -1.6000000000000016
endloop
endfacet
facet normal 2.220446049250313e-16 0 -1
outer loop
vertex 34.909980629280795 -112.9618038 -1.6000000000000063
vertex 74.00356677654422 -109.88698139999994 -1.6000000000000016
vertex 56.56537707654397 -112.9618038 -1.6000000000000039
endloop
endfacet
facet normal 2.220446049250313e-16 0 -1
outer loop
vertex 33.47616790267557 -109.88698139999994 -1.6000000000000065
vertex 33.471772560313894 -109.877555554561 -1.6000000000000065
vertex 74.06996554412022 -109.877555554561 -1.6000000000000016
endloop
endfacet
facet normal 2.220446049250313e-16 0 -1
outer loop
vertex 33.47616790267557 -109.88698139999994 -1.6000000000000065
vertex 74.06996554412022 -109.877555554561 -1.6000000000000016
vertex 74.00356677654422 -109.88698139999994 -1.6000000000000016
endloop
endfacet
facet normal 2.220446049250313e-16 0 -1
outer loop
vertex 33.471772560313894 -109.877555554561 -1.6000000000000065
vertex 33.46946305374814 -109.87260279999998 -1.6000000000000065
vertex 74.13684447654413 -109.87260279999998 -1.6000000000000016
endloop
endfacet
facet normal 2.220446049250313e-16 0 -1
outer loop
vertex 33.471772560313894 -109.877555554561 -1.6000000000000065
vertex 74.13684447654413 -109.87260279999998 -1.6000000000000016
vertex 74.06996554412022 -109.877555554561 -1.6000000000000016
endloop
endfacet
facet normal 2.220446049250313e-16 0 -1
outer loop
vertex 133.7171700410988 -112.81253238967756 -1.5999999999999943
vertex 133.4253432265436 -112.76107709999994 -1.5999999999999943
vertex 116.43575247654353 -108.20872929999992 -1.5999999999999963
endloop
endfacet
facet normal 2.220446049250313e-16 0 -1
outer loop
vertex 133.7171700410988 -112.81253238967756 -1.5999999999999943
vertex 116.43575247654353 -108.20872929999992 -1.5999999999999963
vertex 136.40511022194056 -108.20872929999992 -1.5999999999999939
endloop
endfacet
facet normal 2.220446049250313e-16 0 -1
outer loop
vertex 133.7171700410988 -112.81253238967756 -1.5999999999999943
vertex 136.40511022194056 -108.20872929999992 -1.5999999999999939
vertex 135.50740951913608 -111.55899477410584 -1.599999999999994
endloop
endfacet
facet normal 2.220446049250313e-16 0 -1
outer loop
vertex 133.7171700410988 -112.81253238967756 -1.5999999999999943
vertex 135.50740951913608 -111.55899477410584 -1.599999999999994
vertex 135.40605246374753 -111.83745469986711 -1.599999999999994
endloop
endfacet
facet normal 2.220446049250313e-16 0 -1
outer loop
vertex 133.7171700410988 -112.81253238967756 -1.5999999999999943
vertex 135.40605246374753 -111.83745469986711 -1.599999999999994
vertex 135.25788793915657 -112.09408261279899 -1.599999999999994
endloop
endfacet
facet normal 2.220446049250313e-16 0 -1
outer loop
vertex 133.7171700410988 -112.81253238967756 -1.5999999999999943
vertex 135.25788793915657 -112.09408261279899 -1.599999999999994
vertex 135.06741152736845 -112.32108338062937 -1.599999999999994
endloop
endfacet
facet normal 2.220446049250313e-16 0 -1
outer loop
vertex 133.7171700410988 -112.81253238967756 -1.5999999999999943
vertex 135.06741152736845 -112.32108338062937 -1.599999999999994
vertex 134.8404107198365 -112.51155974510259 -1.599999999999994
endloop
endfacet
facet normal 2.220446049250313e-16 0 -1
outer loop
vertex 133.7171700410988 -112.81253238967756 -1.5999999999999943
vertex 134.8404107198365 -112.51155974510259 -1.599999999999994
vertex 134.58378277602193 -112.65972421620361 -1.599999999999994
endloop
endfacet
facet normal 2.220446049250313e-16 0 -1
outer loop
vertex 133.7171700410988 -112.81253238967756 -1.5999999999999943
vertex 134.58378277602193 -112.65972421620361 -1.599999999999994
vertex 134.30532515503006 -112.7610749209599 -1.5999999999999943
endloop
endfacet
facet normal 2.220446049250313e-16 0 -1
outer loop
vertex 133.7171700410988 -112.81253238967756 -1.5999999999999943
vertex 134.30532515503006 -112.7610749209599 -1.5999999999999943
vertex 134.0134985953127 -112.81253238967756 -1.5999999999999943
endloop
endfacet
facet normal 2.220446049250313e-16 0 -1
outer loop
vertex 116.43575247654353 -108.20872929999992 -1.5999999999999963
vertex 116.33731018981176 -108.18759856495001 -1.5999999999999965
vertex 136.41077218391092 -108.18759856495001 -1.5999999999999939
endloop
endfacet
facet normal 2.220446049250313e-16 0 -1
outer loop
vertex 116.43575247654353 -108.20872929999992 -1.5999999999999963
vertex 136.41077218391092 -108.18759856495001 -1.5999999999999939
vertex 136.40511022194056 -108.20872929999992 -1.5999999999999939
endloop
endfacet
facet normal 2.220446049250313e-16 0 -1
outer loop
vertex 116.33731018981176 -108.18759856495001 -1.5999999999999965
vertex 116.2372386796098 -108.17647430549374 -1.5999999999999965
vertex 136.41375291950015 -108.17647430549374 -1.5999999999999939
endloop
endfacet
facet normal 2.220446049250313e-16 0 -1
outer loop
vertex 116.33731018981176 -108.18759856495001 -1.5999999999999965
vertex 136.41375291950015 -108.17647430549374 -1.5999999999999939
vertex 136.41077218391092 -108.18759856495001 -1.5999999999999939
endloop
endfacet
facet normal 2.220446049250313e-16 0 -1
outer loop
vertex 116.2372386796098 -108.17647430549374 -1.5999999999999965
vertex 116.13655577654379 -108.17546964999998 -1.5999999999999965
vertex 136.4140221160608 -108.17546964999998 -1.5999999999999939
endloop
endfacet
facet normal 2.220446049250313e-16 0 -1
outer loop
vertex 116.2372386796098 -108.17647430549374 -1.5999999999999965
vertex 136.4140221160608 -108.17546964999998 -1.5999999999999939
vertex 136.41375291950015 -108.17647430549374 -1.5999999999999939
endloop
endfacet
facet normal 2.220446049250313e-16 0 -1
outer loop
vertex 33.46946305374814 -109.87260279999998 -1.6000000000000065
vertex 32.67807714826833 -108.17546964999998 -1.6000000000000068
vertex 116.13655577654379 -108.17546964999998 -1.5999999999999965
endloop
endfacet
facet normal 2.220446049250313e-16 0 -1
outer loop
vertex 33.46946305374814 -109.87260279999998 -1.6000000000000065
vertex 116.13655577654379 -108.17546964999998 -1.5999999999999965
vertex 74.13684447654413 -109.87260279999998 -1.6000000000000016
endloop
endfacet
facet normal 1.2238483128892015e-16 -2.929337942957203e-19 -1
outer loop
vertex 116.13655577654379 -108.17546964999998 -1.5999999999999965
vertex 32.67807714826833 -108.17546964999998 -1.6000000000000068
vertex 30.873027676539806 -104.30452719999113 -1.600000000000007
endloop
endfacet
facet normal 1.2238483128892015e-16 -2.929337942957203e-19 -1
outer loop
vertex 116.13655577654379 -108.17546964999998 -1.5999999999999965
vertex 30.873027676539806 -104.30452719999113 -1.600000000000007
vertex 137.4512377590438 -104.30452719999113 -1.5999999999999939
endloop
endfacet
facet normal 1.2238483128892015e-16 -2.929337942957203e-19 -1
outer loop
vertex 116.13655577654379 -108.17546964999998 -1.5999999999999965
vertex 137.4512377590438 -104.30452719999113 -1.5999999999999939
vertex 136.4140221160608 -108.17546964999998 -1.5999999999999939
endloop
endfacet
facet normal 7.421377970573484e-16 2.9882624382734436e-16 -1
outer loop
vertex 30.873027676539806 -104.30452719999113 -1.600000000000007
vertex 24.42060717654394 -90.50904769999994 -1.6000000000000076
vertex 24.33077683909835 -90.28595320907796 -1.6000000000000076
endloop
endfacet
facet normal 7.421377970573484e-16 2.9882624382734436e-16 -1
outer loop
vertex 30.873027676539806 -104.30452719999113 -1.600000000000007
vertex 24.33077683909835 -90.28595320907796 -1.6000000000000076
vertex 24.265833466397993 -90.05439014506943 -1.6000000000000076
endloop
endfacet
facet normal 7.421377970573484e-16 2.9882624382734436e-16 -1
outer loop
vertex 30.873027676539806 -104.30452719999113 -1.600000000000007
vertex 24.265833466397993 -90.05439014506943 -1.6000000000000076
vertex 24.226554096429197 -89.81712188894174 -1.6000000000000076
endloop
endfacet
facet normal 7.421377970573484e-16 2.9882624382734436e-16 -1
outer loop
vertex 30.873027676539806 -104.30452719999113 -1.600000000000007
vertex 24.226554096429197 -89.81712188894174 -1.6000000000000076
vertex 24.213408126543953 -89.57698385000045 -1.6000000000000076
endloop
endfacet
facet normal 7.421377970573484e-16 2.9882624382734436e-16 -1
outer loop
vertex 30.873027676539806 -104.30452719999113 -1.600000000000007
vertex 24.213408126543953 -89.57698385000045 -1.6000000000000076
vertex 24.213404976543984 -56.70627940000013 -1.6000000000000076
endloop
endfacet
facet normal 7.421377970573484e-16 2.9882624382734436e-16 -1
outer loop
vertex 30.873027676539806 -104.30452719999113 -1.600000000000007
vertex 24.213404976543984 -56.70627940000013 -1.6000000000000076
vertex 24.246829969917087 -56.324253709132755 -1.6000000000000076
endloop
endfacet
facet normal 7.421377970573484e-16 2.9882624382734436e-16 -1
outer loop
vertex 30.873027676539806 -104.30452719999113 -1.600000000000007
vertex 24.246829969917087 -56.324253709132755 -1.6000000000000076
vertex 24.346083260814964 -55.95383538468357 -1.6000000000000076
endloop
endfacet
facet normal 7.421377970573484e-16 2.9882624382734436e-16 -1
outer loop
vertex 30.873027676539806 -104.30452719999113 -1.600000000000007
vertex 24.346083260814964 -55.95383538468357 -1.6000000000000076
vertex 24.50815113821821 -55.60627969999995 -1.6000000000000076
endloop
endfacet
facet normal 7.421377970573484e-16 2.9882624382734436e-16 -1
outer loop
vertex 30.873027676539806 -104.30452719999113 -1.600000000000007
vertex 24.50815113821821 -55.60627969999995 -1.6000000000000076
vertex 24.728109251682184 -55.29214695868964 -1.6000000000000076
endloop
endfacet
facet normal 7.421377970573484e-16 2.9882624382734436e-16 -1
outer loop
vertex 30.873027676539806 -104.30452719999113 -1.600000000000007
vertex 24.728109251682184 -55.29214695868964 -1.6000000000000076
vertex 24.999274285233582 -55.02098192513823 -1.6000000000000076
endloop
endfacet
facet normal 7.421377970573484e-16 2.9882624382734436e-16 -1
outer loop
vertex 30.873027676539806 -104.30452719999113 -1.600000000000007
vertex 24.999274285233582 -55.02098192513823 -1.6000000000000076
vertex 25.313407026543956 -54.80102381167423 -1.6000000000000076
endloop
endfacet
facet normal 7.421377970573484e-16 2.9882624382734436e-16 -1
outer loop
vertex 30.873027676539806 -104.30452719999113 -1.600000000000007
vertex 25.313407026543956 -54.80102381167423 -1.6000000000000076
vertex 25.6609627112274 -54.638955934271024 -1.6000000000000076
endloop
endfacet
facet normal 7.421377970573484e-16 2.9882624382734436e-16 -1
outer loop
vertex 30.873027676539806 -104.30452719999113 -1.600000000000007
vertex 25.6609627112274 -54.638955934271024 -1.6000000000000076
vertex 26.031381035676702 -54.53970264337315 -1.6000000000000074
endloop
endfacet
facet normal 7.421377970573484e-16 2.9882624382734436e-16 -1
outer loop
vertex 30.873027676539806 -104.30452719999113 -1.600000000000007
vertex 26.031381035676702 -54.53970264337315 -1.6000000000000074
vertex 26.413407026544036 -54.5062780850526 -1.6000000000000074
endloop
endfacet
facet normal 7.421377970573484e-16 2.9882624382734436e-16 -1
outer loop
vertex 30.873027676539806 -104.30452719999113 -1.600000000000007
vertex 26.413407026544036 -54.5062780850526 -1.6000000000000074
vertex 44.84770497654395 -54.5062780850526 -1.6000000000000052
endloop
endfacet
facet normal 7.421377970573484e-16 2.9882624382734436e-16 -1
outer loop
vertex 30.873027676539806 -104.30452719999113 -1.600000000000007
vertex 44.84770497654395 -54.5062780850526 -1.6000000000000052
vertex 126.2009407553702 -54.5062780850526 -1.5999999999999952
endloop
endfacet
facet normal 7.421377970573484e-16 2.9882624382734436e-16 -1
outer loop
vertex 30.873027676539806 -104.30452719999113 -1.600000000000007
vertex 126.2009407553702 -54.5062780850526 -1.5999999999999952
vertex 147.50509707654373 -60.21471099999993 -1.5999999999999925
endloop
endfacet
facet normal 7.421377970573484e-16 2.9882624382734436e-16 -1
outer loop
vertex 30.873027676539806 -104.30452719999113 -1.600000000000007
vertex 147.50509707654373 -60.21471099999993 -1.5999999999999925
vertex 147.78355567641108 -60.316066262796426 -1.5999999999999925
endloop
endfacet
facet normal 7.421377970573484e-16 2.9882624382734436e-16 -1
outer loop
vertex 30.873027676539806 -104.30452719999113 -1.600000000000007
vertex 147.78355567641108 -60.316066262796426 -1.5999999999999925
vertex 148.04018358934297 -60.464230787387386 -1.5999999999999925
endloop
endfacet
facet normal 7.421377970573484e-16 2.9882624382734436e-16 -1
outer loop
vertex 30.873027676539806 -104.30452719999113 -1.600000000000007
vertex 148.04018358934297 -60.464230787387386 -1.5999999999999925
vertex 148.26718435717328 -60.65470719917544 -1.5999999999999925
endloop
endfacet
facet normal 7.421377970573484e-16 2.9882624382734436e-16 -1
outer loop
vertex 30.873027676539806 -104.30452719999113 -1.600000000000007
vertex 148.26718435717328 -60.65470719917544 -1.5999999999999925
vertex 148.45766072164653 -60.88170800670746 -1.5999999999999925
endloop
endfacet
facet normal 7.421377970573484e-16 2.9882624382734436e-16 -1
outer loop
vertex 30.873027676539806 -104.30452719999113 -1.600000000000007
vertex 148.45766072164653 -60.88170800670746 -1.5999999999999925
vertex 148.60582519274755 -61.13833595052196 -1.5999999999999925
endloop
endfacet
facet normal 7.421377970573484e-16 2.9882624382734436e-16 -1
outer loop
vertex 30.873027676539806 -104.30452719999113 -1.600000000000007
vertex 148.60582519274755 -61.13833595052196 -1.5999999999999925
vertex 148.70717589750387 -61.41679357151396 -1.5999999999999925
endloop
endfacet
facet normal 7.421377970573484e-16 2.9882624382734436e-16 -1
outer loop
vertex 30.873027676539806 -104.30452719999113 -1.600000000000007
vertex 148.70717589750387 -61.41679357151396 -1.5999999999999925
vertex 148.7586333662215 -61.708620131231136 -1.5999999999999925
endloop
endfacet
facet normal 7.421377970573484e-16 2.9882624382734436e-16 -1
outer loop
vertex 30.873027676539806 -104.30452719999113 -1.600000000000007
vertex 148.7586333662215 -61.708620131231136 -1.5999999999999925
vertex 148.75863409999997 -62.00494868544514 -1.5999999999999925
endloop
endfacet
facet normal 7.421377970573484e-16 2.9882624382734436e-16 -1
outer loop
vertex 30.873027676539806 -104.30452719999113 -1.600000000000007
vertex 148.75863409999997 -62.00494868544514 -1.5999999999999925
vertex 148.70717807654393 -62.29677550000004 -1.5999999999999925
endloop
endfacet
facet normal 7.421377970573484e-16 2.9882624382734436e-16 -1
outer loop
vertex 30.873027676539806 -104.30452719999113 -1.600000000000007
vertex 148.70717807654393 -62.29677550000004 -1.5999999999999925
vertex 137.4512377590438 -104.30452719999113 -1.5999999999999939
endloop
endfacet
facet normal 0 0 1
outer loop
vertex 44.84770497654395 -54.5062780850526 -1.6000000000000052
vertex 45.02135520421089 -54.49108745301219 -1.6000000000000052
vertex 45.52381535739215 -54.44712869867578 -1.6000000000000052
endloop
endfacet
facet normal 0 0 1
outer loop
vertex 44.84770497654395 -54.5062780850526 -1.6000000000000052
vertex 45.52381535739215 -54.44712869867578 -1.6000000000000052
vertex 125.98019230337044 -54.44712869867578 -1.5999999999999952
endloop
endfacet
facet normal 0 0 1
outer loop
vertex 44.84770497654395 -54.5062780850526 -1.6000000000000052
vertex 125.98019230337044 -54.44712869867578 -1.5999999999999952
vertex 126.2009407553702 -54.5062780850526 -1.5999999999999952
endloop
endfacet
facet normal 2.220446049250313e-16 0 -1
outer loop
vertex 45.185411508831805 -54.44712869867578 -1.6000000000000052
vertex 45.52381535739215 -54.44712869867578 -1.6000000000000052
vertex 45.02135520421089 -54.49108745301219 -1.6000000000000052
endloop
endfacet
facet normal 0 0 -1
outer loop
vertex 45.52381535739215 -54.44712869867578 -1.6000000000000052
vertex 45.185411508831805 -54.44712869867578 -1.6000000000000052
vertex 45.189727169869656 -54.445972320785884 -1.6000000000000052
endloop
endfacet
facet normal 0 0 -1
outer loop
vertex 45.52381535739215 -54.44712869867578 -1.6000000000000052
vertex 45.189727169869656 -54.445972320785884 -1.6000000000000052
vertex 125.97587664356807 -54.445972320785884 -1.5999999999999952
endloop
endfacet
facet normal 0 0 -1
outer loop
vertex 45.52381535739215 -54.44712869867578 -1.6000000000000052
vertex 125.97587664356807 -54.445972320785884 -1.5999999999999952
vertex 125.98019230337044 -54.44712869867578 -1.5999999999999952
endloop
endfacet
facet normal 2.220446049250313e-16 0 -1
outer loop
vertex 45.189727169869656 -54.445972320785884 -1.6000000000000052
vertex 45.34770702654397 -54.37230510378443 -1.6000000000000052
vertex 125.70094692557228 -54.37230510378443 -1.5999999999999952
endloop
endfacet
facet normal 2.220446049250313e-16 0 -1
outer loop
vertex 45.189727169869656 -54.445972320785884 -1.6000000000000052
vertex 125.70094692557228 -54.37230510378443 -1.5999999999999952
vertex 125.97587664356807 -54.445972320785884 -1.5999999999999952
endloop
endfacet
facet normal 2.220446049250313e-16 0 -1
outer loop
vertex 45.34770702654397 -54.37230510378443 -1.6000000000000052
vertex 45.49049463623045 -54.272324143119 -1.6000000000000052
vertex 125.32781300739873 -54.272324143119 -1.5999999999999954
endloop
endfacet
facet normal 2.220446049250313e-16 0 -1
outer loop
vertex 45.34770702654397 -54.37230510378443 -1.6000000000000052
vertex 125.32781300739873 -54.272324143119 -1.5999999999999954
vertex 125.70094692557228 -54.37230510378443 -1.5999999999999952
endloop
endfacet
facet normal 2.220446049250313e-16 0 -1
outer loop
vertex 45.49049463623045 -54.272324143119 -1.6000000000000052
vertex 45.52410867934947 -54.23871009999999 -1.6000000000000052
vertex 125.20236372654392 -54.23871009999999 -1.5999999999999954
endloop
endfacet
facet normal 2.220446049250313e-16 0 -1
outer loop
vertex 45.49049463623045 -54.272324143119 -1.6000000000000052
vertex 125.20236372654392 -54.23871009999999 -1.5999999999999954
vertex 125.32781300739873 -54.272324143119 -1.5999999999999954
endloop
endfacet
facet normal 2.220446049250313e-16 0 -1
outer loop
vertex 45.52410867934947 -54.23871009999999 -1.6000000000000052
vertex 45.57570144893397 -54.1871173304155 -1.6000000000000052
vertex 125.05621810969507 -54.1871173304155 -1.5999999999999954
endloop
endfacet
facet normal 2.220446049250313e-16 0 -1
outer loop
vertex 45.52410867934947 -54.23871009999999 -1.6000000000000052
vertex 125.05621810969507 -54.1871173304155 -1.5999999999999954
vertex 125.20236372654392 -54.23871009999999 -1.5999999999999954
endloop
endfacet
facet normal 2.220446049250313e-16 0 -1
outer loop
vertex 45.57570144893397 -54.1871173304155 -1.6000000000000052
vertex 45.61375146966293 -54.14906730968654 -1.6000000000000052
vertex 124.98564926134641 -54.14906730968654 -1.5999999999999954
endloop
endfacet
facet normal 2.220446049250313e-16 0 -1
outer loop
vertex 45.57570144893397 -54.1871173304155 -1.6000000000000052
vertex 124.98564926134641 -54.14906730968654 -1.5999999999999954
vertex 125.05621810969507 -54.1871173304155 -1.5999999999999954
endloop
endfacet
facet normal 2.220446049250313e-16 0 -1
outer loop
vertex 45.61375146966293 -54.14906730968654 -1.6000000000000052
vertex 45.638612604470254 -54.1135619295661 -1.6000000000000052
vertex 124.91979978906548 -54.1135619295661 -1.5999999999999954
endloop
endfacet
facet normal 2.220446049250313e-16 0 -1
outer loop
vertex 45.61375146966293 -54.14906730968654 -1.6000000000000052
vertex 124.91979978906548 -54.1135619295661 -1.5999999999999954
vertex 124.98564926134641 -54.14906730968654 -1.5999999999999954
endloop
endfacet
facet normal 2.220446049250313e-16 0 -1
outer loop
vertex 45.638612604470254 -54.1135619295661 -1.6000000000000052
vertex 45.70425790510906 -54.019810724306815 -1.600000000000005
vertex 124.79638558117199 -54.019810724306815 -1.5999999999999954
endloop
endfacet
facet normal 2.220446049250313e-16 0 -1
outer loop
vertex 45.638612604470254 -54.1135619295661 -1.6000000000000052
vertex 124.79638558117199 -54.019810724306815 -1.5999999999999954
vertex 124.91979978906548 -54.1135619295661 -1.5999999999999954
endloop
endfacet
facet normal 2.220446049250313e-16 0 -1
outer loop
vertex 45.70425790510906 -54.019810724306815 -1.600000000000005
vertex 45.71373243032838 -54.006279700000015 -1.600000000000005
vertex 124.783369343636 -54.006279700000015 -1.5999999999999954
endloop
endfacet
facet normal 2.220446049250313e-16 0 -1
outer loop
vertex 45.70425790510906 -54.019810724306815 -1.600000000000005
vertex 124.783369343636 -54.006279700000015 -1.5999999999999954
vertex 124.79638558117199 -54.019810724306815 -1.5999999999999954
endloop
endfacet
facet normal 2.220446049250313e-16 0 -1
outer loop
vertex 45.71373243032838 -54.006279700000015 -1.600000000000005
vertex 45.759507077718425 -53.90811565188818 -1.600000000000005
vertex 124.68893993912468 -53.90811565188818 -1.5999999999999954
endloop
endfacet
facet normal 2.220446049250313e-16 0 -1
outer loop
vertex 45.71373243032838 -54.006279700000015 -1.600000000000005
vertex 124.68893993912468 -53.90811565188818 -1.5999999999999954
vertex 124.783369343636 -54.006279700000015 -1.5999999999999954
endloop
endfacet
facet normal 2.220446049250313e-16 0 -1
outer loop
vertex 45.759507077718425 -53.90811565188818 -1.600000000000005
vertex 45.78739964732988 -53.84829984332563 -1.600000000000005
vertex 124.64705614974699 -53.84829984332563 -1.5999999999999954
endloop
endfacet
facet normal 2.220446049250313e-16 0 -1
outer loop
vertex 45.759507077718425 -53.90811565188818 -1.600000000000005
vertex 124.64705614974699 -53.84829984332563 -1.5999999999999954
vertex 124.68893993912468 -53.90811565188818 -1.5999999999999954
endloop
endfacet
facet normal 2.220446049250313e-16 0 -1
outer loop
vertex 45.78739964732988 -53.84829984332563 -1.600000000000005
vertex 45.80538980318887 -53.78115966762376 -1.600000000000005
vertex 124.60004374541015 -53.78115966762376 -1.5999999999999954
endloop
endfacet
facet normal 2.220446049250313e-16 0 -1
outer loop
vertex 45.78739964732988 -53.84829984332563 -1.600000000000005
vertex 124.60004374541015 -53.78115966762376 -1.5999999999999954
vertex 124.64705614974699 -53.84829984332563 -1.5999999999999954
endloop
endfacet
facet normal 2.220446049250313e-16 0 -1
outer loop
vertex 45.80538980318887 -53.78115966762376 -1.600000000000005
vertex 45.83251477955615 -53.67992787766698 -1.600000000000005
vertex 124.55042604436451 -53.67992787766698 -1.5999999999999954
endloop
endfacet
facet normal 2.220446049250313e-16 0 -1
outer loop
vertex 45.80538980318887 -53.78115966762376 -1.600000000000005
vertex 124.55042604436451 -53.67992787766698 -1.5999999999999954
vertex 124.60004374541015 -53.78115966762376 -1.5999999999999954
endloop
endfacet
facet normal 2.220446049250313e-16 0 -1
outer loop
vertex 45.83251477955615 -53.67992787766698 -1.600000000000005
vertex 45.83583371260322 -53.6419922993496 -1.600000000000005
vertex 124.53183231817682 -53.6419922993496 -1.5999999999999954
endloop
endfacet
facet normal 2.220446049250313e-16 0 -1
outer loop
vertex 45.83251477955615 -53.67992787766698 -1.600000000000005
vertex 124.53183231817682 -53.6419922993496 -1.5999999999999954
vertex 124.55042604436451 -53.67992787766698 -1.5999999999999954
endloop
endfacet
facet normal 2.220446049250313e-16 0 -1
outer loop
vertex 45.83583371260322 -53.6419922993496 -1.600000000000005
vertex 45.84770702654396 -53.50627969999992 -1.600000000000005
vertex 124.48976410010602 -53.50627969999992 -1.5999999999999954
endloop
endfacet
facet normal 2.220446049250313e-16 0 -1
outer loop
vertex 45.83583371260322 -53.6419922993496 -1.600000000000005
vertex 124.48976410010602 -53.50627969999992 -1.5999999999999954
vertex 124.53183231817682 -53.6419922993496 -1.5999999999999954
endloop
endfacet
facet normal 2.220446049250313e-16 0 -1
outer loop
vertex 45.84770702654396 -53.50627969999992 -1.600000000000005
vertex 45.84770702494505 -53.49395639668392 -1.600000000000005
vertex 124.48594412013557 -53.49395639668392 -1.5999999999999954
endloop
endfacet
facet normal 2.220446049250313e-16 0 -1
outer loop
vertex 45.84770702654396 -53.50627969999992 -1.600000000000005
vertex 124.48594412013557 -53.49395639668392 -1.5999999999999954
vertex 124.48976410010602 -53.50627969999992 -1.5999999999999954
endloop
endfacet
facet normal 2.220446049250313e-16 0 -1
outer loop
vertex 45.84770702494505 -53.49395639668392 -1.600000000000005
vertex 45.84770700504855 -53.34060783459055 -1.600000000000005
vertex 124.46348140210267 -53.34060783459055 -1.5999999999999954
endloop
endfacet
facet normal 2.220446049250313e-16 0 -1
outer loop
vertex 45.84770702494505 -53.49395639668392 -1.600000000000005
vertex 124.46348140210267 -53.34060783459055 -1.5999999999999954
vertex 124.48594412013557 -53.49395639668392 -1.5999999999999954
endloop
endfacet
facet normal 2.220446049250313e-16 0 -1
outer loop
vertex 45.84770700504855 -53.34060783459055 -1.600000000000005
vertex 45.8477069849407 -53.18563019999991 -1.600000000000005
vertex 124.46498837654396 -53.18563019999991 -1.5999999999999954
endloop
endfacet
facet normal 2.220446049250313e-16 0 -1
outer loop
vertex 45.84770700504855 -53.34060783459055 -1.600000000000005
vertex 124.46498837654396 -53.18563019999991 -1.5999999999999954
vertex 124.46348140210267 -53.34060783459055 -1.5999999999999954
endloop
endfacet
facet normal 0 0 -1
outer loop
vertex 45.8477069849407 -53.18563019999991 -1.600000000000005
vertex 45.84770497654394 -37.70627940000003 -1.600000000000005
vertex 45.868636847532215 -37.44034110943161 -1.600000000000005
endloop
endfacet
facet normal 0 0 -1
outer loop
vertex 45.8477069849407 -53.18563019999991 -1.600000000000005
vertex 45.868636847532215 -37.44034110943161 -1.600000000000005
vertex 45.93091094884218 -37.18095080956261 -1.600000000000005
endloop
endfacet
facet normal 0 0 -1
outer loop
vertex 45.8477069849407 -53.18563019999991 -1.600000000000005
vertex 45.93091094884218 -37.18095080956261 -1.600000000000005
vertex 46.03299593542373 -36.93449585044277 -1.600000000000005
endloop
endfacet
facet normal 0 0 -1
outer loop
vertex 45.8477069849407 -53.18563019999991 -1.600000000000005
vertex 46.03299593542373 -36.93449585044277 -1.600000000000005
vertex 46.172378136106516 -36.707044771102815 -1.600000000000005
endloop
endfacet
facet normal 0 0 -1
outer loop
vertex 45.8477069849407 -53.18563019999991 -1.600000000000005
vertex 46.172378136106516 -36.707044771102815 -1.600000000000005
vertex 46.345625498526715 -36.50419817198299 -1.600000000000005
endloop
endfacet
facet normal 0 0 -1
outer loop
vertex 45.8477069849407 -53.18563019999991 -1.600000000000005
vertex 46.345625498526715 -36.50419817198299 -1.600000000000005
vertex 46.54847209764688 -36.33095080956251 -1.600000000000005
endloop
endfacet
facet normal 0 0 -1
outer loop
vertex 45.8477069849407 -53.18563019999991 -1.600000000000005
vertex 46.54847209764688 -36.33095080956251 -1.600000000000005
vertex 46.77592317698674 -36.19156860887978 -1.600000000000005
endloop
endfacet
facet normal 0 0 -1
outer loop
vertex 45.8477069849407 -53.18563019999991 -1.600000000000005
vertex 46.77592317698674 -36.19156860887978 -1.600000000000005
vertex 47.02237813610655 -36.08948362229824 -1.600000000000005
endloop
endfacet
facet normal 0 0 -1
outer loop
vertex 45.8477069849407 -53.18563019999991 -1.600000000000005
vertex 47.02237813610655 -36.08948362229824 -1.600000000000005
vertex 47.28176843597558 -36.027209520988265 -1.600000000000005
endloop
endfacet
facet normal 0 0 -1
outer loop
vertex 45.8477069849407 -53.18563019999991 -1.600000000000005
vertex 47.28176843597558 -36.027209520988265 -1.600000000000005
vertex 47.54770702654392 -36.00627937647058 -1.6000000000000048
endloop
endfacet
facet normal 0 0 -1
outer loop
vertex 45.8477069849407 -53.18563019999991 -1.600000000000005
vertex 47.54770702654392 -36.00627937647058 -1.6000000000000048
vertex 62.84770497654402 -36.00627937647058 -1.600000000000003
endloop
endfacet
facet normal 0 0 -1
outer loop
vertex 45.8477069849407 -53.18563019999991 -1.600000000000005
vertex 62.84770497654402 -36.00627937647058 -1.600000000000003
vertex 125.05561157516337 -36.00627937647058 -1.5999999999999954
endloop
endfacet
facet normal 0 0 -1
outer loop
vertex 45.8477069849407 -53.18563019999991 -1.600000000000005
vertex 125.05561157516337 -36.00627937647058 -1.5999999999999954
vertex 125.11189928598048 -36.03877734592489 -1.5999999999999954
endloop
endfacet
facet normal 0 0 -1
outer loop
vertex 45.8477069849407 -53.18563019999991 -1.600000000000005
vertex 125.11189928598048 -36.03877734592489 -1.5999999999999954
vertex 125.3389001755776 -36.22925494206268 -1.5999999999999954
endloop
endfacet
facet normal 0 0 -1
outer loop
vertex 45.8477069849407 -53.18563019999991 -1.600000000000005
vertex 125.3389001755776 -36.22925494206268 -1.5999999999999954
vertex 125.52937633976182 -36.456257033211735 -1.5999999999999952
endloop
endfacet
facet normal 0 0 -1
outer loop
vertex 45.8477069849407 -53.18563019999991 -1.600000000000005
vertex 125.52937633976182 -36.456257033211735 -1.5999999999999952
vertex 125.67754026122296 -36.71288628112709 -1.5999999999999952
endloop
endfacet
facet normal 0 0 -1
outer loop
vertex 45.8477069849407 -53.18563019999991 -1.600000000000005
vertex 125.67754026122296 -36.71288628112709 -1.5999999999999952
vertex 125.77889005772363 -36.991345142105914 -1.5999999999999952
endloop
endfacet
facet normal 0 0 -1
outer loop
vertex 45.8477069849407 -53.18563019999991 -1.600000000000005
vertex 125.77889005772363 -36.991345142105914 -1.5999999999999952
vertex 125.83034626940525 -37.283172791220466 -1.5999999999999952
endloop
endfacet
facet normal 0 0 -1
outer loop
vertex 45.8477069849407 -53.18563019999991 -1.600000000000005
vertex 125.83034626940525 -37.283172791220466 -1.5999999999999952
vertex 125.83034542654394 -37.57950220000004 -1.5999999999999952
endloop
endfacet
facet normal 0 0 -1
outer loop
vertex 45.8477069849407 -53.18563019999991 -1.600000000000005
vertex 125.83034542654394 -37.57950220000004 -1.5999999999999952
vertex 124.46498837654396 -53.18563019999991 -1.5999999999999954
endloop
endfacet
facet normal 2.220446049250313e-16 0 -1
outer loop
vertex 62.84770497654402 -36.00627937647058 -1.600000000000003
vertex 63.02135497417936 -35.991087453012206 -1.600000000000003
vertex 125.02929858980647 -35.991087453012206 -1.5999999999999954
endloop
endfacet
facet normal 2.220446049250313e-16 0 -1
outer loop
vertex 62.84770497654402 -36.00627937647058 -1.600000000000003
vertex 125.02929858980647 -35.991087453012206 -1.5999999999999954
vertex 125.05561157516337 -36.00627937647058 -1.5999999999999954
endloop
endfacet
facet normal 2.220446049250313e-16 0 -1
outer loop
vertex 63.02135497417936 -35.991087453012206 -1.600000000000003
vertex 63.189727169869684 -35.94597232078588 -1.600000000000003
vertex 124.95115747641162 -35.94597232078588 -1.5999999999999954
endloop
endfacet
facet normal 2.220446049250313e-16 0 -1
outer loop
vertex 63.02135497417936 -35.991087453012206 -1.600000000000003
vertex 124.95115747641162 -35.94597232078588 -1.5999999999999954
vertex 125.02929858980647 -35.991087453012206 -1.5999999999999954
endloop
endfacet
facet normal 2.220446049250313e-16 0 -1
outer loop
vertex 63.189727169869684 -35.94597232078588 -1.600000000000003
vertex 63.347707026543986 -35.87230510378442 -1.600000000000003
vertex 124.8049742433212 -35.87230510378442 -1.5999999999999954
endloop
endfacet
facet normal 2.220446049250313e-16 0 -1
outer loop
vertex 63.189727169869684 -35.94597232078588 -1.600000000000003
vertex 124.8049742433212 -35.87230510378442 -1.5999999999999954
vertex 124.85527097270663 -35.890611805617475 -1.5999999999999954
endloop
endfacet
facet normal 2.220446049250313e-16 0 -1
outer loop
vertex 63.189727169869684 -35.94597232078588 -1.600000000000003
vertex 124.85527097270663 -35.890611805617475 -1.5999999999999954
vertex 124.95115747641162 -35.94597232078588 -1.5999999999999954
endloop
endfacet
facet normal 2.220446049250313e-16 0 -1
outer loop
vertex 63.347707026543986 -35.87230510378442 -1.600000000000003
vertex 63.490494636230466 -35.77232414311899 -1.600000000000003
vertex 124.48075990035628 -35.77232414311899 -1.5999999999999954
endloop
endfacet
facet normal 2.220446049250313e-16 0 -1
outer loop
vertex 63.347707026543986 -35.87230510378442 -1.600000000000003
vertex 124.48075990035628 -35.77232414311899 -1.5999999999999954
vertex 124.57681275106052 -35.789260252565704 -1.5999999999999954
endloop
endfacet
facet normal 2.220446049250313e-16 0 -1
outer loop
vertex 63.347707026543986 -35.87230510378442 -1.600000000000003
vertex 124.57681275106052 -35.789260252565704 -1.5999999999999954
vertex 124.8049742433212 -35.87230510378442 -1.5999999999999954
endloop
endfacet
facet normal 2.220446049250313e-16 0 -1
outer loop
vertex 63.490494636230466 -35.77232414311899 -1.600000000000003
vertex 63.613751469662944 -35.64906730968652 -1.600000000000003
vertex 123.27071193354934 -35.64906730968652 -1.5999999999999956
endloop
endfacet
facet normal 2.220446049250313e-16 0 -1
outer loop
vertex 63.490494636230466 -35.77232414311899 -1.600000000000003
vertex 123.27071193354934 -35.64906730968652 -1.5999999999999956
vertex 124.28498177654396 -35.7378044 -1.5999999999999954
endloop
endfacet
facet normal 2.220446049250313e-16 0 -1
outer loop
vertex 63.490494636230466 -35.77232414311899 -1.600000000000003
vertex 124.28498177654396 -35.7378044 -1.5999999999999954
vertex 124.48075990035628 -35.77232414311899 -1.5999999999999954
endloop
endfacet
facet normal 2.220446049250313e-16 0 -1
outer loop
vertex 63.613751469662944 -35.64906730968652 -1.600000000000003
vertex 63.71373243032835 -35.506279700000064 -1.600000000000003
vertex 121.63864166905634 -35.506279700000064 -1.5999999999999959
endloop
endfacet
facet normal 2.220446049250313e-16 0 -1
outer loop
vertex 63.613751469662944 -35.64906730968652 -1.600000000000003
vertex 121.63864166905634 -35.506279700000064 -1.5999999999999959
vertex 123.27071193354934 -35.64906730968652 -1.5999999999999956
endloop
endfacet
facet normal 2.220446049250313e-16 0 -1
outer loop
vertex 63.71373243032835 -35.506279700000064 -1.600000000000003
vertex 63.78739964732988 -35.3482998433256 -1.600000000000003
vertex 119.83292318246336 -35.3482998433256 -1.599999999999996
endloop
endfacet
facet normal 2.220446049250313e-16 0 -1
outer loop
vertex 63.71373243032835 -35.506279700000064 -1.600000000000003
vertex 119.83292318246336 -35.3482998433256 -1.599999999999996
vertex 121.63864166905634 -35.506279700000064 -1.5999999999999959
endloop
endfacet
facet normal 2.220446049250313e-16 0 -1
outer loop
vertex 63.78739964732988 -35.3482998433256 -1.600000000000003
vertex 63.83251477955618 -35.17992787766686 -1.6000000000000028
vertex 117.90842231625187 -35.17992787766686 -1.5999999999999963
endloop
endfacet
facet normal 2.220446049250313e-16 0 -1
outer loop
vertex 63.78739964732988 -35.3482998433256 -1.600000000000003
vertex 117.90842231625187 -35.17992787766686 -1.5999999999999963
vertex 119.83292318246336 -35.3482998433256 -1.599999999999996
endloop
endfacet
facet normal 2.220446049250313e-16 0 -1
outer loop
vertex 63.83251477955618 -35.17992787766686 -1.6000000000000028
vertex 63.84770702654397 -35.00627969999997 -1.6000000000000028
vertex 115.92361405539611 -35.00627969999997 -1.5999999999999965
endloop
endfacet
facet normal 2.220446049250313e-16 0 -1
outer loop
vertex 63.83251477955618 -35.17992787766686 -1.6000000000000028
vertex 115.92361405539611 -35.00627969999997 -1.5999999999999965
vertex 117.90842231625187 -35.17992787766686 -1.5999999999999963
endloop
endfacet
facet normal 2.220446049250313e-16 0 -1
outer loop
vertex 63.84770702654397 -35.00627969999997 -1.6000000000000028
vertex 63.847704976543966 -34.87327949999999 -1.6000000000000028
vertex 63.86863684753219 -34.60734115943182 -1.6000000000000028
endloop
endfacet
facet normal 2.220446049250313e-16 0 -1
outer loop
vertex 63.84770702654397 -35.00627969999997 -1.6000000000000028
vertex 63.86863684753219 -34.60734115943182 -1.6000000000000028
vertex 63.930910948842225 -34.34795085956246 -1.6000000000000028
endloop
endfacet
facet normal 2.220446049250313e-16 0 -1
outer loop
vertex 63.84770702654397 -35.00627969999997 -1.6000000000000028
vertex 63.930910948842225 -34.34795085956246 -1.6000000000000028
vertex 64.0329959354237 -34.10149590044279 -1.6000000000000028
endloop
endfacet
facet normal 2.220446049250313e-16 0 -1
outer loop
vertex 63.84770702654397 -35.00627969999997 -1.6000000000000028
vertex 64.0329959354237 -34.10149590044279 -1.6000000000000028
vertex 64.10919829586099 -33.97714495 -1.6000000000000028
endloop
endfacet
facet normal 2.220446049250313e-16 0 -1
outer loop
vertex 63.84770702654397 -35.00627969999997 -1.6000000000000028
vertex 64.10919829586099 -33.97714495 -1.6000000000000028
vertex 104.160547026544 -33.97714495 -1.5999999999999979
endloop
endfacet
facet normal 2.220446049250313e-16 0 -1
outer loop
vertex 63.84770702654397 -35.00627969999997 -1.6000000000000028
vertex 104.160547026544 -33.97714495 -1.5999999999999979
vertex 115.92361405539611 -35.00627969999997 -1.5999999999999965
endloop
endfacet
facet normal 2.220446049250313e-16 0 -1
outer loop
vertex 64.10919829586099 -33.97714495 -1.6000000000000028
vertex 64.12623750974082 -33.949339480082855 -1.6000000000000028
vertex 103.99826159332584 -33.949339480082855 -1.5999999999999979
endloop
endfacet
facet normal 2.220446049250313e-16 0 -1
outer loop
vertex 64.10919829586099 -33.97714495 -1.6000000000000028
vertex 103.99826159332584 -33.949339480082855 -1.5999999999999979
vertex 104.160547026544 -33.97714495 -1.5999999999999979
endloop
endfacet
facet normal 2.220446049250313e-16 0 -1
outer loop
vertex 64.12623750974082 -33.949339480082855 -1.6000000000000028
vertex 64.15936442164569 -33.895281273001515 -1.6000000000000028
vertex 103.8427385524629 -33.895281273001515 -1.5999999999999979
endloop
endfacet
facet normal 2.220446049250313e-16 0 -1
outer loop
vertex 64.12623750974082 -33.949339480082855 -1.6000000000000028
vertex 103.8427385524629 -33.895281273001515 -1.5999999999999979
vertex 103.99826159332584 -33.949339480082855 -1.5999999999999979
endloop
endfacet
facet normal 2.220446049250313e-16 0 -1
outer loop
vertex 64.15936442164569 -33.895281273001515 -1.6000000000000028
vertex 64.17237813610653 -33.874044821102785 -1.6000000000000028
vertex 64.22158086198502 -33.81643583085642 -1.6000000000000028
endloop
endfacet
facet normal 2.220446049250313e-16 0 -1
outer loop
vertex 64.15936442164569 -33.895281273001515 -1.6000000000000028
vertex 64.22158086198502 -33.81643583085642 -1.6000000000000028
vertex 103.69819408786799 -33.81643583085642 -1.599999999999998
endloop
endfacet
facet normal 2.220446049250313e-16 0 -1
outer loop
vertex 64.15936442164569 -33.895281273001515 -1.6000000000000028
vertex 103.69819408786799 -33.81643583085642 -1.599999999999998
vertex 103.8427385524629 -33.895281273001515 -1.5999999999999979
endloop
endfacet
facet normal 2.220446049250313e-16 0 -1
outer loop
vertex 64.22158086198502 -33.81643583085642 -1.6000000000000028
vertex 64.3082659523596 -33.71494063040289 -1.6000000000000028
vertex 103.56854675747893 -33.71494063040289 -1.599999999999998
endloop
endfacet
facet normal 2.220446049250313e-16 0 -1
outer loop
vertex 64.22158086198502 -33.81643583085642 -1.6000000000000028
vertex 103.56854675747893 -33.71494063040289 -1.599999999999998
vertex 103.69819408786799 -33.81643583085642 -1.599999999999998
endloop
endfacet
facet normal 2.220446049250313e-16 0 -1
outer loop
vertex 64.3082659523596 -33.71494063040289 -1.6000000000000028
vertex 64.3456254985267 -33.67119822198298 -1.6000000000000028
vertex 64.43654319122217 -33.59354717668488 -1.6000000000000028
endloop
endfacet
facet normal 2.220446049250313e-16 0 -1
outer loop
vertex 64.3082659523596 -33.71494063040289 -1.6000000000000028
vertex 64.43654319122217 -33.59354717668488 -1.6000000000000028
vertex 103.45731126230531 -33.59354717668488 -1.599999999999998
endloop
endfacet
facet normal 2.220446049250313e-16 0 -1
outer loop
vertex 64.3082659523596 -33.71494063040289 -1.6000000000000028
vertex 103.45731126230531 -33.59354717668488 -1.599999999999998
vertex 103.56854675747893 -33.71494063040289 -1.599999999999998
endloop
endfacet
facet normal 2.220446049250313e-16 0 -1
outer loop
vertex 64.43654319122217 -33.59354717668488 -1.6000000000000028
vertex 64.54847209764675 -33.497950859562586 -1.6000000000000028
vertex 64.61766986932253 -33.45554641054215 -1.6000000000000028
endloop
endfacet
facet normal 2.220446049250313e-16 0 -1
outer loop
vertex 64.43654319122217 -33.59354717668488 -1.6000000000000028
vertex 64.61766986932253 -33.45554641054215 -1.6000000000000028
vertex 103.36750316391726 -33.45554641054215 -1.599999999999998
endloop
endfacet
facet normal 2.220446049250313e-16 0 -1
outer loop
vertex 64.43654319122217 -33.59354717668488 -1.6000000000000028
vertex 103.36750316391726 -33.45554641054215 -1.599999999999998
vertex 103.45731126230531 -33.59354717668488 -1.599999999999998
endloop
endfacet
facet normal 2.220446049250313e-16 0 -1
outer loop
vertex 64.61766986932253 -33.45554641054215 -1.6000000000000028
vertex 64.77592317698677 -33.35856865887976 -1.6000000000000028
vertex 64.90602313411955 -33.304679492171196 -1.6000000000000028
endloop
endfacet
facet normal 2.220446049250313e-16 0 -1
outer loop
vertex 64.61766986932253 -33.45554641054215 -1.6000000000000028
vertex 64.90602313411955 -33.304679492171196 -1.6000000000000028
vertex 103.30155713345758 -33.304679492171196 -1.599999999999998
endloop
endfacet
facet normal 2.220446049250313e-16 0 -1
outer loop
vertex 64.61766986932253 -33.45554641054215 -1.6000000000000028
vertex 103.30155713345758 -33.304679492171196 -1.599999999999998
vertex 103.36750316391726 -33.45554641054215 -1.599999999999998
endloop
endfacet
facet normal 0 0 -1
outer loop
vertex 64.90602313411955 -33.304679492171196 -1.6000000000000028
vertex 65.02237813610655 -33.25648367229823 -1.6000000000000028
vertex 65.2817684359755 -33.19420957098828 -1.6000000000000028
endloop
endfacet
facet normal 0 0 -1
outer loop
vertex 64.90602313411955 -33.304679492171196 -1.6000000000000028
vertex 65.2817684359755 -33.19420957098828 -1.6000000000000028
vertex 65.54770702654396 -33.17327913372724 -1.6000000000000028
endloop
endfacet
facet normal 0 0 -1
outer loop
vertex 64.90602313411955 -33.304679492171196 -1.6000000000000028
vertex 65.54770702654396 -33.17327913372724 -1.6000000000000028
vertex 80.847704976544 -33.17327913372724 -1.6000000000000008
endloop
endfacet
facet normal 0 0 -1
outer loop
vertex 64.90602313411955 -33.304679492171196 -1.6000000000000028
vertex 80.847704976544 -33.17327913372724 -1.6000000000000008
vertex 103.26838982001851 -33.17327913372724 -1.599999999999998
endloop
endfacet
facet normal 0 0 -1
outer loop
vertex 64.90602313411955 -33.304679492171196 -1.6000000000000028
vertex 103.26838982001851 -33.17327913372724 -1.599999999999998
vertex 103.30155713345758 -33.304679492171196 -1.599999999999998
endloop
endfacet
facet normal 2.220446049250313e-16 0 -1
outer loop
vertex 80.847704976544 -33.17327913372724 -1.6000000000000008
vertex 81.0213516234052 -33.1580875030122 -1.6000000000000008
vertex 103.26455523705509 -33.1580875030122 -1.599999999999998
endloop
endfacet
facet normal 2.220446049250313e-16 0 -1
outer loop
vertex 80.847704976544 -33.17327913372724 -1.6000000000000008
vertex 103.26455523705509 -33.1580875030122 -1.599999999999998
vertex 103.26838982001851 -33.17327913372724 -1.599999999999998
endloop
endfacet
facet normal 2.220446049250313e-16 0 -1
outer loop
vertex 81.0213516234052 -33.1580875030122 -1.6000000000000008
vertex 81.07006266072766 -33.14503637937316 -1.6000000000000008
vertex 103.2612609484235 -33.14503637937316 -1.599999999999998
endloop
endfacet
facet normal 2.220446049250313e-16 0 -1
outer loop
vertex 81.0213516234052 -33.1580875030122 -1.6000000000000008
vertex 103.2612609484235 -33.14503637937316 -1.599999999999998
vertex 103.26455523705509 -33.1580875030122 -1.599999999999998
endloop
endfacet
facet normal 2.220446049250313e-16 0 -1
outer loop
vertex 81.07006266072766 -33.14503637937316 -1.6000000000000008
vertex 81.18972716986967 -33.11297237078589 -1.6000000000000008
vertex 103.2586119867271 -33.11297237078589 -1.599999999999998
endloop
endfacet
facet normal 2.220446049250313e-16 0 -1
outer loop
vertex 81.07006266072766 -33.14503637937316 -1.6000000000000008
vertex 103.2586119867271 -33.11297237078589 -1.599999999999998
vertex 103.2612609484235 -33.14503637937316 -1.599999999999998
endloop
endfacet
facet normal 2.220446049250313e-16 0 -1
outer loop
vertex 81.18972716986967 -33.11297237078589 -1.6000000000000008
vertex 81.34770702654393 -33.03930515378446 -1.6000000000000008
vertex 103.25252598423664 -33.03930515378446 -1.599999999999998
endloop
endfacet
facet normal 2.220446049250313e-16 0 -1
outer loop
vertex 81.18972716986967 -33.11297237078589 -1.6000000000000008
vertex 103.25252598423664 -33.03930515378446 -1.599999999999998
vertex 103.2586119867271 -33.11297237078589 -1.599999999999998
endloop
endfacet
facet normal 2.220446049250313e-16 0 -1
outer loop
vertex 81.34770702654393 -33.03930515378446 -1.6000000000000008
vertex 81.43104696591932 -32.980949899999864 -1.6000000000000008
vertex 103.24770497654393 -32.980949899999864 -1.599999999999998
endloop
endfacet
facet normal 2.220446049250313e-16 0 -1
outer loop
vertex 81.34770702654393 -33.03930515378446 -1.6000000000000008
vertex 103.24770497654393 -32.980949899999864 -1.599999999999998
vertex 103.25252598423664 -33.03930515378446 -1.599999999999998
endloop
endfacet
facet normal 2.220446049250313e-16 0 -1
outer loop
vertex 81.43104696591932 -32.980949899999864 -1.6000000000000008
vertex 81.49049463623051 -32.93932419311896 -1.6000000000000008
vertex 103.2477049991506 -32.93932419311896 -1.599999999999998
endloop
endfacet
facet normal 2.220446049250313e-16 0 -1
outer loop
vertex 81.43104696591932 -32.980949899999864 -1.6000000000000008
vertex 103.2477049991506 -32.93932419311896 -1.599999999999998
vertex 103.24770497654393 -32.980949899999864 -1.599999999999998
endloop
endfacet
facet normal 2.220446049250313e-16 0 -1
outer loop
vertex 81.49049463623051 -32.93932419311896 -1.6000000000000008
vertex 81.61375146966289 -32.81606735968658 -1.6000000000000008
vertex 103.24770506609062 -32.81606735968658 -1.599999999999998
endloop
endfacet
facet normal 2.220446049250313e-16 0 -1
outer loop
vertex 81.49049463623051 -32.93932419311896 -1.6000000000000008
vertex 103.24770506609062 -32.81606735968658 -1.599999999999998
vertex 103.2477049991506 -32.93932419311896 -1.599999999999998
endloop
endfacet
facet normal 2.220446049250313e-16 0 -1
outer loop
vertex 81.61375146966289 -32.81606735968658 -1.6000000000000008
vertex 81.71373243032839 -32.673279749999985 -1.6000000000000008
vertex 103.24770514363769 -32.673279749999985 -1.599999999999998
endloop
endfacet
facet normal 2.220446049250313e-16 0 -1
outer loop
vertex 81.61375146966289 -32.81606735968658 -1.6000000000000008
vertex 103.24770514363769 -32.673279749999985 -1.599999999999998
vertex 103.24770506609062 -32.81606735968658 -1.599999999999998
endloop
endfacet
facet normal 2.220446049250313e-16 0 -1
outer loop
vertex 81.71373243032839 -32.673279749999985 -1.6000000000000008
vertex 81.78739964732989 -32.51529989332559 -1.6000000000000008
vertex 103.24770522943557 -32.51529989332559 -1.599999999999998
endloop
endfacet
facet normal 2.220446049250313e-16 0 -1
outer loop
vertex 81.71373243032839 -32.673279749999985 -1.6000000000000008
vertex 103.24770522943557 -32.51529989332559 -1.599999999999998
vertex 103.24770514363769 -32.673279749999985 -1.599999999999998
endloop
endfacet
facet normal 2.220446049250313e-16 0 -1
outer loop
vertex 81.78739964732989 -32.51529989332559 -1.6000000000000008
vertex 81.83251477955615 -32.34692792766701 -1.6000000000000008
vertex 103.24770532087734 -32.34692792766701 -1.599999999999998
endloop
endfacet
facet normal 2.220446049250313e-16 0 -1
outer loop
vertex 81.78739964732989 -32.51529989332559 -1.6000000000000008
vertex 103.24770532087734 -32.34692792766701 -1.599999999999998
vertex 103.24770522943557 -32.51529989332559 -1.599999999999998
endloop
endfacet
facet normal 2.220446049250313e-16 0 -1
outer loop
vertex 81.83251477955615 -32.34692792766701 -1.6000000000000008
vertex 81.84770702654396 -32.173279749999885 -1.6000000000000008
vertex 103.2477054151846 -32.173279749999885 -1.599999999999998
endloop
endfacet
facet normal 2.220446049250313e-16 0 -1
outer loop
vertex 81.83251477955615 -32.34692792766701 -1.6000000000000008
vertex 103.2477054151846 -32.173279749999885 -1.599999999999998
vertex 103.24770532087734 -32.34692792766701 -1.599999999999998
endloop
endfacet
facet normal 2.220446049250313e-16 0 -1
outer loop
vertex 81.84770702654396 -32.173279749999885 -1.6000000000000008
vertex 81.84770497654394 -29.206279699999996 -1.6000000000000008
vertex 81.86863684753222 -28.940341109431543 -1.6000000000000008
endloop
endfacet
facet normal 2.220446049250313e-16 0 -1
outer loop
vertex 81.84770702654396 -32.173279749999885 -1.6000000000000008
vertex 81.86863684753222 -28.940341109431543 -1.6000000000000008
vertex 81.93091094884213 -28.680950809562745 -1.6000000000000008
endloop
endfacet
facet normal 2.220446049250313e-16 0 -1
outer loop
vertex 81.84770702654396 -32.173279749999885 -1.6000000000000008
vertex 81.93091094884213 -28.680950809562745 -1.6000000000000008
vertex 82.03299593542374 -28.434495850442744 -1.6000000000000005
endloop
endfacet
facet normal 2.220446049250313e-16 0 -1
outer loop
vertex 81.84770702654396 -32.173279749999885 -1.6000000000000008
vertex 82.03299593542374 -28.434495850442744 -1.6000000000000005
vertex 82.17237813610652 -28.207044771102815 -1.6000000000000005
endloop
endfacet
facet normal 2.220446049250313e-16 0 -1
outer loop
vertex 81.84770702654396 -32.173279749999885 -1.6000000000000008
vertex 82.17237813610652 -28.207044771102815 -1.6000000000000005
vertex 82.34562549852676 -28.004198171982935 -1.6000000000000005
endloop
endfacet
facet normal 2.220446049250313e-16 0 -1
outer loop
vertex 81.84770702654396 -32.173279749999885 -1.6000000000000008
vertex 82.34562549852676 -28.004198171982935 -1.6000000000000005
vertex 82.54847209764682 -27.830950809562538 -1.6000000000000005
endloop
endfacet
facet normal 2.220446049250313e-16 0 -1
outer loop
vertex 81.84770702654396 -32.173279749999885 -1.6000000000000008
vertex 82.54847209764682 -27.830950809562538 -1.6000000000000005
vertex 82.77592317698672 -27.69156860887977 -1.6000000000000005
endloop
endfacet
facet normal 2.220446049250313e-16 0 -1
outer loop
vertex 81.84770702654396 -32.173279749999885 -1.6000000000000008
vertex 82.77592317698672 -27.69156860887977 -1.6000000000000005
vertex 83.02237813610652 -27.589483622298246 -1.6000000000000005
endloop
endfacet
facet normal 2.220446049250313e-16 0 -1
outer loop
vertex 81.84770702654396 -32.173279749999885 -1.6000000000000008
vertex 83.02237813610652 -27.589483622298246 -1.6000000000000005
vertex 83.28176843597554 -27.527209520988272 -1.6000000000000005
endloop
endfacet
facet normal 2.220446049250313e-16 0 -1
outer loop
vertex 81.84770702654396 -32.173279749999885 -1.6000000000000008
vertex 83.28176843597554 -27.527209520988272 -1.6000000000000005
vertex 83.54770702654397 -27.506279538906455 -1.6000000000000005
endloop
endfacet
facet normal 2.220446049250313e-16 0 -1
outer loop
vertex 81.84770702654396 -32.173279749999885 -1.6000000000000008
vertex 83.54770702654397 -27.506279538906455 -1.6000000000000005
vertex 101.5477049765439 -27.506279538906455 -1.5999999999999983
endloop
endfacet
facet normal 2.220446049250313e-16 0 -1
outer loop
vertex 81.84770702654396 -32.173279749999885 -1.6000000000000008
vertex 101.5477049765439 -27.506279538906455 -1.5999999999999983
vertex 101.84290892857774 -27.532106519879257 -1.5999999999999983
endloop
endfacet
facet normal 2.220446049250313e-16 0 -1
outer loop
vertex 81.84770702654396 -32.173279749999885 -1.6000000000000008
vertex 101.84290892857774 -27.532106519879257 -1.5999999999999983
vertex 102.12914127019765 -27.608802244663984 -1.599999999999998
endloop
endfacet
facet normal 2.220446049250313e-16 0 -1
outer loop
vertex 81.84770702654396 -32.173279749999885 -1.6000000000000008
vertex 102.12914127019765 -27.608802244663984 -1.599999999999998
vertex 102.39770702654394 -27.73403651356645 -1.599999999999998
endloop
endfacet
facet normal 2.220446049250313e-16 0 -1
outer loop
vertex 81.84770702654396 -32.173279749999885 -1.6000000000000008
vertex 102.39770702654394 -27.73403651356645 -1.599999999999998
vertex 102.64044596301106 -27.904004146697737 -1.599999999999998
endloop
endfacet
facet normal 2.220446049250313e-16 0 -1
outer loop
vertex 81.84770702654396 -32.173279749999885 -1.6000000000000008
vertex 102.64044596301106 -27.904004146697737 -1.599999999999998
vertex 102.84998257984624 -28.11354076353291 -1.599999999999998
endloop
endfacet
facet normal 2.220446049250313e-16 0 -1
outer loop
vertex 81.84770702654396 -32.173279749999885 -1.6000000000000008
vertex 102.84998257984624 -28.11354076353291 -1.599999999999998
vertex 103.01995021297748 -28.356279699999973 -1.599999999999998
endloop
endfacet
facet normal 2.220446049250313e-16 0 -1
outer loop
vertex 81.84770702654396 -32.173279749999885 -1.6000000000000008
vertex 103.01995021297748 -28.356279699999973 -1.599999999999998
vertex 103.14518448188002 -28.62484545634642 -1.599999999999998
endloop
endfacet
facet normal 2.220446049250313e-16 0 -1
outer loop
vertex 81.84770702654396 -32.173279749999885 -1.6000000000000008
vertex 103.14518448188002 -28.62484545634642 -1.599999999999998
vertex 103.2218802066647 -28.911077797966193 -1.599999999999998
endloop
endfacet
facet normal 2.220446049250313e-16 0 -1
outer loop
vertex 81.84770702654396 -32.173279749999885 -1.6000000000000008
vertex 103.2218802066647 -28.911077797966193 -1.599999999999998
vertex 103.24770702654395 -29.206279699999996 -1.599999999999998
endloop
endfacet
facet normal 2.220446049250313e-16 0 -1
outer loop
vertex 81.84770702654396 -32.173279749999885 -1.6000000000000008
vertex 103.24770702654395 -29.206279699999996 -1.599999999999998
vertex 103.2477054151846 -32.173279749999885 -1.599999999999998
endloop
endfacet
facet normal -1.2246467991473515e-16 0 1
outer loop
vertex 83.54770702654244 -28.706279581796508 -3.5983950123841946e-16
vertex 83.46088293771142 -28.71387582349412 -3.704723854859992e-16
vertex 83.37669695488226 -28.736433389607065 -3.8078219492647905e-16
endloop
endfacet
facet normal -1.2246467991473515e-16 0 1
outer loop
vertex 83.54770702654244 -28.706279581796508 -3.5983950123841946e-16
vertex 83.37669695488226 -28.736433389607065 -3.8078219492647905e-16
vertex 83.29770702654316 -28.77326699810766 -3.9045567121701455e-16
endloop
endfacet
facet normal -1.2246467991473515e-16 0 1
outer loop
vertex 83.54770702654244 -28.706279581796508 -3.5983950123841946e-16
vertex 83.29770702654316 -28.77326699810766 -3.9045567121701455e-16
vertex 83.22631322170079 -28.823257478440567 -3.991988906749308e-16
endloop
endfacet
facet normal -1.2246467991473515e-16 0 1
outer loop
vertex 83.54770702654244 -28.706279581796508 -3.5983950123841946e-16
vertex 83.22631322170079 -28.823257478440567 -3.991988906749308e-16
vertex 83.16468480498358 -28.884885895156437 -4.067461950018562e-16
endloop
endfacet
facet normal -1.2246467991473515e-16 0 1
outer loop
vertex 83.54770702654244 -28.706279581796508 -3.5983950123841946e-16
vertex 83.16468480498358 -28.884885895156437 -4.067461950018562e-16
vertex 83.11469432465069 -28.95627970000075 -4.1286826317460797e-16
endloop
endfacet
facet normal -1.2246467991473515e-16 0 1
outer loop
vertex 83.54770702654244 -28.706279581796508 -3.5983950123841946e-16
vertex 83.11469432465069 -28.95627970000075 -4.1286826317460797e-16
vertex 83.07786071615165 -29.03526962833655 -4.1737907924954726e-16
endloop
endfacet
facet normal -1.2246467991473515e-16 0 1
outer loop
vertex 83.54770702654244 -28.706279581796508 -3.5983950123841946e-16
vertex 83.07786071615165 -29.03526962833655 -4.1737907924954726e-16
vertex 83.05530315003779 -29.119455611166025 -4.201415843633367e-16
endloop
endfacet
facet normal -1.2246467991473515e-16 0 1
outer loop
vertex 83.54770702654244 -28.706279581796508 -3.5983950123841946e-16
vertex 83.05530315003779 -29.119455611166025 -4.201415843633367e-16
vertex 83.0477049765441 -29.206279700001957 -4.210720922481781e-16
endloop
endfacet
facet normal -1.2246467991473515e-16 0 1
outer loop
vertex 83.54770702654244 -28.706279581796508 -3.5983950123841946e-16
vertex 83.0477049765441 -29.206279700001957 -4.210720922481781e-16
vertex 83.04770702654397 -33.37327932681244 -4.210718411955992e-16
endloop
endfacet
facet normal -1.2246467991473515e-16 0 1
outer loop
vertex 83.54770702654244 -28.706279581796508 -3.5983950123841946e-16
vertex 83.04770702654397 -33.37327932681244 -4.210718411955992e-16
vertex 102.04770527400407 -33.37327932681244 1.905756862560134e-15
endloop
endfacet
facet normal -1.2246467991473515e-16 0 1
outer loop
vertex 83.54770702654244 -28.706279581796508 -3.5983950123841946e-16
vertex 102.04770527400407 -33.37327932681244 1.905756862560134e-15
vertex 102.04770702654405 -29.206279700001957 1.9057570771843805e-15
endloop
endfacet
facet normal -1.2246467991473515e-16 0 1
outer loop
vertex 83.54770702654244 -28.706279581796508 -3.5983950123841946e-16
vertex 102.04770702654405 -29.206279700001957 1.9057570771843805e-15
vertex 102.04011090304994 -29.119455611166025 1.9048268203520816e-15
endloop
endfacet
facet normal -1.2246467991473515e-16 0 1
outer loop
vertex 83.54770702654244 -28.706279581796508 -3.5983950123841946e-16
vertex 102.04011090304994 -29.119455611166025 1.9048268203520816e-15
vertex 102.01755333693676 -29.03526962833655 1.9020643152383756e-15
endloop
endfacet
facet normal -1.2246467991473515e-16 0 1
outer loop
vertex 83.54770702654244 -28.706279581796508 -3.5983950123841946e-16
vertex 102.01755333693676 -29.03526962833655 1.9020643152383756e-15
vertex 101.98071972843667 -28.95627970000075 1.8975534991633077e-15
endloop
endfacet
facet normal -1.2246467991473515e-16 0 1
outer loop
vertex 83.54770702654244 -28.706279581796508 -3.5983950123841946e-16
vertex 101.98071972843667 -28.95627970000075 1.8975534991633077e-15
vertex 101.93072924810319 -28.884885895156437 1.8914314309904845e-15
endloop
endfacet
facet normal -1.2246467991473515e-16 0 1
outer loop
vertex 83.54770702654244 -28.706279581796508 -3.5983950123841946e-16
vertex 101.93072924810319 -28.884885895156437 1.8914314309904845e-15
vertex 101.86910083138733 -28.823257478440567 1.8838841266637244e-15
endloop
endfacet
facet normal -1.2246467991473515e-16 0 1
outer loop
vertex 83.54770702654244 -28.706279581796508 -3.5983950123841946e-16
vertex 101.86910083138733 -28.823257478440567 1.8838841266637244e-15
vertex 101.79770702654379 -28.77326699810766 1.8751409072056655e-15
endloop
endfacet
facet normal -1.2246467991473515e-16 0 1
outer loop
vertex 83.54770702654244 -28.706279581796508 -3.5983950123841946e-16
vertex 101.79770702654379 -28.77326699810766 1.8751409072056655e-15
vertex 101.71871709820694 -28.736433389607065 1.865467430915405e-15
endloop
endfacet
facet normal -1.2246467991473515e-16 0 1
outer loop
vertex 83.54770702654244 -28.706279581796508 -3.5983950123841946e-16
vertex 101.71871709820694 -28.736433389607065 1.865467430915405e-15
vertex 101.63453111537835 -28.71387582349412 1.8551576214749948e-15
endloop
endfacet
facet normal -1.2246467991473515e-16 0 1
outer loop
vertex 83.54770702654244 -28.706279581796508 -3.5983950123841946e-16
vertex 101.63453111537835 -28.71387582349412 1.8551576214749948e-15
vertex 101.54770497654141 -28.706279581796508 1.8445244861740962e-15
endloop
endfacet
facet normal -1.2246467991473515e-16 0 1
outer loop
vertex 83.04770702654397 -33.37327932681244 -4.210718411955992e-16
vertex 83.03251477955615 -33.54692792766696 -4.2293235486014854e-16
vertex 102.0477052009716 -33.54692792766696 1.905756853616236e-15
endloop
endfacet
facet normal -1.2246467991473515e-16 0 1
outer loop
vertex 83.04770702654397 -33.37327932681244 -4.210718411955992e-16
vertex 102.0477052009716 -33.54692792766696 1.905756853616236e-15
vertex 102.04770527400407 -33.37327932681244 1.905756862560134e-15
endloop
endfacet
facet normal -1.2246467991473515e-16 0 1
outer loop
vertex 83.03251477955615 -33.54692792766696 -4.2293235486014854e-16
vertex 82.98739964733082 -33.715299893322076 -4.2845736508743497e-16
vertex 102.04770513015838 -33.715299893322076 1.9057568449441165e-15
endloop
endfacet
facet normal -1.2246467991473515e-16 0 1
outer loop
vertex 83.03251477955615 -33.54692792766696 -4.2293235486014854e-16
vertex 102.04770513015838 -33.715299893322076 1.9057568449441165e-15
vertex 102.0477052009716 -33.54692792766696 1.905756853616236e-15
endloop
endfacet
facet normal -1.2246467991473515e-16 0 1
outer loop
vertex 82.98739964733082 -33.715299893322076 -4.2845736508743497e-16
vertex 82.91373243032749 -33.87327975000037 -4.374789972379575e-16
vertex 102.04770506371582 -33.87327975000037 1.9057568368072506e-15
endloop
endfacet
facet normal -1.2246467991473515e-16 0 1
outer loop
vertex 82.98739964733082 -33.715299893322076 -4.2845736508743497e-16
vertex 102.04770506371582 -33.87327975000037 1.9057568368072506e-15
vertex 102.04770513015838 -33.715299893322076 1.9057568449441165e-15
endloop
endfacet
facet normal -1.2246467991473515e-16 0 1
outer loop
vertex 82.91373243032749 -33.87327975000037 -4.374789972379575e-16
vertex 82.8137514696618 -34.01606735968724 -4.497231335834489e-16
vertex 102.0477050036628 -34.01606735968724 1.9057568294528763e-15
endloop
endfacet
facet normal -1.2246467991473515e-16 0 1
outer loop
vertex 82.91373243032749 -33.87327975000037 -4.374789972379575e-16
vertex 102.0477050036628 -34.01606735968724 1.9057568294528763e-15
vertex 102.04770506371582 -33.87327975000037 1.9057568368072506e-15
endloop
endfacet
facet normal -1.2246467991473515e-16 0 1
outer loop
vertex 82.8137514696618 -34.01606735968724 -4.497231335834489e-16
vertex 82.74927151769558 -34.080547300003 -4.576196502619096e-16
vertex 102.04770497654408 -34.080547300003 1.905756826131791e-15
endloop
endfacet
facet normal -1.2246467991473515e-16 0 1
outer loop
vertex 82.8137514696618 -34.01606735968724 -4.497231335834489e-16
vertex 102.04770497654408 -34.080547300003 1.905756826131791e-15
vertex 102.0477050036628 -34.01606735968724 1.9057568294528763e-15
endloop
endfacet
facet normal -1.2246467991473515e-16 0 1
outer loop
vertex 82.74927151769558 -34.080547300003 -4.576196502619096e-16
vertex 82.69049463622916 -34.13932419311988 -4.648177422370804e-16
vertex 102.0525607794156 -34.13932419311988 1.9063514904761805e-15
endloop
endfacet
facet normal -1.2246467991473515e-16 0 1
outer loop
vertex 82.74927151769558 -34.080547300003 -4.576196502619096e-16
vertex 102.0525607794156 -34.13932419311988 1.9063514904761805e-15
vertex 102.04770497654408 -34.080547300003 1.905756826131791e-15
endloop
endfacet
facet normal -1.2246467991473515e-16 0 1
outer loop
vertex 82.69049463622916 -34.13932419311988 -4.648177422370804e-16
vertex 82.5477070265397 -34.2393051537874 -4.823041811534907e-16
vertex 102.06082062116906 -34.2393051537874 1.907363029352664e-15
endloop
endfacet
facet normal -1.2246467991473515e-16 0 1
outer loop
vertex 82.69049463622916 -34.13932419311988 -4.648177422370804e-16
vertex 102.06082062116906 -34.2393051537874 1.907363029352664e-15
vertex 102.0525607794156 -34.13932419311988 1.9063514904761805e-15
endloop
endfacet
facet normal -1.2246467991473515e-16 0 1
outer loop
vertex 82.5477070265397 -34.2393051537874 -4.823041811534907e-16
vertex 82.5362769427983 -34.24463507937196 -4.837039627002801e-16
vertex 102.0612609484233 -34.24463507937196 1.907416953888912e-15
endloop
endfacet
facet normal -1.2246467991473515e-16 0 1
outer loop
vertex 82.5477070265397 -34.2393051537874 -4.823041811534907e-16
vertex 102.0612609484233 -34.24463507937196 1.907416953888912e-15
vertex 102.06082062116906 -34.2393051537874 1.907363029352664e-15
endloop
endfacet
facet normal -1.2246467991473515e-16 0 1
outer loop
vertex 82.5362769427983 -34.24463507937196 -4.837039627002801e-16
vertex 82.38972716987485 -34.31297237078444 -5.016511337329275e-16
vertex 102.07851024963787 -34.31297237078444 1.9095293840409082e-15
endloop
endfacet
facet normal -1.2246467991473515e-16 0 1
outer loop
vertex 82.5362769427983 -34.24463507937196 -4.837039627002801e-16
vertex 102.07851024963787 -34.31297237078444 1.9095293840409082e-15
vertex 102.0612609484233 -34.24463507937196 1.907416953888912e-15
endloop
endfacet
facet normal -1.2246467991473515e-16 0 1
outer loop
vertex 82.38972716987485 -34.31297237078444 -5.016511337329275e-16
vertex 82.22135520421308 -34.358087503011554 -5.222707526143102e-16
vertex 102.08989794863847 -34.358087503011554 1.9109239749539814e-15
endloop
endfacet
facet normal -1.2246467991473515e-16 0 1
outer loop
vertex 82.38972716987485 -34.31297237078444 -5.016511337329275e-16
vertex 102.08989794863847 -34.358087503011554 1.9109239749539814e-15
vertex 102.07851024963787 -34.31297237078444 1.9095293840409082e-15
endloop
endfacet
facet normal -1.2246467991473515e-16 0 1
outer loop
vertex 82.22135520421308 -34.358087503011554 -5.222707526143102e-16
vertex 82.04770497654172 -34.3732796887182 -5.435367721632041e-16
vertex 102.09373267170028 -34.3732796887182 1.911393593086308e-15
endloop
endfacet
facet normal -1.2246467991473515e-16 0 1
outer loop
vertex 82.22135520421308 -34.358087503011554 -5.222707526143102e-16
vertex 102.09373267170028 -34.3732796887182 1.911393593086308e-15
vertex 102.08989794863847 -34.358087503011554 1.9109239749539814e-15
endloop
endfacet
facet normal -1.2246467991473532e-16 0 1
outer loop
vertex 82.04770497654172 -34.3732796887182 -5.435367721632041e-16
vertex 65.54770702655384 -34.3732796887182 -2.5642037397022597e-15
vertex 65.46088293770727 -34.380875873494716 -2.574836623951743e-15
endloop
endfacet
facet normal -1.2246467991473532e-16 0 1
outer loop
vertex 82.04770497654172 -34.3732796887182 -5.435367721632041e-16
vertex 65.46088293770727 -34.380875873494716 -2.574836623951743e-15
vertex 65.37669695488025 -34.403433439607234 -2.585146433391962e-15
endloop
endfacet
facet normal -1.2246467991473532e-16 0 1
outer loop
vertex 82.04770497654172 -34.3732796887182 -5.435367721632041e-16
vertex 65.37669695488025 -34.403433439607234 -2.585146433391962e-15
vertex 65.37488537716074 -34.40427819217118 -2.585368287677522e-15
endloop
endfacet
facet normal -1.2246467991473532e-16 0 1
outer loop
vertex 82.04770497654172 -34.3732796887182 -5.435367721632041e-16
vertex 65.37488537716074 -34.40427819217118 -2.585368287677522e-15
vertex 102.10155713345769 -34.40427819217118 1.912351813290934e-15
endloop
endfacet
facet normal -1.2246467991473532e-16 0 1
outer loop
vertex 82.04770497654172 -34.3732796887182 -5.435367721632041e-16
vertex 102.10155713345769 -34.40427819217118 1.912351813290934e-15
vertex 102.09373267170028 -34.3732796887182 1.911393593086308e-15
endloop
endfacet
facet normal -1.2246467991473515e-16 0 1
outer loop
vertex 65.37488537716074 -34.40427819217118 -2.585368287677522e-15
vertex 65.29770702654531 -34.44026704810693 -2.5948199096819875e-15
vertex 65.2263132217029 -34.49025752843906 -2.603563129139909e-15
endloop
endfacet
facet normal -1.2246467991473515e-16 0 1
outer loop
vertex 65.37488537716074 -34.40427819217118 -2.585368287677522e-15
vertex 65.2263132217029 -34.49025752843906 -2.603563129139909e-15
vertex 65.16468480498182 -34.55188594516014 -2.611110433467308e-15
endloop
endfacet
facet normal -1.2246467991473515e-16 0 1
outer loop
vertex 65.37488537716074 -34.40427819217118 -2.585368287677522e-15
vertex 65.16468480498182 -34.55188594516014 -2.611110433467308e-15
vertex 65.16240271281272 -34.555145110542625 -2.611389909154332e-15
endloop
endfacet
facet normal -1.2246467991473515e-16 0 1
outer loop
vertex 65.37488537716074 -34.40427819217118 -2.585368287677522e-15
vertex 65.16240271281272 -34.555145110542625 -2.611389909154332e-15
vertex 102.16750316391759 -34.555145110542625 1.920427872802853e-15
endloop
endfacet
facet normal -1.2246467991473515e-16 0 1
outer loop
vertex 65.37488537716074 -34.40427819217118 -2.585368287677522e-15
vertex 102.16750316391759 -34.555145110542625 1.920427872802853e-15
vertex 102.10155713345769 -34.40427819217118 1.912351813290934e-15
endloop
endfacet
facet normal -1.2246467991473515e-16 0 1
outer loop
vertex 65.16240271281272 -34.555145110542625 -2.611389909154332e-15
vertex 65.11469432465346 -34.623279749997145 -2.6172325016395043e-15
vertex 65.08211521473359 -34.69314587668435 -2.6212222919077477e-15
endloop
endfacet
facet normal -1.2246467991473515e-16 0 1
outer loop
vertex 65.16240271281272 -34.555145110542625 -2.611389909154332e-15
vertex 65.08211521473359 -34.69314587668435 -2.6212222919077477e-15
vertex 102.25731126230498 -34.69314587668435 1.9314261928256163e-15
endloop
endfacet
facet normal -1.2246467991473515e-16 0 1
outer loop
vertex 65.16240271281272 -34.555145110542625 -2.611389909154332e-15
vertex 102.25731126230498 -34.69314587668435 1.9314261928256163e-15
vertex 102.16750316391759 -34.555145110542625 1.920427872802853e-15
endloop
endfacet
facet normal -1.2246467991473515e-16 0 1
outer loop
vertex 65.08211521473359 -34.69314587668435 -2.6212222919077477e-15
vertex 65.07786071615044 -34.70226967833923 -2.621743317714931e-15
vertex 65.0553031500387 -34.78645566116335 -2.6245058228284613e-15
endloop
endfacet
facet normal -1.2246467991473515e-16 0 1
outer loop
vertex 65.08211521473359 -34.69314587668435 -2.6212222919077477e-15
vertex 65.0553031500387 -34.78645566116335 -2.6245058228284613e-15
vertex 65.05284547719104 -34.814539330403306 -2.6248068009470842e-15
endloop
endfacet
facet normal -1.2246467991473515e-16 0 1
outer loop
vertex 65.08211521473359 -34.69314587668435 -2.6212222919077477e-15
vertex 65.05284547719104 -34.814539330403306 -2.6248068009470842e-15
vertex 102.36854675747946 -34.814539330403306 1.9450486121373162e-15
endloop
endfacet
facet normal -1.2246467991473515e-16 0 1
outer loop
vertex 65.08211521473359 -34.69314587668435 -2.6212222919077477e-15
vertex 102.36854675747946 -34.814539330403306 1.9450486121373162e-15
vertex 102.25731126230498 -34.69314587668435 1.9314261928256163e-15
endloop
endfacet
facet normal -1.2246467991473515e-16 0 1
outer loop
vertex 65.05284547719104 -34.814539330403306 -2.6248068009470842e-15
vertex 65.04770497654373 -34.87327950000926 -2.625436330713459e-15
vertex 65.04770504229602 -34.91603453085599 -2.6254363226611262e-15
endloop
endfacet
facet normal -1.2246467991473515e-16 0 1
outer loop
vertex 65.05284547719104 -34.814539330403306 -2.6248068009470842e-15
vertex 65.04770504229602 -34.91603453085599 -2.6254363226611262e-15
vertex 102.49819408786745 -34.91603453085599 1.9609258309550807e-15
endloop
endfacet
facet normal -1.2246467991473515e-16 0 1
outer loop
vertex 65.05284547719104 -34.814539330403306 -2.6248068009470842e-15
vertex 102.49819408786745 -34.91603453085599 1.9609258309550807e-15
vertex 102.36854675747946 -34.814539330403306 1.9450486121373162e-15
endloop
endfacet
facet normal -1.2246467991473515e-16 0 1
outer loop
vertex 65.04770504229602 -34.91603453085599 -2.6254363226611262e-15
vertex 65.04770516355117 -34.99487997300143 -2.6254363078116523e-15
vertex 102.642738552463 -34.99487997300143 1.978627422545222e-15
endloop
endfacet
facet normal -1.2246467991473515e-16 0 1
outer loop
vertex 65.04770504229602 -34.91603453085599 -2.6254363226611262e-15
vertex 102.642738552463 -34.99487997300143 1.978627422545222e-15
vertex 102.49819408786745 -34.91603453085599 1.9609258309550807e-15
endloop
endfacet
facet normal -1.2246467991473515e-16 0 1
outer loop
vertex 65.04770516355117 -34.99487997300143 -2.6254363078116523e-15
vertex 65.04770524668643 -35.04893818008294 -2.6254362976305192e-15
vertex 102.79826159332643 -35.04893818008294 1.997673501963928e-15
endloop
endfacet
facet normal -1.2246467991473515e-16 0 1
outer loop
vertex 65.04770516355117 -34.99487997300143 -2.6254363078116523e-15
vertex 102.79826159332643 -35.04893818008294 1.997673501963928e-15
vertex 102.642738552463 -34.99487997300143 1.978627422545222e-15
endloop
endfacet
facet normal -1.2246467991473515e-16 0 1
outer loop
vertex 65.04770524668643 -35.04893818008294 -2.6254362976305192e-15
vertex 65.04770528944803 -35.07674365000018 -2.6254362923937335e-15
vertex 102.96054702654511 -35.07674365000018 2.0175477355978783e-15
endloop
endfacet
facet normal -1.2246467991473515e-16 0 1
outer loop
vertex 65.04770524668643 -35.04893818008294 -2.6254362976305192e-15
vertex 102.96054702654511 -35.07674365000018 2.0175477355978783e-15
vertex 102.79826159332643 -35.04893818008294 1.997673501963928e-15
endloop
endfacet
facet normal -1.2246467991473515e-16 0 1
outer loop
vertex 65.04770528944803 -35.07674365000018 -2.6254362923937335e-15
vertex 65.04770702654322 -36.20627937923163 -2.6254360796609273e-15
vertex 115.87121185858727 -36.20627937923163 3.5986481717403515e-15
endloop
endfacet
facet normal -1.2246467991473515e-16 0 1
outer loop
vertex 65.04770528944803 -35.07674365000018 -2.6254362923937335e-15
vertex 115.87121185858727 -36.20627937923163 3.5986481717403515e-15
vertex 102.96054702654511 -35.07674365000018 2.0175477355978783e-15
endloop
endfacet
facet normal -1.2246467991473515e-16 0 1
outer loop
vertex 65.04770702654322 -36.20627937923163 -2.6254360796609273e-15
vertex 65.03251477955607 -36.37992787766857 -2.6272965933253948e-15
vertex 117.85602517957196 -36.37992787766857 3.841717699785244e-15
endloop
endfacet
facet normal -1.2246467991473515e-16 0 1
outer loop
vertex 65.04770702654322 -36.20627937923163 -2.6254360796609273e-15
vertex 117.85602517957196 -36.37992787766857 3.841717699785244e-15
vertex 115.87121185858727 -36.20627937923163 3.5986481717403515e-15
endloop
endfacet
facet normal -1.2246467991473515e-16 0 1
outer loop
vertex 65.03251477955607 -36.37992787766857 -2.6272965933253948e-15
vertex 64.9873996473312 -36.548299843321864 -2.632821603552624e-15
vertex 119.78052739708119 -36.548299843321864 4.07740124784771e-15
endloop
endfacet
facet normal -1.2246467991473515e-16 0 1
outer loop
vertex 65.03251477955607 -36.37992787766857 -2.6272965933253948e-15
vertex 119.78052739708119 -36.548299843321864 4.07740124784771e-15
vertex 117.85602517957196 -36.37992787766857 3.841717699785244e-15
endloop
endfacet
facet normal -1.2246467991473515e-16 0 1
outer loop
vertex 64.9873996473312 -36.548299843321864 -2.632821603552624e-15
vertex 64.91373243032685 -36.706279700002405 -2.6418432357032716e-15
vertex 121.58624715169603 -36.706279700002405 4.2985381396123295e-15
endloop
endfacet
facet normal -1.2246467991473515e-16 0 1
outer loop
vertex 64.9873996473312 -36.548299843321864 -2.632821603552624e-15
vertex 121.58624715169603 -36.706279700002405 4.2985381396123295e-15
vertex 119.78052739708119 -36.548299843321864 4.07740124784771e-15
endloop
endfacet
facet normal -1.2246467991473515e-16 0 1
outer loop
vertex 64.91373243032685 -36.706279700002405 -2.6418432357032716e-15
vertex 64.81375146966295 -36.849067309686696 -2.6540873720485438e-15
vertex 123.2183185621831 -36.849067309686696 4.49840924249562e-15
endloop
endfacet
facet normal -1.2246467991473515e-16 0 1
outer loop
vertex 64.91373243032685 -36.706279700002405 -2.6418432357032716e-15
vertex 123.2183185621831 -36.849067309686696 4.49840924249562e-15
vertex 121.58624715169603 -36.706279700002405 4.2985381396123295e-15
endloop
endfacet
facet normal -1.2246467991473515e-16 0 1
outer loop
vertex 64.81375146966295 -36.849067309686696 -2.6540873720485438e-15
vertex 64.69049463623169 -36.972324143117966 -2.6691819807020063e-15
vertex 124.33457752015255 -36.972324143117966 4.6351115384853044e-15
endloop
endfacet
facet normal -1.2246467991473515e-16 0 1
outer loop
vertex 64.81375146966295 -36.849067309686696 -2.6540873720485438e-15
vertex 124.33457752015255 -36.972324143117966 4.6351115384853044e-15
vertex 124.33218578101447 -36.97107907963357 4.634818634917321e-15
endloop
endfacet
facet normal -1.2246467991473515e-16 0 1
outer loop
vertex 64.81375146966295 -36.849067309686696 -2.6540873720485438e-15
vertex 124.33218578101447 -36.97107907963357 4.634818634917321e-15
vertex 124.25778062572645 -36.94618347765595 4.6257066313909675e-15
endloop
endfacet
facet normal -1.2246467991473515e-16 0 1
outer loop
vertex 64.81375146966295 -36.849067309686696 -2.6540873720485438e-15
vertex 124.25778062572645 -36.94618347765595 4.6257066313909675e-15
vertex 124.1803948765455 -36.93323800000023 4.616229610387561e-15
endloop
endfacet
facet normal -1.2246467991473515e-16 0 1
outer loop
vertex 64.81375146966295 -36.849067309686696 -2.6540873720485438e-15
vertex 124.1803948765455 -36.93323800000023 4.616229610387561e-15
vertex 123.2183185621831 -36.849067309686696 4.49840924249562e-15
endloop
endfacet
facet normal -1.2246467991473515e-16 0 1
outer loop
vertex 64.69049463623169 -36.972324143117966 -2.6691819807020063e-15
vertex 64.547707026539 -37.072305103787734 -2.6866684196188116e-15
vertex 124.48286091353467 -37.072305103787734 4.653271016792516e-15
endloop
endfacet
facet normal -1.2246467991473515e-16 0 1
outer loop
vertex 64.69049463623169 -36.972324143117966 -2.6691819807020063e-15
vertex 124.48286091353467 -37.072305103787734 4.653271016792516e-15
vertex 124.46485055240821 -37.05397750934051 4.651065383682016e-15
endloop
endfacet
facet normal -1.2246467991473515e-16 0 1
outer loop
vertex 64.69049463623169 -36.972324143117966 -2.6691819807020063e-15
vertex 124.46485055240821 -37.05397750934051 4.651065383682016e-15
vertex 124.40178031424358 -37.00730778478707 4.64334150715304e-15
endloop
endfacet
facet normal -1.2246467991473515e-16 0 1
outer loop
vertex 64.69049463623169 -36.972324143117966 -2.6691819807020063e-15
vertex 124.40178031424358 -37.00730778478707 4.64334150715304e-15
vertex 124.33457752015255 -36.972324143117966 4.6351115384853044e-15
endloop
endfacet
facet normal -1.2246467991473515e-16 0 1
outer loop
vertex 64.547707026539 -37.072305103787734 -2.6866684196188116e-15
vertex 64.38972716987477 -37.14597232078449 -2.706015372198172e-15
vertex 124.54554550409894 -37.14597232078449 4.6609476651115565e-15
endloop
endfacet
facet normal -1.2246467991473515e-16 0 1
outer loop
vertex 64.547707026539 -37.072305103787734 -2.6866684196188116e-15
vertex 124.54554550409894 -37.14597232078449 4.6609476651115565e-15
vertex 124.51984347461993 -37.10993907328072 4.65780007429825e-15
endloop
endfacet
facet normal -1.2246467991473515e-16 0 1
outer loop
vertex 64.547707026539 -37.072305103787734 -2.6866684196188116e-15
vertex 124.51984347461993 -37.10993907328072 4.65780007429825e-15
vertex 124.48286091353467 -37.072305103787734 4.653271016792516e-15
endloop
endfacet
facet normal -1.2246467991473515e-16 0 1
outer loop
vertex 64.38972716987477 -37.14597232078449 -2.706015372198172e-15
vertex 64.22135520421087 -37.19108745301217 -2.7266349910798174e-15
vertex 124.57401681309136 -37.19108745301217 4.664434394854067e-15
endloop
endfacet
facet normal -1.2246467991473515e-16 0 1
outer loop
vertex 64.38972716987477 -37.14597232078449 -2.706015372198172e-15
vertex 124.57401681309136 -37.19108745301217 4.664434394854067e-15
vertex 124.56540495317041 -37.17381449738245 4.663379746185378e-15
endloop
endfacet
facet normal -1.2246467991473515e-16 0 1
outer loop
vertex 64.38972716987477 -37.14597232078449 -2.706015372198172e-15
vertex 124.56540495317041 -37.17381449738245 4.663379746185378e-15
vertex 124.54554550409894 -37.14597232078449 4.6609476651115565e-15
endloop
endfacet
facet normal -1.2246467991473515e-16 0 1
outer loop
vertex 64.22135520421087 -37.19108745301217 -2.7266349910798174e-15
vertex 64.04770497654093 -37.206279641073685 -2.7479010106285373e-15
vertex 124.58159125479565 -37.206279641073685 4.665361996432917e-15
endloop
endfacet
facet normal -1.2246467991473515e-16 0 1
outer loop
vertex 64.22135520421087 -37.19108745301217 -2.7266349910798174e-15
vertex 124.58159125479565 -37.206279641073685 4.665361996432917e-15
vertex 124.57401681309136 -37.19108745301217 4.664434394854067e-15
endloop
endfacet
facet normal -1.2246467991473532e-16 -5.0351352950921596e-29 1
outer loop
vertex 64.04770497654093 -37.206279641073685 -2.7479010106285373e-15
vertex 47.547707026548835 -37.206279641073685 -4.768567978168108e-15
vertex 47.46088293770633 -37.21387582349495 -4.779200862417094e-15
endloop
endfacet
facet normal -1.2246467991473532e-16 -5.0351352950921596e-29 1
outer loop
vertex 64.04770497654093 -37.206279641073685 -2.7479010106285373e-15
vertex 47.46088293770633 -37.21387582349495 -4.779200862417094e-15
vertex 47.37669695487894 -37.23643338960757 -4.789510671857358e-15
endloop
endfacet
facet normal -1.2246467991473532e-16 -5.0351352950921596e-29 1
outer loop
vertex 64.04770497654093 -37.206279641073685 -2.7479010106285373e-15
vertex 47.37669695487894 -37.23643338960757 -4.789510671857358e-15
vertex 47.297707026546504 -37.273266998106095 -4.799184148147077e-15
endloop
endfacet
facet normal -1.2246467991473532e-16 -5.0351352950921596e-29 1
outer loop
vertex 64.04770497654093 -37.206279641073685 -2.7479010106285373e-15
vertex 47.297707026546504 -37.273266998106095 -4.799184148147077e-15
vertex 47.22631322170284 -37.3232574784391 -4.807927367605152e-15
endloop
endfacet
facet normal -1.2246467991473532e-16 -5.0351352950921596e-29 1
outer loop
vertex 64.04770497654093 -37.206279641073685 -2.7479010106285373e-15
vertex 47.22631322170284 -37.3232574784391 -4.807927367605152e-15
vertex 47.164684804981505 -37.384885895160444 -4.8154746719325815e-15
endloop
endfacet
facet normal -1.2246467991473532e-16 -5.0351352950921596e-29 1
outer loop
vertex 64.04770497654093 -37.206279641073685 -2.7479010106285373e-15
vertex 47.164684804981505 -37.384885895160444 -4.8154746719325815e-15
vertex 47.11469432465276 -37.456279699998014 -4.821596740104825e-15
endloop
endfacet
facet normal -1.2246467991473532e-16 -5.0351352950921596e-29 1
outer loop
vertex 64.04770497654093 -37.206279641073685 -2.7479010106285373e-15
vertex 47.11469432465276 -37.456279699998014 -4.821596740104825e-15
vertex 47.07786071615145 -37.53526962833644 -4.826107556180043e-15
endloop
endfacet
facet normal -1.2246467991473532e-16 -5.0351352950921596e-29 1
outer loop
vertex 64.04770497654093 -37.206279641073685 -2.7479010106285373e-15
vertex 47.07786071615145 -37.53526962833644 -4.826107556180043e-15
vertex 47.055303150037346 -37.619455611169364 -4.828870061293862e-15
endloop
endfacet
facet normal -1.2246467991473532e-16 -5.0351352950921596e-29 1
outer loop
vertex 64.04770497654093 -37.206279641073685 -2.7479010106285373e-15
vertex 47.055303150037346 -37.619455611169364 -4.828870061293862e-15
vertex 47.04770497654367 -37.70627940000043 -4.8298005691787015e-15
endloop
endfacet
facet normal -1.2246467991473532e-16 -5.0351352950921596e-29 1
outer loop
vertex 64.04770497654093 -37.206279641073685 -2.7479010106285373e-15
vertex 47.04770497654367 -37.70627940000043 -4.8298005691787015e-15
vertex 47.04770614227006 -47.373279500000116 -4.829800426418393e-15
endloop
endfacet
facet normal -1.2246467991473532e-16 -5.0351352950921596e-29 1
outer loop
vertex 64.04770497654093 -37.206279641073685 -2.7479010106285373e-15
vertex 47.04770614227006 -47.373279500000116 -4.829800426418393e-15
vertex 65.54770497654852 -47.373279500000116 -2.564203990755505e-15
endloop
endfacet
facet normal -1.2246467991473532e-16 -5.0351352950921596e-29 1
outer loop
vertex 64.04770497654093 -37.206279641073685 -2.7479010106285373e-15
vertex 65.54770497654852 -47.373279500000116 -2.564203990755505e-15
vertex 123.76892067001475 -47.373279500000116 4.565838553391602e-15
endloop
endfacet
facet normal -1.2246467991473532e-16 -5.0351352950921596e-29 1
outer loop
vertex 64.04770497654093 -37.206279641073685 -2.7479010106285373e-15
vertex 123.76892067001475 -47.373279500000116 4.565838553391602e-15
vertex 124.63491697654386 -37.474914000001775 4.671892513878033e-15
endloop
endfacet
facet normal -1.2246467991473532e-16 -5.0351352950921596e-29 1
outer loop
vertex 64.04770497654093 -37.206279641073685 -2.7479010106285373e-15
vertex 124.63491697654386 -37.474914000001775 4.671892513878033e-15
vertex 124.63560235317851 -37.39645733431061 4.671976448308216e-15
endloop
endfacet
facet normal -1.2246467991473532e-16 -5.0351352950921596e-29 1
outer loop
vertex 64.04770497654093 -37.206279641073685 -2.7479010106285373e-15
vertex 124.63560235317851 -37.39645733431061 4.671976448308216e-15
vertex 124.6240058774349 -37.31885939695413 4.670556289618135e-15
endloop
endfacet
facet normal -1.2246467991473532e-16 -5.0351352950921596e-29 1
outer loop
vertex 64.04770497654093 -37.206279641073685 -2.7479010106285373e-15
vertex 124.6240058774349 -37.31885939695413 4.670556289618135e-15
vertex 124.60041309713327 -37.244030934122044 4.6676670073301974e-15
endloop
endfacet
facet normal -1.2246467991473532e-16 -5.0351352950921596e-29 1
outer loop
vertex 64.04770497654093 -37.206279641073685 -2.7479010106285373e-15
vertex 124.60041309713327 -37.244030934122044 4.6676670073301974e-15
vertex 124.58159125479565 -37.206279641073685 4.665361996432917e-15
endloop
endfacet
facet normal -1.2246467991473515e-16 0 1
outer loop
vertex 65.54770497654852 -47.373279500000116 -2.564203990755505e-15
vertex 66.13297594260301 -47.43092365879103 -2.492528969234253e-15
vertex 123.76387745064628 -47.43092365879103 4.5652209371459015e-15
endloop
endfacet
facet normal -1.2246467991473515e-16 0 1
outer loop
vertex 65.54770497654852 -47.373279500000116 -2.564203990755505e-15
vertex 123.76387745064628 -47.43092365879103 4.5652209371459015e-15
vertex 123.76892067001475 -47.373279500000116 4.565838553391602e-15
endloop
endfacet
facet normal -1.2246467991473515e-16 0 1
outer loop
vertex 47.04770614227006 -47.373279500000116 -4.829800426418393e-15
vertex 47.04770614922127 -47.43092365879103 -4.829800425567115e-15
vertex 64.96243401049405 -47.43092365879103 -2.635879012276753e-15
endloop
endfacet
facet normal -1.2246467991473515e-16 0 1
outer loop
vertex 47.04770614227006 -47.373279500000116 -4.829800426418393e-15
vertex 64.96243401049405 -47.43092365879103 -2.635879012276753e-15
vertex 65.54770497654852 -47.373279500000116 -2.564203990755505e-15
endloop
endfacet
facet normal -1.2246467991473515e-16 0 1
outer loop
vertex 66.13297594260301 -47.43092365879103 -2.492528969234253e-15
vertex 66.69575527363013 -47.6016409024648 -2.4236083785973886e-15
vertex 123.74894160063322 -47.6016409024648 4.563391823054798e-15
endloop
endfacet
facet normal -1.2246467991473515e-16 0 1
outer loop
vertex 66.13297594260301 -47.43092365879103 -2.492528969234253e-15
vertex 123.74894160063322 -47.6016409024648 4.563391823054798e-15
vertex 123.76387745064628 -47.43092365879103 4.5652209371459015e-15
endloop
endfacet
facet normal -1.2246467991473515e-16 0 1
outer loop
vertex 47.04770614922127 -47.43092365879103 -4.829800425567115e-15
vertex 47.04770616980775 -47.6016409024648 -4.8298004230459975e-15
vertex 64.39965467945396 -47.6016409024648 -2.7047996029152064e-15
endloop
endfacet
facet normal -1.2246467991473515e-16 0 1
outer loop
vertex 47.04770614922127 -47.43092365879103 -4.829800425567115e-15
vertex 64.39965467945396 -47.6016409024648 -2.7047996029152064e-15
vertex 64.96243401049405 -47.43092365879103 -2.635879012276753e-15
endloop
endfacet
facet normal -1.2246467991473515e-16 0 1
outer loop
vertex 66.69575527363013 -47.6016409024648 -2.4236083785973886e-15
vertex 67.214415675612 -47.87887066309642 -2.3600907984842305e-15
vertex 123.7246870963146 -47.87887066309642 4.5604215029469285e-15
endloop
endfacet
facet normal -1.2246467991473515e-16 0 1
outer loop
vertex 66.69575527363013 -47.6016409024648 -2.4236083785973886e-15
vertex 123.7246870963146 -47.87887066309642 4.5604215029469285e-15
vertex 123.74894160063322 -47.6016409024648 4.563391823054798e-15
endloop
endfacet
facet normal -1.2246467991473515e-16 0 1
outer loop
vertex 47.04770616980775 -47.6016409024648 -4.8298004230459975e-15
vertex 47.047706203238405 -47.87887066309642 -4.829800418951924e-15
vertex 63.88099427748031 -47.87887066309642 -2.7683171830273576e-15
endloop
endfacet
facet normal -1.2246467991473515e-16 0 1
outer loop
vertex 47.04770616980775 -47.6016409024648 -4.8298004230459975e-15
vertex 63.88099427748031 -47.87887066309642 -2.7683171830273576e-15
vertex 64.39965467945396 -47.6016409024648 -2.7047996029152064e-15
endloop
endfacet
facet normal -1.2246467991473515e-16 0 1
outer loop
vertex 67.214415675612 -47.87887066309642 -2.3600907984842305e-15
vertex 67.66902532010464 -48.25195915644389 -2.304417173885288e-15
vertex 123.69204602469046 -48.25195915644389 4.556424124558404e-15
endloop
endfacet
facet normal -1.2246467991473515e-16 0 1
outer loop
vertex 67.214415675612 -47.87887066309642 -2.3600907984842305e-15
vertex 123.69204602469046 -48.25195915644389 4.556424124558404e-15
vertex 123.7246870963146 -47.87887066309642 4.5604215029469285e-15
endloop
endfacet
facet normal -1.2246467991473515e-16 0 1
outer loop
vertex 47.047706203238405 -47.87887066309642 -4.829800418951924e-15
vertex 47.04770624822848 -48.25195915644389 -4.829800413442229e-15
vertex 63.42638463298013 -48.25195915644389 -2.8239908076272238e-15
endloop
endfacet
facet normal -1.2246467991473515e-16 0 1
outer loop
vertex 47.047706203238405 -47.87887066309642 -4.829800418951924e-15
vertex 63.42638463298013 -48.25195915644389 -2.8239908076272238e-15
vertex 63.88099427748031 -47.87887066309642 -2.7683171830273576e-15
endloop
endfacet
facet normal -1.2246467991473515e-16 0 1
outer loop
vertex 67.66902532010464 -48.25195915644389 -2.304417173885288e-15
vertex 68.04211381344308 -48.706568800933766 -2.258727010968725e-15
vertex 123.65227276383837 -48.706568800933766 4.551553304898988e-15
endloop
endfacet
facet normal -1.2246467991473515e-16 0 1
outer loop
vertex 67.66902532010464 -48.25195915644389 -2.304417173885288e-15
vertex 123.65227276383837 -48.706568800933766 4.551553304898988e-15
vertex 123.69204602469046 -48.25195915644389 4.556424124558404e-15
endloop
endfacet
facet normal -1.2246467991473515e-16 0 1
outer loop
vertex 47.04770624822848 -48.25195915644389 -4.829800413442229e-15
vertex 47.047706303049054 -48.706568800933766 -4.829800406728645e-15
vertex 63.05329613964112 -48.706568800933766 -2.8696809705438564e-15
endloop
endfacet
facet normal -1.2246467991473515e-16 0 1
outer loop
vertex 47.04770624822848 -48.25195915644389 -4.829800413442229e-15
vertex 63.05329613964112 -48.706568800933766 -2.8696809705438564e-15
vertex 63.42638463298013 -48.25195915644389 -2.8239908076272238e-15
endloop
endfacet
facet normal -1.2246467991473515e-16 0 1
outer loop
vertex 68.04211381344308 -48.706568800933766 -2.258727010968725e-15
vertex 68.31934357408092 -49.22522920290672 -2.2247761570693736e-15
vertex 123.60689577786513 -49.22522920290672 4.545996226836279e-15
endloop
endfacet
facet normal -1.2246467991473515e-16 0 1
outer loop
vertex 68.04211381344308 -48.706568800933766 -2.258727010968725e-15
vertex 123.60689577786513 -49.22522920290672 4.545996226836279e-15
vertex 123.65227276383837 -48.706568800933766 4.551553304898988e-15
endloop
endfacet
facet normal -1.2246467991473515e-16 0 1
outer loop
vertex 47.047706303049054 -48.706568800933766 -4.829800406728645e-15
vertex 47.0477063655934 -49.22522920290672 -4.829800399069171e-15
vertex 62.77606637900986 -49.22522920290672 -2.9036318244424022e-15
endloop
endfacet
facet normal -1.2246467991473515e-16 0 1
outer loop
vertex 47.047706303049054 -48.706568800933766 -4.829800406728645e-15
vertex 62.77606637900986 -49.22522920290672 -2.9036318244424022e-15
vertex 63.05329613964112 -48.706568800933766 -2.8696809705438564e-15
endloop
endfacet
facet normal -1.2246467991473515e-16 0 1
outer loop
vertex 68.31934357408092 -49.22522920290672 -2.2247761570693736e-15
vertex 68.49006081775407 -49.78800853395363 -2.203869324467015e-15
vertex 123.55765887889655 -49.78800853395363 4.539966445764097e-15
endloop
endfacet
facet normal -1.2246467991473515e-16 0 1
outer loop
vertex 68.31934357408092 -49.22522920290672 -2.2247761570693736e-15
vertex 123.55765887889655 -49.78800853395363 4.539966445764097e-15
vertex 123.60689577786513 -49.22522920290672 4.545996226836279e-15
endloop
endfacet
facet normal -1.2246467991473515e-16 0 1
outer loop
vertex 47.0477063655934 -49.22522920290672 -4.829800399069171e-15
vertex 47.04770643345796 -49.78800853395363 -4.82980039075816e-15
vertex 62.60534913533404 -49.78800853395363 -2.924538657045088e-15
endloop
endfacet
facet normal -1.2246467991473515e-16 0 1
outer loop
vertex 47.0477063655934 -49.22522920290672 -4.829800399069171e-15
vertex 62.60534913533404 -49.78800853395363 -2.924538657045088e-15
vertex 62.77606637900986 -49.22522920290672 -2.9036318244424022e-15
endloop
endfacet
facet normal -1.2246467991473515e-16 0 1
outer loop
vertex 68.49006081775407 -49.78800853395363 -2.203869324467015e-15
vertex 68.54770497654394 -50.37327950000274 -2.1968099510118596e-15
vertex 123.50645421334673 -50.37327950000274 4.533695682787397e-15
endloop
endfacet
facet normal -1.2246467991473515e-16 0 1
outer loop
vertex 68.49006081775407 -49.78800853395363 -2.203869324467015e-15
vertex 123.50645421334673 -50.37327950000274 4.533695682787397e-15
vertex 123.55765887889655 -49.78800853395363 4.539966445764097e-15
endloop
endfacet
facet normal -1.2246467991473515e-16 0 1
outer loop
vertex 47.04770643345796 -49.78800853395363 -4.82980039075816e-15
vertex 47.047706504034736 -50.37327950000274 -4.829800382114997e-15
vertex 62.54770497654367 -50.37327950000274 -2.9315980305003044e-15
endloop
endfacet
facet normal -1.2246467991473515e-16 0 1
outer loop
vertex 47.04770643345796 -49.78800853395363 -4.82980039075816e-15
vertex 62.54770497654367 -50.37327950000274 -2.9315980305003044e-15
vertex 62.60534913533404 -49.78800853395363 -2.924538657045088e-15
endloop
endfacet
facet normal -1.2246467991473515e-16 0 1
outer loop
vertex 68.54770497654394 -50.37327950000274 -2.1968099510118596e-15
vertex 68.4900608177538 -50.9585504660495 -2.203869324467048e-15
vertex 123.45524954779711 -50.9585504660495 4.527424919810723e-15
endloop
endfacet
facet normal -1.2246467991473515e-16 0 1
outer loop
vertex 68.54770497654394 -50.37327950000274 -2.1968099510118596e-15
vertex 123.45524954779711 -50.9585504660495 4.527424919810723e-15
vertex 123.50645421334673 -50.37327950000274 4.533695682787397e-15
endloop
endfacet
facet normal -1.2246467991473515e-16 0 1
outer loop
vertex 47.047706504034736 -50.37327950000274 -4.829800382114997e-15
vertex 47.047706574611524 -50.9585504660495 -4.829800373471833e-15
vertex 62.605349135333825 -50.9585504660495 -2.924538657045114e-15
endloop
endfacet
facet normal -1.2246467991473515e-16 0 1
outer loop
vertex 47.047706504034736 -50.37327950000274 -4.829800382114997e-15
vertex 62.605349135333825 -50.9585504660495 -2.924538657045114e-15
vertex 62.54770497654367 -50.37327950000274 -2.9315980305003044e-15
endloop
endfacet
facet normal -1.2246467991473515e-16 0 1
outer loop
vertex 68.4900608177538 -50.9585504660495 -2.203869324467048e-15
vertex 68.31934357407889 -51.521329797092925 -2.2247761570696225e-15
vertex 123.40601264882883 -51.521329797092925 4.521395138738579e-15
endloop
endfacet
facet normal -1.2246467991473515e-16 0 1
outer loop
vertex 68.4900608177538 -50.9585504660495 -2.203869324467048e-15
vertex 123.40601264882883 -51.521329797092925 4.521395138738579e-15
vertex 123.45524954779711 -50.9585504660495 4.527424919810723e-15
endloop
endfacet
facet normal -1.2246467991473515e-16 0 1
outer loop
vertex 47.047706574611524 -50.9585504660495 -4.829800373471833e-15
vertex 47.047706642476086 -51.521329797092925 -4.8298003651608216e-15
vertex 62.77606637901067 -51.521329797092925 -2.903631824442303e-15
endloop
endfacet
facet normal -1.2246467991473515e-16 0 1
outer loop
vertex 47.047706574611524 -50.9585504660495 -4.829800373471833e-15
vertex 62.77606637901067 -51.521329797092925 -2.903631824442303e-15
vertex 62.605349135333825 -50.9585504660495 -2.924538657045114e-15
endloop
endfacet
facet normal -1.2246467991473515e-16 0 1
outer loop
vertex 68.31934357407889 -51.521329797092925 -2.2247761570696225e-15
vertex 68.04211381345198 -52.03999019905772 -2.2587270109676354e-15
vertex 123.36063566285631 -52.03999019905772 4.5158380606759575e-15
endloop
endfacet
facet normal -1.2246467991473515e-16 0 1
outer loop
vertex 68.31934357407889 -51.521329797092925 -2.2247761570696225e-15
vertex 123.36063566285631 -52.03999019905772 4.5158380606759575e-15
vertex 123.40601264882883 -51.521329797092925 4.521395138738579e-15
endloop
endfacet
facet normal -1.2246467991473515e-16 0 1
outer loop
vertex 47.047706642476086 -51.521329797092925 -4.8298003651608216e-15
vertex 47.04770670502043 -52.03999019905772 -4.829800357501349e-15
vertex 63.05329613963464 -52.03999019905772 -2.86968097054465e-15
endloop
endfacet
facet normal -1.2246467991473515e-16 0 1
outer loop
vertex 47.047706642476086 -51.521329797092925 -4.8298003651608216e-15
vertex 63.05329613963464 -52.03999019905772 -2.86968097054465e-15
vertex 62.77606637901067 -51.521329797092925 -2.903631824442303e-15
endloop
endfacet
facet normal -1.2246467991473515e-16 0 1
outer loop
vertex 68.04211381345198 -52.03999019905772 -2.2587270109676354e-15
vertex 67.6690253201012 -52.49459984356194 -2.3044171738857093e-15
vertex 123.32086240200296 -52.49459984356194 4.510967241016388e-15
endloop
endfacet
facet normal -1.2246467991473515e-16 0 1
outer loop
vertex 68.04211381345198 -52.03999019905772 -2.2587270109676354e-15
vertex 123.32086240200296 -52.49459984356194 4.510967241016388e-15
vertex 123.36063566285631 -52.03999019905772 4.5158380606759575e-15
endloop
endfacet
facet normal -1.2246467991473515e-16 0 1
outer loop
vertex 47.04770670502043 -52.03999019905772 -4.829800357501349e-15
vertex 47.04770675984099 -52.49459984356194 -4.8298003507877664e-15
vertex 63.426384632983684 -52.49459984356194 -2.8239908076267887e-15
endloop
endfacet
facet normal -1.2246467991473515e-16 0 1
outer loop
vertex 47.04770670502043 -52.03999019905772 -4.829800357501349e-15
vertex 63.426384632983684 -52.49459984356194 -2.8239908076267887e-15
vertex 63.05329613963464 -52.03999019905772 -2.86968097054465e-15
endloop
endfacet
facet normal -1.2246467991473515e-16 0 1
outer loop
vertex 67.6690253201012 -52.49459984356194 -2.3044171738857093e-15
vertex 67.21441567560196 -52.86768833690863 -2.3600907984854607e-15
vertex 123.28822133037889 -52.86768833690863 4.506969862627871e-15
endloop
endfacet
facet normal -1.2246467991473515e-16 0 1
outer loop
vertex 67.6690253201012 -52.49459984356194 -2.3044171738857093e-15
vertex 123.28822133037889 -52.86768833690863 4.506969862627871e-15
vertex 123.32086240200296 -52.49459984356194 4.510967241016388e-15
endloop
endfacet
facet normal -1.2246467991473515e-16 0 1
outer loop
vertex 47.04770675984099 -52.49459984356194 -4.8298003507877664e-15
vertex 47.04770680483108 -52.86768833690863 -4.829800345278069e-15
vertex 63.880994277488824 -52.86768833690863 -2.768317183026315e-15
endloop
endfacet
facet normal -1.2246467991473515e-16 0 1
outer loop
vertex 47.04770675984099 -52.49459984356194 -4.8298003507877664e-15
vertex 63.880994277488824 -52.86768833690863 -2.768317183026315e-15
vertex 63.426384632983684 -52.49459984356194 -2.8239908076267887e-15
endloop
endfacet
facet normal -1.2246467991473515e-16 0 1
outer loop
vertex 67.21441567560196 -52.86768833690863 -2.3600907984854607e-15
vertex 66.6957552736424 -53.14491809753272 -2.423608378595885e-15
vertex 123.26396682606092 -53.14491809753272 4.5039995425200815e-15
endloop
endfacet
facet normal -1.2246467991473515e-16 0 1
outer loop
vertex 67.21441567560196 -52.86768833690863 -2.3600907984854607e-15
vertex 123.26396682606092 -53.14491809753272 4.5039995425200815e-15
vertex 123.28822133037889 -52.86768833690863 4.506969862627871e-15
endloop
endfacet
facet normal -1.2246467991473515e-16 0 1
outer loop
vertex 47.04770680483108 -52.86768833690863 -4.829800345278069e-15
vertex 47.04770683826172 -53.14491809753272 -4.829800341183997e-15
vertex 64.39965467944631 -53.14491809753272 -2.704799602916143e-15
endloop
endfacet
facet normal -1.2246467991473515e-16 0 1
outer loop
vertex 47.04770680483108 -52.86768833690863 -4.829800345278069e-15
vertex 64.39965467944631 -53.14491809753272 -2.704799602916143e-15
vertex 63.880994277488824 -52.86768833690863 -2.768317183026315e-15
endloop
endfacet
facet normal -1.2246467991473515e-16 0 1
outer loop
vertex 66.6957552736424 -53.14491809753272 -2.423608378595885e-15
vertex 66.1329759425896 -53.315635341210346 -2.4925289692358964e-15
vertex 123.24903097604754 -53.315635341210346 4.502170428428937e-15
endloop
endfacet
facet normal -1.2246467991473515e-16 0 1
outer loop
vertex 66.6957552736424 -53.14491809753272 -2.423608378595885e-15
vertex 123.24903097604754 -53.315635341210346 4.502170428428937e-15
vertex 123.26396682606092 -53.14491809753272 4.5039995425200815e-15
endloop
endfacet
facet normal -1.2246467991473515e-16 0 1
outer loop
vertex 47.04770683826172 -53.14491809753272 -4.829800341183997e-15
vertex 47.047706858848215 -53.315635341210346 -4.829800338662878e-15
vertex 64.9624340104948 -53.315635341210346 -2.6358790122766608e-15
endloop
endfacet
facet normal -1.2246467991473515e-16 0 1
outer loop
vertex 47.04770683826172 -53.14491809753272 -4.829800341183997e-15
vertex 64.9624340104948 -53.315635341210346 -2.6358790122766608e-15
vertex 64.39965467944631 -53.14491809753272 -2.704799602916143e-15
endloop
endfacet
facet normal -1.2246467991473515e-16 0 1
outer loop
vertex 66.1329759425896 -53.315635341210346 -2.4925289692358964e-15
vertex 65.54770497654648 -53.37327950000014 -2.5642039907557538e-15
vertex 123.24398775667916 -53.37327950000014 4.5015528121832485e-15
endloop
endfacet
facet normal -1.2246467991473515e-16 0 1
outer loop
vertex 66.1329759425896 -53.315635341210346 -2.4925289692358964e-15
vertex 123.24398775667916 -53.37327950000014 4.5015528121832485e-15
vertex 123.24903097604754 -53.315635341210346 4.502170428428937e-15
endloop
endfacet
facet normal -1.2246467991473515e-16 0 1
outer loop
vertex 47.047706858848215 -53.315635341210346 -4.829800338662878e-15
vertex 47.04770686579943 -53.37327950000014 -4.8298003378116e-15
vertex 65.54770497654648 -53.37327950000014 -2.5642039907557538e-15
endloop
endfacet
facet normal -1.2246467991473515e-16 0 1
outer loop
vertex 47.047706858848215 -53.315635341210346 -4.829800338662878e-15
vertex 65.54770497654648 -53.37327950000014 -2.5642039907557538e-15
vertex 64.9624340104948 -53.315635341210346 -2.6358790122766608e-15
endloop
endfacet
facet normal -1.224646799147353e-16 -5.11821673245543e-31 1
outer loop
vertex 65.54770497654648 -53.37327950000014 -2.5642039907557538e-15
vertex 47.04770686579943 -53.37327950000014 -4.8298003378116e-15
vertex 47.04770702654349 -54.706279225350286 -4.82980031812613e-15
endloop
endfacet
facet normal -1.224646799147353e-16 -5.11821673245543e-31 1
outer loop
vertex 65.54770497654648 -53.37327950000014 -2.5642039907557538e-15
vertex 47.04770702654349 -54.706279225350286 -4.82980031812613e-15
vertex 123.12736518512855 -54.706279225350286 4.4872706662874714e-15
endloop
endfacet
facet normal -1.224646799147353e-16 -5.11821673245543e-31 1
outer loop
vertex 65.54770497654648 -53.37327950000014 -2.5642039907557538e-15
vertex 123.12736518512855 -54.706279225350286 4.4872706662874714e-15
vertex 123.15329417654402 -54.409908000000016 4.490446051921679e-15
endloop
endfacet
facet normal -1.224646799147353e-16 -5.11821673245543e-31 1
outer loop
vertex 65.54770497654648 -53.37327950000014 -2.5642039907557538e-15
vertex 123.15329417654402 -54.409908000000016 4.490446051921679e-15
vertex 123.24398775667916 -53.37327950000014 4.5015528121832485e-15
endloop
endfacet
facet normal -1.2246467991473515e-16 0 1
outer loop
vertex 47.04770702654349 -54.706279225350286 -4.82980031812613e-15
vertex 47.03251477955635 -54.87992787766601 -4.831660831790596e-15
vertex 123.11217292458232 -54.87992787766601 4.485410150962496e-15
endloop
endfacet
facet normal -1.2246467991473515e-16 0 1
outer loop
vertex 47.04770702654349 -54.706279225350286 -4.82980031812613e-15
vertex 123.11217292458232 -54.87992787766601 4.485410150962496e-15
vertex 123.12736518512855 -54.706279225350286 4.4872706662874714e-15
endloop
endfacet
facet normal -1.2246467991473515e-16 0 1
outer loop
vertex 47.03251477955635 -54.87992787766601 -4.831660831790596e-15
vertex 47.02176734229238 -54.920037799999996 -4.832977013255032e-15
vertex 123.10866376754333 -54.920037799999996 4.484980403168945e-15
endloop
endfacet
facet normal -1.2246467991473515e-16 0 1
outer loop
vertex 47.03251477955635 -54.87992787766601 -4.831660831790596e-15
vertex 123.10866376754333 -54.920037799999996 4.484980403168945e-15
vertex 123.11217292458232 -54.87992787766601 4.485410150962496e-15
endloop
endfacet
facet normal -1.2246467991473515e-16 0 1
outer loop
vertex 47.02176734229238 -54.920037799999996 -4.832977013255032e-15
vertex 46.9873996473294 -55.04829984332718 -4.8371858420180805e-15
vertex 123.58734339605729 -55.04829984332718 4.543601750656613e-15
endloop
endfacet
facet normal -1.2246467991473515e-16 0 1
outer loop
vertex 47.02176734229238 -54.920037799999996 -4.832977013255032e-15
vertex 123.58734339605729 -55.04829984332718 4.543601750656613e-15
vertex 123.10866376754333 -54.920037799999996 4.484980403168945e-15
endloop
endfacet
facet normal -1.2246467991473515e-16 0 1
outer loop
vertex 46.9873996473294 -55.04829984332718 -4.8371858420180805e-15
vertex 46.91373243032882 -55.20627969999959 -4.846207474168265e-15
vertex 124.17693133274545 -55.20627969999959 4.615805448604717e-15
endloop
endfacet
facet normal -1.2246467991473515e-16 0 1
outer loop
vertex 46.9873996473294 -55.04829984332718 -4.8371858420180805e-15
vertex 124.17693133274545 -55.20627969999959 4.615805448604717e-15
vertex 123.58734339605729 -55.04829984332718 4.543601750656613e-15
endloop
endfacet
facet normal -1.2246467991473515e-16 0 1
outer loop
vertex 46.91373243032882 -55.20627969999959 -4.846207474168265e-15
vertex 46.81375146965857 -55.34906730969296 -4.858451610514316e-15
vertex 124.70982111981695 -55.34906730969296 4.681065625808259e-15
endloop
endfacet
facet normal -1.2246467991473515e-16 0 1
outer loop
vertex 46.91373243032882 -55.20627969999959 -4.846207474168265e-15
vertex 124.70982111981695 -55.34906730969296 4.681065625808259e-15
vertex 124.17693133274545 -55.20627969999959 4.615805448604717e-15
endloop
endfacet
facet normal -1.2246467991473515e-16 0 1
outer loop
vertex 46.81375146965857 -55.34906730969296 -4.858451610514316e-15
vertex 46.69049463623762 -55.47232414311393 -4.873546219166517e-15
vertex 125.16982117064669 -55.47232414311393 4.737399384793884e-15
endloop
endfacet
facet normal -1.2246467991473515e-16 0 1
outer loop
vertex 46.81375146965857 -55.34906730969296 -4.858451610514316e-15
vertex 125.16982117064669 -55.47232414311393 4.737399384793884e-15
vertex 124.70982111981695 -55.34906730969296 4.681065625808259e-15
endloop
endfacet
facet normal -1.2246467991473515e-16 0 1
outer loop
vertex 46.69049463623762 -55.47232414311393 -4.873546219166517e-15
vertex 46.5477070265388 -55.57230510378798 -4.891032658084072e-15
vertex 125.54295461660332 -55.57230510378798 4.783095052818446e-15
endloop
endfacet
facet normal -1.2246467991473515e-16 0 1
outer loop
vertex 46.69049463623762 -55.47232414311393 -4.873546219166517e-15
vertex 125.54295461660332 -55.57230510378798 4.783095052818446e-15
vertex 125.16982117064669 -55.47232414311393 4.737399384793884e-15
endloop
endfacet
facet normal -1.2246467991473515e-16 0 1
outer loop
vertex 46.5477070265388 -55.57230510378798 -4.891032658084072e-15
vertex 46.38972716987553 -55.64597232078429 -4.910379610663315e-15
vertex 125.81788398662088 -55.64597232078429 4.816764190116807e-15
endloop
endfacet
facet normal -1.2246467991473515e-16 0 1
outer loop
vertex 46.5477070265388 -55.57230510378798 -4.891032658084072e-15
vertex 125.81788398662088 -55.64597232078429 4.816764190116807e-15
vertex 125.54295461660332 -55.57230510378798 4.783095052818446e-15
endloop
endfacet
facet normal -1.2246467991473515e-16 0 1
outer loop
vertex 46.38972716987553 -55.64597232078429 -4.910379610663315e-15
vertex 46.22135520421092 -55.69108745301216 -4.9309992295450466e-15
vertex 125.98625569098823 -55.69108745301216 4.837383776998853e-15
endloop
endfacet
facet normal -1.2246467991473515e-16 0 1
outer loop
vertex 46.38972716987553 -55.64597232078429 -4.910379610663315e-15
vertex 125.98625569098823 -55.69108745301216 4.837383776998853e-15
vertex 125.81788398662088 -55.64597232078429 4.816764190116807e-15
endloop
endfacet
facet normal -1.2246467991473515e-16 0 1
outer loop
vertex 46.22135520421092 -55.69108745301216 -4.9309992295450466e-15
vertex 46.04770497654623 -55.706279399999765 -4.952265249093124e-15
vertex 126.04295272102334 -55.706279399999765 4.844327160634218e-15
endloop
endfacet
facet normal -1.2246467991473515e-16 0 1
outer loop
vertex 46.22135520421092 -55.69108745301216 -4.9309992295450466e-15
vertex 126.04295272102334 -55.706279399999765 4.844327160634218e-15
vertex 125.98625569098823 -55.69108745301216 4.837383776998853e-15
endloop
endfacet
facet normal -1.2246467991473527e-16 -4.231306166714514e-29 1
outer loop
vertex 46.04770497654623 -55.706279399999765 -4.952265249093124e-15
vertex 26.413407026542615 -55.706279399999765 -7.35677326289086e-15
vertex 26.239758848876733 -55.72147194698743 -7.37803903138649e-15
endloop
endfacet
facet normal -1.2246467991473527e-16 -4.231306166714514e-29 1
outer loop
vertex 46.04770497654623 -55.706279399999765 -4.952265249093124e-15
vertex 26.239758848876733 -55.72147194698743 -7.37803903138649e-15
vertex 26.071386883212 -55.766587079215334 -7.398658650268235e-15
endloop
endfacet
facet normal -1.2246467991473527e-16 -4.231306166714514e-29 1
outer loop
vertex 46.04770497654623 -55.706279399999765 -4.952265249093124e-15
vertex 26.071386883212 -55.766587079215334 -7.398658650268235e-15
vertex 25.913407026546935 -55.840254296212485 -7.418005602847699e-15
endloop
endfacet
facet normal -1.2246467991473527e-16 -4.231306166714514e-29 1
outer loop
vertex 46.04770497654623 -55.706279399999765 -4.952265249093124e-15
vertex 25.913407026546935 -55.840254296212485 -7.418005602847699e-15
vertex 25.770619416867703 -55.94023525687283 -7.435492041762857e-15
endloop
endfacet
facet normal -1.2246467991473527e-16 -4.231306166714514e-29 1
outer loop
vertex 46.04770497654623 -55.706279399999765 -4.952265249093124e-15
vertex 25.770619416867703 -55.94023525687283 -7.435492041762857e-15
vertex 25.647362583418555 -56.06349209032198 -7.45058665041851e-15
endloop
endfacet
facet normal -1.2246467991473527e-16 -4.231306166714514e-29 1
outer loop
vertex 46.04770497654623 -55.706279399999765 -4.952265249093124e-15
vertex 25.647362583418555 -56.06349209032198 -7.45058665041851e-15
vertex 25.54738162276118 -56.206279699996955 -7.462830786762984e-15
endloop
endfacet
facet normal -1.2246467991473527e-16 -4.231306166714514e-29 1
outer loop
vertex 46.04770497654623 -55.706279399999765 -4.952265249093124e-15
vertex 25.54738162276118 -56.206279699996955 -7.462830786762984e-15
vertex 25.47371440575779 -56.36425955667546 -7.471852418913513e-15
endloop
endfacet
facet normal -1.2246467991473527e-16 -4.231306166714514e-29 1
outer loop
vertex 46.04770497654623 -55.706279399999765 -4.952265249093124e-15
vertex 25.47371440575779 -56.36425955667546 -7.471852418913513e-15
vertex 25.428599273532456 -56.532631522330554 -7.477377429140798e-15
endloop
endfacet
facet normal -1.2246467991473527e-16 -4.231306166714514e-29 1
outer loop
vertex 46.04770497654623 -55.706279399999765 -4.952265249093124e-15
vertex 25.428599273532456 -56.532631522330554 -7.477377429140798e-15
vertex 25.413407068291036 -56.706255494494044 -7.479237937692888e-15
endloop
endfacet
facet normal -1.2246467991473527e-16 -4.231306166714514e-29 1
outer loop
vertex 46.04770497654623 -55.706279399999765 -4.952265249093124e-15
vertex 25.413407068291036 -56.706255494494044 -7.479237937692888e-15
vertex 25.4134049765444 -56.70627940000006 -7.479238193857972e-15
endloop
endfacet
facet normal -1.2246467991473527e-16 -4.231306166714514e-29 1
outer loop
vertex 46.04770497654623 -55.706279399999765 -4.952265249093124e-15
vertex 25.4134049765444 -56.70627940000006 -7.479238193857972e-15
vertex 25.4134073851005 -64.37327950000032 -7.47923789889492e-15
endloop
endfacet
facet normal -1.2246467991473527e-16 -4.231306166714514e-29 1
outer loop
vertex 46.04770497654623 -55.706279399999765 -4.952265249093124e-15
vertex 25.4134073851005 -64.37327950000032 -7.47923789889492e-15
vertex 65.5477049765432 -64.37327950000032 -2.5642039907561557e-15
endloop
endfacet
facet normal -1.2246467991473527e-16 -4.231306166714514e-29 1
outer loop
vertex 46.04770497654623 -55.706279399999765 -4.952265249093124e-15
vertex 65.5477049765432 -64.37327950000032 -2.5642039907561557e-15
vertex 146.90845165455084 -64.37327950000032 7.399613808789915e-15
endloop
endfacet
facet normal -1.2246467991473527e-16 -4.231306166714514e-29 1
outer loop
vertex 46.04770497654623 -55.706279399999765 -4.952265249093124e-15
vertex 146.90845165455084 -64.37327950000032 7.399613808789915e-15
vertex 147.5480716765423 -61.98618600000836 7.477944670050155e-15
endloop
endfacet
facet normal -1.2246467991473527e-16 -4.231306166714514e-29 1
outer loop
vertex 46.04770497654623 -55.706279399999765 -4.952265249093124e-15
vertex 147.5480716765423 -61.98618600000836 7.477944670050155e-15
vertex 147.5632036545735 -61.90035510200305 7.479797802896223e-15
endloop
endfacet
facet normal -1.2246467991473527e-16 -4.231306166714514e-29 1
outer loop
vertex 46.04770497654623 -55.706279399999765 -4.952265249093124e-15
vertex 147.5632036545735 -61.90035510200305 7.479797802896223e-15
vertex 147.56320156929166 -61.81320052779765 7.479797547522848e-15
endloop
endfacet
facet normal -1.2246467991473527e-16 -4.231306166714514e-29 1
outer loop
vertex 46.04770497654623 -55.706279399999765 -4.952265249093124e-15
vertex 147.56320156929166 -61.81320052779765 7.479797547522848e-15
vertex 147.5480654840565 -61.727370354000406 7.477943911689364e-15
endloop
endfacet
facet normal -1.2246467991473527e-16 -4.231306166714514e-29 1
outer loop
vertex 46.04770497654623 -55.706279399999765 -4.952265249093124e-15
vertex 147.5480654840565 -61.727370354000406 7.477943911689364e-15
vertex 147.51825528882847 -61.64547241709154 7.474293215672567e-15
endloop
endfacet
facet normal -1.2246467991473527e-16 -4.231306166714514e-29 1
outer loop
vertex 46.04770497654623 -55.706279399999765 -4.952265249093124e-15
vertex 147.51825528882847 -61.64547241709154 7.474293215672567e-15
vertex 147.47467672701532 -61.569995077709564 7.468956381048976e-15
endloop
endfacet
facet normal -1.2246467991473527e-16 -4.231306166714514e-29 1
outer loop
vertex 46.04770497654623 -55.706279399999765 -4.952265249093124e-15
vertex 147.47467672701532 -61.569995077709564 7.468956381048976e-15
vertex 147.41865387566173 -61.50323161512634 7.462095560490049e-15
endloop
endfacet
facet normal -1.2246467991473527e-16 -4.231306166714514e-29 1
outer loop
vertex 46.04770497654623 -55.706279399999765 -4.952265249093124e-15
vertex 147.41865387566173 -61.50323161512634 7.462095560490049e-15
vertex 147.35188891511376 -61.44721054897426 7.453919210967019e-15
endloop
endfacet
facet normal -1.2246467991473527e-16 -4.231306166714514e-29 1
outer loop
vertex 46.04770497654623 -55.706279399999765 -4.952265249093124e-15
vertex 147.35188891511376 -61.44721054897426 7.453919210967019e-15
vertex 147.27641041051646 -61.403634005357375 7.444675760061067e-15
endloop
endfacet
facet normal -1.2246467991473527e-16 -4.231306166714514e-29 1
outer loop
vertex 46.04770497654623 -55.706279399999765 -4.952265249093124e-15
vertex 147.27641041051646 -61.403634005357375 7.444675760061067e-15
vertex 147.1945142765465 -61.37382200000066 7.43464637622818e-15
endloop
endfacet
facet normal -1.2246467991473527e-16 -4.231306166714514e-29 1
outer loop
vertex 46.04770497654623 -55.706279399999765 -4.952265249093124e-15
vertex 147.1945142765465 -61.37382200000066 7.43464637622818e-15
vertex 126.04295272102334 -55.706279399999765 4.844327160634218e-15
endloop
endfacet
facet normal -1.2246467991473515e-16 0 1
outer loop
vertex 65.5477049765432 -64.37327950000032 -2.5642039907561557e-15
vertex 66.13297594259492 -64.43092365879096 -2.4925289692352436e-15
vertex 146.8930059428041 -64.43092365879096 7.397722254644797e-15
endloop
endfacet
facet normal -1.2246467991473515e-16 0 1
outer loop
vertex 65.5477049765432 -64.37327950000032 -2.5642039907561557e-15
vertex 146.8930059428041 -64.43092365879096 7.397722254644797e-15
vertex 146.90845165455084 -64.37327950000032 7.399613808789915e-15
endloop
endfacet
facet normal -1.2246467991473515e-16 0 1
outer loop
vertex 25.4134073851005 -64.37327950000032 -7.47923789889492e-15
vertex 25.41340738748241 -64.43092365879096 -7.47923789860322e-15
vertex 64.96243401049146 -64.43092365879096 -2.63587901227707e-15
endloop
endfacet
facet normal -1.2246467991473515e-16 0 1
outer loop
vertex 25.4134073851005 -64.37327950000032 -7.47923789889492e-15
vertex 64.96243401049146 -64.43092365879096 -2.63587901227707e-15
vertex 65.5477049765432 -64.37327950000032 -2.5642039907561557e-15
endloop
endfacet
facet normal -1.2246467991473515e-16 0 1
outer loop
vertex 66.13297594259492 -64.43092365879096 -2.4925289692352436e-15
vertex 66.69575527363597 -64.60164090246566 -2.4236083785966735e-15
vertex 146.8472623776049 -64.60164090246566 7.392120283574516e-15
endloop
endfacet
facet normal -1.2246467991473515e-16 0 1
outer loop
vertex 66.13297594259492 -64.43092365879096 -2.4925289692352436e-15
vertex 146.8472623776049 -64.60164090246566 7.392120283574516e-15
vertex 146.8930059428041 -64.43092365879096 7.397722254644797e-15
endloop
endfacet
facet normal -1.2246467991473515e-16 0 1
outer loop
vertex 25.41340738748241 -64.43092365879096 -7.47923789860322e-15
vertex 25.41340739453662 -64.60164090246566 -7.479237897739328e-15
vertex 64.39965467944829 -64.60164090246566 -2.704799602915901e-15
endloop
endfacet
facet normal -1.2246467991473515e-16 0 1
outer loop
vertex 25.41340738748241 -64.43092365879096 -7.47923789860322e-15
vertex 64.39965467944829 -64.60164090246566 -2.704799602915901e-15
vertex 64.96243401049146 -64.43092365879096 -2.63587901227707e-15
endloop
endfacet
facet normal -1.2246467991473515e-16 0 1
outer loop
vertex 66.69575527363597 -64.60164090246566 -2.4236083785966735e-15
vertex 67.21441567560211 -64.87887066309152 -2.3600907984854418e-15
vertex 146.7729788585099 -64.87887066309152 7.383023176185607e-15
endloop
endfacet
facet normal -1.2246467991473515e-16 0 1
outer loop
vertex 66.69575527363597 -64.60164090246566 -2.4236083785966735e-15
vertex 146.7729788585099 -64.87887066309152 7.383023176185607e-15
vertex 146.8472623776049 -64.60164090246566 7.392120283574516e-15
endloop
endfacet
facet normal -1.2246467991473515e-16 0 1
outer loop
vertex 25.41340739453662 -64.60164090246566 -7.479237897739328e-15
vertex 25.413407405992047 -64.87887066309152 -7.479237896336443e-15
vertex 63.880994277485456 -64.87887066309152 -2.7683171830267273e-15
endloop
endfacet
facet normal -1.2246467991473515e-16 0 1
outer loop
vertex 25.41340739453662 -64.60164090246566 -7.479237897739328e-15
vertex 63.880994277485456 -64.87887066309152 -2.7683171830267273e-15
vertex 64.39965467944829 -64.60164090246566 -2.704799602915901e-15
endloop
endfacet
facet normal -1.2246467991473515e-16 0 1
outer loop
vertex 67.21441567560211 -64.87887066309152 -2.3600907984854418e-15
vertex 67.6690253201003 -65.25195915643532 -2.304417173885819e-15
vertex 146.6730100595005 -65.25195915643532 7.370780529213461e-15
endloop
endfacet
facet normal -1.2246467991473515e-16 0 1
outer loop
vertex 67.21441567560211 -64.87887066309152 -2.3600907984854418e-15
vertex 146.6730100595005 -65.25195915643532 7.370780529213461e-15
vertex 146.7729788585099 -64.87887066309152 7.383023176185607e-15
endloop
endfacet
facet normal -1.2246467991473515e-16 0 1
outer loop
vertex 25.413407405992047 -64.87887066309152 -7.479237896336443e-15
vertex 25.413407421408465 -65.25195915643532 -7.479237894448475e-15
vertex 63.42638463298971 -65.25195915643532 -2.8239908076260507e-15
endloop
endfacet
facet normal -1.2246467991473515e-16 0 1
outer loop
vertex 25.413407405992047 -64.87887066309152 -7.479237896336443e-15
vertex 63.42638463298971 -65.25195915643532 -2.8239908076260507e-15
vertex 63.880994277485456 -64.87887066309152 -2.7683171830267273e-15
endloop
endfacet
facet normal -1.2246467991473515e-16 0 1
outer loop
vertex 67.6690253201003 -65.25195915643532 -2.304417173885819e-15
vertex 68.04211381345506 -65.70656880094256 -2.258727010967258e-15
vertex 146.55119772545567 -65.70656880094256 7.355862820714995e-15
endloop
endfacet
facet normal -1.2246467991473515e-16 0 1
outer loop
vertex 67.6690253201003 -65.25195915643532 -2.304417173885819e-15
vertex 146.55119772545567 -65.70656880094256 7.355862820714995e-15
vertex 146.6730100595005 -65.25195915643532 7.370780529213461e-15
endloop
endfacet
facet normal -1.2246467991473515e-16 0 1
outer loop
vertex 25.413407421408465 -65.25195915643532 -7.479237894448475e-15
vertex 25.413407440193396 -65.70656880094256 -7.479237892147985e-15
vertex 63.05329613963647 -65.70656880094256 -2.8696809705444256e-15
endloop
endfacet
facet normal -1.2246467991473515e-16 0 1
outer loop
vertex 25.413407421408465 -65.25195915643532 -7.479237894448475e-15
vertex 63.05329613963647 -65.70656880094256 -2.8696809705444256e-15
vertex 63.42638463298971 -65.25195915643532 -2.8239908076260507e-15
endloop
endfacet
facet normal -1.2246467991473515e-16 0 1
outer loop
vertex 68.04211381345506 -65.70656880094256 -2.258727010967258e-15
vertex 68.31934357407873 -66.22522920290668 -2.2247761570696414e-15
vertex 146.41222303606395 -66.22522920290668 7.338843329862388e-15
endloop
endfacet
facet normal -1.2246467991473515e-16 0 1
outer loop
vertex 68.04211381345506 -65.70656880094256 -2.258727010967258e-15
vertex 146.41222303606395 -66.22522920290668 7.338843329862388e-15
vertex 146.55119772545567 -65.70656880094256 7.355862820714995e-15
endloop
endfacet
facet normal -1.2246467991473515e-16 0 1
outer loop
vertex 25.413407440193396 -65.70656880094256 -7.479237892147985e-15
vertex 25.413407461624985 -66.22522920290668 -7.479237889523372e-15
vertex 62.77606637900996 -66.22522920290668 -2.90363182444239e-15
endloop
endfacet
facet normal -1.2246467991473515e-16 0 1
outer loop
vertex 25.413407440193396 -65.70656880094256 -7.479237892147985e-15
vertex 62.77606637900996 -66.22522920290668 -2.90363182444239e-15
vertex 63.05329613963647 -65.70656880094256 -2.8696809705444256e-15
endloop
endfacet
facet normal -1.2246467991473515e-16 0 1
outer loop
vertex 68.31934357407873 -66.22522920290668 -2.2247761570696414e-15
vertex 68.4900608177531 -66.78800853395308 -2.2038693244671333e-15
vertex 146.26142671069948 -66.78800853395308 7.320376106144307e-15
endloop
endfacet
facet normal -1.2246467991473515e-16 0 1
outer loop
vertex 68.31934357407873 -66.22522920290668 -2.2247761570696414e-15
vertex 146.26142671069948 -66.78800853395308 7.320376106144307e-15
vertex 146.41222303606395 -66.22522920290668 7.338843329862388e-15
endloop
endfacet
facet normal -1.2246467991473515e-16 0 1
outer loop
vertex 25.413407461624985 -66.22522920290668 -7.479237889523372e-15
vertex 25.413407484879627 -66.78800853395308 -7.4792378866755e-15
vertex 62.60534913533428 -66.78800853395308 -2.9245386570450582e-15
endloop
endfacet
facet normal -1.2246467991473515e-16 0 1
outer loop
vertex 25.413407461624985 -66.22522920290668 -7.479237889523372e-15
vertex 62.60534913533428 -66.78800853395308 -2.9245386570450582e-15
vertex 62.77606637900996 -66.22522920290668 -2.90363182444239e-15
endloop
endfacet
facet normal -1.2246467991473515e-16 0 1
outer loop
vertex 68.4900608177531 -66.78800853395308 -2.2038693244671333e-15
vertex 68.54770497654361 -67.37327950000146 -2.1968099510118994e-15
vertex 146.10460376757803 -67.37327950000146 7.301170834611653e-15
endloop
endfacet
facet normal -1.2246467991473515e-16 0 1
outer loop
vertex 68.4900608177531 -66.78800853395308 -2.2038693244671333e-15
vertex 146.10460376757803 -67.37327950000146 7.301170834611653e-15
vertex 146.26142671069948 -66.78800853395308 7.320376106144307e-15
endloop
endfacet
facet normal -1.2246467991473515e-16 0 1
outer loop
vertex 25.413407484879627 -66.78800853395308 -7.4792378866755e-15
vertex 25.41340750906363 -67.37327950000146 -7.479237883713814e-15
vertex 62.54770497654397 -67.37327950000146 -2.9315980305002677e-15
endloop
endfacet
facet normal -1.2246467991473515e-16 0 1
outer loop
vertex 25.413407484879627 -66.78800853395308 -7.4792378866755e-15
vertex 62.54770497654397 -67.37327950000146 -2.9315980305002677e-15
vertex 62.60534913533428 -66.78800853395308 -2.9245386570450582e-15
endloop
endfacet
facet normal -1.2246467991473515e-16 0 1
outer loop
vertex 68.54770497654361 -67.37327950000146 -2.1968099510118994e-15
vertex 68.49006081775379 -67.95855046604842 -2.2038693244670497e-15
vertex 145.94778082445694 -67.95855046604842 7.281965563079044e-15
endloop
endfacet
facet normal -1.2246467991473515e-16 0 1
outer loop
vertex 68.54770497654361 -67.37327950000146 -2.1968099510118994e-15
vertex 145.94778082445694 -67.95855046604842 7.281965563079044e-15
vertex 146.10460376757803 -67.37327950000146 7.301170834611653e-15
endloop
endfacet
facet normal -1.2246467991473515e-16 0 1
outer loop
vertex 25.41340750906363 -67.37327950000146 -7.479237883713814e-15
vertex 25.413407533247636 -67.95855046604842 -7.479237880752127e-15
vertex 62.60534913533414 -67.95855046604842 -2.9245386570450756e-15
endloop
endfacet
facet normal -1.2246467991473515e-16 0 1
outer loop
vertex 25.41340750906363 -67.37327950000146 -7.479237883713814e-15
vertex 62.60534913533414 -67.95855046604842 -2.9245386570450756e-15
vertex 62.54770497654397 -67.37327950000146 -2.9315980305002677e-15
endloop
endfacet
facet normal -1.2246467991473515e-16 0 1
outer loop
vertex 68.49006081775379 -67.95855046604842 -2.2038693244670497e-15
vertex 68.3193435740784 -68.52132979709408 -2.2247761570696816e-15
vertex 145.79698449909267 -68.52132979709408 7.263498339360986e-15
endloop
endfacet
facet normal -1.2246467991473515e-16 0 1
outer loop
vertex 68.49006081775379 -67.95855046604842 -2.2038693244670497e-15
vertex 145.79698449909267 -68.52132979709408 7.263498339360986e-15
vertex 145.94778082445694 -67.95855046604842 7.281965563079044e-15
endloop
endfacet
facet normal -1.2246467991473515e-16 0 1
outer loop
vertex 25.413407533247636 -67.95855046604842 -7.479237880752127e-15
vertex 25.41340755650228 -68.52132979709408 -7.479237877904255e-15
vertex 62.77606637900958 -68.52132979709408 -2.903631824442437e-15
endloop
endfacet
facet normal -1.2246467991473515e-16 0 1
outer loop
vertex 25.413407533247636 -67.95855046604842 -7.479237880752127e-15
vertex 62.77606637900958 -68.52132979709408 -2.903631824442437e-15
vertex 62.60534913533414 -67.95855046604842 -2.9245386570450756e-15
endloop
endfacet
facet normal -1.2246467991473532e-16 2.6825305252898014e-31 1
outer loop
vertex 68.3193435740784 -68.52132979709408 -2.2247761570696816e-15
vertex 68.11102133161121 -68.91107330000006 -2.250288273812546e-15
vertex 124.70081887654307 -68.91107330000006 4.679963168967208e-15
endloop
endfacet
facet normal -1.2246467991473532e-16 2.6825305252898014e-31 1
outer loop
vertex 68.3193435740784 -68.52132979709408 -2.2247761570696816e-15
vertex 124.70081887654307 -68.91107330000006 4.679963168967208e-15
vertex 145.69255300200192 -68.91107330000006 7.250709169496753e-15
endloop
endfacet
facet normal -1.2246467991473532e-16 2.6825305252898014e-31 1
outer loop
vertex 68.3193435740784 -68.52132979709408 -2.2247761570696816e-15
vertex 145.69255300200192 -68.91107330000006 7.250709169496753e-15
vertex 145.79698449909267 -68.52132979709408 7.263498339360986e-15
endloop
endfacet
facet normal -1.2246467991473515e-16 0 1
outer loop
vertex 124.70081887654307 -68.91107330000006 4.679963168967208e-15
vertex 125.28608984258874 -68.9687174587901 4.751638190487379e-15
vertex 145.67710729025535 -68.9687174587901 7.248817615351655e-15
endloop
endfacet
facet normal -1.2246467991473515e-16 0 1
outer loop
vertex 124.70081887654307 -68.91107330000006 4.679963168967208e-15
vertex 145.67710729025535 -68.9687174587901 7.248817615351655e-15
vertex 145.69255300200192 -68.91107330000006 7.250709169496753e-15
endloop
endfacet
facet normal -1.2246467991473515e-16 0 1
outer loop
vertex 68.11102133161121 -68.91107330000006 -2.250288273812546e-15
vertex 68.08020988681541 -68.9687174587901 -2.254061587537174e-15
vertex 124.11554791049751 -68.9687174587901 4.608288147447051e-15
endloop
endfacet
facet normal -1.2246467991473515e-16 0 1
outer loop
vertex 68.11102133161121 -68.91107330000006 -2.250288273812546e-15
vertex 124.11554791049751 -68.9687174587901 4.608288147447051e-15
vertex 124.70081887654307 -68.91107330000006 4.679963168967208e-15
endloop
endfacet
facet normal -1.2246467991473515e-16 0 1
outer loop
vertex 68.08020988681541 -68.9687174587901 -2.254061587537174e-15
vertex 68.04211381345158 -69.03999019905967 -2.2587270109676843e-15
vertex 123.88059317348831 -69.03999019905967 4.579514490784769e-15
endloop
endfacet
facet normal -1.2246467991473515e-16 0 1
outer loop
vertex 68.08020988681541 -68.9687174587901 -2.254061587537174e-15
vertex 123.88059317348831 -69.03999019905967 4.579514490784769e-15
vertex 124.11554791049751 -68.9687174587901 4.608288147447051e-15
endloop
endfacet
facet normal -1.2246467991473515e-16 0 1
outer loop
vertex 25.41340755650228 -68.52132979709408 -7.479237877904255e-15
vertex 25.413407577933867 -69.03999019905967 -7.479237875279643e-15
vertex 63.0532961396369 -69.03999019905967 -2.8696809705443735e-15
endloop
endfacet
facet normal -1.2246467991473515e-16 0 1
outer loop
vertex 25.41340755650228 -68.52132979709408 -7.479237877904255e-15
vertex 63.0532961396369 -69.03999019905967 -2.8696809705443735e-15
vertex 62.77606637900958 -68.52132979709408 -2.903631824442437e-15
endloop
endfacet
facet normal -1.2246467991473515e-16 0 1
outer loop
vertex 125.28608984258874 -68.9687174587901 4.751638190487379e-15
vertex 125.84886917364253 -69.13943470246691 4.82055878112751e-15
vertex 145.63136372505556 -69.13943470246691 7.243215644281302e-15
endloop
endfacet
facet normal -1.2246467991473515e-16 0 1
outer loop
vertex 125.28608984258874 -68.9687174587901 4.751638190487379e-15
vertex 145.63136372505556 -69.13943470246691 7.243215644281302e-15
vertex 145.67710729025535 -68.9687174587901 7.248817615351655e-15
endloop
endfacet
facet normal -1.2246467991473515e-16 0 1
outer loop
vertex 68.04211381345158 -69.03999019905967 -2.2587270109676843e-15
vertex 67.96050181864277 -69.13943470246691 -2.2687215977891483e-15
vertex 123.55276857944736 -69.13943470246691 4.539367556807366e-15
endloop
endfacet
facet normal -1.2246467991473515e-16 0 1
outer loop
vertex 68.04211381345158 -69.03999019905967 -2.2587270109676843e-15
vertex 123.55276857944736 -69.13943470246691 4.539367556807366e-15
vertex 123.88059317348831 -69.03999019905967 4.579514490784769e-15
endloop
endfacet
facet normal -1.2246467991473515e-16 0 1
outer loop
vertex 125.84886917364253 -69.13943470246691 4.82055878112751e-15
vertex 126.36752957560152 -69.41666446309274 4.884076361237867e-15
vertex 145.55708020596057 -69.41666446309274 7.234118536892394e-15
endloop
endfacet
facet normal -1.2246467991473515e-16 0 1
outer loop
vertex 125.84886917364253 -69.13943470246691 4.82055878112751e-15
vertex 145.55708020596057 -69.41666446309274 7.234118536892394e-15
vertex 145.63136372505556 -69.13943470246691 7.243215644281302e-15
endloop
endfacet
facet normal -1.2246467991473515e-16 0 1
outer loop
vertex 67.96050181864277 -69.13943470246691 -2.2687215977891483e-15
vertex 67.73298523391 -69.41666446309274 -2.2965843435137402e-15
vertex 123.03410817748457 -69.41666446309274 4.475849976696544e-15
endloop
endfacet
facet normal -1.2246467991473515e-16 0 1
outer loop
vertex 67.96050181864277 -69.13943470246691 -2.2687215977891483e-15
vertex 123.03410817748457 -69.41666446309274 4.475849976696544e-15
vertex 123.55276857944736 -69.13943470246691 4.539367556807366e-15
endloop
endfacet
facet normal -1.2246467991473515e-16 0 1
outer loop
vertex 67.73298523391 -69.41666446309274 -2.2965843435137402e-15
vertex 67.66902532010666 -69.49459984355819 -2.304417173885041e-15
vertex 122.93914364161938 -69.49459984355819 4.464220175208564e-15
endloop
endfacet
facet normal -1.2246467991473515e-16 0 1
outer loop
vertex 67.73298523391 -69.41666446309274 -2.2965843435137402e-15
vertex 122.93914364161938 -69.49459984355819 4.464220175208564e-15
vertex 123.03410817748457 -69.41666446309274 4.475849976696544e-15
endloop
endfacet
facet normal -1.2246467991473515e-16 0 1
outer loop
vertex 25.413407577933867 -69.03999019905967 -7.479237875279643e-15
vertex 25.4134075967188 -69.49459984355819 -7.479237872979152e-15
vertex 63.426384632983 -69.49459984355819 -2.823990807626872e-15
endloop
endfacet
facet normal -1.2246467991473515e-16 0 1
outer loop
vertex 25.413407577933867 -69.03999019905967 -7.479237875279643e-15
vertex 63.426384632983 -69.49459984355819 -2.823990807626872e-15
vertex 63.0532961396369 -69.03999019905967 -2.8696809705443735e-15
endloop
endfacet
facet normal -1.2246467991473515e-16 0 1
outer loop
vertex 126.36752957560152 -69.41666446309274 4.884076361237867e-15
vertex 126.82213922010322 -69.78975295643984 4.9397499858379184e-15
vertex 145.45711140695028 -69.78975295643984 7.22187588992014e-15
endloop
endfacet
facet normal -1.2246467991473515e-16 0 1
outer loop
vertex 126.36752957560152 -69.41666446309274 4.884076361237867e-15
vertex 145.45711140695028 -69.78975295643984 7.22187588992014e-15
vertex 145.55708020596057 -69.41666446309274 7.234118536892394e-15
endloop
endfacet
facet normal -1.2246467991473515e-16 0 1
outer loop
vertex 67.66902532010666 -69.49459984355819 -2.304417173885041e-15
vertex 67.30938021146737 -69.78975295643984 -2.348460996997451e-15
vertex 122.57949853298483 -69.78975295643984 4.420176352096732e-15
endloop
endfacet
facet normal -1.2246467991473515e-16 0 1
outer loop
vertex 67.66902532010666 -69.49459984355819 -2.304417173885041e-15
vertex 122.57949853298483 -69.78975295643984 4.420176352096732e-15
vertex 122.93914364161938 -69.49459984355819 4.464220175208564e-15
endloop
endfacet
facet normal -1.2246467991473515e-16 0 1
outer loop
vertex 67.30938021146737 -69.78975295643984 -2.348460996997451e-15
vertex 67.21441567559884 -69.86768833690834 -2.3600907984858418e-15
vertex 122.51553861917917 -69.86768833690834 4.412343521725148e-15
endloop
endfacet
facet normal -1.2246467991473515e-16 0 1
outer loop
vertex 67.30938021146737 -69.78975295643984 -2.348460996997451e-15
vertex 122.51553861917917 -69.86768833690834 4.412343521725148e-15
vertex 122.57949853298483 -69.78975295643984 4.420176352096732e-15
endloop
endfacet
facet normal -1.2246467991473515e-16 0 1
outer loop
vertex 25.4134075967188 -69.49459984355819 -7.479237872979152e-15
vertex 25.413407612135217 -69.86768833690834 -7.479237871091186e-15
vertex 63.88099427748648 -69.86768833690834 -2.7683171830266022e-15
endloop
endfacet
facet normal -1.2246467991473515e-16 0 1
outer loop
vertex 25.4134075967188 -69.49459984355819 -7.479237872979152e-15
vertex 63.88099427748648 -69.86768833690834 -2.7683171830266022e-15
vertex 63.426384632983 -69.49459984355819 -2.823990807626872e-15
endloop
endfacet
facet normal -1.2246467991473515e-16 0 1
outer loop
vertex 67.21441567559884 -69.86768833690834 -2.3600907984858418e-15
vertex 66.69575527363774 -70.14491809753478 -2.4236083785964558e-15
vertex 122.28802203444654 -70.14491809753478 4.3844807760005735e-15
endloop
endfacet
facet normal -1.2246467991473515e-16 0 1
outer loop
vertex 67.21441567559884 -69.86768833690834 -2.3600907984858418e-15
vertex 122.28802203444654 -70.14491809753478 4.3844807760005735e-15
vertex 122.51553861917917 -69.86768833690834 4.412343521725148e-15
endloop
endfacet
facet normal -1.2246467991473515e-16 0 1
outer loop
vertex 25.413407612135217 -69.86768833690834 -7.479237871091186e-15
vertex 25.413407623590643 -70.14491809753478 -7.4792378696883e-15
vertex 64.3996546794504 -70.14491809753478 -2.704799602915642e-15
endloop
endfacet
facet normal -1.2246467991473515e-16 0 1
outer loop
vertex 25.413407612135217 -69.86768833690834 -7.479237871091186e-15
vertex 64.3996546794504 -70.14491809753478 -2.704799602915642e-15
vertex 63.88099427748648 -69.86768833690834 -2.7683171830266022e-15
endloop
endfacet
facet normal -1.2246467991473515e-16 0 1
outer loop
vertex 126.82213922010322 -69.78975295643984 4.9397499858379184e-15
vertex 127.19522771345346 -70.24436260094302 4.985440148755927e-15
vertex 145.33529907290654 -70.24436260094302 7.206958181421807e-15
endloop
endfacet
facet normal -1.2246467991473515e-16 0 1
outer loop
vertex 126.82213922010322 -69.78975295643984 4.9397499858379184e-15
vertex 145.33529907290654 -70.24436260094302 7.206958181421807e-15
vertex 145.45711140695028 -69.78975295643984 7.22187588992014e-15
endloop
endfacet
facet normal -1.2246467991473515e-16 0 1
outer loop
vertex 66.69575527363774 -70.14491809753478 -2.4236083785964558e-15
vertex 66.36793067959309 -70.24436260094302 -2.4637553125743127e-15
vertex 122.20641003963492 -70.24436260094302 4.374486189178765e-15
endloop
endfacet
facet normal -1.2246467991473515e-16 0 1
outer loop
vertex 66.69575527363774 -70.14491809753478 -2.4236083785964558e-15
vertex 122.20641003963492 -70.24436260094302 4.374486189178765e-15
vertex 122.28802203444654 -70.14491809753478 4.3844807760005735e-15
endloop
endfacet
facet normal -1.2246467991473515e-16 0 1
outer loop
vertex 66.36793067959309 -70.24436260094302 -2.4637553125743127e-15
vertex 66.1329759425927 -70.31563534120993 -2.492528969235517e-15
vertex 122.16831396627254 -70.31563534120993 4.369820765748431e-15
endloop
endfacet
facet normal -1.2246467991473515e-16 0 1
outer loop
vertex 66.36793067959309 -70.24436260094302 -2.4637553125743127e-15
vertex 122.16831396627254 -70.31563534120993 4.369820765748431e-15
vertex 122.20641003963492 -70.24436260094302 4.374486189178765e-15
endloop
endfacet
facet normal -1.2246467991473515e-16 0 1
outer loop
vertex 25.413407623590643 -70.14491809753478 -7.4792378696883e-15
vertex 25.413407630644855 -70.31563534120993 -7.479237868824408e-15
vertex 64.9624340104955 -70.31563534120993 -2.6358790122765756e-15
endloop
endfacet
facet normal -1.2246467991473515e-16 0 1
outer loop
vertex 25.413407623590643 -70.14491809753478 -7.4792378696883e-15
vertex 64.9624340104955 -70.31563534120993 -2.6358790122765756e-15
vertex 64.3996546794504 -70.14491809753478 -2.704799602915642e-15
endloop
endfacet
facet normal -1.2246467991473515e-16 0 1
outer loop
vertex 66.1329759425927 -70.31563534120993 -2.492528969235517e-15
vertex 65.54770497654341 -70.37327950000032 -2.5642039907561297e-15
vertex 122.13750252147655 -70.37327950000032 4.366047452023781e-15
endloop
endfacet
facet normal -1.2246467991473515e-16 0 1
outer loop
vertex 66.1329759425927 -70.31563534120993 -2.492528969235517e-15
vertex 122.13750252147655 -70.37327950000032 4.366047452023781e-15
vertex 122.16831396627254 -70.31563534120993 4.369820765748431e-15
endloop
endfacet
facet normal -1.2246467991473515e-16 0 1
outer loop
vertex 25.413407630644855 -70.31563534120993 -7.479237868824408e-15
vertex 25.413407633026765 -70.37327950000032 -7.479237868532708e-15
vertex 65.54770497654341 -70.37327950000032 -2.5642039907561297e-15
endloop
endfacet
facet normal -1.2246467991473515e-16 0 1
outer loop
vertex 25.413407630644855 -70.31563534120993 -7.479237868824408e-15
vertex 65.54770497654341 -70.37327950000032 -2.5642039907561297e-15
vertex 64.9624340104955 -70.31563534120993 -2.6358790122765756e-15
endloop
endfacet
facet normal -1.2246467991473515e-16 0 1
outer loop
vertex 127.19522771345346 -70.24436260094302 4.985440148755927e-15
vertex 127.47245747407464 -70.76302300290237 5.01939100265324e-15
vertex 145.1963243835161 -70.76302300290237 7.189938690569356e-15
endloop
endfacet
facet normal -1.2246467991473515e-16 0 1
outer loop
vertex 127.19522771345346 -70.24436260094302 4.985440148755927e-15
vertex 145.1963243835161 -70.76302300290237 7.189938690569356e-15
vertex 145.33529907290654 -70.24436260094302 7.206958181421807e-15
endloop
endfacet
facet normal -1.224646799147353e-16 -1.6138228631625616e-30 1
outer loop
vertex 65.54770497654341 -70.37327950000032 -2.5642039907561297e-15
vertex 25.413407633026765 -70.37327950000032 -7.479237868532708e-15
vertex 25.413407649131386 -70.76302300290237 -7.47923786656046e-15
endloop
endfacet
facet normal -1.224646799147353e-16 -1.6138228631625616e-30 1
outer loop
vertex 65.54770497654341 -70.37327950000032 -2.5642039907561297e-15
vertex 25.413407649131386 -70.76302300290237 -7.47923786656046e-15
vertex 121.92918027901094 -70.76302300290237 4.34053533528111e-15
endloop
endfacet
facet normal -1.224646799147353e-16 -1.6138228631625616e-30 1
outer loop
vertex 65.54770497654341 -70.37327950000032 -2.5642039907561297e-15
vertex 121.92918027901094 -70.76302300290237 4.34053533528111e-15
vertex 122.13750252147655 -70.37327950000032 4.366047452023781e-15
endloop
endfacet
facet normal -1.2246467991473515e-16 0 1
outer loop
vertex 127.47245747407464 -70.76302300290237 5.01939100265324e-15
vertex 127.64317471775514 -71.32580233395353 5.040297835256497e-15
vertex 145.04552805815035 -71.32580233395353 7.17147146685112e-15
endloop
endfacet
facet normal -1.2246467991473515e-16 0 1
outer loop
vertex 127.47245747407464 -70.76302300290237 5.01939100265324e-15
vertex 145.04552805815035 -71.32580233395353 7.17147146685112e-15
vertex 145.1963243835161 -70.76302300290237 7.189938690569356e-15
endloop
endfacet
facet normal -1.2246467991473515e-16 0 1
outer loop
vertex 25.413407649131386 -70.76302300290237 -7.47923786656046e-15
vertex 25.413407672386 -71.32580233395353 -7.479237863712592e-15
vertex 121.7584630353338 -71.32580233395353 4.319628502678265e-15
endloop
endfacet
facet normal -1.2246467991473515e-16 0 1
outer loop
vertex 25.413407649131386 -70.76302300290237 -7.47923786656046e-15
vertex 121.7584630353338 -71.32580233395353 4.319628502678265e-15
vertex 121.92918027901094 -70.76302300290237 4.34053533528111e-15
endloop
endfacet
facet normal -1.2246467991473515e-16 0 1
outer loop
vertex 127.64317471775514 -71.32580233395353 5.040297835256497e-15
vertex 127.70081887654388 -71.91107329999762 5.0473572087115146e-15
vertex 144.88870511503004 -71.91107329999762 7.152266195318606e-15
endloop
endfacet
facet normal -1.2246467991473515e-16 0 1
outer loop
vertex 127.64317471775514 -71.32580233395353 5.040297835256497e-15
vertex 144.88870511503004 -71.91107329999762 7.152266195318606e-15
vertex 145.04552805815035 -71.32580233395353 7.17147146685112e-15
endloop
endfacet
facet normal -1.2246467991473515e-16 0 1
outer loop
vertex 25.413407672386 -71.32580233395353 -7.479237863712592e-15
vertex 25.413407696570005 -71.91107329999762 -7.479237860750906e-15
vertex 121.70081887654392 -71.91107329999762 4.312569129223107e-15
endloop
endfacet
facet normal -1.2246467991473515e-16 0 1
outer loop
vertex 25.413407672386 -71.32580233395353 -7.479237863712592e-15
vertex 121.70081887654392 -71.91107329999762 4.312569129223107e-15
vertex 121.7584630353338 -71.32580233395353 4.319628502678265e-15
endloop
endfacet
facet normal -1.2246467991473515e-16 0 1
outer loop
vertex 127.70081887654388 -71.91107329999762 5.0473572087115146e-15
vertex 127.64317471775334 -72.49634426604872 5.040297835256276e-15
vertex 144.73188217190784 -72.49634426604872 7.13306092378586e-15
endloop
endfacet
facet normal -1.2246467991473515e-16 0 1
outer loop
vertex 127.70081887654388 -71.91107329999762 5.0473572087115146e-15
vertex 144.73188217190784 -72.49634426604872 7.13306092378586e-15
vertex 144.88870511503004 -71.91107329999762 7.152266195318606e-15
endloop
endfacet
facet normal -1.2246467991473515e-16 0 1
outer loop
vertex 25.413407696570005 -71.91107329999762 -7.479237860750906e-15
vertex 25.41340772075401 -72.49634426604872 -7.479237857789219e-15
vertex 121.75846303533451 -72.49634426604872 4.3196285026783514e-15
endloop
endfacet
facet normal -1.2246467991473515e-16 0 1
outer loop
vertex 25.413407696570005 -71.91107329999762 -7.479237860750906e-15
vertex 121.75846303533451 -72.49634426604872 4.3196285026783514e-15
vertex 121.70081887654392 -71.91107329999762 4.312569129223107e-15
endloop
endfacet
facet normal -1.2246467991473515e-16 0 1
outer loop
vertex 127.64317471775334 -72.49634426604872 5.040297835256276e-15
vertex 127.47245747407638 -73.05912359709934 5.019391002653451e-15
vertex 144.58108584654224 -73.05912359709934 7.114593700067642e-15
endloop
endfacet
facet normal -1.2246467991473515e-16 0 1
outer loop
vertex 127.64317471775334 -72.49634426604872 5.040297835256276e-15
vertex 144.58108584654224 -73.05912359709934 7.114593700067642e-15
vertex 144.73188217190784 -72.49634426604872 7.13306092378586e-15
endloop
endfacet
facet normal -1.2246467991473515e-16 0 1
outer loop
vertex 25.41340772075401 -72.49634426604872 -7.479237857789219e-15
vertex 25.41340774400865 -73.05912359709934 -7.479237854941347e-15
vertex 121.92918027901038 -73.05912359709934 4.340535335281041e-15
endloop
endfacet
facet normal -1.2246467991473515e-16 0 1
outer loop
vertex 25.41340772075401 -72.49634426604872 -7.479237857789219e-15
vertex 121.92918027901038 -73.05912359709934 4.340535335281041e-15
vertex 121.75846303533451 -72.49634426604872 4.3196285026783514e-15
endloop
endfacet
facet normal -1.2246467991473515e-16 0 1
outer loop
vertex 127.47245747407638 -73.05912359709934 5.019391002653451e-15
vertex 127.19522771345419 -73.57778399905533 4.985440148756017e-15
vertex 144.44211115715268 -73.57778399905533 7.097574209215302e-15
endloop
endfacet
facet normal -1.2246467991473515e-16 0 1
outer loop
vertex 127.47245747407638 -73.05912359709934 5.019391002653451e-15
vertex 144.44211115715268 -73.57778399905533 7.097574209215302e-15
vertex 144.58108584654224 -73.05912359709934 7.114593700067642e-15
endloop
endfacet
facet normal -1.2246467991473515e-16 0 1
outer loop
vertex 25.41340774400865 -73.05912359709934 -7.479237854941347e-15
vertex 25.41340776544024 -73.57778399905533 -7.479237852316735e-15
vertex 122.20641003963507 -73.57778399905533 4.3744861891787845e-15
endloop
endfacet
facet normal -1.2246467991473515e-16 0 1
outer loop
vertex 25.41340774400865 -73.05912359709934 -7.479237854941347e-15
vertex 122.20641003963507 -73.57778399905533 4.3744861891787845e-15
vertex 121.92918027901038 -73.05912359709934 4.340535335281041e-15
endloop
endfacet
facet normal -1.2246467991473515e-16 0 1
outer loop
vertex 127.19522771345419 -73.57778399905533 4.985440148756017e-15
vertex 126.82213922010257 -74.03239364356058 4.93974998583784e-15
vertex 144.3202988231084 -74.03239364356058 7.082656500716901e-15
endloop
endfacet
facet normal -1.2246467991473515e-16 0 1
outer loop
vertex 127.19522771345419 -73.57778399905533 4.985440148756017e-15
vertex 144.3202988231084 -74.03239364356058 7.082656500716901e-15
vertex 144.44211115715268 -73.57778399905533 7.097574209215302e-15
endloop
endfacet
facet normal -1.2246467991473515e-16 0 1
outer loop
vertex 25.41340776544024 -73.57778399905533 -7.479237852316735e-15
vertex 25.4134077842252 -74.03239364356058 -7.479237850016241e-15
vertex 122.57949853298447 -74.03239364356058 4.4201763520966896e-15
endloop
endfacet
facet normal -1.2246467991473515e-16 0 1
outer loop
vertex 25.41340776544024 -73.57778399905533 -7.479237852316735e-15
vertex 122.57949853298447 -74.03239364356058 4.4201763520966896e-15
vertex 122.20641003963507 -73.57778399905533 4.3744861891787845e-15
endloop
endfacet
facet normal -1.2246467991473515e-16 0 1
outer loop
vertex 126.82213922010257 -74.03239364356058 4.93974998583784e-15
vertex 126.36752957560236 -74.40548213690806 4.884076361237969e-15
vertex 144.22033002409802 -74.40548213690806 7.070413853744634e-15
endloop
endfacet
facet normal -1.2246467991473515e-16 0 1
outer loop
vertex 126.82213922010257 -74.03239364356058 4.93974998583784e-15
vertex 144.22033002409802 -74.40548213690806 7.070413853744634e-15
vertex 144.3202988231084 -74.03239364356058 7.082656500716901e-15
endloop
endfacet
facet normal -1.2246467991473515e-16 0 1
outer loop
vertex 25.4134077842252 -74.03239364356058 -7.479237850016241e-15
vertex 25.41340779964159 -74.40548213690806 -7.479237848128278e-15
vertex 123.03410817748565 -74.40548213690806 4.475849976696678e-15
endloop
endfacet
facet normal -1.2246467991473515e-16 0 1
outer loop
vertex 25.4134077842252 -74.03239364356058 -7.479237850016241e-15
vertex 123.03410817748565 -74.40548213690806 4.475849976696678e-15
vertex 122.57949853298447 -74.03239364356058 4.4201763520966896e-15
endloop
endfacet
facet normal -1.2246467991473515e-16 0 1
outer loop
vertex 126.36752957560236 -74.40548213690806 4.884076361237969e-15
vertex 125.84886917364044 -74.68271189753342 4.8205587811272544e-15
vertex 144.14604650500314 -74.68271189753342 7.061316746355741e-15
endloop
endfacet
facet normal -1.2246467991473515e-16 0 1
outer loop
vertex 126.36752957560236 -74.40548213690806 4.884076361237969e-15
vertex 144.14604650500314 -74.68271189753342 7.061316746355741e-15
vertex 144.22033002409802 -74.40548213690806 7.070413853744634e-15
endloop
endfacet
facet normal -1.2246467991473515e-16 0 1
outer loop
vertex 25.41340779964159 -74.40548213690806 -7.479237848128278e-15
vertex 25.413407811097017 -74.68271189753342 -7.479237846725393e-15
vertex 123.55276857944884 -74.68271189753342 4.539367556807548e-15
endloop
endfacet
facet normal -1.2246467991473515e-16 0 1
outer loop
vertex 25.41340779964159 -74.40548213690806 -7.479237848128278e-15
vertex 123.55276857944884 -74.68271189753342 4.539367556807548e-15
vertex 123.03410817748565 -74.40548213690806 4.475849976696678e-15
endloop
endfacet
facet normal -1.2246467991473515e-16 0 1
outer loop
vertex 125.84886917364044 -74.68271189753342 4.8205587811272544e-15
vertex 125.28608984259297 -74.85342914120942 4.751638190487898e-15
vertex 144.10030293980358 -74.85342914120942 7.0557147752854165e-15
endloop
endfacet
facet normal -1.2246467991473515e-16 0 1
outer loop
vertex 125.84886917364044 -74.68271189753342 4.8205587811272544e-15
vertex 144.10030293980358 -74.85342914120942 7.0557147752854165e-15
vertex 144.14604650500314 -74.68271189753342 7.061316746355741e-15
endloop
endfacet
facet normal -1.2246467991473515e-16 0 1
outer loop
vertex 25.413407811097017 -74.68271189753342 -7.479237846725393e-15
vertex 25.413407818151228 -74.85342914120942 -7.4792378458615e-15
vertex 124.11554791049633 -74.85342914120942 4.608288147446906e-15
endloop
endfacet
facet normal -1.2246467991473515e-16 0 1
outer loop
vertex 25.413407811097017 -74.68271189753342 -7.479237846725393e-15
vertex 124.11554791049633 -74.85342914120942 4.608288147446906e-15
vertex 123.55276857944884 -74.68271189753342 4.539367556807548e-15
endloop
endfacet
facet normal -1.2246467991473515e-16 0 1
outer loop
vertex 125.28608984259297 -74.85342914120942 4.751638190487898e-15
vertex 124.70081887654155 -74.91107330000003 4.679963168967022e-15
vertex 144.08485722805688 -74.91107330000003 7.053823221140301e-15
endloop
endfacet
facet normal -1.2246467991473515e-16 0 1
outer loop
vertex 125.28608984259297 -74.85342914120942 4.751638190487898e-15
vertex 144.08485722805688 -74.91107330000003 7.053823221140301e-15
vertex 144.10030293980358 -74.85342914120942 7.0557147752854165e-15
endloop
endfacet
facet normal -1.2246467991473515e-16 0 1
outer loop
vertex 25.413407818151228 -74.85342914120942 -7.4792378458615e-15
vertex 25.413407820533166 -74.91107330000003 -7.479237845569797e-15
vertex 124.70081887654155 -74.91107330000003 4.679963168967022e-15
endloop
endfacet
facet normal -1.2246467991473515e-16 0 1
outer loop
vertex 25.413407818151228 -74.85342914120942 -7.4792378458615e-15
vertex 124.70081887654155 -74.91107330000003 4.679963168967022e-15
vertex 124.11554791049633 -74.85342914120942 4.608288147446906e-15
endloop
endfacet
facet normal -1.2246467991473532e-16 0 1
outer loop
vertex 124.70081887654155 -74.91107330000003 4.679963168967022e-15
vertex 25.413407820533166 -74.91107330000003 -7.479237845569797e-15
vertex 25.413408251129 -85.3318122999998 -7.479237792837017e-15
endloop
endfacet
facet normal -1.2246467991473532e-16 0 1
outer loop
vertex 124.70081887654155 -74.91107330000003 4.679963168967022e-15
vertex 25.413408251129 -85.3318122999998 -7.479237792837017e-15
vertex 120.30089507654009 -85.3318122999998 4.1411279091506176e-15
endloop
endfacet
facet normal -1.2246467991473532e-16 0 1
outer loop
vertex 124.70081887654155 -74.91107330000003 4.679963168967022e-15
vertex 120.30089507654009 -85.3318122999998 4.1411279091506176e-15
vertex 141.29262755277622 -85.3318122999998 6.71187370770863e-15
endloop
endfacet
facet normal -1.2246467991473532e-16 0 1
outer loop
vertex 124.70081887654155 -74.91107330000003 4.679963168967022e-15
vertex 141.29262755277622 -85.3318122999998 6.71187370770863e-15
vertex 144.08485722805688 -74.91107330000003 7.053823221140301e-15
endloop
endfacet
facet normal -1.2246467991473515e-16 0 1
outer loop
vertex 120.30089507654009 -85.3318122999998 4.1411279091506176e-15
vertex 120.88616604258038 -85.38945645878931 4.2128029306701314e-15
vertex 141.2771818410298 -85.38945645878931 6.7099821535635496e-15
endloop
endfacet
facet normal -1.2246467991473515e-16 0 1
outer loop
vertex 120.30089507654009 -85.3318122999998 4.1411279091506176e-15
vertex 141.2771818410298 -85.38945645878931 6.7099821535635496e-15
vertex 141.29262755277622 -85.3318122999998 6.71187370770863e-15
endloop
endfacet
facet normal -1.2246467991473515e-16 0 1
outer loop
vertex 25.413408251129 -85.3318122999998 -7.479237792837017e-15
vertex 25.41340825351091 -85.38945645878931 -7.479237792545317e-15
vertex 119.71562411049987 -85.38945645878931 4.0694528876311155e-15
endloop
endfacet
facet normal -1.2246467991473515e-16 0 1
outer loop
vertex 25.413408251129 -85.3318122999998 -7.479237792837017e-15
vertex 119.71562411049987 -85.38945645878931 4.0694528876311155e-15
vertex 120.30089507654009 -85.3318122999998 4.1411279091506176e-15
endloop
endfacet
facet normal -1.2246467991473515e-16 0 1
outer loop
vertex 120.88616604258038 -85.38945645878931 4.2128029306701314e-15
vertex 121.44894537364367 -85.56017370246674 4.281723521311424e-15
vertex 141.23143827582984 -85.56017370246674 6.704380182493177e-15
endloop
endfacet
facet normal -1.2246467991473515e-16 0 1
outer loop
vertex 120.88616604258038 -85.38945645878931 4.2128029306701314e-15
vertex 141.23143827582984 -85.56017370246674 6.704380182493177e-15
vertex 141.2771818410298 -85.38945645878931 6.7099821535635496e-15
endloop
endfacet
facet normal -1.2246467991473515e-16 0 1
outer loop
vertex 25.41340825351091 -85.38945645878931 -7.479237792545317e-15
vertex 25.41340826056512 -85.56017370246674 -7.479237791681424e-15
vertex 119.1528447794477 -85.56017370246674 4.000532296991182e-15
endloop
endfacet
facet normal -1.2246467991473515e-16 0 1
outer loop
vertex 25.41340825351091 -85.38945645878931 -7.479237792545317e-15
vertex 119.1528447794477 -85.56017370246674 4.000532296991182e-15
vertex 119.71562411049987 -85.38945645878931 4.0694528876311155e-15
endloop
endfacet
facet normal -1.2246467991473515e-16 0 1
outer loop
vertex 121.44894537364367 -85.56017370246674 4.281723521311424e-15
vertex 121.96760577560224 -85.83740346309247 4.345241101421728e-15
vertex 141.15715475673488 -85.83740346309247 6.695283075104272e-15
endloop
endfacet
facet normal -1.2246467991473515e-16 0 1
outer loop
vertex 121.44894537364367 -85.56017370246674 4.281723521311424e-15
vertex 141.15715475673488 -85.83740346309247 6.695283075104272e-15
vertex 141.23143827582984 -85.56017370246674 6.704380182493177e-15
endloop
endfacet
facet normal -1.2246467991473515e-16 0 1
outer loop
vertex 25.41340826056512 -85.56017370246674 -7.479237791681424e-15
vertex 25.413408272020547 -85.83740346309247 -7.479237790278539e-15
vertex 118.63418437748513 -85.83740346309247 3.937014716880386e-15
endloop
endfacet
facet normal -1.2246467991473515e-16 0 1
outer loop
vertex 25.41340826056512 -85.56017370246674 -7.479237791681424e-15
vertex 118.63418437748513 -85.83740346309247 3.937014716880386e-15
vertex 119.1528447794477 -85.56017370246674 4.000532296991182e-15
endloop
endfacet
facet normal -1.2246467991473515e-16 0 1
outer loop
vertex 121.96760577560224 -85.83740346309247 4.345241101421728e-15
vertex 122.42221542010529 -86.21049195644143 4.400914726021947e-15
vertex 141.0571859577241 -86.21049195644143 6.6830404281319574e-15
endloop
endfacet
facet normal -1.2246467991473515e-16 0 1
outer loop
vertex 121.96760577560224 -85.83740346309247 4.345241101421728e-15
vertex 141.0571859577241 -86.21049195644143 6.6830404281319574e-15
vertex 141.15715475673488 -85.83740346309247 6.695283075104272e-15
endloop
endfacet
facet normal -1.2246467991473515e-16 0 1
outer loop
vertex 25.413408272020547 -85.83740346309247 -7.479237790278539e-15
vertex 25.413408287436965 -86.21049195644143 -7.479237788390572e-15
vertex 118.1795747329831 -86.21049195644143 3.881341092280294e-15
endloop
endfacet
facet normal -1.2246467991473515e-16 0 1
outer loop
vertex 25.413408272020547 -85.83740346309247 -7.479237790278539e-15
vertex 118.1795747329831 -86.21049195644143 3.881341092280294e-15
vertex 118.63418437748513 -85.83740346309247 3.937014716880386e-15
endloop
endfacet
facet normal -1.2246467991473515e-16 0 1
outer loop
vertex 122.42221542010529 -86.21049195644143 4.400914726021947e-15
vertex 122.79530391345196 -86.66510160094202 4.4466048889395185e-15
vertex 140.93537362368107 -86.66510160094202 6.668122719633709e-15
endloop
endfacet
facet normal -1.2246467991473515e-16 0 1
outer loop
vertex 122.42221542010529 -86.21049195644143 4.400914726021947e-15
vertex 140.93537362368107 -86.66510160094202 6.668122719633709e-15
vertex 141.0571859577241 -86.21049195644143 6.6830404281319574e-15
endloop
endfacet
facet normal -1.2246467991473515e-16 0 1
outer loop
vertex 25.413408287436965 -86.21049195644143 -7.479237788390572e-15
vertex 25.413408306221896 -86.66510160094202 -7.479237786090082e-15
vertex 117.80648623963529 -86.66510160094202 3.835650929362585e-15
endloop
endfacet
facet normal -1.2246467991473515e-16 0 1
outer loop
vertex 25.413408287436965 -86.21049195644143 -7.479237788390572e-15
vertex 117.80648623963529 -86.66510160094202 3.835650929362585e-15
vertex 118.1795747329831 -86.21049195644143 3.881341092280294e-15
endloop
endfacet
facet normal -1.2246467991473515e-16 0 1
outer loop
vertex 122.79530391345196 -86.66510160094202 4.4466048889395185e-15
vertex 123.07253367407516 -87.18376200290162 4.480555742837076e-15
vertex 140.79639893429055 -87.18376200290162 6.65110322878125e-15
endloop
endfacet
facet normal -1.2246467991473515e-16 0 1
outer loop
vertex 122.79530391345196 -86.66510160094202 4.4466048889395185e-15
vertex 140.79639893429055 -87.18376200290162 6.65110322878125e-15
vertex 140.93537362368107 -86.66510160094202 6.668122719633709e-15
endloop
endfacet
facet normal -1.2246467991473515e-16 0 1
outer loop
vertex 25.413408306221896 -86.66510160094202 -7.479237786090082e-15
vertex 25.413408327653485 -87.18376200290162 -7.479237783465469e-15
vertex 117.52925647901118 -87.18376200290162 3.801700075464914e-15
endloop
endfacet
facet normal -1.2246467991473515e-16 0 1
outer loop
vertex 25.413408306221896 -86.66510160094202 -7.479237786090082e-15
vertex 117.52925647901118 -87.18376200290162 3.801700075464914e-15
vertex 117.80648623963529 -86.66510160094202 3.835650929362585e-15
endloop
endfacet
facet normal -1.2246467991473515e-16 0 1
outer loop
vertex 123.07253367407516 -87.18376200290162 4.480555742837076e-15
vertex 123.24325091775445 -87.74654133395441 4.501462575440187e-15
vertex 140.64560260892435 -87.74654133395441 6.63263600506296e-15
endloop
endfacet
facet normal -1.2246467991473515e-16 0 1
outer loop
vertex 123.07253367407516 -87.18376200290162 4.480555742837076e-15
vertex 140.64560260892435 -87.74654133395441 6.63263600506296e-15
vertex 140.79639893429055 -87.18376200290162 6.65110322878125e-15
endloop
endfacet
facet normal -1.2246467991473515e-16 0 1
outer loop
vertex 25.413408327653485 -87.18376200290162 -7.479237783465469e-15
vertex 25.413408350908128 -87.74654133395441 -7.479237780617598e-15
vertex 117.35853923533355 -87.74654133395441 3.7807932428620085e-15
endloop
endfacet
facet normal -1.2246467991473515e-16 0 1
outer loop
vertex 25.413408327653485 -87.18376200290162 -7.479237783465469e-15
vertex 117.35853923533355 -87.74654133395441 3.7807932428620085e-15
vertex 117.52925647901118 -87.18376200290162 3.801700075464914e-15
endloop
endfacet
facet normal -1.2246467991473515e-16 0 1
outer loop
vertex 123.24325091775445 -87.74654133395441 4.501462575440187e-15
vertex 123.30089507654398 -88.33181229999649 4.5085219488953e-15
vertex 140.48877966580457 -88.33181229999649 6.613430733530511e-15
endloop
endfacet
facet normal -1.2246467991473515e-16 0 1
outer loop
vertex 123.24325091775445 -87.74654133395441 4.501462575440187e-15
vertex 140.48877966580457 -88.33181229999649 6.613430733530511e-15
vertex 140.64560260892435 -87.74654133395441 6.63263600506296e-15
endloop
endfacet
facet normal -1.2246467991473515e-16 0 1
outer loop
vertex 25.413408350908128 -87.74654133395441 -7.479237780617598e-15
vertex 25.413408375092132 -88.33181229999649 -7.479237777655911e-15
vertex 117.30089507654387 -88.33181229999649 3.7737338694068744e-15
endloop
endfacet
facet normal -1.2246467991473515e-16 0 1
outer loop
vertex 25.413408350908128 -87.74654133395441 -7.479237780617598e-15
vertex 117.30089507654387 -88.33181229999649 3.7737338694068744e-15
vertex 117.35853923533355 -87.74654133395441 3.7807932428620085e-15
endloop
endfacet
facet normal -1.2246467991473515e-16 0 1
outer loop
vertex 123.30089507654398 -88.33181229999649 4.5085219488953e-15
vertex 123.24325091775299 -88.91708326605121 4.501462575440008e-15
vertex 140.3319567226814 -88.91708326605121 6.594225461997648e-15
endloop
endfacet
facet normal -1.2246467991473515e-16 0 1
outer loop
vertex 123.30089507654398 -88.33181229999649 4.5085219488953e-15
vertex 140.3319567226814 -88.91708326605121 6.594225461997648e-15
vertex 140.48877966580457 -88.33181229999649 6.613430733530511e-15
endloop
endfacet
facet normal -1.2246467991473515e-16 0 1
outer loop
vertex 25.413408375092132 -88.33181229999649 -7.479237777655911e-15
vertex 25.413408399276136 -88.91708326605121 -7.479237774694224e-15
vertex 117.3585392353348 -88.91708326605121 3.780793242862161e-15
endloop
endfacet
facet normal -1.2246467991473515e-16 0 1
outer loop
vertex 25.413408375092132 -88.33181229999649 -7.479237777655911e-15
vertex 117.3585392353348 -88.91708326605121 3.780793242862161e-15
vertex 117.30089507654387 -88.33181229999649 3.7737338694068744e-15
endloop
endfacet
facet normal -1.2246467991473515e-16 0 1
outer loop
vertex 123.24325091775299 -88.91708326605121 4.501462575440008e-15
vertex 123.07253367407748 -89.47986259709697 4.480555742837359e-15
vertex 140.18116039731711 -89.47986259709697 6.575758238279589e-15
endloop
endfacet
facet normal -1.2246467991473515e-16 0 1
outer loop
vertex 123.24325091775299 -88.91708326605121 4.501462575440008e-15
vertex 140.18116039731711 -89.47986259709697 6.575758238279589e-15
vertex 140.3319567226814 -88.91708326605121 6.594225461997648e-15
endloop
endfacet
facet normal -1.2246467991473515e-16 0 1
outer loop
vertex 25.413408399276136 -88.91708326605121 -7.479237774694224e-15
vertex 25.41340842253078 -89.47986259709697 -7.479237771846353e-15
vertex 117.52925647901056 -89.47986259709697 3.801700075464837e-15
endloop
endfacet
facet normal -1.2246467991473515e-16 0 1
outer loop
vertex 25.413408399276136 -88.91708326605121 -7.479237774694224e-15
vertex 117.52925647901056 -89.47986259709697 3.801700075464837e-15
vertex 117.3585392353348 -88.91708326605121 3.780793242862161e-15
endloop
endfacet
facet normal -1.2246467991473515e-16 0 1
outer loop
vertex 123.07253367407748 -89.47986259709697 4.480555742837359e-15
vertex 122.79530391345338 -89.998522999056 4.446604888939692e-15
vertex 140.04218570792676 -89.998522999056 6.558738747427149e-15
endloop
endfacet
facet normal -1.2246467991473515e-16 0 1
outer loop
vertex 123.07253367407748 -89.47986259709697 4.480555742837359e-15
vertex 140.04218570792676 -89.998522999056 6.558738747427149e-15
vertex 140.18116039731711 -89.47986259709697 6.575758238279589e-15
endloop
endfacet
facet normal -1.2246467991473515e-16 0 1
outer loop
vertex 25.41340842253078 -89.47986259709697 -7.479237771846353e-15
vertex 25.413408426543867 -89.57698260000508 -7.47923777135489e-15
vertex 25.419383729739025 -89.6861352514621 -7.478506007761703e-15
endloop
endfacet
facet normal -1.2246467991473515e-16 0 1
outer loop
vertex 25.41340842253078 -89.47986259709697 -7.479237771846353e-15
vertex 25.419383729739025 -89.6861352514621 -7.478506007761703e-15
vertex 25.437237633597817 -89.79398349524371 -7.476319535140407e-15
endloop
endfacet
facet normal -1.2246467991473515e-16 0 1
outer loop
vertex 25.41340842253078 -89.47986259709697 -7.479237771846353e-15
vertex 25.437237633597817 -89.79398349524371 -7.476319535140407e-15
vertex 25.466756783869982 -89.8992385442319 -7.472704481850971e-15
endloop
endfacet
facet normal -1.2246467991473515e-16 0 1
outer loop
vertex 25.41340842253078 -89.47986259709697 -7.479237771846353e-15
vertex 25.466756783869982 -89.8992385442319 -7.472704481850971e-15
vertex 25.506733280647694 -89.998522999056 -7.467808772968976e-15
endloop
endfacet
facet normal -1.2246467991473515e-16 0 1
outer loop
vertex 25.41340842253078 -89.47986259709697 -7.479237771846353e-15
vertex 25.506733280647694 -89.998522999056 -7.467808772968976e-15
vertex 117.80648623963435 -89.998522999056 3.8356509293624684e-15
endloop
endfacet
facet normal -1.2246467991473515e-16 0 1
outer loop
vertex 25.41340842253078 -89.47986259709697 -7.479237771846353e-15
vertex 117.80648623963435 -89.998522999056 3.8356509293624684e-15
vertex 117.52925647901056 -89.47986259709697 3.801700075464837e-15
endloop
endfacet
facet normal -1.2246467991473515e-16 0 1
outer loop
vertex 122.79530391345338 -89.998522999056 4.446604888939692e-15
vertex 122.42221542010294 -90.45313264356034 4.400914726021659e-15
vertex 139.9203733738827 -90.45313264356034 6.543821038928777e-15
endloop
endfacet
facet normal -1.2246467991473515e-16 0 1
outer loop
vertex 122.79530391345338 -89.998522999056 4.446604888939692e-15
vertex 139.9203733738827 -90.45313264356034 6.543821038928777e-15
vertex 140.04218570792676 -89.998522999056 6.558738747427149e-15
endloop
endfacet
facet normal -1.2246467991473515e-16 0 1
outer loop
vertex 25.506733280647694 -89.998522999056 -7.467808772968976e-15
vertex 25.507587776543147 -90.00064519999827 -7.46770412740265e-15
vertex 25.719225461860304 -90.45313264356034 -7.44178598601239e-15
endloop
endfacet
facet normal -1.2246467991473515e-16 0 1
outer loop
vertex 25.506733280647694 -89.998522999056 -7.467808772968976e-15
vertex 25.719225461860304 -90.45313264356034 -7.44178598601239e-15
vertex 118.17957473298523 -90.45313264356034 3.881341092280556e-15
endloop
endfacet
facet normal -1.2246467991473515e-16 0 1
outer loop
vertex 25.506733280647694 -89.998522999056 -7.467808772968976e-15
vertex 118.17957473298523 -90.45313264356034 3.881341092280556e-15
vertex 117.80648623963435 -89.998522999056 3.8356509293624684e-15
endloop
endfacet
facet normal -1.2246467991473515e-16 0 1
outer loop
vertex 122.42221542010294 -90.45313264356034 4.400914726021659e-15
vertex 121.96760577560488 -90.82622113690758 4.345241101422053e-15
vertex 139.82040457487238 -90.82622113690758 6.531578391956519e-15
endloop
endfacet
facet normal -1.2246467991473515e-16 0 1
outer loop
vertex 122.42221542010294 -90.45313264356034 4.400914726021659e-15
vertex 139.82040457487238 -90.82622113690758 6.531578391956519e-15
vertex 139.9203733738827 -90.45313264356034 6.543821038928777e-15
endloop
endfacet
facet normal -1.2246467991473515e-16 0 1
outer loop
vertex 25.719225461860304 -90.45313264356034 -7.44178598601239e-15
vertex 25.89372662487358 -90.82622113690758 -7.42041575693922e-15
vertex 118.63418437748516 -90.82622113690758 3.93701471688039e-15
endloop
endfacet
facet normal -1.2246467991473515e-16 0 1
outer loop
vertex 25.719225461860304 -90.45313264356034 -7.44178598601239e-15
vertex 118.63418437748516 -90.82622113690758 3.93701471688039e-15
vertex 118.17957473298523 -90.45313264356034 3.881341092280556e-15
endloop
endfacet
facet normal -1.2246467991473515e-16 0 1
outer loop
vertex 121.96760577560488 -90.82622113690758 4.345241101422053e-15
vertex 121.44894537363663 -91.1034508975342 4.281723521310563e-15
vertex 139.7461210557772 -91.1034508975342 6.522481284567585e-15
endloop
endfacet
facet normal -1.2246467991473515e-16 0 1
outer loop
vertex 121.96760577560488 -90.82622113690758 4.345241101422053e-15
vertex 139.7461210557772 -91.1034508975342 6.522481284567585e-15
vertex 139.82040457487238 -90.82622113690758 6.531578391956519e-15
endloop
endfacet
facet normal -1.2246467991473515e-16 0 1
outer loop
vertex 25.89372662487358 -90.82622113690758 -7.42041575693922e-15
vertex 26.02339268671645 -91.1034508975342 -7.40453624417983e-15
vertex 119.15284477944944 -91.1034508975342 4.000532296991394e-15
endloop
endfacet
facet normal -1.2246467991473515e-16 0 1
outer loop
vertex 25.89372662487358 -90.82622113690758 -7.42041575693922e-15
vertex 119.15284477944944 -91.1034508975342 4.000532296991394e-15
vertex 118.63418437748516 -90.82622113690758 3.93701471688039e-15
endloop
endfacet
facet normal -1.2246467991473515e-16 0 1
outer loop
vertex 121.44894537363663 -91.1034508975342 4.281723521310563e-15
vertex 120.88616604259275 -91.27416814120991 4.212802930671645e-15
vertex 139.7003774905777 -91.27416814120991 6.516879313497269e-15
endloop
endfacet
facet normal -1.2246467991473515e-16 0 1
outer loop
vertex 121.44894537363663 -91.1034508975342 4.281723521310563e-15
vertex 139.7003774905777 -91.27416814120991 6.516879313497269e-15
vertex 139.7461210557772 -91.1034508975342 6.522481284567585e-15
endloop
endfacet
facet normal -1.2246467991473515e-16 0 1
outer loop
vertex 26.02339268671645 -91.1034508975342 -7.40453624417983e-15
vertex 26.103240653349133 -91.27416814120991 -7.394757688504314e-15
vertex 119.71562411049594 -91.27416814120991 4.069452887630633e-15
endloop
endfacet
facet normal -1.2246467991473515e-16 0 1
outer loop
vertex 26.02339268671645 -91.1034508975342 -7.40453624417983e-15
vertex 119.71562411049594 -91.27416814120991 4.069452887630633e-15
vertex 119.15284477944944 -91.1034508975342 4.000532296991394e-15
endloop
endfacet
facet normal -1.2246467991473515e-16 0 1
outer loop
vertex 120.88616604259275 -91.27416814120991 4.212802930671645e-15
vertex 120.30089507654213 -91.33181229999983 4.141127909150869e-15
vertex 139.68493177883116 -91.33181229999983 6.514987759352176e-15
endloop
endfacet
facet normal -1.2246467991473515e-16 0 1
outer loop
vertex 120.88616604259275 -91.27416814120991 4.212802930671645e-15
vertex 139.68493177883116 -91.33181229999983 6.514987759352176e-15
vertex 139.7003774905777 -91.27416814120991 6.516879313497269e-15
endloop
endfacet
facet normal -1.2246467991473515e-16 0 1
outer loop
vertex 26.103240653349133 -91.27416814120991 -7.394757688504314e-15
vertex 26.13020201219331 -91.33181229999983 -7.391455874323397e-15
vertex 120.30089507654213 -91.33181229999983 4.141127909150869e-15
endloop
endfacet
facet normal -1.2246467991473515e-16 0 1
outer loop
vertex 26.103240653349133 -91.27416814120991 -7.394757688504314e-15
vertex 120.30089507654213 -91.33181229999983 4.141127909150869e-15
vertex 119.71562411049594 -91.27416814120991 4.069452887630633e-15
endloop
endfacet
facet normal -1.2246467991473535e-16 0 1
outer loop
vertex 120.30089507654213 -91.33181229999983 4.141127909150869e-15
vertex 26.13020201219331 -91.33181229999983 -7.391455874323397e-15
vertex 31.957285212843715 -103.79028337491447 -6.677843995319213e-15
endloop
endfacet
facet normal -1.2246467991473535e-16 0 1
outer loop
vertex 120.30089507654213 -91.33181229999983 4.141127909150869e-15
vertex 31.957285212843715 -103.79028337491447 -6.677843995319213e-15
vertex 136.34669322933834 -103.79028337491447 6.106171443909508e-15
endloop
endfacet
facet normal -1.2246467991473535e-16 0 1
outer loop
vertex 120.30089507654213 -91.33181229999983 4.141127909150869e-15
vertex 136.34669322933834 -103.79028337491447 6.106171443909508e-15
vertex 139.68493177883116 -91.33181229999983 6.514987759352176e-15
endloop
endfacet
facet normal 1.224646799055376e-16 -4.3178173200235474e-27 -1
outer loop
vertex 31.957285212843715 -103.79028337491447 -6.677843995319213e-15
vertex 31.960013976543735 -103.79611755000009 -6.677509818146127e-15
vertex 31.96025413072283 -103.79664748018314 -6.677480407741454e-15
endloop
endfacet
facet normal 1.224646799055376e-16 -4.3178173200235474e-27 -1
outer loop
vertex 31.957285212843715 -103.79028337491447 -6.677843995319213e-15
vertex 31.96025413072283 -103.79664748018314 -6.677480407741454e-15
vertex 31.960498876544136 -103.79717509999992 -6.677450435022787e-15
endloop
endfacet
facet normal 1.224646799055376e-16 -4.3178173200235474e-27 -1
outer loop
vertex 31.957285212843715 -103.79028337491447 -6.677843995319213e-15
vertex 31.960498876544136 -103.79717509999992 -6.677450435022787e-15
vertex 33.43957779260825 -106.9690705500001 -6.496315508998362e-15
endloop
endfacet
facet normal 1.224646799055376e-16 -4.3178173200235474e-27 -1
outer loop
vertex 31.957285212843715 -103.79028337491447 -6.677843995319213e-15
vertex 33.43957779260825 -106.9690705500001 -6.496315508998362e-15
vertex 116.27065812654163 -106.9690705500001 3.647566231088517e-15
endloop
endfacet
facet normal 1.224646799055376e-16 -4.3178173200235474e-27 -1
outer loop
vertex 31.957285212843715 -103.79028337491447 -6.677843995319213e-15
vertex 116.27065812654163 -106.9690705500001 3.647566231088517e-15
vertex 135.49493944472903 -106.9690705500001 6.001861689311164e-15
endloop
endfacet
facet normal 1.224646799055376e-16 -4.3178173200235474e-27 -1
outer loop
vertex 31.957285212843715 -103.79028337491447 -6.677843995319213e-15
vertex 135.49493944472903 -106.9690705500001 6.001861689311164e-15
vertex 136.34669322933834 -103.79028337491447 6.106171443909508e-15
endloop
endfacet
facet normal -1.2246467991473515e-16 0 1
outer loop
vertex 116.27065812654163 -106.9690705500001 3.647566231088517e-15
vertex 116.37134102961195 -106.9700752054939 3.659896330585912e-15
vertex 135.49467024799708 -106.9700752054939 6.001828722219553e-15
endloop
endfacet
facet normal -1.2246467991473515e-16 0 1
outer loop
vertex 116.27065812654163 -106.9690705500001 3.647566231088517e-15
vertex 135.49467024799708 -106.9700752054939 6.001828722219553e-15
vertex 135.49493944472903 -106.9690705500001 6.001861689311164e-15
endloop
endfacet
facet normal -1.2246467991473515e-16 0 1
outer loop
vertex 116.37134102961195 -106.9700752054939 3.659896330585912e-15
vertex 116.47141253981232 -106.98119946495 3.672151556051183e-15
vertex 135.49168951051112 -106.98119946495 6.001463687157423e-15
endloop
endfacet
facet normal -1.2246467991473515e-16 0 1
outer loop
vertex 116.37134102961195 -106.9700752054939 3.659896330585912e-15
vertex 135.49168951051112 -106.98119946495 6.001463687157423e-15
vertex 135.49467024799708 -106.9700752054939 6.001828722219553e-15
endloop
endfacet
facet normal -1.2246467991473515e-16 0 1
outer loop
vertex 116.47141253981232 -106.98119946495 3.672151556051183e-15
vertex 116.56985717654165 -107.00233109999937 3.684207546977562e-15
vertex 135.48602730378354 -107.00233109999937 6.00077026682292e-15
endloop
endfacet
facet normal -1.2246467991473515e-16 0 1
outer loop
vertex 116.47141253981232 -106.98119946495 3.672151556051183e-15
vertex 135.48602730378354 -107.00233109999937 6.00077026682292e-15
vertex 135.49168951051112 -106.98119946495 6.001463687157423e-15
endloop
endfacet
facet normal -1.2246467991473515e-16 0 1
outer loop
vertex 33.43957779260825 -106.9690705500001 -6.496315508998362e-15
vertex 34.235921686876196 -108.67683580000144 -6.398791508884784e-15
vertex 74.00785137653085 -108.67683580000144 -1.5281348698498679e-15
endloop
endfacet
facet normal -1.2246467991473515e-16 0 1
outer loop
vertex 33.43957779260825 -106.9690705500001 -6.496315508998362e-15
vertex 74.00785137653085 -108.67683580000144 -1.5281348698498679e-15
vertex 116.27065812654163 -106.9690705500001 3.647566231088517e-15
endloop
endfacet
facet normal -1.2246467991473515e-16 0 1
outer loop
vertex 34.235921686876196 -108.67683580000144 -6.398791508884784e-15
vertex 34.23823049444712 -108.68178705456234 -6.398508761504625e-15
vertex 73.94097399410866 -108.68178705456234 -1.536324987081737e-15
endloop
endfacet
facet normal -1.2246467991473515e-16 0 1
outer loop
vertex 34.235921686876196 -108.67683580000144 -6.398791508884784e-15
vertex 73.94097399410866 -108.68178705456234 -1.536324987081737e-15
vertex 74.00785137653085 -108.67683580000144 -1.5281348698498679e-15
endloop
endfacet
facet normal -1.2246467991473515e-16 0 1
outer loop
vertex 34.23823049444712 -108.68178705456234 -6.398508761504625e-15
vertex 34.24262583769567 -108.6912128999989 -6.397970487200577e-15
vertex 73.87457522654937 -108.6912128999989 -1.5444564908976187e-15
endloop
endfacet
facet normal -1.2246467991473515e-16 0 1
outer loop
vertex 34.23823049444712 -108.68178705456234 -6.398508761504625e-15
vertex 73.87457522654937 -108.6912128999989 -1.5444564908976187e-15
vertex 73.94097399410866 -108.68178705456234 -1.536324987081737e-15
endloop
endfacet
facet normal -1.2246467991473515e-16 0 1
outer loop
vertex 116.56985717654165 -107.00233109999937 3.684207546977562e-15
vertex 133.735917726543 -111.60195569999973 5.786443657630443e-15
vertex 133.82174902904993 -111.61709198315013 5.796954960618619e-15
endloop
endfacet
facet normal -1.2246467991473515e-16 0 1
outer loop
vertex 116.56985717654165 -107.00233109999937 3.684207546977562e-15
vertex 133.82174902904993 -111.61709198315013 5.796954960618619e-15
vertex 133.90890474920138 -111.61709386683239 5.807628457989705e-15
endloop
endfacet
facet normal -1.2246467991473515e-16 0 1
outer loop
vertex 116.56985717654165 -107.00233109999937 3.684207546977562e-15
vertex 133.90890474920138 -111.61709386683239 5.807628457989705e-15
vertex 133.99473670590118 -111.60196129381231 5.8181398410934e-15
endloop
endfacet
facet normal -1.2246467991473515e-16 0 1
outer loop
vertex 116.56985717654165 -107.00233109999937 3.684207546977562e-15
vertex 133.99473670590118 -111.60196129381231 5.8181398410934e-15
vertex 134.07663693994425 -111.57215405942323 5.828169727040429e-15
endloop
endfacet
facet normal -1.2246467991473515e-16 0 1
outer loop
vertex 116.56985717654165 -107.00233109999937 3.684207546977562e-15
vertex 134.07663693994425 -111.57215405942323 5.828169727040429e-15
vertex 134.1521169554452 -111.52857784093113 5.8374133629787085e-15
endloop
endfacet
facet normal -1.2246467991473515e-16 0 1
outer loop
vertex 116.56985717654165 -107.00233109999937 3.684207546977562e-15
vertex 134.1521169554452 -111.52857784093113 5.8374133629787085e-15
vertex 134.21888333151497 -111.47255667899944 5.845589885853164e-15
endloop
endfacet
facet normal -1.2246467991473515e-16 0 1
outer loop
vertex 116.56985717654165 -107.00233109999937 3.684207546977562e-15
vertex 134.21888333151497 -111.47255667899944 5.845589885853164e-15
vertex 134.2749074066564 -111.40579274740101 5.8524508562828785e-15
endloop
endfacet
facet normal -1.2246467991473515e-16 0 1
outer loop
vertex 116.56985717654165 -107.00233109999937 3.684207546977562e-15
vertex 134.2749074066564 -111.40579274740101 5.8524508562828785e-15
vertex 134.3184869185755 -111.33031463336533 5.85778780726089e-15
endloop
endfacet
facet normal -1.2246467991473515e-16 0 1
outer loop
vertex 116.56985717654165 -107.00233109999937 3.684207546977562e-15
vertex 134.3184869185755 -111.33031463336533 5.85778780726089e-15
vertex 134.34829329905097 -111.24841057537462 5.861438036105232e-15
endloop
endfacet
facet normal -1.2246467991473515e-16 0 1
outer loop
vertex 116.56985717654165 -107.00233109999937 3.684207546977562e-15
vertex 134.34829329905097 -111.24841057537462 5.861438036105232e-15
vertex 135.48602730378354 -107.00233109999937 6.00077026682292e-15
endloop
endfacet
facet normal -1.2246467991473515e-16 0 1
outer loop
vertex 34.24262583769567 -108.6912128999989 -6.397970487200577e-15
vertex 35.689335476297515 -111.79369219999711 -6.2207996543796395e-15
vertex 56.27954227655913 -111.79369219999711 -3.699226569207395e-15
endloop
endfacet
facet normal -1.2246467991473515e-16 0 1
outer loop
vertex 34.24262583769567 -108.6912128999989 -6.397970487200577e-15
vertex 56.27954227655913 -111.79369219999711 -3.699226569207395e-15
vertex 73.87457522654937 -108.6912128999989 -1.5444564908976187e-15
endloop
endfacet
facet normal -1.2246467991473515e-16 0 1
outer loop
vertex 35.689335476297515 -111.79369219999711 -6.2207996543796395e-15
vertex 35.716749932542456 -111.85248270000568 -6.217442351770567e-15
vertex 56.093082376531996 -111.85248270000568 -3.7220613211811505e-15
endloop
endfacet
facet normal -1.2246467991473515e-16 0 1
outer loop
vertex 35.689335476297515 -111.79369219999711 -6.2207996543796395e-15
vertex 56.093082376531996 -111.85248270000568 -3.7220613211811505e-15
vertex 56.27954227655913 -111.79369219999711 -3.699226569207395e-15
endloop
endfacet
facet normal -1.2246467991473515e-16 0 1
outer loop
vertex 35.716749932542456 -111.85248270000568 -6.217442351770567e-15
vertex 39.144781276543426 -119.20392074999775 -5.797629590489807e-15
vertex 39.18835958950342 -119.27939877422558 -5.792292786341938e-15
endloop
endfacet
facet normal -1.2246467991473515e-16 0 1
outer loop
vertex 35.716749932542456 -111.85248270000568 -6.217442351770567e-15
vertex 39.18835958950342 -119.27939877422558 -5.792292786341938e-15
vertex 39.244382377517525 -119.34616290174559 -5.785431973539859e-15
endloop
endfacet
facet normal -1.2246467991473515e-16 0 1
outer loop
vertex 35.716749932542456 -111.85248270000568 -6.217442351770567e-15
vertex 39.244382377517525 -119.34616290174559 -5.785431973539859e-15
vertex 39.311147443859284 -119.4021845709107 -5.77725561106083e-15
endloop
endfacet
facet normal -1.2246467991473515e-16 0 1
outer loop
vertex 35.716749932542456 -111.85248270000568 -6.217442351770567e-15
vertex 39.311147443859284 -119.4021845709107 -5.77725561106083e-15
vertex 39.38662619836967 -119.44576149999733 -5.768012129549352e-15
endloop
endfacet
facet normal -1.2246467991473515e-16 0 1
outer loop
vertex 35.716749932542456 -111.85248270000568 -6.217442351770567e-15
vertex 39.38662619836967 -119.44576149999733 -5.768012129549352e-15
vertex 39.468525294090824 -119.47556946851756 -5.757982383006555e-15
endloop
endfacet
facet normal -1.2246467991473515e-16 0 1
outer loop
vertex 35.716749932542456 -111.85248270000568 -6.217442351770567e-15
vertex 39.468525294090824 -119.47556946851756 -5.757982383006555e-15
vertex 39.55435630842007 -119.49070383877984 -5.747471115309967e-15
endloop
endfacet
facet normal -1.2246467991473515e-16 0 1
outer loop
vertex 35.716749932542456 -111.85248270000568 -6.217442351770567e-15
vertex 39.55435630842007 -119.49070383877984 -5.747471115309967e-15
vertex 39.6415113513097 -119.49070383877984 -5.736797700879533e-15
endloop
endfacet
facet normal -1.2246467991473515e-16 0 1
outer loop
vertex 35.716749932542456 -111.85248270000568 -6.217442351770567e-15
vertex 39.6415113513097 -119.49070383877984 -5.736797700879533e-15
vertex 39.727342303402224 -119.47556946851756 -5.7262864408047455e-15
endloop
endfacet
facet normal -1.2246467991473515e-16 0 1
outer loop
vertex 35.716749932542456 -111.85248270000568 -6.217442351770567e-15
vertex 39.727342303402224 -119.47556946851756 -5.7262864408047455e-15
vertex 39.80924347654994 -119.44576149999733 -5.7162564398505694e-15
endloop
endfacet
facet normal -1.2246467991473515e-16 0 1
outer loop
vertex 35.716749932542456 -111.85248270000568 -6.217442351770567e-15
vertex 39.80924347654994 -119.44576149999733 -5.7162564398505694e-15
vertex 56.093082376531996 -111.85248270000568 -3.7220613211811505e-15
endloop
endfacet
facet normal 0 0 1
outer loop
vertex 83.54770702654396 -27.506279604967 3.4499999999999997
vertex 83.28176843597555 -27.527209520988265 3.4499999999999997
vertex 83.02237813610655 -27.589483622298246 3.4499999999999997
endloop
endfacet
facet normal 0 0 1
outer loop
vertex 83.54770702654396 -27.506279604967 3.4499999999999997
vertex 83.02237813610655 -27.589483622298246 3.4499999999999997
vertex 82.77592317698674 -27.691568608879777 3.4499999999999997
endloop
endfacet
facet normal 0 0 1
outer loop
vertex 83.54770702654396 -27.506279604967 3.4499999999999997
vertex 82.77592317698674 -27.691568608879777 3.4499999999999997
vertex 82.54847209764682 -27.830950809562545 3.4499999999999997
endloop
endfacet
facet normal 0 0 1
outer loop
vertex 83.54770702654396 -27.506279604967 3.4499999999999997
vertex 82.54847209764682 -27.830950809562545 3.4499999999999997
vertex 82.34562549852676 -28.004198171982935 3.4499999999999997
endloop
endfacet
facet normal 0 0 1
outer loop
vertex 83.54770702654396 -27.506279604967 3.4499999999999997
vertex 82.34562549852676 -28.004198171982935 3.4499999999999997
vertex 82.1723781361065 -28.20704477110283 3.4499999999999997
endloop
endfacet
facet normal 0 0 1
outer loop
vertex 83.54770702654396 -27.506279604967 3.4499999999999997
vertex 82.1723781361065 -28.20704477110283 3.4499999999999997
vertex 82.03299593542376 -28.434495850442715 3.4499999999999997
endloop
endfacet
facet normal 0 0 1
outer loop
vertex 83.54770702654396 -27.506279604967 3.4499999999999997
vertex 82.03299593542376 -28.434495850442715 3.4499999999999997
vertex 81.93091094884214 -28.680950809562745 3.4499999999999997
endloop
endfacet
facet normal 0 0 1
outer loop
vertex 83.54770702654396 -27.506279604967 3.4499999999999997
vertex 81.93091094884214 -28.680950809562745 3.4499999999999997
vertex 81.92483003621513 -28.70627963352996 3.4499999999999997
endloop
endfacet
facet normal 0 0 1
outer loop
vertex 83.54770702654396 -27.506279604967 3.4499999999999997
vertex 81.92483003621513 -28.70627963352996 3.4499999999999997
vertex 83.54770778630001 -28.70627963352996 3.4499999999999997
endloop
endfacet
facet normal 0 0 1
outer loop
vertex 83.54770702654396 -27.506279604967 3.4499999999999997
vertex 83.54770778630001 -28.70627963352996 3.4499999999999997
vertex 101.5477049765439 -28.70627963352996 3.450000000000002
endloop
endfacet
facet normal 0 0 1
outer loop
vertex 83.54770702654396 -27.506279604967 3.4499999999999997
vertex 101.5477049765439 -28.70627963352996 3.450000000000002
vertex 103.16700463408696 -28.70627963352996 3.4500000000000024
endloop
endfacet
facet normal 0 0 1
outer loop
vertex 83.54770702654396 -27.506279604967 3.4499999999999997
vertex 103.16700463408696 -28.70627963352996 3.4500000000000024
vertex 103.14518448188 -28.624845456346343 3.4500000000000024
endloop
endfacet
facet normal 0 0 1
outer loop
vertex 83.54770702654396 -27.506279604967 3.4499999999999997
vertex 103.14518448188 -28.624845456346343 3.4500000000000024
vertex 103.0199502129775 -28.3562797 3.4500000000000024
endloop
endfacet
facet normal 0 0 1
outer loop
vertex 83.54770702654396 -27.506279604967 3.4499999999999997
vertex 103.0199502129775 -28.3562797 3.4500000000000024
vertex 102.84998257984623 -28.11354076353289 3.4500000000000024
endloop
endfacet
facet normal 0 0 1
outer loop
vertex 83.54770702654396 -27.506279604967 3.4499999999999997
vertex 102.84998257984623 -28.11354076353289 3.4500000000000024
vertex 102.64044596301108 -27.904004146697744 3.450000000000002
endloop
endfacet
facet normal 0 0 1
outer loop
vertex 83.54770702654396 -27.506279604967 3.4499999999999997
vertex 102.64044596301108 -27.904004146697744 3.450000000000002
vertex 102.39770702654391 -27.734036513566437 3.450000000000002
endloop
endfacet
facet normal 0 0 1
outer loop
vertex 83.54770702654396 -27.506279604967 3.4499999999999997
vertex 102.39770702654391 -27.734036513566437 3.450000000000002
vertex 102.12914127019764 -27.608802244663977 3.450000000000002
endloop
endfacet
facet normal 0 0 1
outer loop
vertex 83.54770702654396 -27.506279604967 3.4499999999999997
vertex 102.12914127019764 -27.608802244663977 3.450000000000002
vertex 101.84290892857773 -27.53210651987925 3.450000000000002
endloop
endfacet
facet normal 0 0 1
outer loop
vertex 83.54770702654396 -27.506279604967 3.4499999999999997
vertex 101.84290892857773 -27.53210651987925 3.450000000000002
vertex 101.54770497654395 -27.506279604967 3.450000000000002
endloop
endfacet
facet normal 0 0 1
outer loop
vertex 101.5477049765439 -28.70627963352996 3.450000000000002
vertex 101.6345285859232 -28.713875823493908 3.450000000000002
vertex 103.16904003070846 -28.713875823493908 3.4500000000000024
endloop
endfacet
facet normal 0 0 1
outer loop
vertex 101.5477049765439 -28.70627963352996 3.450000000000002
vertex 103.16904003070846 -28.713875823493908 3.4500000000000024
vertex 103.16700463408696 -28.70627963352996 3.4500000000000024
endloop
endfacet
facet normal 0 0 1
outer loop
vertex 81.92483003621513 -28.70627963352996 3.4499999999999997
vertex 81.92300635235485 -28.713875823493908 3.4499999999999997
vertex 83.46088293771044 -28.713875823493908 3.4499999999999997
endloop
endfacet
facet normal 0 0 1
outer loop
vertex 81.92483003621513 -28.70627963352996 3.4499999999999997
vertex 83.46088293771044 -28.713875823493908 3.4499999999999997
vertex 83.54770778630001 -28.70627963352996 3.4499999999999997
endloop
endfacet
facet normal 0 0 1
outer loop
vertex 101.6345285859232 -28.713875823493908 3.450000000000002
vertex 101.7187170982068 -28.736433389607058 3.450000000000002
vertex 103.17508432318581 -28.736433389607058 3.4500000000000024
endloop
endfacet
facet normal 0 0 1
outer loop
vertex 101.6345285859232 -28.713875823493908 3.450000000000002
vertex 103.17508432318581 -28.736433389607058 3.4500000000000024
vertex 103.16904003070846 -28.713875823493908 3.4500000000000024
endloop
endfacet
facet normal 0 0 1
outer loop
vertex 81.92300635235485 -28.713875823493908 3.4499999999999997
vertex 81.91759075987454 -28.736433389607058 3.4499999999999997
vertex 83.37669695488114 -28.736433389607058 3.4499999999999997
endloop
endfacet
facet normal 0 0 1
outer loop
vertex 81.92300635235485 -28.713875823493908 3.4499999999999997
vertex 83.37669695488114 -28.736433389607058 3.4499999999999997
vertex 83.46088293771044 -28.713875823493908 3.4499999999999997
endloop
endfacet
facet normal 0 0 1
outer loop
vertex 101.7187170982068 -28.736433389607058 3.450000000000002
vertex 101.7977070265439 -28.773266998107758 3.450000000000002
vertex 103.18495387656132 -28.773266998107758 3.4500000000000024
endloop
endfacet
facet normal 0 0 1
outer loop
vertex 101.7187170982068 -28.736433389607058 3.450000000000002
vertex 103.18495387656132 -28.773266998107758 3.4500000000000024
vertex 103.17508432318581 -28.736433389607058 3.4500000000000024
endloop
endfacet
facet normal 0 0 1
outer loop
vertex 81.91759075987454 -28.736433389607058 3.4499999999999997
vertex 81.90874779285325 -28.773266998107758 3.4499999999999997
vertex 83.2977070265439 -28.773266998107758 3.4499999999999997
endloop
endfacet
facet normal 0 0 1
outer loop
vertex 81.91759075987454 -28.736433389607058 3.4499999999999997
vertex 83.2977070265439 -28.773266998107758 3.4499999999999997
vertex 83.37669695488114 -28.736433389607058 3.4499999999999997
endloop
endfacet
facet normal 0 0 1
outer loop
vertex 101.7977070265439 -28.773266998107758 3.450000000000002
vertex 101.86910083138724 -28.823257478440524 3.450000000000002
vertex 103.1983488094499 -28.823257478440524 3.4500000000000024
endloop
endfacet
facet normal 0 0 1
outer loop
vertex 101.7977070265439 -28.773266998107758 3.450000000000002
vertex 103.1983488094499 -28.823257478440524 3.4500000000000024
vertex 103.18495387656132 -28.773266998107758 3.4500000000000024
endloop
endfacet
facet normal 0 0 1
outer loop
vertex 81.90874779285325 -28.773266998107758 3.4499999999999997
vertex 81.89674614036915 -28.823257478440524 3.4499999999999997
vertex 83.22631322170065 -28.823257478440524 3.4499999999999997
endloop
endfacet
facet normal 0 0 1
outer loop
vertex 81.90874779285325 -28.773266998107758 3.4499999999999997
vertex 83.22631322170065 -28.823257478440524 3.4499999999999997
vertex 83.2977070265439 -28.773266998107758 3.4499999999999997
endloop
endfacet
facet normal 0 0 1
outer loop
vertex 101.86910083138724 -28.823257478440524 3.450000000000002
vertex 101.9307292481034 -28.884885895156714 3.450000000000002
vertex 103.21486210745866 -28.884885895156714 3.4500000000000024
endloop
endfacet
facet normal 0 0 1
outer loop
vertex 101.86910083138724 -28.823257478440524 3.450000000000002
vertex 103.21486210745866 -28.884885895156714 3.4500000000000024
vertex 103.1983488094499 -28.823257478440524 3.4500000000000024
endloop
endfacet
facet normal 0 0 1
outer loop
vertex 81.89674614036915 -28.823257478440524 3.4499999999999997
vertex 81.88195046655984 -28.884885895156714 3.4499999999999997
vertex 83.16468480498446 -28.884885895156714 3.4499999999999997
endloop
endfacet
facet normal 0 0 1
outer loop
vertex 81.89674614036915 -28.823257478440524 3.4499999999999997
vertex 83.16468480498446 -28.884885895156714 3.4499999999999997
vertex 83.22631322170065 -28.823257478440524 3.4499999999999997
endloop
endfacet
facet normal 0 0 1
outer loop
vertex 101.9307292481034 -28.884885895156714 3.450000000000002
vertex 101.98071972843614 -28.956279699999925 3.450000000000002
vertex 103.22583486066246 -28.956279699999925 3.4500000000000024
endloop
endfacet
facet normal 0 0 1
outer loop
vertex 101.9307292481034 -28.884885895156714 3.450000000000002
vertex 103.22583486066246 -28.956279699999925 3.4500000000000024
vertex 103.22188020666471 -28.911077797966264 3.4500000000000024
endloop
endfacet
facet normal 0 0 1
outer loop
vertex 101.9307292481034 -28.884885895156714 3.450000000000002
vertex 103.22188020666471 -28.911077797966264 3.4500000000000024
vertex 103.21486210745866 -28.884885895156714 3.4500000000000024
endloop
endfacet
facet normal 0 0 1
outer loop
vertex 81.88195046655984 -28.884885895156714 3.4499999999999997
vertex 81.86863684753222 -28.940341109431586 3.4499999999999997
vertex 81.86738232897154 -28.956279699999925 3.4499999999999997
endloop
endfacet
facet normal 0 0 1
outer loop
vertex 81.88195046655984 -28.884885895156714 3.4499999999999997
vertex 81.86738232897154 -28.956279699999925 3.4499999999999997
vertex 83.11469432465177 -28.956279699999925 3.4499999999999997
endloop
endfacet
facet normal 0 0 1
outer loop
vertex 81.88195046655984 -28.884885895156714 3.4499999999999997
vertex 83.11469432465177 -28.956279699999925 3.4499999999999997
vertex 83.16468480498446 -28.884885895156714 3.4499999999999997
endloop
endfacet
facet normal 0 0 1
outer loop
vertex 101.98071972843614 -28.956279699999925 3.450000000000002
vertex 102.01755333693686 -29.035269628337133 3.450000000000002
vertex 103.2327455839247 -29.035269628337133 3.4500000000000024
endloop
endfacet
facet normal 0 0 1
outer loop
vertex 101.98071972843614 -28.956279699999925 3.450000000000002
vertex 103.2327455839247 -29.035269628337133 3.4500000000000024
vertex 103.22583486066246 -28.956279699999925 3.4500000000000024
endloop
endfacet
facet normal 0 0 1
outer loop
vertex 81.86738232897154 -28.956279699999925 3.4499999999999997
vertex 81.86116507087836 -29.035269628337133 3.4499999999999997
vertex 83.07786071615102 -29.035269628337133 3.4499999999999997
endloop
endfacet
facet normal 0 0 1
outer loop
vertex 81.86738232897154 -28.956279699999925 3.4499999999999997
vertex 83.07786071615102 -29.035269628337133 3.4499999999999997
vertex 83.11469432465177 -28.956279699999925 3.4499999999999997
endloop
endfacet
facet normal 0 0 1
outer loop
vertex 102.01755333693686 -29.035269628337133 3.450000000000002
vertex 102.04011090305006 -29.119455611166643 3.450000000000002
vertex 103.24011090305008 -29.119455611166643 3.4500000000000024
endloop
endfacet
facet normal 0 0 1
outer loop
vertex 102.01755333693686 -29.035269628337133 3.450000000000002
vertex 103.24011090305008 -29.119455611166643 3.4500000000000024
vertex 103.2327455839247 -29.035269628337133 3.4500000000000024
endloop
endfacet
facet normal 0 0 1
outer loop
vertex 81.86116507087836 -29.035269628337133 3.4499999999999997
vertex 81.85453883391247 -29.119455611166643 3.4499999999999997
vertex 83.05530315003783 -29.119455611166643 3.4499999999999997
endloop
endfacet
facet normal 0 0 1
outer loop
vertex 81.86116507087836 -29.035269628337133 3.4499999999999997
vertex 83.05530315003783 -29.119455611166643 3.4499999999999997
vertex 83.07786071615102 -29.035269628337133 3.4499999999999997
endloop
endfacet
facet normal 0 0 1
outer loop
vertex 102.04011090305006 -29.119455611166643 3.450000000000002
vertex 102.04770700029738 -29.206279400000142 3.450000000000002
vertex 103.24770702654395 -29.206279400000142 3.4500000000000024
endloop
endfacet
facet normal 0 0 1
outer loop
vertex 102.04011090305006 -29.119455611166643 3.450000000000002
vertex 103.24770702654395 -29.206279400000142 3.4500000000000024
vertex 103.24011090305008 -29.119455611166643 3.4500000000000024
endloop
endfacet
facet normal 0 0 1
outer loop
vertex 81.85453883391247 -29.119455611166643 3.4499999999999997
vertex 81.84770497654395 -29.206279400000142 3.4499999999999997
vertex 83.04770497654394 -29.206279400000142 3.4499999999999997
endloop
endfacet
facet normal 0 0 1
outer loop
vertex 81.85453883391247 -29.119455611166643 3.4499999999999997
vertex 83.04770497654394 -29.206279400000142 3.4499999999999997
vertex 83.05530315003783 -29.119455611166643 3.4499999999999997
endloop
endfacet
facet normal 0 0 1
outer loop
vertex 81.84770497654395 -29.206279400000142 3.4499999999999997
vertex 81.84770702654396 -32.173279750000205 3.4499999999999997
vertex 83.04770643619123 -32.173279750000205 3.4499999999999997
endloop
endfacet
facet normal 0 0 1
outer loop
vertex 81.84770497654395 -29.206279400000142 3.4499999999999997
vertex 83.04770643619123 -32.173279750000205 3.4499999999999997
vertex 83.04770497654394 -29.206279400000142 3.4499999999999997
endloop
endfacet
facet normal 0 0 1
outer loop
vertex 81.84770702654396 -32.173279750000205 3.4499999999999997
vertex 81.83251477955618 -32.34692792766691 3.4499999999999997
vertex 83.04770652161929 -32.34692792766691 3.4499999999999997
endloop
endfacet
facet normal 0 0 1
outer loop
vertex 81.84770702654396 -32.173279750000205 3.4499999999999997
vertex 83.04770652161929 -32.34692792766691 3.4499999999999997
vertex 83.04770643619123 -32.173279750000205 3.4499999999999997
endloop
endfacet
facet normal 0 0 1
outer loop
vertex 81.83251477955618 -32.34692792766691 3.4499999999999997
vertex 81.78739964732988 -32.515299893325654 3.4499999999999997
vertex 83.04770660445166 -32.515299893325654 3.4499999999999997
endloop
endfacet
facet normal 0 0 1
outer loop
vertex 81.83251477955618 -32.34692792766691 3.4499999999999997
vertex 83.04770660445166 -32.515299893325654 3.4499999999999997
vertex 83.04770652161929 -32.34692792766691 3.4499999999999997
endloop
endfacet
facet normal 0 0 1
outer loop
vertex 81.78739964732988 -32.515299893325654 3.4499999999999997
vertex 81.71373243032843 -32.673279749999914 3.4499999999999997
vertex 83.04770668217154 -32.673279749999914 3.4499999999999997
endloop
endfacet
facet normal 0 0 1
outer loop
vertex 81.78739964732988 -32.515299893325654 3.4499999999999997
vertex 83.04770668217154 -32.673279749999914 3.4499999999999997
vertex 83.04770660445166 -32.515299893325654 3.4499999999999997
endloop
endfacet
facet normal 0 0 1
outer loop
vertex 81.71373243032843 -32.673279749999914 3.4499999999999997
vertex 81.6137514696629 -32.816067359686556 3.4499999999999997
vertex 83.0477067524174 -32.816067359686556 3.4499999999999997
endloop
endfacet
facet normal 0 0 1
outer loop
vertex 81.71373243032843 -32.673279749999914 3.4499999999999997
vertex 83.0477067524174 -32.816067359686556 3.4499999999999997
vertex 83.04770668217154 -32.673279749999914 3.4499999999999997
endloop
endfacet
facet normal 0 0 1
outer loop
vertex 81.6137514696629 -32.816067359686556 3.4499999999999997
vertex 81.4904946362305 -32.93932419311897 3.4499999999999997
vertex 83.0477068130549 -32.93932419311897 3.4499999999999997
endloop
endfacet
facet normal 0 0 1
outer loop
vertex 81.6137514696629 -32.816067359686556 3.4499999999999997
vertex 83.0477068130549 -32.93932419311897 3.4499999999999997
vertex 83.0477067524174 -32.816067359686556 3.4499999999999997
endloop
endfacet
facet normal 0 0 1
outer loop
vertex 102.04770700029738 -29.206279400000142 3.450000000000002
vertex 102.04770543900835 -32.98094990000001 3.450000000000002
vertex 103.24770497654413 -32.98094990000001 3.4500000000000024
endloop
endfacet
facet normal 0 0 1
outer loop
vertex 102.04770700029738 -29.206279400000142 3.450000000000002
vertex 103.24770497654413 -32.98094990000001 3.4500000000000024
vertex 103.24770702654395 -29.206279400000142 3.4500000000000024
endloop
endfacet
facet normal 0 0 1
outer loop
vertex 81.4904946362305 -32.93932419311897 3.4499999999999997
vertex 81.34770702654393 -33.039305153784454 3.4499999999999997
vertex 83.0477068622416 -33.039305153784454 3.4499999999999997
endloop
endfacet
facet normal 0 0 1
outer loop
vertex 81.4904946362305 -32.93932419311897 3.4499999999999997
vertex 83.0477068622416 -33.039305153784454 3.4499999999999997
vertex 83.0477068130549 -32.93932419311897 3.4499999999999997
endloop
endfacet
facet normal 0 0 1
outer loop
vertex 81.34770702654393 -33.039305153784454 3.4499999999999997
vertex 81.18972716986967 -33.11297237078589 3.4499999999999997
vertex 83.04770689848296 -33.11297237078589 3.4499999999999997
endloop
endfacet
facet normal 0 0 1
outer loop
vertex 81.34770702654393 -33.039305153784454 3.4499999999999997
vertex 83.04770689848296 -33.11297237078589 3.4499999999999997
vertex 83.0477068622416 -33.039305153784454 3.4499999999999997
endloop
endfacet
facet normal 0 0 1
outer loop
vertex 102.04770543900835 -32.98094990000001 3.450000000000002
vertex 102.04770536999753 -33.145036379373295 3.450000000000002
vertex 103.26126092260752 -33.145036379373295 3.4500000000000024
endloop
endfacet
facet normal 0 0 1
outer loop
vertex 102.04770543900835 -32.98094990000001 3.450000000000002
vertex 103.26126092260752 -33.145036379373295 3.4500000000000024
vertex 103.24770497654413 -32.98094990000001 3.4500000000000024
endloop
endfacet
facet normal 0 0 1
outer loop
vertex 81.18972716986967 -33.11297237078589 3.4499999999999997
vertex 81.0213552042109 -33.1580875030122 3.4499999999999993
vertex 83.04770692067783 -33.1580875030122 3.4499999999999997
endloop
endfacet
facet normal 0 0 1
outer loop
vertex 81.18972716986967 -33.11297237078589 3.4499999999999997
vertex 83.04770692067783 -33.1580875030122 3.4499999999999997
vertex 83.04770689848296 -33.11297237078589 3.4499999999999997
endloop
endfacet
facet normal 0 0 1
outer loop
vertex 81.0213552042109 -33.1580875030122 3.4499999999999993
vertex 80.84770497654392 -33.1732795 3.4499999999999993
vertex 83.04770692815168 -33.1732795 3.4499999999999997
endloop
endfacet
facet normal 0 0 1
outer loop
vertex 81.0213552042109 -33.1580875030122 3.4499999999999993
vertex 83.04770692815168 -33.1732795 3.4499999999999997
vertex 83.04770692067783 -33.1580875030122 3.4499999999999997
endloop
endfacet
facet normal 0 0 1
outer loop
vertex 102.04770536999753 -33.145036379373295 3.450000000000002
vertex 102.04770530285545 -33.30467949217119 3.450000000000002
vertex 103.30155706162401 -33.30467949217119 3.4500000000000024
endloop
endfacet
facet normal 0 0 1
outer loop
vertex 102.04770536999753 -33.145036379373295 3.450000000000002
vertex 103.30155706162401 -33.30467949217119 3.4500000000000024
vertex 103.26126092260752 -33.145036379373295 3.4500000000000024
endloop
endfacet
facet normal 0 0 1
outer loop
vertex 102.04770530285545 -33.30467949217119 3.450000000000002
vertex 102.04770523940441 -33.455546410542155 3.450000000000002
vertex 103.36750316391726 -33.455546410542155 3.4500000000000024
endloop
endfacet
facet normal 0 0 1
outer loop
vertex 102.04770530285545 -33.30467949217119 3.450000000000002
vertex 103.36750316391726 -33.455546410542155 3.4500000000000024
vertex 103.30155706162401 -33.30467949217119 3.4500000000000024
endloop
endfacet
facet normal 0 0 1
outer loop
vertex 102.04770523940441 -33.455546410542155 3.450000000000002
vertex 102.04770518136458 -33.59354717668482 3.450000000000002
vertex 103.45731126230527 -33.59354717668482 3.4500000000000024
endloop
endfacet
facet normal 0 0 1
outer loop
vertex 102.04770523940441 -33.455546410542155 3.450000000000002
vertex 103.45731126230527 -33.59354717668482 3.4500000000000024
vertex 103.36750316391726 -33.455546410542155 3.4500000000000024
endloop
endfacet
facet normal 0 0 1
outer loop
vertex 102.04770518136458 -33.59354717668482 3.450000000000002
vertex 102.04770513030937 -33.714940630402914 3.450000000000002
vertex 103.56854675747897 -33.714940630402914 3.4500000000000024
endloop
endfacet
facet normal 0 0 1
outer loop
vertex 102.04770518136458 -33.59354717668482 3.450000000000002
vertex 103.56854675747897 -33.714940630402914 3.4500000000000024
vertex 103.45731126230527 -33.59354717668482 3.4500000000000024
endloop
endfacet
facet normal 0 0 1
outer loop
vertex 102.04770513030937 -33.714940630402914 3.450000000000002
vertex 102.0477050876229 -33.816435830856435 3.450000000000002
vertex 103.69819408786802 -33.816435830856435 3.4500000000000024
endloop
endfacet
facet normal 0 0 1
outer loop
vertex 102.04770513030937 -33.714940630402914 3.450000000000002
vertex 103.69819408786802 -33.816435830856435 3.4500000000000024
vertex 103.56854675747897 -33.714940630402914 3.4500000000000024
endloop
endfacet
facet normal 0 0 1
outer loop
vertex 102.0477050876229 -33.816435830856435 3.450000000000002
vertex 102.0477050544624 -33.89528127300151 3.450000000000002
vertex 103.84273855246289 -33.89528127300151 3.4500000000000024
endloop
endfacet
facet normal 0 0 1
outer loop
vertex 102.0477050876229 -33.816435830856435 3.450000000000002
vertex 103.84273855246289 -33.89528127300151 3.4500000000000024
vertex 103.69819408786802 -33.816435830856435 3.4500000000000024
endloop
endfacet
facet normal 0 0 1
outer loop
vertex 102.0477050544624 -33.89528127300151 3.450000000000002
vertex 102.04770503172682 -33.949339480082855 3.450000000000002
vertex 103.99826159332584 -33.949339480082855 3.4500000000000024
endloop
endfacet
facet normal 0 0 1
outer loop
vertex 102.0477050544624 -33.89528127300151 3.450000000000002
vertex 103.99826159332584 -33.949339480082855 3.4500000000000024
vertex 103.84273855246289 -33.89528127300151 3.4500000000000024
endloop
endfacet
facet normal 0 0 1
outer loop
vertex 102.04770503172682 -33.949339480082855 3.450000000000002
vertex 102.04770502003251 -33.97714495000002 3.450000000000002
vertex 104.16054702654407 -33.97714495000002 3.4500000000000024
endloop
endfacet
facet normal 0 0 1
outer loop
vertex 102.04770503172682 -33.949339480082855 3.450000000000002
vertex 104.16054702654407 -33.97714495000002 3.4500000000000024
vertex 103.99826159332584 -33.949339480082855 3.4500000000000024
endloop
endfacet
facet normal -1.1610176976528677e-16 1.4751952361358014e-15 1
outer loop
vertex 80.84770497654392 -33.1732795 3.4499999999999993
vertex 65.547707026544 -33.1732795 3.4499999999999975
vertex 65.28176843597556 -33.19420957098827 3.4499999999999975
endloop
endfacet
facet normal -1.1610176976528677e-16 1.4751952361358014e-15 1
outer loop
vertex 80.84770497654392 -33.1732795 3.4499999999999993
vertex 65.28176843597556 -33.19420957098827 3.4499999999999975
vertex 65.02237813610654 -33.25648367229824 3.4499999999999975
endloop
endfacet
facet normal -1.1610176976528677e-16 1.4751952361358014e-15 1
outer loop
vertex 80.84770497654392 -33.1732795 3.4499999999999993
vertex 65.02237813610654 -33.25648367229824 3.4499999999999975
vertex 64.77592317698671 -33.35856865887978 3.4499999999999975
endloop
endfacet
facet normal -1.1610176976528677e-16 1.4751952361358014e-15 1
outer loop
vertex 80.84770497654392 -33.1732795 3.4499999999999993
vertex 64.77592317698671 -33.35856865887978 3.4499999999999975
vertex 64.54847209764674 -33.4979508595626 3.4499999999999975
endloop
endfacet
facet normal -1.1610176976528677e-16 1.4751952361358014e-15 1
outer loop
vertex 80.84770497654392 -33.1732795 3.4499999999999993
vertex 64.54847209764674 -33.4979508595626 3.4499999999999975
vertex 64.34562549852676 -33.67119822198292 3.4499999999999975
endloop
endfacet
facet normal -1.1610176976528677e-16 1.4751952361358014e-15 1
outer loop
vertex 80.84770497654392 -33.1732795 3.4499999999999993
vertex 64.34562549852676 -33.67119822198292 3.4499999999999975
vertex 64.1723781361065 -33.874044821102835 3.4499999999999975
endloop
endfacet
facet normal -1.1610176976528677e-16 1.4751952361358014e-15 1
outer loop
vertex 80.84770497654392 -33.1732795 3.4499999999999993
vertex 64.1723781361065 -33.874044821102835 3.4499999999999975
vertex 64.03299593542371 -34.101495900442806 3.4499999999999975
endloop
endfacet
facet normal -1.1610176976528677e-16 1.4751952361358014e-15 1
outer loop
vertex 80.84770497654392 -33.1732795 3.4499999999999993
vertex 64.03299593542371 -34.101495900442806 3.4499999999999975
vertex 63.93091094884218 -34.347950859562616 3.4499999999999975
endloop
endfacet
facet normal -1.1610176976528677e-16 1.4751952361358014e-15 1
outer loop
vertex 80.84770497654392 -33.1732795 3.4499999999999993
vertex 63.93091094884218 -34.347950859562616 3.4499999999999975
vertex 63.92483003302998 -34.37327969679713 3.4499999999999975
endloop
endfacet
facet normal -1.1610176976528677e-16 1.4751952361358014e-15 1
outer loop
vertex 80.84770497654392 -33.1732795 3.4499999999999993
vertex 63.92483003302998 -34.37327969679713 3.4499999999999975
vertex 65.54770763465567 -34.37327969679713 3.4499999999999975
endloop
endfacet
facet normal -1.1610176976528677e-16 1.4751952361358014e-15 1
outer loop
vertex 80.84770497654392 -33.1732795 3.4499999999999993
vertex 65.54770763465567 -34.37327969679713 3.4499999999999975
vertex 82.04770497654403 -34.37327969679713 3.4499999999999997
endloop
endfacet
facet normal -1.1610176976528677e-16 1.4751952361358014e-15 1
outer loop
vertex 80.84770497654392 -33.1732795 3.4499999999999993
vertex 82.04770497654403 -34.37327969679713 3.4499999999999997
vertex 82.22135520421092 -34.3580875030122 3.4499999999999997
endloop
endfacet
facet normal -1.1610176976528677e-16 1.4751952361358014e-15 1
outer loop
vertex 80.84770497654392 -33.1732795 3.4499999999999993
vertex 82.22135520421092 -34.3580875030122 3.4499999999999997
vertex 82.38972716986962 -34.31297237078591 3.4499999999999997
endloop
endfacet
facet normal -1.1610176976528677e-16 1.4751952361358014e-15 1
outer loop
vertex 80.84770497654392 -33.1732795 3.4499999999999993
vertex 82.38972716986962 -34.31297237078591 3.4499999999999997
vertex 82.54770702654396 -34.239305153784436 3.4499999999999997
endloop
endfacet
facet normal -1.1610176976528677e-16 1.4751952361358014e-15 1
outer loop
vertex 80.84770497654392 -33.1732795 3.4499999999999993
vertex 82.54770702654396 -34.239305153784436 3.4499999999999997
vertex 82.69049463623048 -34.13932419311898 3.4499999999999997
endloop
endfacet
facet normal -1.1610176976528677e-16 1.4751952361358014e-15 1
outer loop
vertex 80.84770497654392 -33.1732795 3.4499999999999993
vertex 82.69049463623048 -34.13932419311898 3.4499999999999997
vertex 82.81375146966293 -34.01606735968652 3.4499999999999997
endloop
endfacet
facet normal -1.1610176976528677e-16 1.4751952361358014e-15 1
outer loop
vertex 80.84770497654392 -33.1732795 3.4499999999999993
vertex 82.81375146966293 -34.01606735968652 3.4499999999999997
vertex 82.9137324303284 -33.87327974999997 3.4499999999999997
endloop
endfacet
facet normal -1.1610176976528677e-16 1.4751952361358014e-15 1
outer loop
vertex 80.84770497654392 -33.1732795 3.4499999999999993
vertex 82.9137324303284 -33.87327974999997 3.4499999999999997
vertex 82.98739964732985 -33.71529989332568 3.4499999999999997
endloop
endfacet
facet normal -1.1610176976528677e-16 1.4751952361358014e-15 1
outer loop
vertex 80.84770497654392 -33.1732795 3.4499999999999993
vertex 82.98739964732985 -33.71529989332568 3.4499999999999997
vertex 83.03251477955615 -33.54692792766698 3.4499999999999997
endloop
endfacet
facet normal -1.1610176976528677e-16 1.4751952361358014e-15 1
outer loop
vertex 80.84770497654392 -33.1732795 3.4499999999999993
vertex 83.03251477955615 -33.54692792766698 3.4499999999999997
vertex 83.04770702654395 -33.3732797500001 3.4499999999999997
endloop
endfacet
facet normal -1.1610176976528677e-16 1.4751952361358014e-15 1
outer loop
vertex 80.84770497654392 -33.1732795 3.4499999999999993
vertex 83.04770702654395 -33.3732797500001 3.4499999999999997
vertex 83.04770692815168 -33.1732795 3.4499999999999997
endloop
endfacet
facet normal 0 0 1
outer loop
vertex 63.92483003302998 -34.37327969679713 3.4499999999999975
vertex 63.92300635235486 -34.3808758734939 3.4499999999999975
vertex 65.46088293771048 -34.3808758734939 3.4499999999999975
endloop
endfacet
facet normal 0 0 1
outer loop
vertex 63.92483003302998 -34.37327969679713 3.4499999999999975
vertex 65.46088293771048 -34.3808758734939 3.4499999999999975
vertex 65.54770763465567 -34.37327969679713 3.4499999999999975
endloop
endfacet
facet normal 0 0 1
outer loop
vertex 63.92300635235486 -34.3808758734939 3.4499999999999975
vertex 63.91759075987456 -34.40343343960707 3.4499999999999975
vertex 65.37669695488106 -34.40343343960707 3.4499999999999975
endloop
endfacet
facet normal 0 0 1
outer loop
vertex 63.92300635235486 -34.3808758734939 3.4499999999999975
vertex 65.37669695488106 -34.40343343960707 3.4499999999999975
vertex 65.46088293771048 -34.3808758734939 3.4499999999999975
endloop
endfacet
facet normal 0 0 1
outer loop
vertex 63.91759075987456 -34.40343343960707 3.4499999999999975
vertex 63.90874779285326 -34.44026704810778 3.4499999999999975
vertex 65.29770702654395 -34.44026704810778 3.4499999999999975
endloop
endfacet
facet normal 0 0 1
outer loop
vertex 63.91759075987456 -34.40343343960707 3.4499999999999975
vertex 65.29770702654395 -34.44026704810778 3.4499999999999975
vertex 65.37669695488106 -34.40343343960707 3.4499999999999975
endloop
endfacet
facet normal 0 0 1
outer loop
vertex 63.90874779285326 -34.44026704810778 3.4499999999999975
vertex 63.896746140369174 -34.490257528440495 3.4499999999999975
vertex 65.2263132217007 -34.490257528440495 3.4499999999999975
endloop
endfacet
facet normal 0 0 1
outer loop
vertex 63.90874779285326 -34.44026704810778 3.4499999999999975
vertex 65.2263132217007 -34.490257528440495 3.4499999999999975
vertex 65.29770702654395 -34.44026704810778 3.4499999999999975
endloop
endfacet
facet normal 0 0 1
outer loop
vertex 63.896746140369174 -34.490257528440495 3.4499999999999975
vertex 63.88195046655986 -34.55188594515669 3.4499999999999975
vertex 65.1646848049845 -34.55188594515669 3.4499999999999975
endloop
endfacet
facet normal 0 0 1
outer loop
vertex 63.896746140369174 -34.490257528440495 3.4499999999999975
vertex 65.1646848049845 -34.55188594515669 3.4499999999999975
vertex 65.2263132217007 -34.490257528440495 3.4499999999999975
endloop
endfacet
facet normal 0 0 1
outer loop
vertex 63.88195046655986 -34.55188594515669 3.4499999999999975
vertex 63.8686368475322 -34.607341159431684 3.4499999999999975
vertex 63.8673823292074 -34.62327975000002 3.4499999999999975
endloop
endfacet
facet normal 0 0 1
outer loop
vertex 63.88195046655986 -34.55188594515669 3.4499999999999975
vertex 63.8673823292074 -34.62327975000002 3.4499999999999975
vertex 65.11469432465172 -34.62327975000002 3.4499999999999975
endloop
endfacet
facet normal 0 0 1
outer loop
vertex 63.88195046655986 -34.55188594515669 3.4499999999999975
vertex 65.11469432465172 -34.62327975000002 3.4499999999999975
vertex 65.1646848049845 -34.55188594515669 3.4499999999999975
endloop
endfacet
facet normal 0 0 1
outer loop
vertex 63.8673823292074 -34.62327975000002 3.4499999999999975
vertex 63.86116507228314 -34.70226967833714 3.4499999999999975
vertex 65.07786071615101 -34.70226967833714 3.4499999999999975
endloop
endfacet
facet normal 0 0 1
outer loop
vertex 63.8673823292074 -34.62327975000002 3.4499999999999975
vertex 65.07786071615101 -34.70226967833714 3.4499999999999975
vertex 65.11469432465172 -34.62327975000002 3.4499999999999975
endloop
endfacet
facet normal 0 0 1
outer loop
vertex 63.86116507228314 -34.70226967833714 3.4499999999999975
vertex 63.854538836563094 -34.78645566116655 3.4499999999999975
vertex 65.05530315003786 -34.78645566116655 3.4499999999999975
endloop
endfacet
facet normal 0 0 1
outer loop
vertex 63.86116507228314 -34.70226967833714 3.4499999999999975
vertex 65.05530315003786 -34.78645566116655 3.4499999999999975
vertex 65.07786071615101 -34.70226967833714 3.4499999999999975
endloop
endfacet
facet normal 0 0 1
outer loop
vertex 63.854538836563094 -34.78645566116655 3.4499999999999975
vertex 63.84770497654395 -34.87327950000015 3.4499999999999975
vertex 65.04770497654395 -34.87327950000015 3.4499999999999975
endloop
endfacet
facet normal 0 0 1
outer loop
vertex 63.854538836563094 -34.78645566116655 3.4499999999999975
vertex 65.04770497654395 -34.87327950000015 3.4499999999999975
vertex 65.05530315003786 -34.78645566116655 3.4499999999999975
endloop
endfacet
facet normal 0 0 1
outer loop
vertex 63.84770497654395 -34.87327950000015 3.4499999999999975
vertex 63.84770702654396 -35.006279699999936 3.4499999999999975
vertex 65.04770518108286 -35.006279699999936 3.4499999999999975
endloop
endfacet
facet normal 0 0 1
outer loop
vertex 63.84770497654395 -34.87327950000015 3.4499999999999975
vertex 65.04770518108286 -35.006279699999936 3.4499999999999975
vertex 65.04770497654395 -34.87327950000015 3.4499999999999975
endloop
endfacet
facet normal 0 0 1
outer loop
vertex 63.84770702654396 -35.006279699999936 3.4499999999999975
vertex 63.83251477955616 -35.17992787766693 3.4499999999999975
vertex 65.04770544813364 -35.17992787766693 3.4499999999999975
endloop
endfacet
facet normal 0 0 1
outer loop
vertex 63.84770702654396 -35.006279699999936 3.4499999999999975
vertex 65.04770544813364 -35.17992787766693 3.4499999999999975
vertex 65.04770518108286 -35.006279699999936 3.4499999999999975
endloop
endfacet
facet normal 0 0 1
outer loop
vertex 63.83251477955616 -35.17992787766693 3.4499999999999975
vertex 63.78739964732988 -35.348299843325634 3.4499999999999975
vertex 65.04770570707024 -35.348299843325634 3.4499999999999975
endloop
endfacet
facet normal 0 0 1
outer loop
vertex 63.83251477955616 -35.17992787766693 3.4499999999999975
vertex 65.04770570707024 -35.348299843325634 3.4499999999999975
vertex 65.04770544813364 -35.17992787766693 3.4499999999999975
endloop
endfacet
facet normal 0 0 1
outer loop
vertex 63.78739964732988 -35.348299843325634 3.4499999999999975
vertex 63.713732430328335 -35.50627970000012 3.4499999999999975
vertex 65.04770595002498 -35.50627970000012 3.4499999999999975
endloop
endfacet
facet normal 0 0 1
outer loop
vertex 63.78739964732988 -35.348299843325634 3.4499999999999975
vertex 65.04770595002498 -35.50627970000012 3.4499999999999975
vertex 65.04770570707024 -35.348299843325634 3.4499999999999975
endloop
endfacet
facet normal 0 0 1
outer loop
vertex 63.713732430328335 -35.50627970000012 3.4499999999999975
vertex 63.61375146966304 -35.64906730968641 3.4499999999999975
vertex 65.04770616961578 -35.64906730968641 3.4499999999999975
endloop
endfacet
facet normal 0 0 1
outer loop
vertex 63.713732430328335 -35.50627970000012 3.4499999999999975
vertex 65.04770616961578 -35.64906730968641 3.4499999999999975
vertex 65.04770595002498 -35.50627970000012 3.4499999999999975
endloop
endfacet
facet normal 0 0 1
outer loop
vertex 63.61375146966304 -35.64906730968641 3.4499999999999975
vertex 63.49049463623045 -35.772324143119 3.4499999999999975
vertex 65.04770635917052 -35.772324143119 3.4499999999999975
endloop
endfacet
facet normal 0 0 1
outer loop
vertex 63.61375146966304 -35.64906730968641 3.4499999999999975
vertex 65.04770635917052 -35.772324143119 3.4499999999999975
vertex 65.04770616961578 -35.64906730968641 3.4499999999999975
endloop
endfacet
facet normal 0 0 1
outer loop
vertex 63.49049463623045 -35.772324143119 3.4499999999999975
vertex 63.34770702654397 -35.87230510378443 3.4499999999999975
vertex 65.04770651292964 -35.87230510378443 3.4499999999999975
endloop
endfacet
facet normal 0 0 1
outer loop
vertex 63.49049463623045 -35.772324143119 3.4499999999999975
vertex 65.04770651292964 -35.87230510378443 3.4499999999999975
vertex 65.04770635917052 -35.772324143119 3.4499999999999975
endloop
endfacet
facet normal 0 0 1
outer loop
vertex 63.34770702654397 -35.87230510378443 3.4499999999999975
vertex 63.18972716986967 -35.94597232078588 3.4499999999999975
vertex 65.04770662622127 -35.94597232078588 3.4499999999999975
endloop
endfacet
facet normal 0 0 1
outer loop
vertex 63.34770702654397 -35.87230510378443 3.4499999999999975
vertex 65.04770662622127 -35.94597232078588 3.4499999999999975
vertex 65.04770651292964 -35.87230510378443 3.4499999999999975
endloop
endfacet
facet normal 0 0 1
outer loop
vertex 63.18972716986967 -35.94597232078588 3.4499999999999975
vertex 63.02135520421086 -35.9910874530122 3.4499999999999975
vertex 65.04770669560311 -35.9910874530122 3.4499999999999975
endloop
endfacet
facet normal 0 0 1
outer loop
vertex 63.18972716986967 -35.94597232078588 3.4499999999999975
vertex 65.04770669560311 -35.9910874530122 3.4499999999999975
vertex 65.04770662622127 -35.94597232078588 3.4499999999999975
endloop
endfacet
facet normal 0 0 1
outer loop
vertex 63.02135520421086 -35.9910874530122 3.4499999999999975
vertex 62.84770497654395 -36.0062794 3.449999999999997
vertex 65.04770671896657 -36.0062794 3.4499999999999975
endloop
endfacet
facet normal 0 0 1
outer loop
vertex 63.02135520421086 -35.9910874530122 3.4499999999999975
vertex 65.04770671896657 -36.0062794 3.4499999999999975
vertex 65.04770669560311 -35.9910874530122 3.4499999999999975
endloop
endfacet
facet normal 0 0 1
outer loop
vertex 102.04770502003251 -33.97714495000002 3.450000000000002
vertex 102.04770497654395 -34.080547299999836 3.450000000000002
vertex 102.06126094842351 -34.244635079373225 3.450000000000002
endloop
endfacet
facet normal 0 0 1
outer loop
vertex 102.04770502003251 -33.97714495000002 3.450000000000002
vertex 102.06126094842351 -34.244635079373225 3.450000000000002
vertex 102.10155713345759 -34.40427819217123 3.450000000000002
endloop
endfacet
facet normal 0 0 1
outer loop
vertex 102.04770502003251 -33.97714495000002 3.450000000000002
vertex 102.10155713345759 -34.40427819217123 3.450000000000002
vertex 102.16750316391722 -34.55514511054206 3.450000000000002
endloop
endfacet
facet normal 0 0 1
outer loop
vertex 102.04770502003251 -33.97714495000002 3.450000000000002
vertex 102.16750316391722 -34.55514511054206 3.450000000000002
vertex 102.25731126230536 -34.69314587668492 3.450000000000002
endloop
endfacet
facet normal 0 0 1
outer loop
vertex 102.04770502003251 -33.97714495000002 3.450000000000002
vertex 102.25731126230536 -34.69314587668492 3.450000000000002
vertex 102.36854675747892 -34.81453933040288 3.450000000000002
endloop
endfacet
facet normal 0 0 1
outer loop
vertex 102.04770502003251 -33.97714495000002 3.450000000000002
vertex 102.36854675747892 -34.81453933040288 3.450000000000002
vertex 102.49819408786793 -34.916034530856365 3.450000000000002
endloop
endfacet
facet normal 0 0 1
outer loop
vertex 102.04770502003251 -33.97714495000002 3.450000000000002
vertex 102.49819408786793 -34.916034530856365 3.450000000000002
vertex 102.64273855246302 -34.99487997300155 3.450000000000002
endloop
endfacet
facet normal 0 0 1
outer loop
vertex 102.04770502003251 -33.97714495000002 3.450000000000002
vertex 102.64273855246302 -34.99487997300155 3.450000000000002
vertex 102.79826159332592 -35.048938180082885 3.450000000000002
endloop
endfacet
facet normal 0 0 1
outer loop
vertex 102.04770502003251 -33.97714495000002 3.450000000000002
vertex 102.79826159332592 -35.048938180082885 3.450000000000002
vertex 102.96054702654385 -35.07674365 3.4500000000000024
endloop
endfacet
facet normal 0 0 1
outer loop
vertex 102.04770502003251 -33.97714495000002 3.450000000000002
vertex 102.96054702654385 -35.07674365 3.4500000000000024
vertex 124.18039487654391 -36.933238 3.4500000000000046
endloop
endfacet
facet normal 0 0 1
outer loop
vertex 102.04770502003251 -33.97714495000002 3.450000000000002
vertex 124.18039487654391 -36.933238 3.4500000000000046
vertex 125.75774098382823 -36.933238 3.450000000000005
endloop
endfacet
facet normal 0 0 1
outer loop
vertex 102.04770502003251 -33.97714495000002 3.450000000000002
vertex 125.75774098382823 -36.933238 3.450000000000005
vertex 125.67754026122296 -36.7128862811271 3.450000000000005
endloop
endfacet
facet normal 0 0 1
outer loop
vertex 102.04770502003251 -33.97714495000002 3.450000000000002
vertex 125.67754026122296 -36.7128862811271 3.450000000000005
vertex 125.52937633976182 -36.45625703321174 3.450000000000005
endloop
endfacet
facet normal 0 0 1
outer loop
vertex 102.04770502003251 -33.97714495000002 3.450000000000002
vertex 125.52937633976182 -36.45625703321174 3.450000000000005
vertex 125.33890017557763 -36.22925494206273 3.450000000000005
endloop
endfacet
facet normal 0 0 1
outer loop
vertex 102.04770502003251 -33.97714495000002 3.450000000000002
vertex 125.33890017557763 -36.22925494206273 3.450000000000005
vertex 125.11189928598047 -36.038777345924885 3.450000000000005
endloop
endfacet
facet normal 0 0 1
outer loop
vertex 102.04770502003251 -33.97714495000002 3.450000000000002
vertex 125.11189928598047 -36.038777345924885 3.450000000000005
vertex 124.85527097270663 -35.890611805617475 3.450000000000005
endloop
endfacet
facet normal 0 0 1
outer loop
vertex 102.04770502003251 -33.97714495000002 3.450000000000002
vertex 124.85527097270663 -35.890611805617475 3.450000000000005
vertex 124.57681275106053 -35.789260252565704 3.450000000000005
endloop
endfacet
facet normal 0 0 1
outer loop
vertex 102.04770502003251 -33.97714495000002 3.450000000000002
vertex 124.57681275106053 -35.789260252565704 3.450000000000005
vertex 124.28498177654403 -35.73780440000001 3.4500000000000046
endloop
endfacet
facet normal 0 0 1
outer loop
vertex 102.04770502003251 -33.97714495000002 3.450000000000002
vertex 124.28498177654403 -35.73780440000001 3.4500000000000046
vertex 104.16054702654407 -33.97714495000002 3.4500000000000024
endloop
endfacet
facet normal 0 0 1
outer loop
vertex 124.18039487654391 -36.933238 3.4500000000000046
vertex 124.2577806257243 -36.94618347765563 3.4500000000000046
vertex 125.762452708646 -36.94618347765563 3.450000000000005
endloop
endfacet
facet normal 0 0 1
outer loop
vertex 124.18039487654391 -36.933238 3.4500000000000046
vertex 125.762452708646 -36.94618347765563 3.450000000000005
vertex 125.75774098382823 -36.933238 3.450000000000005
endloop
endfacet
facet normal 0 0 1
outer loop
vertex 124.2577806257243 -36.94618347765563 3.4500000000000046
vertex 124.33218578101696 -36.971079079634805 3.4500000000000046
vertex 125.77151388265742 -36.971079079634805 3.450000000000005
endloop
endfacet
facet normal 0 0 1
outer loop
vertex 124.2577806257243 -36.94618347765563 3.4500000000000046
vertex 125.77151388265742 -36.971079079634805 3.450000000000005
vertex 125.762452708646 -36.94618347765563 3.450000000000005
endloop
endfacet
facet normal 0 0 1
outer loop
vertex 124.33218578101696 -36.971079079634805 3.4500000000000046
vertex 124.40178031424347 -37.00730778478696 3.4500000000000046
vertex 125.78170465436409 -37.00730778478696 3.450000000000005
endloop
endfacet
facet normal 0 0 1
outer loop
vertex 124.33218578101696 -36.971079079634805 3.4500000000000046
vertex 125.78170465436409 -37.00730778478696 3.450000000000005
vertex 125.77889005772363 -36.9913451421059 3.450000000000005
endloop
endfacet
facet normal 0 0 1
outer loop
vertex 124.33218578101696 -36.971079079634805 3.4500000000000046
vertex 125.77889005772363 -36.9913451421059 3.450000000000005
vertex 125.77151388265742 -36.971079079634805 3.450000000000005
endloop
endfacet
facet normal 0 0 1
outer loop
vertex 124.40178031424347 -37.00730778478696 3.4500000000000046
vertex 124.464850552408 -37.05397750934034 3.4500000000000046
vertex 125.78993364580143 -37.05397750934034 3.450000000000005
endloop
endfacet
facet normal 0 0 1
outer loop
vertex 124.40178031424347 -37.00730778478696 3.4500000000000046
vertex 125.78993364580143 -37.05397750934034 3.450000000000005
vertex 125.78170465436409 -37.00730778478696 3.450000000000005
endloop
endfacet
facet normal 0 0 1
outer loop
vertex 124.464850552408 -37.05397750934034 3.4500000000000046
vertex 124.51984347461972 -37.10993907328055 3.4500000000000046
vertex 125.79980101131281 -37.10993907328055 3.450000000000005
endloop
endfacet
facet normal 0 0 1
outer loop
vertex 124.464850552408 -37.05397750934034 3.4500000000000046
vertex 125.79980101131281 -37.10993907328055 3.450000000000005
vertex 125.78993364580143 -37.05397750934034 3.450000000000005
endloop
endfacet
facet normal 0 0 1
outer loop
vertex 124.51984347461972 -37.10993907328055 3.4500000000000046
vertex 124.56540495317074 -37.17381449738303 3.450000000000005
vertex 125.8110637801212 -37.17381449738303 3.450000000000005
endloop
endfacet
facet normal 0 0 1
outer loop
vertex 124.51984347461972 -37.10993907328055 3.4500000000000046
vertex 125.8110637801212 -37.17381449738303 3.450000000000005
vertex 125.79980101131281 -37.10993907328055 3.450000000000005
endloop
endfacet
facet normal -1.1610176976528603e-16 1.4751917120390766e-15 1
outer loop
vertex 62.84770497654395 -36.0062794 3.449999999999997
vertex 47.54770702654393 -36.0062794 3.4499999999999953
vertex 47.28176843597561 -36.027209520988265 3.4499999999999953
endloop
endfacet
facet normal -1.1610176976528603e-16 1.4751917120390766e-15 1
outer loop
vertex 62.84770497654395 -36.0062794 3.449999999999997
vertex 47.28176843597561 -36.027209520988265 3.4499999999999953
vertex 47.02237813610647 -36.08948362229826 3.4499999999999953
endloop
endfacet
facet normal -1.1610176976528603e-16 1.4751917120390766e-15 1
outer loop
vertex 62.84770497654395 -36.0062794 3.449999999999997
vertex 47.02237813610647 -36.08948362229826 3.4499999999999953
vertex 46.775923176986794 -36.191568608879734 3.4499999999999953
endloop
endfacet
facet normal -1.1610176976528603e-16 1.4751917120390766e-15 1
outer loop
vertex 62.84770497654395 -36.0062794 3.449999999999997
vertex 46.775923176986794 -36.191568608879734 3.4499999999999953
vertex 46.54847209764688 -36.33095080956251 3.4499999999999953
endloop
endfacet
facet normal -1.1610176976528603e-16 1.4751917120390766e-15 1
outer loop
vertex 62.84770497654395 -36.0062794 3.449999999999997
vertex 46.54847209764688 -36.33095080956251 3.4499999999999953
vertex 46.34562549852674 -36.504198171982964 3.4499999999999953
endloop
endfacet
facet normal -1.1610176976528603e-16 1.4751917120390766e-15 1
outer loop
vertex 62.84770497654395 -36.0062794 3.449999999999997
vertex 46.34562549852674 -36.504198171982964 3.4499999999999953
vertex 46.17237813610656 -36.70704477110277 3.4499999999999953
endloop
endfacet
facet normal -1.1610176976528603e-16 1.4751917120390766e-15 1
outer loop
vertex 62.84770497654395 -36.0062794 3.449999999999997
vertex 46.17237813610656 -36.70704477110277 3.4499999999999953
vertex 46.03299593542373 -36.934495850442794 3.4499999999999953
endloop
endfacet
facet normal -1.1610176976528603e-16 1.4751917120390766e-15 1
outer loop
vertex 62.84770497654395 -36.0062794 3.449999999999997
vertex 46.03299593542373 -36.934495850442794 3.4499999999999953
vertex 45.93091094884218 -37.180950809562624 3.4499999999999953
endloop
endfacet
facet normal -1.1610176976528603e-16 1.4751917120390766e-15 1
outer loop
vertex 62.84770497654395 -36.0062794 3.449999999999997
vertex 45.93091094884218 -37.180950809562624 3.4499999999999953
vertex 45.92483003288787 -37.206279647389096 3.4499999999999953
endloop
endfacet
facet normal -1.1610176976528603e-16 1.4751917120390766e-15 1
outer loop
vertex 62.84770497654395 -36.0062794 3.449999999999997
vertex 45.92483003288787 -37.206279647389096 3.4499999999999953
vertex 47.54770762788925 -37.206279647389096 3.4499999999999953
endloop
endfacet
facet normal -1.1610176976528603e-16 1.4751917120390766e-15 1
outer loop
vertex 62.84770497654395 -36.0062794 3.449999999999997
vertex 47.54770762788925 -37.206279647389096 3.4499999999999953
vertex 64.04770497654403 -37.206279647389096 3.4499999999999975
endloop
endfacet
facet normal -1.1610176976528603e-16 1.4751917120390766e-15 1
outer loop
vertex 62.84770497654395 -36.0062794 3.449999999999997
vertex 64.04770497654403 -37.206279647389096 3.4499999999999975
vertex 64.22135520421082 -37.191087453012216 3.4499999999999975
endloop
endfacet
facet normal -1.1610176976528603e-16 1.4751917120390766e-15 1
outer loop
vertex 62.84770497654395 -36.0062794 3.449999999999997
vertex 64.22135520421082 -37.191087453012216 3.4499999999999975
vertex 64.38972716986964 -37.145972320785894 3.4499999999999975
endloop
endfacet
facet normal -1.1610176976528603e-16 1.4751917120390766e-15 1
outer loop
vertex 62.84770497654395 -36.0062794 3.449999999999997
vertex 64.38972716986964 -37.145972320785894 3.4499999999999975
vertex 64.54770702654392 -37.07230510378446 3.4499999999999975
endloop
endfacet
facet normal -1.1610176976528603e-16 1.4751917120390766e-15 1
outer loop
vertex 62.84770497654395 -36.0062794 3.449999999999997
vertex 64.54770702654392 -37.07230510378446 3.4499999999999975
vertex 64.69049463623045 -36.97232414311899 3.4499999999999975
endloop
endfacet
facet normal -1.1610176976528603e-16 1.4751917120390766e-15 1
outer loop
vertex 62.84770497654395 -36.0062794 3.449999999999997
vertex 64.69049463623045 -36.97232414311899 3.4499999999999975
vertex 64.81375146966295 -36.8490673096865 3.4499999999999975
endloop
endfacet
facet normal -1.1610176976528603e-16 1.4751917120390766e-15 1
outer loop
vertex 62.84770497654395 -36.0062794 3.449999999999997
vertex 64.81375146966295 -36.8490673096865 3.4499999999999975
vertex 64.91373243032841 -36.70627969999996 3.4499999999999975
endloop
endfacet
facet normal -1.1610176976528603e-16 1.4751917120390766e-15 1
outer loop
vertex 62.84770497654395 -36.0062794 3.449999999999997
vertex 64.91373243032841 -36.70627969999996 3.4499999999999975
vertex 64.98739964732985 -36.5482998433257 3.4499999999999975
endloop
endfacet
facet normal -1.1610176976528603e-16 1.4751917120390766e-15 1
outer loop
vertex 62.84770497654395 -36.0062794 3.449999999999997
vertex 64.98739964732985 -36.5482998433257 3.4499999999999975
vertex 65.03251477955614 -36.37992787766695 3.4499999999999975
endloop
endfacet
facet normal -1.1610176976528603e-16 1.4751917120390766e-15 1
outer loop
vertex 62.84770497654395 -36.0062794 3.449999999999997
vertex 65.03251477955614 -36.37992787766695 3.4499999999999975
vertex 65.04770702654393 -36.206279700000096 3.4499999999999975
endloop
endfacet
facet normal -1.1610176976528603e-16 1.4751917120390766e-15 1
outer loop
vertex 62.84770497654395 -36.0062794 3.449999999999997
vertex 65.04770702654393 -36.206279700000096 3.4499999999999975
vertex 65.04770671896657 -36.0062794 3.4499999999999975
endloop
endfacet
facet normal 0 0 1
outer loop
vertex 45.92483003288787 -37.206279647389096 3.4499999999999953
vertex 45.92300635235486 -37.21387582349389 3.4499999999999953
vertex 47.46088293771044 -37.21387582349389 3.4499999999999953
endloop
endfacet
facet normal 0 0 1
outer loop
vertex 45.92483003288787 -37.206279647389096 3.4499999999999953
vertex 47.46088293771044 -37.21387582349389 3.4499999999999953
vertex 47.54770762788925 -37.206279647389096 3.4499999999999953
endloop
endfacet
facet normal 0 0 1
outer loop
vertex 45.92300635235486 -37.21387582349389 3.4499999999999953
vertex 45.91759075987456 -37.236433389607015 3.4499999999999953
vertex 47.37669695488118 -37.236433389607015 3.4499999999999953
endloop
endfacet
facet normal 0 0 1
outer loop
vertex 45.92300635235486 -37.21387582349389 3.4499999999999953
vertex 47.37669695488118 -37.236433389607015 3.4499999999999953
vertex 47.46088293771044 -37.21387582349389 3.4499999999999953
endloop
endfacet
facet normal 0 0 1
outer loop
vertex 124.56540495317074 -37.17381449738303 3.450000000000005
vertex 124.60041309713326 -37.244030934121966 3.450000000000005
vertex 125.82344462149565 -37.244030934121966 3.450000000000005
endloop
endfacet
facet normal 0 0 1
outer loop
vertex 124.56540495317074 -37.17381449738303 3.450000000000005
vertex 125.82344462149565 -37.244030934121966 3.450000000000005
vertex 125.8110637801212 -37.17381449738303 3.450000000000005
endloop
endfacet
facet normal 0 0 1
outer loop
vertex 45.91759075987456 -37.236433389607015 3.4499999999999953
vertex 45.90874779285325 -37.273266998107786 3.4499999999999953
vertex 47.29770702654395 -37.273266998107786 3.4499999999999953
endloop
endfacet
facet normal 0 0 1
outer loop
vertex 45.91759075987456 -37.236433389607015 3.4499999999999953
vertex 47.29770702654395 -37.273266998107786 3.4499999999999953
vertex 47.37669695488118 -37.236433389607015 3.4499999999999953
endloop
endfacet
facet normal 0 0 1
outer loop
vertex 124.60041309713326 -37.244030934121966 3.450000000000005
vertex 124.6240058774346 -37.31885939695315 3.450000000000005
vertex 125.83034616790044 -37.31885939695315 3.450000000000005
endloop
endfacet
facet normal 0 0 1
outer loop
vertex 124.60041309713326 -37.244030934121966 3.450000000000005
vertex 125.83034616790044 -37.31885939695315 3.450000000000005
vertex 125.83034626940524 -37.28317279122043 3.450000000000005
endloop
endfacet
facet normal 0 0 1
outer loop
vertex 124.60041309713326 -37.244030934121966 3.450000000000005
vertex 125.83034626940524 -37.28317279122043 3.450000000000005
vertex 125.82344462149565 -37.244030934121966 3.450000000000005
endloop
endfacet
facet normal 0 0 1
outer loop
vertex 45.90874779285325 -37.273266998107786 3.4499999999999953
vertex 45.89674614036916 -37.32325747844051 3.4499999999999953
vertex 47.22631322170068 -37.32325747844051 3.4499999999999953
endloop
endfacet
facet normal 0 0 1
outer loop
vertex 45.90874779285325 -37.273266998107786 3.4499999999999953
vertex 47.22631322170068 -37.32325747844051 3.4499999999999953
vertex 47.29770702654395 -37.273266998107786 3.4499999999999953
endloop
endfacet
facet normal 0 0 1
outer loop
vertex 45.89674614036916 -37.32325747844051 3.4499999999999953
vertex 45.88195046655983 -37.38488589515682 3.4499999999999953
vertex 47.164684804984375 -37.38488589515682 3.4499999999999953
endloop
endfacet
facet normal 0 0 1
outer loop
vertex 45.89674614036916 -37.32325747844051 3.4499999999999953
vertex 47.164684804984375 -37.38488589515682 3.4499999999999953
vertex 47.22631322170068 -37.32325747844051 3.4499999999999953
endloop
endfacet
facet normal 0 0 1
outer loop
vertex 124.6240058774346 -37.31885939695315 3.450000000000005
vertex 124.63560235317854 -37.39645733431186 3.450000000000005
vertex 125.83034594718559 -37.39645733431186 3.450000000000005
endloop
endfacet
facet normal 0 0 1
outer loop
vertex 124.6240058774346 -37.31885939695315 3.450000000000005
vertex 125.83034594718559 -37.39645733431186 3.450000000000005
vertex 125.83034616790044 -37.31885939695315 3.450000000000005
endloop
endfacet
facet normal 0 0 1
outer loop
vertex 45.88195046655983 -37.38488589515682 3.4499999999999953
vertex 45.8686368475322 -37.44034110943167 3.4499999999999953
vertex 45.867382328971544 -37.45627969999988 3.4499999999999953
endloop
endfacet
facet normal 0 0 1
outer loop
vertex 45.88195046655983 -37.38488589515682 3.4499999999999953
vertex 45.867382328971544 -37.45627969999988 3.4499999999999953
vertex 47.11469432465178 -37.45627969999988 3.4499999999999953
endloop
endfacet
facet normal 0 0 1
outer loop
vertex 45.88195046655983 -37.38488589515682 3.4499999999999953
vertex 47.11469432465178 -37.45627969999988 3.4499999999999953
vertex 47.164684804984375 -37.38488589515682 3.4499999999999953
endloop
endfacet
facet normal 0 0 1
outer loop
vertex 124.63560235317854 -37.39645733431186 3.450000000000005
vertex 124.63491697654393 -37.47491400000014 3.450000000000005
vertex 125.83034572402823 -37.47491400000014 3.450000000000005
endloop
endfacet
facet normal 0 0 1
outer loop
vertex 124.63560235317854 -37.39645733431186 3.450000000000005
vertex 125.83034572402823 -37.47491400000014 3.450000000000005
vertex 125.83034594718559 -37.39645733431186 3.450000000000005
endloop
endfacet
facet normal 0 0 1
outer loop
vertex 45.867382328971544 -37.45627969999988 3.4499999999999953
vertex 45.86116507087834 -37.53526962833717 3.4499999999999953
vertex 47.077860716150994 -37.53526962833717 3.4499999999999953
endloop
endfacet
facet normal 0 0 1
outer loop
vertex 45.867382328971544 -37.45627969999988 3.4499999999999953
vertex 47.077860716150994 -37.53526962833717 3.4499999999999953
vertex 47.11469432465178 -37.45627969999988 3.4499999999999953
endloop
endfacet
facet normal 0 0 1
outer loop
vertex 45.86116507087834 -37.53526962833717 3.4499999999999953
vertex 45.85453883391247 -37.61945561116653 3.4499999999999953
vertex 47.055303150037844 -37.61945561116653 3.4499999999999953
endloop
endfacet
facet normal 0 0 1
outer loop
vertex 45.86116507087834 -37.53526962833717 3.4499999999999953
vertex 47.055303150037844 -37.61945561116653 3.4499999999999953
vertex 47.077860716150994 -37.53526962833717 3.4499999999999953
endloop
endfacet
facet normal 0 0 1
outer loop
vertex 45.85453883391247 -37.61945561116653 3.4499999999999953
vertex 45.84770497654394 -37.70627940000011 3.4499999999999953
vertex 47.047704976543955 -37.70627940000011 3.4499999999999953
endloop
endfacet
facet normal 0 0 1
outer loop
vertex 45.85453883391247 -37.61945561116653 3.4499999999999953
vertex 47.047704976543955 -37.70627940000011 3.4499999999999953
vertex 47.055303150037844 -37.61945561116653 3.4499999999999953
endloop
endfacet
facet normal 0 0 1
outer loop
vertex 124.63491697654393 -37.47491400000014 3.450000000000005
vertex 123.26040489820784 -53.18563019999994 3.4500000000000046
vertex 124.46498846840927 -53.18563019999994 3.4500000000000046
endloop
endfacet
facet normal 0 0 1
outer loop
vertex 124.63491697654393 -37.47491400000014 3.450000000000005
vertex 124.46498846840927 -53.18563019999994 3.4500000000000046
vertex 125.83034542654394 -37.57950220000001 3.450000000000005
endloop
endfacet
facet normal 0 0 1
outer loop
vertex 124.63491697654393 -37.47491400000014 3.450000000000005
vertex 125.83034542654394 -37.57950220000001 3.450000000000005
vertex 125.83034572402823 -37.47491400000014 3.450000000000005
endloop
endfacet
facet normal 0 0 1
outer loop
vertex 123.26040489820784 -53.18563019999994 3.4500000000000046
vertex 123.24684608888595 -53.340607834590514 3.4500000000000046
vertex 124.46348140358091 -53.340607834590514 3.4500000000000046
endloop
endfacet
facet normal 0 0 1
outer loop
vertex 123.26040489820784 -53.18563019999994 3.4500000000000046
vertex 124.46348140358091 -53.340607834590514 3.4500000000000046
vertex 124.46498846840927 -53.18563019999994 3.4500000000000046
endloop
endfacet
facet normal 0 0 1
outer loop
vertex 123.24684608888595 -53.340607834590514 3.4500000000000046
vertex 123.23342980518346 -53.49395639668393 3.4500000000000046
vertex 124.48594409511425 -53.49395639668393 3.4500000000000046
endloop
endfacet
facet normal 0 0 1
outer loop
vertex 123.24684608888595 -53.340607834590514 3.4500000000000046
vertex 124.48594409511425 -53.49395639668393 3.4500000000000046
vertex 124.46348140358091 -53.340607834590514 3.4500000000000046
endloop
endfacet
facet normal 0 0 1
outer loop
vertex 45.84770497654394 -37.70627940000011 3.4499999999999953
vertex 45.847707026543944 -53.50627970000018 3.4499999999999953
vertex 47.04770688183807 -53.50627970000018 3.4499999999999953
endloop
endfacet
facet normal 0 0 1
outer loop
vertex 45.84770497654394 -37.70627940000011 3.4499999999999953
vertex 47.04770688183807 -53.50627970000018 3.4499999999999953
vertex 47.047704976543955 -37.70627940000011 3.4499999999999953
endloop
endfacet
facet normal 0 0 1
outer loop
vertex 123.23342980518346 -53.49395639668393 3.4500000000000046
vertex 123.22047831974922 -53.64199229934959 3.4500000000000046
vertex 124.53183225919663 -53.64199229934959 3.4500000000000046
endloop
endfacet
facet normal 0 0 1
outer loop
vertex 123.23342980518346 -53.49395639668393 3.4500000000000046
vertex 124.53183225919663 -53.64199229934959 3.4500000000000046
vertex 124.48594409511425 -53.49395639668393 3.4500000000000046
endloop
endfacet
facet normal 0 0 1
outer loop
vertex 45.847707026543944 -53.50627970000018 3.4499999999999953
vertex 45.83251477955616 -53.67992787766699 3.4499999999999953
vertex 47.047706902778 -53.67992787766699 3.4499999999999953
endloop
endfacet
facet normal 0 0 1
outer loop
vertex 45.847707026543944 -53.50627970000018 3.4499999999999953
vertex 47.047706902778 -53.67992787766699 3.4499999999999953
vertex 47.04770688183807 -53.50627970000018 3.4499999999999953
endloop
endfacet
facet normal 0 0 1
outer loop
vertex 123.22047831974922 -53.64199229934959 3.4500000000000046
vertex 123.20830273186363 -53.78115966762376 3.4500000000000046
vertex 124.60004364252131 -53.78115966762376 3.450000000000005
endloop
endfacet
facet normal 0 0 1
outer loop
vertex 123.22047831974922 -53.64199229934959 3.4500000000000046
vertex 124.60004364252131 -53.78115966762376 3.450000000000005
vertex 124.53183225919663 -53.64199229934959 3.4500000000000046
endloop
endfacet
facet normal 0 0 1
outer loop
vertex 45.83251477955616 -53.67992787766699 3.4499999999999953
vertex 45.78739964732989 -53.84829984332562 3.4499999999999953
vertex 47.04770692308168 -53.84829984332562 3.4499999999999953
endloop
endfacet
facet normal 0 0 1
outer loop
vertex 45.83251477955616 -53.67992787766699 3.4499999999999953
vertex 47.04770692308168 -53.84829984332562 3.4499999999999953
vertex 47.047706902778 -53.67992787766699 3.4499999999999953
endloop
endfacet
facet normal 0 0 1
outer loop
vertex 123.20830273186363 -53.78115966762376 3.4500000000000046
vertex 123.19719550347253 -53.90811565188813 3.4500000000000046
vertex 124.6889397789965 -53.90811565188813 3.450000000000005
endloop
endfacet
facet normal 0 0 1
outer loop
vertex 123.20830273186363 -53.78115966762376 3.4500000000000046
vertex 124.6889397789965 -53.90811565188813 3.450000000000005
vertex 124.60004364252131 -53.78115966762376 3.450000000000005
endloop
endfacet
facet normal 0 0 1
outer loop
vertex 45.78739964732989 -53.84829984332562 3.4499999999999953
vertex 45.71373243032839 -54.006279700000015 3.4499999999999953
vertex 47.047706942132166 -54.006279700000015 3.4499999999999953
endloop
endfacet
facet normal 0 0 1
outer loop
vertex 45.78739964732989 -53.84829984332562 3.4499999999999953
vertex 47.047706942132166 -54.006279700000015 3.4499999999999953
vertex 47.04770692308168 -53.84829984332562 3.4499999999999953
endloop
endfacet
facet normal 0 0 1
outer loop
vertex 123.19719550347253 -53.90811565188813 3.4500000000000046
vertex 123.18742343414704 -54.0198107243068 3.4500000000000046
vertex 124.79638534609545 -54.0198107243068 3.450000000000005
endloop
endfacet
facet normal 0 0 1
outer loop
vertex 123.19719550347253 -53.90811565188813 3.4500000000000046
vertex 124.79638534609545 -54.0198107243068 3.450000000000005
vertex 124.6889397789965 -53.90811565188813 3.450000000000005
endloop
endfacet
facet normal 0 0 1
outer loop
vertex 123.18742343414704 -54.0198107243068 3.4500000000000046
vertex 123.17922125246345 -54.11356192956605 3.4500000000000046
vertex 124.91979945634378 -54.11356192956605 3.450000000000005
endloop
endfacet
facet normal 0 0 1
outer loop
vertex 123.18742343414704 -54.0198107243068 3.4500000000000046
vertex 124.91979945634378 -54.11356192956605 3.450000000000005
vertex 124.79638534609545 -54.0198107243068 3.450000000000005
endloop
endfacet
facet normal 0 0 1
outer loop
vertex 45.71373243032839 -54.006279700000015 3.4499999999999953
vertex 45.613751469662944 -54.14906730968653 3.4499999999999953
vertex 47.04770695935068 -54.14906730968653 3.4499999999999953
endloop
endfacet
facet normal 0 0 1
outer loop
vertex 45.71373243032839 -54.006279700000015 3.4499999999999953
vertex 47.04770695935068 -54.14906730968653 3.4499999999999953
vertex 47.047706942132166 -54.006279700000015 3.4499999999999953
endloop
endfacet
facet normal 0 0 1
outer loop
vertex 123.17922125246345 -54.11356192956605 3.4500000000000046
vertex 123.17278597773915 -54.18711733041554 3.4500000000000046
vertex 125.05621765292173 -54.18711733041554 3.450000000000005
endloop
endfacet
facet normal 0 0 1
outer loop
vertex 123.17922125246345 -54.11356192956605 3.4500000000000046
vertex 125.05621765292173 -54.18711733041554 3.450000000000005
vertex 124.91979945634378 -54.11356192956605 3.450000000000005
endloop
endfacet
facet normal 0 0 1
outer loop
vertex 123.17278597773915 -54.18711733041554 3.4500000000000046
vertex 123.16827218755884 -54.238710099999984 3.4500000000000046
vertex 125.20236312209798 -54.238710099999984 3.450000000000005
endloop
endfacet
facet normal 0 0 1
outer loop
vertex 123.17278597773915 -54.18711733041554 3.4500000000000046
vertex 125.20236312209798 -54.238710099999984 3.450000000000005
vertex 125.05621765292173 -54.18711733041554 3.450000000000005
endloop
endfacet
facet normal 0 0 1
outer loop
vertex 45.613751469662944 -54.14906730968653 3.4499999999999953
vertex 45.49049463623051 -54.272324143118965 3.4499999999999953
vertex 47.04770697421401 -54.272324143118965 3.4499999999999953
endloop
endfacet
facet normal 0 0 1
outer loop
vertex 45.613751469662944 -54.14906730968653 3.4499999999999953
vertex 47.04770697421401 -54.272324143118965 3.4499999999999953
vertex 47.04770695935068 -54.14906730968653 3.4499999999999953
endloop
endfacet
facet normal 0 0 1
outer loop
vertex 45.49049463623051 -54.272324143118965 3.4499999999999953
vertex 45.34770702654397 -54.37230510378443 3.4499999999999953
vertex 47.04770698627054 -54.37230510378443 3.4499999999999953
endloop
endfacet
facet normal 0 0 1
outer loop
vertex 45.49049463623051 -54.272324143118965 3.4499999999999953
vertex 47.04770698627054 -54.37230510378443 3.4499999999999953
vertex 47.04770697421401 -54.272324143118965 3.4499999999999953
endloop
endfacet
facet normal 0 0 1
outer loop
vertex 45.34770702654397 -54.37230510378443 3.4499999999999953
vertex 45.18972716986963 -54.4459723207859 3.4499999999999953
vertex 47.047706995153945 -54.4459723207859 3.4499999999999953
endloop
endfacet
facet normal 0 0 1
outer loop
vertex 45.34770702654397 -54.37230510378443 3.4499999999999953
vertex 47.047706995153945 -54.4459723207859 3.4499999999999953
vertex 47.04770698627054 -54.37230510378443 3.4499999999999953
endloop
endfacet
facet normal 0 0 1
outer loop
vertex 45.18972716986963 -54.4459723207859 3.4499999999999953
vertex 45.02135520421092 -54.49108745301219 3.4499999999999953
vertex 47.0477070005943 -54.49108745301219 3.4499999999999953
endloop
endfacet
facet normal 0 0 1
outer loop
vertex 45.18972716986963 -54.4459723207859 3.4499999999999953
vertex 47.0477070005943 -54.49108745301219 3.4499999999999953
vertex 47.047706995153945 -54.4459723207859 3.4499999999999953
endloop
endfacet
facet normal 0 0 1
outer loop
vertex 45.02135520421092 -54.49108745301219 3.4499999999999953
vertex 44.847704976543895 -54.5062794 3.4499999999999953
vertex 47.047707002426264 -54.5062794 3.4499999999999953
endloop
endfacet
facet normal 0 0 1
outer loop
vertex 45.02135520421092 -54.49108745301219 3.4499999999999953
vertex 47.047707002426264 -54.5062794 3.4499999999999953
vertex 47.0477070005943 -54.49108745301219 3.4499999999999953
endloop
endfacet
facet normal -1.4454226932468474e-16 1.6521108692080422e-15 1
outer loop
vertex 44.847704976543895 -54.5062794 3.4499999999999953
vertex 26.41340702654395 -54.5062794 3.4499999999999926
vertex 26.03138103567676 -54.53970264337314 3.4499999999999926
endloop
endfacet
facet normal -1.4454226932468474e-16 1.6521108692080422e-15 1
outer loop
vertex 44.847704976543895 -54.5062794 3.4499999999999953
vertex 26.03138103567676 -54.53970264337314 3.4499999999999926
vertex 25.660962711227427 -54.638955934271024 3.4499999999999926
endloop
endfacet
facet normal -1.4454226932468474e-16 1.6521108692080422e-15 1
outer loop
vertex 44.847704976543895 -54.5062794 3.4499999999999953
vertex 25.660962711227427 -54.638955934271024 3.4499999999999926
vertex 25.3134070265439 -54.80102381167426 3.4499999999999926
endloop
endfacet
facet normal -1.4454226932468474e-16 1.6521108692080422e-15 1
outer loop
vertex 44.847704976543895 -54.5062794 3.4499999999999953
vertex 25.3134070265439 -54.80102381167426 3.4499999999999926
vertex 24.99927428523361 -55.0209819251382 3.4499999999999926
endloop
endfacet
facet normal -1.4454226932468474e-16 1.6521108692080422e-15 1
outer loop
vertex 44.847704976543895 -54.5062794 3.4499999999999953
vertex 24.99927428523361 -55.0209819251382 3.4499999999999926
vertex 24.728109251682298 -55.29214695868953 3.4499999999999926
endloop
endfacet
facet normal -1.4454226932468474e-16 1.6521108692080422e-15 1
outer loop
vertex 44.847704976543895 -54.5062794 3.4499999999999953
vertex 24.728109251682298 -55.29214695868953 3.4499999999999926
vertex 24.6019478289314 -55.47232414311897 3.4499999999999926
endloop
endfacet
facet normal -1.4454226932468474e-16 1.6521108692080422e-15 1
outer loop
vertex 44.847704976543895 -54.5062794 3.4499999999999953
vertex 24.6019478289314 -55.47232414311897 3.4499999999999926
vertex 29.087517099669668 -55.47232414311897 3.449999999999993
endloop
endfacet
facet normal -1.4454226932468474e-16 1.6521108692080422e-15 1
outer loop
vertex 44.847704976543895 -54.5062794 3.4499999999999953
vertex 29.087517099669668 -55.47232414311897 3.449999999999993
vertex 46.6904946362305 -55.47232414311897 3.4499999999999953
endloop
endfacet
facet normal -1.4454226932468474e-16 1.6521108692080422e-15 1
outer loop
vertex 44.847704976543895 -54.5062794 3.4499999999999953
vertex 46.6904946362305 -55.47232414311897 3.4499999999999953
vertex 46.813751469662876 -55.34906730968658 3.4499999999999953
endloop
endfacet
facet normal -1.4454226932468474e-16 1.6521108692080422e-15 1
outer loop
vertex 44.847704976543895 -54.5062794 3.4499999999999953
vertex 46.813751469662876 -55.34906730968658 3.4499999999999953
vertex 46.91373243032838 -55.20627969999999 3.4499999999999953
endloop
endfacet
facet normal -1.4454226932468474e-16 1.6521108692080422e-15 1
outer loop
vertex 44.847704976543895 -54.5062794 3.4499999999999953
vertex 46.91373243032838 -55.20627969999999 3.4499999999999953
vertex 46.98739964732984 -55.04829984332568 3.4499999999999953
endloop
endfacet
facet normal -1.4454226932468474e-16 1.6521108692080422e-15 1
outer loop
vertex 44.847704976543895 -54.5062794 3.4499999999999953
vertex 46.98739964732984 -55.04829984332568 3.4499999999999953
vertex 47.03251477955615 -54.87992787766689 3.4499999999999953
endloop
endfacet
facet normal -1.4454226932468474e-16 1.6521108692080422e-15 1
outer loop
vertex 44.847704976543895 -54.5062794 3.4499999999999953
vertex 47.03251477955615 -54.87992787766689 3.4499999999999953
vertex 47.04770702654395 -54.70627969999992 3.4499999999999953
endloop
endfacet
facet normal -1.4454226932468474e-16 1.6521108692080422e-15 1
outer loop
vertex 44.847704976543895 -54.5062794 3.4499999999999953
vertex 47.04770702654395 -54.70627969999992 3.4499999999999953
vertex 47.047707002426264 -54.5062794 3.4499999999999953
endloop
endfacet
facet normal 0 0 1
outer loop
vertex 29.087517099669668 -55.47232414311897 3.449999999999993
vertex 26.413407026543922 -55.70627817772181 3.4499999999999926
vertex 46.04770497654394 -55.70627817772181 3.4499999999999953
endloop
endfacet
facet normal 0 0 1
outer loop
vertex 29.087517099669668 -55.47232414311897 3.449999999999993
vertex 46.04770497654394 -55.70627817772181 3.4499999999999953
vertex 46.22135520421088 -55.6910874530122 3.4499999999999953
endloop
endfacet
facet normal 0 0 1
outer loop
vertex 29.087517099669668 -55.47232414311897 3.449999999999993
vertex 46.22135520421088 -55.6910874530122 3.4499999999999953
vertex 46.389727169869616 -55.6459723207859 3.4499999999999953
endloop
endfacet
facet normal 0 0 1
outer loop
vertex 29.087517099669668 -55.47232414311897 3.449999999999993
vertex 46.389727169869616 -55.6459723207859 3.4499999999999953
vertex 46.54770702654396 -55.57230510378443 3.4499999999999953
endloop
endfacet
facet normal 0 0 1
outer loop
vertex 29.087517099669668 -55.47232414311897 3.449999999999993
vertex 46.54770702654396 -55.57230510378443 3.4499999999999953
vertex 46.6904946362305 -55.47232414311897 3.4499999999999953
endloop
endfacet
facet normal 0 0 1
outer loop
vertex 24.6019478289314 -55.47232414311897 3.4499999999999926
vertex 24.50815113821818 -55.60627970000004 3.4499999999999926
vertex 24.45443611128772 -55.72147194698778 3.4499999999999926
endloop
endfacet
facet normal 0 0 1
outer loop
vertex 24.6019478289314 -55.47232414311897 3.4499999999999926
vertex 24.45443611128772 -55.72147194698778 3.4499999999999926
vertex 26.239758848877074 -55.72147194698778 3.4499999999999926
endloop
endfacet
facet normal 0 0 1
outer loop
vertex 24.6019478289314 -55.47232414311897 3.4499999999999926
vertex 26.239758848877074 -55.72147194698778 3.4499999999999926
vertex 26.413407026543922 -55.70627817772181 3.4499999999999926
endloop
endfacet
facet normal 0 0 1
outer loop
vertex 24.6019478289314 -55.47232414311897 3.4499999999999926
vertex 26.413407026543922 -55.70627817772181 3.4499999999999926
vertex 29.087517099669668 -55.47232414311897 3.449999999999993
endloop
endfacet
facet normal 0 0 1
outer loop
vertex 24.45443611128772 -55.72147194698778 3.4499999999999926
vertex 24.4333985796319 -55.766587079214105 3.4499999999999926
vertex 26.071386883218253 -55.766587079214105 3.4499999999999926
endloop
endfacet
facet normal 0 0 1
outer loop
vertex 24.45443611128772 -55.72147194698778 3.4499999999999926
vertex 26.071386883218253 -55.766587079214105 3.4499999999999926
vertex 26.239758848877074 -55.72147194698778 3.4499999999999926
endloop
endfacet
facet normal 0 0 1
outer loop
vertex 24.4333985796319 -55.766587079214105 3.4499999999999926
vertex 24.39904699218917 -55.84025429621553 3.4499999999999926
vertex 25.913407026544007 -55.84025429621553 3.4499999999999926
endloop
endfacet
facet normal 0 0 1
outer loop
vertex 24.4333985796319 -55.766587079214105 3.4499999999999926
vertex 25.913407026544007 -55.84025429621553 3.4499999999999926
vertex 26.071386883218253 -55.766587079214105 3.4499999999999926
endloop
endfacet
facet normal 0 0 1
outer loop
vertex 24.39904699218917 -55.84025429621553 3.4499999999999926
vertex 24.352425104561178 -55.940235256881 3.4499999999999926
vertex 25.770619416857443 -55.940235256881 3.4499999999999926
endloop
endfacet
facet normal 0 0 1
outer loop
vertex 24.39904699218917 -55.84025429621553 3.4499999999999926
vertex 25.770619416857443 -55.940235256881 3.4499999999999926
vertex 25.913407026544007 -55.84025429621553 3.4499999999999926
endloop
endfacet
facet normal 0 0 1
outer loop
vertex 24.352425104561178 -55.940235256881 3.4499999999999926
vertex 24.34608326081502 -55.95383538468343 3.4499999999999926
vertex 24.31670083509681 -56.0634920903134 3.4499999999999926
endloop
endfacet
facet normal 0 0 1
outer loop
vertex 24.352425104561178 -55.940235256881 3.4499999999999926
vertex 24.31670083509681 -56.0634920903134 3.4499999999999926
vertex 25.647362583425036 -56.0634920903134 3.4499999999999926
endloop
endfacet
facet normal 0 0 1
outer loop
vertex 24.352425104561178 -55.940235256881 3.4499999999999926
vertex 25.647362583425036 -56.0634920903134 3.4499999999999926
vertex 25.770619416857443 -55.940235256881 3.4499999999999926
endloop
endfacet
facet normal 0 0 1
outer loop
vertex 24.31670083509681 -56.0634920903134 3.4499999999999926
vertex 24.27844101039213 -56.20627969999988 3.4499999999999926
vertex 25.547381622759588 -56.20627969999988 3.4499999999999926
endloop
endfacet
facet normal 0 0 1
outer loop
vertex 24.31670083509681 -56.0634920903134 3.4499999999999926
vertex 25.547381622759588 -56.20627969999988 3.4499999999999926
vertex 25.647362583425036 -56.0634920903134 3.4499999999999926
endloop
endfacet
facet normal 0 0 1
outer loop
vertex 24.27844101039213 -56.20627969999988 3.4499999999999926
vertex 24.246829969917087 -56.32425370913282 3.4499999999999926
vertex 24.24332969435727 -56.36425955667443 3.4499999999999926
endloop
endfacet
facet normal 0 0 1
outer loop
vertex 24.27844101039213 -56.20627969999988 3.4499999999999926
vertex 24.24332969435727 -56.36425955667443 3.4499999999999926
vertex 25.473714405758017 -56.36425955667443 3.4499999999999926
endloop
endfacet
facet normal 0 0 1
outer loop
vertex 24.27844101039213 -56.20627969999988 3.4499999999999926
vertex 25.473714405758017 -56.36425955667443 3.4499999999999926
vertex 25.547381622759588 -56.20627969999988 3.4499999999999926
endloop
endfacet
facet normal 0 0 1
outer loop
vertex 24.24332969435727 -56.36425955667443 3.4499999999999926
vertex 24.228598141032705 -56.53263152233316 3.4499999999999926
vertex 25.428599273531717 -56.53263152233316 3.4499999999999926
endloop
endfacet
facet normal 0 0 1
outer loop
vertex 24.24332969435727 -56.36425955667443 3.4499999999999926
vertex 25.428599273531717 -56.53263152233316 3.4499999999999926
vertex 25.473714405758017 -56.36425955667443 3.4499999999999926
endloop
endfacet
facet normal 0 0 1
outer loop
vertex 24.228598141032705 -56.53263152233316 3.4499999999999926
vertex 24.213404976543984 -56.7062793999997 3.4499999999999926
vertex 25.413404976543916 -56.7062793999997 3.4499999999999926
endloop
endfacet
facet normal 0 0 1
outer loop
vertex 24.228598141032705 -56.53263152233316 3.4499999999999926
vertex 25.413404976543916 -56.7062793999997 3.4499999999999926
vertex 25.428599273531717 -56.53263152233316 3.4499999999999926
endloop
endfacet
facet normal 0 0 1
outer loop
vertex 123.16827218755884 -54.238710099999984 3.4500000000000046
vertex 123.15329417654402 -54.409908000000016 3.4500000000000046
vertex 123.10866367654394 -54.9200378 3.4500000000000046
endloop
endfacet
facet normal 0 0 1
outer loop
vertex 123.16827218755884 -54.238710099999984 3.4500000000000046
vertex 123.10866367654394 -54.9200378 3.4500000000000046
vertex 147.19451427654388 -61.373821999999976 3.4500000000000077
endloop
endfacet
facet normal 0 0 1
outer loop
vertex 123.16827218755884 -54.238710099999984 3.4500000000000046
vertex 147.19451427654388 -61.373821999999976 3.4500000000000077
vertex 148.69153545986055 -61.373821999999976 3.4500000000000077
endloop
endfacet
facet normal 0 0 1
outer loop
vertex 123.16827218755884 -54.238710099999984 3.4500000000000046
vertex 148.69153545986055 -61.373821999999976 3.4500000000000077
vertex 148.60582519274755 -61.138335950522 3.4500000000000077
endloop
endfacet
facet normal 0 0 1
outer loop
vertex 123.16827218755884 -54.238710099999984 3.4500000000000046
vertex 148.60582519274755 -61.138335950522 3.4500000000000077
vertex 148.45766072164656 -60.88170800670749 3.4500000000000077
endloop
endfacet
facet normal 0 0 1
outer loop
vertex 123.16827218755884 -54.238710099999984 3.4500000000000046
vertex 148.45766072164656 -60.88170800670749 3.4500000000000077
vertex 148.26718435717325 -60.65470719917543 3.4500000000000077
endloop
endfacet
facet normal 0 0 1
outer loop
vertex 123.16827218755884 -54.238710099999984 3.4500000000000046
vertex 148.26718435717325 -60.65470719917543 3.4500000000000077
vertex 148.04018358934303 -60.464230787387436 3.4500000000000077
endloop
endfacet
facet normal 0 0 1
outer loop
vertex 123.16827218755884 -54.238710099999984 3.4500000000000046
vertex 148.04018358934303 -60.464230787387436 3.4500000000000077
vertex 147.78355567641097 -60.31606626279638 3.4500000000000077
endloop
endfacet
facet normal 0 0 1
outer loop
vertex 123.16827218755884 -54.238710099999984 3.4500000000000046
vertex 147.78355567641097 -60.31606626279638 3.4500000000000077
vertex 147.50509707654396 -60.214710999999994 3.4500000000000077
endloop
endfacet
facet normal 0 0 1
outer loop
vertex 123.16827218755884 -54.238710099999984 3.4500000000000046
vertex 147.50509707654396 -60.214710999999994 3.4500000000000077
vertex 125.20236312209798 -54.238710099999984 3.450000000000005
endloop
endfacet
facet normal 0 0 1
outer loop
vertex 147.19451427654388 -61.373821999999976 3.4500000000000077
vertex 147.27641041051703 -61.40363400535786 3.4500000000000077
vertex 148.7023861873158 -61.40363400535786 3.4500000000000077
endloop
endfacet
facet normal 0 0 1
outer loop
vertex 147.19451427654388 -61.373821999999976 3.4500000000000077
vertex 148.7023861873158 -61.40363400535786 3.4500000000000077
vertex 148.69153545986055 -61.373821999999976 3.4500000000000077
endloop
endfacet
facet normal 0 0 1
outer loop
vertex 147.27641041051703 -61.40363400535786 3.4500000000000077
vertex 147.35188891511407 -61.44721054897459 3.4500000000000077
vertex 148.71253929097867 -61.44721054897459 3.4500000000000077
endloop
endfacet
facet normal 0 0 1
outer loop
vertex 147.27641041051703 -61.40363400535786 3.4500000000000077
vertex 148.71253929097867 -61.44721054897459 3.4500000000000077
vertex 148.70717589750384 -61.416793571513935 3.4500000000000077
endloop
endfacet
facet normal 0 0 1
outer loop
vertex 147.27641041051703 -61.40363400535786 3.4500000000000077
vertex 148.70717589750384 -61.416793571513935 3.4500000000000077
vertex 148.7023861873158 -61.40363400535786 3.4500000000000077
endloop
endfacet
facet normal 0 0 1
outer loop
vertex 147.35188891511407 -61.44721054897459 3.4500000000000077
vertex 147.41865387566207 -61.503231615126666 3.4500000000000077
vertex 148.72241742634046 -61.503231615126666 3.4500000000000077
endloop
endfacet
facet normal 0 0 1
outer loop
vertex 147.35188891511407 -61.44721054897459 3.4500000000000077
vertex 148.72241742634046 -61.503231615126666 3.4500000000000077
vertex 148.71253929097867 -61.44721054897459 3.4500000000000077
endloop
endfacet
facet normal 0 0 1
outer loop
vertex 147.41865387566207 -61.503231615126666 3.4500000000000077
vertex 147.47467672701532 -61.5699950777095 3.4500000000000077
vertex 148.7341897571066 -61.5699950777095 3.4500000000000077
endloop
endfacet
facet normal 0 0 1
outer loop
vertex 147.41865387566207 -61.503231615126666 3.4500000000000077
vertex 148.7341897571066 -61.5699950777095 3.4500000000000077
vertex 148.72241742634046 -61.503231615126666 3.4500000000000077
endloop
endfacet
facet normal 0 0 1
outer loop
vertex 147.47467672701532 -61.5699950777095 3.4500000000000077
vertex 147.51825528882824 -61.64547241709113 3.4500000000000077
vertex 148.7474985965552 -61.64547241709113 3.4500000000000077
endloop
endfacet
facet normal 0 0 1
outer loop
vertex 147.47467672701532 -61.5699950777095 3.4500000000000077
vertex 148.7474985965552 -61.64547241709113 3.4500000000000077
vertex 148.7341897571066 -61.5699950777095 3.4500000000000077
endloop
endfacet
facet normal 0 0 1
outer loop
vertex 147.51825528882824 -61.64547241709113 3.4500000000000077
vertex 147.5480654840569 -61.72737035400169 3.4500000000000077
vertex 148.75863341265142 -61.72737035400169 3.4500000000000077
endloop
endfacet
facet normal 0 0 1
outer loop
vertex 147.51825528882824 -61.64547241709113 3.4500000000000077
vertex 148.75863341265142 -61.72737035400169 3.4500000000000077
vertex 148.7586333662215 -61.70862013123113 3.4500000000000077
endloop
endfacet
facet normal 0 0 1
outer loop
vertex 147.51825528882824 -61.64547241709113 3.4500000000000077
vertex 148.7586333662215 -61.70862013123113 3.4500000000000077
vertex 148.7474985965552 -61.64547241709113 3.4500000000000077
endloop
endfacet
facet normal 0 0 1
outer loop
vertex 147.5480654840569 -61.72737035400169 3.4500000000000077
vertex 147.56320156929155 -61.81320052779613 3.4500000000000077
vertex 148.7586336251869 -61.81320052779613 3.4500000000000077
endloop
endfacet
facet normal 0 0 1
outer loop
vertex 147.5480654840569 -61.72737035400169 3.4500000000000077
vertex 148.7586336251869 -61.81320052779613 3.4500000000000077
vertex 148.75863341265142 -61.72737035400169 3.4500000000000077
endloop
endfacet
facet normal 0 0 1
outer loop
vertex 147.56320156929155 -61.81320052779613 3.4500000000000077
vertex 147.5632036545734 -61.90035510200449 3.4500000000000077
vertex 148.7586338410019 -61.90035510200449 3.4500000000000077
endloop
endfacet
facet normal 0 0 1
outer loop
vertex 147.56320156929155 -61.81320052779613 3.4500000000000077
vertex 148.7586338410019 -61.90035510200449 3.4500000000000077
vertex 148.7586336251869 -61.81320052779613 3.4500000000000077
endloop
endfacet
facet normal 0 0 1
outer loop
vertex 147.5632036545734 -61.90035510200449 3.4500000000000077
vertex 147.54807167654394 -61.986186 3.4500000000000077
vertex 148.7586340535392 -61.986186 3.4500000000000077
endloop
endfacet
facet normal 0 0 1
outer loop
vertex 147.5632036545734 -61.90035510200449 3.4500000000000077
vertex 148.7586340535392 -61.986186 3.4500000000000077
vertex 148.7586338410019 -61.90035510200449 3.4500000000000077
endloop
endfacet
facet normal 0 0 1
outer loop
vertex 24.213404976543984 -56.7062793999997 3.4499999999999926
vertex 24.213408126543925 -89.57698384999956 3.4499999999999926
vertex 25.413408426543924 -89.57698384999956 3.4499999999999926
endloop
endfacet
facet normal 0 0 1
outer loop
vertex 24.213404976543984 -56.7062793999997 3.4499999999999926
vertex 25.413408426543924 -89.57698384999956 3.4499999999999926
vertex 25.413404976543916 -56.7062793999997 3.4499999999999926
endloop
endfacet
facet normal 0 0 1
outer loop
vertex 24.213408126543925 -89.57698384999956 3.4499999999999926
vertex 24.219383444085878 -89.68613525146333 3.4499999999999926
vertex 25.41938372973945 -89.68613525146333 3.4499999999999926
endloop
endfacet
facet normal 0 0 1
outer loop
vertex 24.213408126543925 -89.57698384999956 3.4499999999999926
vertex 25.41938372973945 -89.68613525146333 3.4499999999999926
vertex 25.413408426543924 -89.57698384999956 3.4499999999999926
endloop
endfacet
facet normal 0 0 1
outer loop
vertex 24.219383444085878 -89.68613525146333 3.4499999999999926
vertex 24.225287422360992 -89.79398349524523 3.4499999999999926
vertex 25.4372376335983 -89.79398349524523 3.4499999999999926
endloop
endfacet
facet normal 0 0 1
outer loop
vertex 24.219383444085878 -89.68613525146333 3.4499999999999926
vertex 25.4372376335983 -89.79398349524523 3.4499999999999926
vertex 25.41938372973945 -89.68613525146333 3.4499999999999926
endloop
endfacet
facet normal 0 0 1
outer loop
vertex 24.225287422360992 -89.79398349524523 3.4499999999999926
vertex 24.226554096429254 -89.81712188894214 3.4499999999999926
vertex 24.240148373794256 -89.89923854423158 3.4499999999999926
endloop
endfacet
facet normal 0 0 1
outer loop
vertex 24.225287422360992 -89.79398349524523 3.4499999999999926
vertex 24.240148373794256 -89.89923854423158 3.4499999999999926
vertex 25.466756783869926 -89.89923854423158 3.4499999999999926
endloop
endfacet
facet normal 0 0 1
outer loop
vertex 24.225287422360992 -89.79398349524523 3.4499999999999926
vertex 25.466756783869926 -89.89923854423158 3.4499999999999926
vertex 25.4372376335983 -89.79398349524523 3.4499999999999926
endloop
endfacet
facet normal 0 0 1
outer loop
vertex 24.240148373794256 -89.89923854423158 3.4499999999999926
vertex 24.25693607904489 -90.00064519999934 3.4499999999999926
vertex 25.50758777654366 -90.00064519999934 3.4499999999999926
endloop
endfacet
facet normal 0 0 1
outer loop
vertex 24.240148373794256 -89.89923854423158 3.4499999999999926
vertex 25.50758777654366 -90.00064519999934 3.4499999999999926
vertex 25.466756783869926 -89.89923854423158 3.4499999999999926
endloop
endfacet
facet normal 0 0 1
outer loop
vertex 24.25693607904489 -90.00064519999934 3.4499999999999926
vertex 24.265833466397936 -90.05439014506919 3.4499999999999926
vertex 24.330776839098434 -90.28595320907819 3.4499999999999926
endloop
endfacet
facet normal 0 0 1
outer loop
vertex 24.25693607904489 -90.00064519999934 3.4499999999999926
vertex 24.330776839098434 -90.28595320907819 3.4499999999999926
vertex 24.420607176544138 -90.50904770000045 3.4499999999999926
endloop
endfacet
facet normal 0 0 1
outer loop
vertex 24.25693607904489 -90.00064519999934 3.4499999999999926
vertex 24.420607176544138 -90.50904770000045 3.4499999999999926
vertex 30.87302767653034 -104.3045271999708 3.4499999999999935
endloop
endfacet
facet normal 0 0 1
outer loop
vertex 24.25693607904489 -90.00064519999934 3.4499999999999926
vertex 30.87302767653034 -104.3045271999708 3.4499999999999935
vertex 32.19708101044992 -104.3045271999708 3.4499999999999935
endloop
endfacet
facet normal 0 0 1
outer loop
vertex 24.25693607904489 -90.00064519999934 3.4499999999999926
vertex 32.19708101044992 -104.3045271999708 3.4499999999999935
vertex 31.960498876544136 -103.79717509999992 3.4499999999999935
endloop
endfacet
facet normal 0 0 1
outer loop
vertex 24.25693607904489 -90.00064519999934 3.4499999999999926
vertex 31.960498876544136 -103.79717509999992 3.4499999999999935
vertex 31.96025413072283 -103.79664748018314 3.4499999999999953
endloop
endfacet
facet normal 0 0 1
outer loop
vertex 24.25693607904489 -90.00064519999934 3.4499999999999926
vertex 31.96025413072283 -103.79664748018314 3.4499999999999953
vertex 31.960013976543735 -103.79611755000009 3.4499999999999935
endloop
endfacet
facet normal 0 0 1
outer loop
vertex 24.25693607904489 -90.00064519999934 3.4499999999999926
vertex 31.960013976543735 -103.79611755000009 3.4499999999999935
vertex 31.957285212789458 -103.79028337479858 3.4499999999999935
endloop
endfacet
facet normal 0 0 1
outer loop
vertex 24.25693607904489 -90.00064519999934 3.4499999999999926
vertex 31.957285212789458 -103.79028337479858 3.4499999999999935
vertex 25.50758777654366 -90.00064519999934 3.4499999999999926
endloop
endfacet
facet normal 0 -1 0
outer loop
vertex 86.41537677175988 -108.17546964999998 3.45
vertex 116.13655577654394 -108.17546964999998 3.4500000000000037
vertex 120.94807695187924 -108.17546964999998 3.4500000000000046
endloop
endfacet
facet normal 0 -1 0
outer loop
vertex 86.41537677175988 -108.17546964999998 3.45
vertex 120.94807695187924 -108.17546964999998 3.4500000000000046
vertex 116.5698571765436 -107.00233109999992 3.4500000000000037
endloop
endfacet
facet normal 0 -1 0
outer loop
vertex 86.41537677175988 -108.17546964999998 3.45
vertex 116.5698571765436 -107.00233109999992 3.4500000000000037
vertex 116.47141253981144 -106.98119946494994 3.4500000000000037
endloop
endfacet
facet normal 0 -1 0
outer loop
vertex 86.41537677175988 -108.17546964999998 3.45
vertex 116.47141253981144 -106.98119946494994 3.4500000000000037
vertex 116.37134102961028 -106.97007520549376 3.4500000000000037
endloop
endfacet
facet normal 0 -1 0
outer loop
vertex 86.41537677175988 -108.17546964999998 3.45
vertex 116.37134102961028 -106.97007520549376 3.4500000000000037
vertex 116.27065812654368 -106.96907055 3.4500000000000037
endloop
endfacet
facet normal 0 0 1
outer loop
vertex 116.13655577654394 -108.17546964999998 3.4500000000000037
vertex 116.23723867961 -108.17647430549374 3.4500000000000037
vertex 120.95182638330844 -108.17647430549374 3.4500000000000046
endloop
endfacet
facet normal 0 0 1
outer loop
vertex 116.13655577654394 -108.17546964999998 3.4500000000000037
vertex 120.95182638330844 -108.17647430549374 3.4500000000000046
vertex 120.94807695187924 -108.17546964999998 3.4500000000000046
endloop
endfacet
facet normal 0 0 1
outer loop
vertex 116.23723867961 -108.17647430549374 3.4500000000000037
vertex 116.33731018981162 -108.18759856494998 3.4500000000000037
vertex 120.99334275214422 -108.18759856494998 3.4500000000000046
endloop
endfacet
facet normal 0 0 1
outer loop
vertex 116.23723867961 -108.17647430549374 3.4500000000000037
vertex 120.99334275214422 -108.18759856494998 3.4500000000000046
vertex 120.95182638330844 -108.17647430549374 3.4500000000000046
endloop
endfacet
facet normal 0 0 1
outer loop
vertex 116.33731018981162 -108.18759856494998 3.4500000000000037
vertex 116.4357524765436 -108.20872929999992 3.4500000000000037
vertex 121.0722038568816 -108.20872929999992 3.4500000000000046
endloop
endfacet
facet normal 0 0 1
outer loop
vertex 116.33731018981162 -108.18759856494998 3.4500000000000037
vertex 121.0722038568816 -108.20872929999992 3.4500000000000046
vertex 120.99334275214422 -108.18759856494998 3.4500000000000046
endloop
endfacet
facet normal 0 0 1
outer loop
vertex 86.41537677175988 -108.17546964999998 3.45
vertex 74.00785137654431 -108.67683579999999 3.449999999999999
vertex 73.9409739941204 -108.68178705456101 3.449999999999999
endloop
endfacet
facet normal 0 0 1
outer loop
vertex 86.41537677175988 -108.17546964999998 3.45
vertex 73.9409739941204 -108.68178705456101 3.449999999999999
vertex 73.87457522654367 -108.69121290000005 3.449999999999999
endloop
endfacet
facet normal 0 0 1
outer loop
vertex 86.41537677175988 -108.17546964999998 3.45
vertex 73.87457522654367 -108.69121290000005 3.449999999999999
vertex 67.17458073591278 -109.87260280000001 3.449999999999998
endloop
endfacet
facet normal 0 0 1
outer loop
vertex 86.41537677175988 -108.17546964999998 3.45
vertex 67.17458073591278 -109.87260280000001 3.449999999999998
vertex 74.13684447654369 -109.87260280000001 3.449999999999999
endloop
endfacet
facet normal 0 0 1
outer loop
vertex 86.41537677175988 -108.17546964999998 3.45
vertex 74.13684447654369 -109.87260280000001 3.449999999999999
vertex 116.13655577654394 -108.17546964999998 3.4500000000000037
endloop
endfacet
facet normal 0 0 1
outer loop
vertex 67.17458073591278 -109.87260280000001 3.449999999999998
vertex 67.14649227140849 -109.87755555456097 3.449999999999998
vertex 74.06996554412048 -109.87755555456097 3.449999999999999
endloop
endfacet
facet normal 0 0 1
outer loop
vertex 67.17458073591278 -109.87260280000001 3.449999999999998
vertex 74.06996554412048 -109.87755555456097 3.449999999999999
vertex 74.13684447654369 -109.87260280000001 3.449999999999999
endloop
endfacet
facet normal 0 0 1
outer loop
vertex 67.14649227140849 -109.87755555456097 3.449999999999998
vertex 67.09303565009292 -109.8869813999999 3.449999999999998
vertex 74.00356677654445 -109.8869813999999 3.449999999999999
endloop
endfacet
facet normal 0 0 1
outer loop
vertex 67.14649227140849 -109.87755555456097 3.449999999999998
vertex 74.00356677654445 -109.8869813999999 3.449999999999999
vertex 74.06996554412048 -109.87755555456097 3.449999999999999
endloop
endfacet
facet normal 0 0 1
outer loop
vertex 147.54807167654394 -61.986186 3.4500000000000077
vertex 134.34829329904665 -111.24841057538671 3.450000000000006
vertex 135.59063028346804 -111.24841057538671 3.4500000000000064
endloop
endfacet
facet normal 0 0 1
outer loop
vertex 147.54807167654394 -61.986186 3.4500000000000077
vertex 135.59063028346804 -111.24841057538671 3.4500000000000064
vertex 148.70717807654393 -62.29677550000003 3.4500000000000077
endloop
endfacet
facet normal 0 0 1
outer loop
vertex 147.54807167654394 -61.986186 3.4500000000000077
vertex 148.70717807654393 -62.29677550000003 3.4500000000000077
vertex 148.75863409999997 -62.00494868544517 3.4500000000000077
endloop
endfacet
facet normal 0 0 1
outer loop
vertex 147.54807167654394 -61.986186 3.4500000000000077
vertex 148.75863409999997 -62.00494868544517 3.4500000000000077
vertex 148.7586340535392 -61.986186 3.4500000000000077
endloop
endfacet
facet normal 0 0 1
outer loop
vertex 134.34829329904665 -111.24841057538671 3.450000000000006
vertex 134.31848691857607 -111.33031463336407 3.450000000000006
vertex 135.56868416278687 -111.33031463336407 3.4500000000000064
endloop
endfacet
facet normal 0 0 1
outer loop
vertex 134.34829329904665 -111.24841057538671 3.450000000000006
vertex 135.56868416278687 -111.33031463336407 3.4500000000000064
vertex 135.59063028346804 -111.24841057538671 3.4500000000000064
endloop
endfacet
facet normal 0 0 1
outer loop
vertex 134.31848691857607 -111.33031463336407 3.450000000000006
vertex 134.27490740665587 -111.40579274740169 3.450000000000006
vertex 135.54845986816255 -111.40579274740169 3.4500000000000064
endloop
endfacet
facet normal 0 0 1
outer loop
vertex 134.31848691857607 -111.33031463336407 3.450000000000006
vertex 135.54845986816255 -111.40579274740169 3.4500000000000064
vertex 135.56868416278687 -111.33031463336407 3.4500000000000064
endloop
endfacet
facet normal 0 0 1
outer loop
vertex 134.27490740665587 -111.40579274740169 3.450000000000006
vertex 134.21888333151472 -111.4725566789998 3.450000000000006
vertex 135.53057053109933 -111.4725566789998 3.4500000000000064
endloop
endfacet
facet normal 0 0 1
outer loop
vertex 134.27490740665587 -111.40579274740169 3.450000000000006
vertex 135.53057053109933 -111.4725566789998 3.4500000000000064
vertex 135.54845986816255 -111.40579274740169 3.4500000000000064
endloop
endfacet
facet normal 0 0 1
outer loop
vertex 134.21888333151472 -111.4725566789998 3.450000000000006
vertex 134.15211695544406 -111.5285778409322 3.450000000000006
vertex 135.5155597097697 -111.5285778409322 3.4500000000000064
endloop
endfacet
facet normal 0 0 1
outer loop
vertex 134.21888333151472 -111.4725566789998 3.450000000000006
vertex 135.5155597097697 -111.5285778409322 3.4500000000000064
vertex 135.53057053109933 -111.4725566789998 3.4500000000000064
endloop
endfacet
facet normal 0 0 1
outer loop
vertex 134.15211695544406 -111.5285778409322 3.450000000000006
vertex 134.07663693994414 -111.57215405942372 3.450000000000006
vertex 135.50261965069382 -111.57215405942372 3.4500000000000064
endloop
endfacet
facet normal 0 0 1
outer loop
vertex 134.15211695544406 -111.5285778409322 3.450000000000006
vertex 135.50261965069382 -111.57215405942372 3.4500000000000064
vertex 135.5074095191361 -111.55899477410573 3.4500000000000064
endloop
endfacet
facet normal 0 0 1
outer loop
vertex 134.15211695544406 -111.5285778409322 3.450000000000006
vertex 135.5074095191361 -111.55899477410573 3.4500000000000064
vertex 135.5155597097697 -111.5285778409322 3.4500000000000064
endloop
endfacet
facet normal 0 0 1
outer loop
vertex 116.4357524765436 -108.20872929999992 3.4500000000000037
vertex 129.09944391463998 -111.60195569999998 3.4500000000000055
vertex 133.73591772654385 -111.60195569999998 3.450000000000006
endloop
endfacet
facet normal 0 0 1
outer loop
vertex 116.4357524765436 -108.20872929999992 3.4500000000000037
vertex 133.73591772654385 -111.60195569999998 3.450000000000006
vertex 121.0722038568816 -108.20872929999992 3.4500000000000046
endloop
endfacet
facet normal 0 0 1
outer loop
vertex 134.07663693994414 -111.57215405942372 3.450000000000006
vertex 133.99473670590308 -111.60196129381207 3.450000000000006
vertex 135.49177006974023 -111.60196129381207 3.4500000000000064
endloop
endfacet
facet normal 0 0 1
outer loop
vertex 134.07663693994414 -111.57215405942372 3.450000000000006
vertex 135.49177006974023 -111.60196129381207 3.4500000000000064
vertex 135.50261965069382 -111.57215405942372 3.4500000000000064
endloop
endfacet
facet normal 0 0 1
outer loop
vertex 129.09944391463998 -111.60195569999998 3.4500000000000055
vertex 129.1559309170641 -111.61709134893925 3.4500000000000055
vertex 133.82174902905214 -111.61709134893925 3.450000000000006
endloop
endfacet
facet normal 0 0 1
outer loop
vertex 129.09944391463998 -111.60195569999998 3.4500000000000055
vertex 133.82174902905214 -111.61709134893925 3.450000000000006
vertex 133.73591772654385 -111.60195569999998 3.450000000000006
endloop
endfacet
facet normal 0 0 1
outer loop
vertex 133.99473670590308 -111.60196129381207 3.450000000000006
vertex 133.9089047491991 -111.61709386683287 3.450000000000006
vertex 135.486261941281 -111.61709386683287 3.4500000000000064
endloop
endfacet
facet normal 0 0 1
outer loop
vertex 133.99473670590308 -111.60196129381207 3.450000000000006
vertex 135.486261941281 -111.61709386683287 3.4500000000000064
vertex 135.49177006974023 -111.60196129381207 3.4500000000000064
endloop
endfacet
facet normal 9.578166906200575e-17 4.431703036224507e-12 -1
outer loop
vertex 129.1559309170641 -111.61709134893925 3.4500000000000055
vertex 133.792404829025 -111.61709134893925 3.450000000000006
vertex 133.9089047491991 -111.61709386683287 3.450000000000006
endloop
endfacet
facet normal 9.578166906200575e-17 4.431703036224507e-12 -1
outer loop
vertex 129.1559309170641 -111.61709134893925 3.4500000000000055
vertex 133.9089047491991 -111.61709386683287 3.450000000000006
vertex 133.792404829025 -111.61709134893925 3.450000000000006
endloop
endfacet
facet normal 0 0 1
outer loop
vertex 133.42534322654402 -112.76107710000002 3.450000000000006
vertex 133.7171700410988 -112.81253312345603 3.450000000000006
vertex 134.01349859531274 -112.81253312345603 3.450000000000006
endloop
endfacet
facet normal 0 0 1
outer loop
vertex 133.42534322654402 -112.76107710000002 3.450000000000006
vertex 134.01349859531274 -112.81253312345603 3.450000000000006
vertex 134.30532515503 -112.76107492095991 3.450000000000006
endloop
endfacet
facet normal 0 0 1
outer loop
vertex 133.42534322654402 -112.76107710000002 3.450000000000006
vertex 134.30532515503 -112.76107492095991 3.450000000000006
vertex 134.58378277602193 -112.65972421620361 3.450000000000006
endloop
endfacet
facet normal 0 0 1
outer loop
vertex 133.42534322654402 -112.76107710000002 3.450000000000006
vertex 134.58378277602193 -112.65972421620361 3.450000000000006
vertex 134.84041071983657 -112.51155974510255 3.450000000000006
endloop
endfacet
facet normal 0 0 1
outer loop
vertex 133.42534322654402 -112.76107710000002 3.450000000000006
vertex 134.84041071983657 -112.51155974510255 3.450000000000006
vertex 135.06741152736848 -112.32108338062936 3.450000000000006
endloop
endfacet
facet normal 0 0 1
outer loop
vertex 133.42534322654402 -112.76107710000002 3.450000000000006
vertex 135.06741152736848 -112.32108338062936 3.450000000000006
vertex 135.25788793915655 -112.09408261279901 3.450000000000006
endloop
endfacet
facet normal 0 0 1
outer loop
vertex 133.42534322654402 -112.76107710000002 3.450000000000006
vertex 135.25788793915655 -112.09408261279901 3.450000000000006
vertex 135.40605246374756 -111.8374546998671 3.450000000000006
endloop
endfacet
facet normal 0 0 1
outer loop
vertex 133.42534322654402 -112.76107710000002 3.450000000000006
vertex 135.40605246374756 -111.8374546998671 3.450000000000006
vertex 135.486261941281 -111.61709386683287 3.4500000000000064
endloop
endfacet
facet normal 0 0 1
outer loop
vertex 133.42534322654402 -112.76107710000002 3.450000000000006
vertex 135.486261941281 -111.61709386683287 3.4500000000000064
vertex 133.9089047491991 -111.61709386683287 3.450000000000006
endloop
endfacet
facet normal 0 0 1
outer loop
vertex 133.42534322654402 -112.76107710000002 3.450000000000006
vertex 133.9089047491991 -111.61709386683287 3.450000000000006
vertex 133.82174902905214 -111.61709134893925 3.450000000000006
endloop
endfacet
facet normal 0 0 1
outer loop
vertex 133.42534322654402 -112.76107710000002 3.450000000000006
vertex 133.82174902905214 -111.61709134893925 3.450000000000006
vertex 129.1559309170641 -111.61709134893925 3.4500000000000055
endloop
endfacet
facet normal 0 0 1
outer loop
vertex 67.09303565009292 -109.8869813999999 3.449999999999998
vertex 56.27954227654391 -111.79369220000001 3.4499999999999966
vertex 56.09308237654396 -111.8524827 3.4499999999999966
endloop
endfacet
facet normal 0 0 1
outer loop
vertex 67.09303565009292 -109.8869813999999 3.449999999999998
vertex 56.09308237654396 -111.8524827 3.4499999999999966
vertex 53.714135605779944 -112.9618038 3.449999999999996
endloop
endfacet
facet normal 0 0 1
outer loop
vertex 67.09303565009292 -109.8869813999999 3.449999999999998
vertex 53.714135605779944 -112.9618038 3.449999999999996
vertex 56.56537707654395 -112.9618038 3.4499999999999966
endloop
endfacet
facet normal 0 0 1
outer loop
vertex 67.09303565009292 -109.8869813999999 3.449999999999998
vertex 56.56537707654395 -112.9618038 3.4499999999999966
vertex 74.00356677654445 -109.8869813999999 3.449999999999999
endloop
endfacet
facet normal 0 0 1
outer loop
vertex 53.714135605779944 -112.9618038 3.449999999999996
vertex 53.68949886697936 -112.97329210000004 3.449999999999996
vertex 56.52894077654385 -112.97329210000004 3.4499999999999966
endloop
endfacet
facet normal 0 0 1
outer loop
vertex 53.714135605779944 -112.9618038 3.449999999999996
vertex 56.52894077654385 -112.97329210000004 3.4499999999999966
vertex 56.56537707654395 -112.9618038 3.4499999999999966
endloop
endfacet
facet normal 0 0 1
outer loop
vertex 30.87302767653034 -104.3045271999708 3.4499999999999935
vertex 37.82072653898538 -119.20392075 3.4499999999999944
vertex 39.144781276543966 -119.20392075 3.4499999999999944
endloop
endfacet
facet normal 0 0 1
outer loop
vertex 30.87302767653034 -104.3045271999708 3.4499999999999935
vertex 39.144781276543966 -119.20392075 3.4499999999999944
vertex 32.19708101044992 -104.3045271999708 3.4499999999999935
endloop
endfacet
facet normal 0 0 1
outer loop
vertex 37.82072653898538 -119.20392075 3.4499999999999944
vertex 37.85592250728254 -119.27939877422284 3.4499999999999944
vertex 39.18835958950106 -119.27939877422284 3.4499999999999944
endloop
endfacet
facet normal 0 0 1
outer loop
vertex 37.82072653898538 -119.20392075 3.4499999999999944
vertex 39.18835958950106 -119.27939877422284 3.4499999999999944
vertex 39.144781276543966 -119.20392075 3.4499999999999944
endloop
endfacet
facet normal 0 0 1
outer loop
vertex 37.85592250728254 -119.27939877422284 3.4499999999999944
vertex 37.887055120249386 -119.34616290174435 3.4499999999999944
vertex 39.244382377516445 -119.34616290174435 3.4499999999999944
endloop
endfacet
facet normal 0 0 1
outer loop
vertex 37.85592250728254 -119.27939877422284 3.4499999999999944
vertex 39.244382377516445 -119.34616290174435 3.4499999999999944
vertex 39.18835958950106 -119.27939877422284 3.4499999999999944
endloop
endfacet
facet normal 0 0 1
outer loop
vertex 37.887055120249386 -119.34616290174435 3.4499999999999944
vertex 37.91317844438686 -119.40218457091346 3.4499999999999944
vertex 39.31114744386295 -119.40218457091346 3.4499999999999944
endloop
endfacet
facet normal 0 0 1
outer loop
vertex 37.887055120249386 -119.34616290174435 3.4499999999999944
vertex 39.31114744386295 -119.40218457091346 3.4499999999999944
vertex 39.244382377516445 -119.34616290174435 3.4499999999999944
endloop
endfacet
facet normal 0 0 1
outer loop
vertex 53.68949886697936 -112.97329210000004 3.449999999999996
vertex 39.80924347654397 -119.4457615 3.4499999999999944
vertex 42.6486852796634 -119.4457615 3.449999999999995
endloop
endfacet
facet normal 0 0 1
outer loop
vertex 53.68949886697936 -112.97329210000004 3.449999999999996
vertex 42.6486852796634 -119.4457615 3.449999999999995
vertex 56.52894077654385 -112.97329210000004 3.4499999999999966
endloop
endfacet
facet normal 0 0 1
outer loop
vertex 37.91317844438686 -119.40218457091346 3.4499999999999944
vertex 37.93349869296793 -119.4457615 3.4499999999999944
vertex 39.38662619836404 -119.4457615 3.4499999999999944
endloop
endfacet
facet normal 0 0 1
outer loop
vertex 37.91317844438686 -119.40218457091346 3.4499999999999944
vertex 39.38662619836404 -119.4457615 3.4499999999999944
vertex 39.31114744386295 -119.40218457091346 3.4499999999999944
endloop
endfacet
facet normal 0 0 1
outer loop
vertex 39.80924347654397 -119.4457615 3.4499999999999944
vertex 39.72734230340558 -119.47556946851684 3.4499999999999944
vertex 42.58476188454367 -119.47556946851684 3.449999999999995
endloop
endfacet
facet normal 0 0 1
outer loop
vertex 39.80924347654397 -119.4457615 3.4499999999999944
vertex 42.58476188454367 -119.47556946851684 3.449999999999995
vertex 42.6486852796634 -119.4457615 3.449999999999995
endloop
endfacet
facet normal 0 0 1
outer loop
vertex 37.93349869296793 -119.4457615 3.4499999999999944
vertex 37.947398372056284 -119.47556946851684 3.4499999999999944
vertex 39.46852529408929 -119.47556946851684 3.4499999999999944
endloop
endfacet
facet normal 0 0 1
outer loop
vertex 37.93349869296793 -119.4457615 3.4499999999999944
vertex 39.46852529408929 -119.47556946851684 3.4499999999999944
vertex 39.38662619836404 -119.4457615 3.4499999999999944
endloop
endfacet
facet normal 0 0 1
outer loop
vertex 39.72734230340558 -119.47556946851684 3.4499999999999944
vertex 39.64151135131067 -119.49070383877954 3.4499999999999944
vertex 42.55230612260053 -119.49070383877954 3.449999999999995
endloop
endfacet
facet normal 0 0 1
outer loop
vertex 39.72734230340558 -119.47556946851684 3.4499999999999944
vertex 42.55230612260053 -119.49070383877954 3.449999999999995
vertex 42.58476188454367 -119.47556946851684 3.449999999999995
endloop
endfacet
facet normal 0 0 1
outer loop
vertex 37.947398372056284 -119.47556946851684 3.4499999999999944
vertex 37.95445725993528 -119.49070730776647 3.4499999999999944
vertex 39.554356308423195 -119.49070383877954 3.4499999999999944
endloop
endfacet
facet normal 0 0 1
outer loop
vertex 37.947398372056284 -119.47556946851684 3.4499999999999944
vertex 39.554356308423195 -119.49070383877954 3.4499999999999944
vertex 39.46852529408929 -119.47556946851684 3.4499999999999944
endloop
endfacet
facet normal 0 0 1
outer loop
vertex 39.64151135131067 -119.49070383877954 3.4499999999999944
vertex 39.554356308423195 -119.49070383877954 3.4499999999999944
vertex 37.95445725993528 -119.49070730776647 3.4499999999999944
endloop
endfacet
facet normal 0 0 1
outer loop
vertex 39.64151135131067 -119.49070383877954 3.4499999999999944
vertex 37.95445725993528 -119.49070730776647 3.4499999999999944
vertex 38.05720722654394 -119.71105539999994 3.4499999999999944
endloop
endfacet
facet normal 0 0 1
outer loop
vertex 39.64151135131067 -119.49070383877954 3.4499999999999944
vertex 38.05720722654394 -119.71105539999994 3.4499999999999944
vertex 38.18856593084507 -119.94323396729314 3.4499999999999944
endloop
endfacet
facet normal 0 0 1
outer loop
vertex 39.64151135131067 -119.49070383877954 3.4499999999999944
vertex 38.18856593084507 -119.94323396729314 3.4499999999999944
vertex 38.354628261164464 -120.15200489140582 3.4499999999999944
endloop
endfacet
facet normal 0 0 1
outer loop
vertex 39.64151135131067 -119.49070383877954 3.4499999999999944
vertex 38.354628261164464 -120.15200489140582 3.4499999999999944
vertex 38.55130517703955 -120.33222749561467 3.4499999999999944
endloop
endfacet
facet normal 0 0 1
outer loop
vertex 39.64151135131067 -119.49070383877954 3.4499999999999944
vertex 38.55130517703955 -120.33222749561467 3.4499999999999944
vertex 38.77375379889932 -120.47946406355479 3.4499999999999944
endloop
endfacet
facet normal 0 0 1
outer loop
vertex 39.64151135131067 -119.49070383877954 3.4499999999999944
vertex 38.77375379889932 -120.47946406355479 3.4499999999999944
vertex 39.016496656844566 -120.59008911145288 3.4499999999999944
endloop
endfacet
facet normal 0 0 1
outer loop
vertex 39.64151135131067 -119.49070383877954 3.4499999999999944
vertex 39.016496656844566 -120.59008911145288 3.4499999999999944
vertex 39.273556565283855 -120.66137866033 3.4499999999999944
endloop
endfacet
facet normal 0 0 1
outer loop
vertex 39.64151135131067 -119.49070383877954 3.4499999999999944
vertex 39.273556565283855 -120.66137866033 3.4499999999999944
vertex 39.538603802330044 -120.69157730997375 3.4499999999999944
endloop
endfacet
facet normal 0 0 1
outer loop
vertex 39.64151135131067 -119.49070383877954 3.4499999999999944
vertex 39.538603802330044 -120.69157730997375 3.4499999999999944
vertex 39.80511196988414 -120.67994146308497 3.4499999999999944
endloop
endfacet
facet normal 0 0 1
outer loop
vertex 39.64151135131067 -119.49070383877954 3.4499999999999944
vertex 39.80511196988414 -120.67994146308497 3.4499999999999944
vertex 40.06651869658535 -120.62675763526686 3.4499999999999944
endloop
endfacet
facet normal 0 0 1
outer loop
vertex 39.64151135131067 -119.49070383877954 3.4499999999999944
vertex 40.06651869658535 -120.62675763526686 3.4499999999999944
vertex 40.31638537654388 -120.53333080000004 3.4499999999999944
endloop
endfacet
facet normal 0 0 1
outer loop
vertex 39.64151135131067 -119.49070383877954 3.4499999999999944
vertex 40.31638537654388 -120.53333080000004 3.4499999999999944
vertex 42.55230612260053 -119.49070383877954 3.449999999999995
endloop
endfacet
facet normal -0.2588190811099132 -0.9659258166409159 5.439620409136275e-15
outer loop
vertex 116.43575247654353 -108.20872929999992 -1.5999999999999963
vertex 133.4253432265436 -112.76107709999994 -1.5999999999999943
vertex 133.42534322654402 -112.76107710000002 3.450000000000006
endloop
endfacet
facet normal -0.2588190811099132 -0.9659258166409159 5.439620409136275e-15
outer loop
vertex 116.43575247654353 -108.20872929999992 -1.5999999999999963
vertex 133.42534322654402 -112.76107710000002 3.450000000000006
vertex 129.1559309170641 -111.61709134893925 3.4500000000000055
endloop
endfacet
facet normal -0.2588190811099132 -0.9659258166409159 5.439620409136275e-15
outer loop
vertex 116.43575247654353 -108.20872929999992 -1.5999999999999963
vertex 129.1559309170641 -111.61709134893925 3.4500000000000055
vertex 129.09944391463998 -111.60195569999998 3.4500000000000055
endloop
endfacet
facet normal -0.2588190811099132 -0.9659258166409159 5.439620409136275e-15
outer loop
vertex 116.43575247654353 -108.20872929999992 -1.5999999999999963
vertex 129.09944391463998 -111.60195569999998 3.4500000000000055
vertex 116.4357524765436 -108.20872929999992 3.4500000000000037
endloop
endfacet
facet normal -0.20987054440598749 -0.9777291826424812 0
outer loop
vertex 116.33731018981176 -108.18759856495001 -1.5999999999999965
vertex 116.43575247654353 -108.20872929999992 -1.5999999999999963
vertex 116.4357524765436 -108.20872929999992 3.4500000000000037
endloop
endfacet
facet normal -0.20987054440598749 -0.9777291826424812 0
outer loop
vertex 116.33731018981176 -108.18759856495001 -1.5999999999999965
vertex 116.4357524765436 -108.20872929999992 3.4500000000000037
vertex 116.33731018981162 -108.18759856494998 3.4500000000000037
endloop
endfacet
facet normal -0.11048256799085714 -0.9938780620227743 0
outer loop
vertex 116.2372386796098 -108.17647430549374 -1.5999999999999965
vertex 116.33731018981176 -108.18759856495001 -1.5999999999999965
vertex 116.33731018981162 -108.18759856494998 3.4500000000000037
endloop
endfacet
facet normal -0.11048256799085714 -0.9938780620227743 0
outer loop
vertex 116.2372386796098 -108.17647430549374 -1.5999999999999965
vertex 116.33731018981162 -108.18759856494998 3.4500000000000037
vertex 116.23723867961 -108.17647430549374 3.4500000000000037
endloop
endfacet
facet normal -0.009977915324014926 -0.9999502193638377 0
outer loop
vertex 116.13655577654379 -108.17546964999998 -1.5999999999999965
vertex 116.2372386796098 -108.17647430549374 -1.5999999999999965
vertex 116.23723867961 -108.17647430549374 3.4500000000000037
endloop
endfacet
facet normal -0.009977915324014926 -0.9999502193638377 0
outer loop
vertex 116.13655577654379 -108.17546964999998 -1.5999999999999965
vertex 116.23723867961 -108.17647430549374 3.4500000000000037
vertex 116.13655577654394 -108.17546964999998 3.4500000000000037
endloop
endfacet
facet normal 0.040375260510217004 -0.9991845867199576 0
outer loop
vertex 74.13684447654413 -109.87260279999998 -1.6000000000000016
vertex 116.13655577654379 -108.17546964999998 -1.5999999999999965
vertex 116.13655577654394 -108.17546964999998 3.4500000000000037
endloop
endfacet
facet normal 0.040375260510217004 -0.9991845867199576 0
outer loop
vertex 74.13684447654413 -109.87260279999998 -1.6000000000000016
vertex 116.13655577654394 -108.17546964999998 3.4500000000000037
vertex 74.13684447654369 -109.87260280000001 3.449999999999999
endloop
endfacet
facet normal 0.07385328964568316 -0.9972691169431203 0
outer loop
vertex 74.06996554412022 -109.877555554561 -1.6000000000000016
vertex 74.13684447654413 -109.87260279999998 -1.6000000000000016
vertex 74.13684447654369 -109.87260280000001 3.449999999999999
endloop
endfacet
facet normal 0.07385328964568316 -0.9972691169431203 0
outer loop
vertex 74.06996554412022 -109.877555554561 -1.6000000000000016
vertex 74.13684447654369 -109.87260280000001 3.449999999999999
vertex 74.06996554412048 -109.87755555456097 3.449999999999999
endloop
endfacet
facet normal 0.1405490222898037 -0.9900737206558815 0
outer loop
vertex 74.00356677654422 -109.88698139999994 -1.6000000000000016
vertex 74.06996554412022 -109.877555554561 -1.6000000000000016
vertex 74.06996554412048 -109.87755555456097 3.449999999999999
endloop
endfacet
facet normal 0.1405490222898037 -0.9900737206558815 0
outer loop
vertex 74.00356677654422 -109.88698139999994 -1.6000000000000016
vertex 74.06996554412048 -109.87755555456097 3.449999999999999
vertex 74.00356677654445 -109.8869813999999 3.449999999999999
endloop
endfacet
facet normal 0.1736481262464335 -0.9848077620790276 0
outer loop
vertex 56.56537707654397 -112.9618038 -1.6000000000000039
vertex 74.00356677654422 -109.88698139999994 -1.6000000000000016
vertex 74.00356677654445 -109.8869813999999 3.449999999999999
endloop
endfacet
facet normal 0.1736481262464335 -0.9848077620790276 0
outer loop
vertex 56.56537707654397 -112.9618038 -1.6000000000000039
vertex 74.00356677654445 -109.8869813999999 3.449999999999999
vertex 56.56537707654395 -112.9618038 3.4499999999999966
endloop
endfacet
facet normal 0.30070529331507645 -0.9537171103489199 0
outer loop
vertex 56.52894077654389 -112.97329210000002 -1.6000000000000039
vertex 56.56537707654397 -112.9618038 -1.6000000000000039
vertex 56.56537707654395 -112.9618038 3.4499999999999966
endloop
endfacet
facet normal 0.30070529331507645 -0.9537171103489199 0
outer loop
vertex 56.52894077654389 -112.97329210000002 -1.6000000000000039
vertex 56.56537707654395 -112.9618038 3.4499999999999966
vertex 56.52894077654385 -112.97329210000004 3.4499999999999966
endloop
endfacet
facet normal 0.422618259845137 -0.9063077879205652 9.438528912466468e-16
outer loop
vertex 40.31638537654388 -120.53333080000004 -1.6000000000000056
vertex 56.52894077654389 -112.97329210000002 -1.6000000000000039
vertex 56.52894077654385 -112.97329210000004 3.4499999999999966
endloop
endfacet
facet normal 0.422618259845137 -0.9063077879205652 9.438528912466468e-16
outer loop
vertex 40.31638537654388 -120.53333080000004 -1.6000000000000056
vertex 56.52894077654385 -112.97329210000004 3.4499999999999966
vertex 42.6486852796634 -119.4457615 3.449999999999995
endloop
endfacet
facet normal 0.422618259845137 -0.9063077879205652 9.438528912466468e-16
outer loop
vertex 40.31638537654388 -120.53333080000004 -1.6000000000000056
vertex 42.6486852796634 -119.4457615 3.449999999999995
vertex 42.58476188454367 -119.47556946851684 3.449999999999995
endloop
endfacet
facet normal 0.422618259845137 -0.9063077879205652 9.438528912466468e-16
outer loop
vertex 40.31638537654388 -120.53333080000004 -1.6000000000000056
vertex 42.58476188454367 -119.47556946851684 3.449999999999995
vertex 42.55230612260053 -119.49070383877954 3.449999999999995
endloop
endfacet
facet normal 0.422618259845137 -0.9063077879205652 9.438528912466468e-16
outer loop
vertex 40.31638537654388 -120.53333080000004 -1.6000000000000056
vertex 42.55230612260053 -119.49070383877954 3.449999999999995
vertex 40.31638537654388 -120.53333080000004 3.4499999999999944
endloop
endfacet
facet normal 0.35022550870860525 -0.9366654114729542 0
outer loop
vertex 40.06651869658529 -120.62675763526688 -1.6000000000000059
vertex 40.31638537654388 -120.53333080000004 -1.6000000000000056
vertex 40.31638537654388 -120.53333080000004 3.4499999999999944
endloop
endfacet
facet normal 0.35022550870860525 -0.9366654114729542 0
outer loop
vertex 40.06651869658529 -120.62675763526688 -1.6000000000000059
vertex 40.31638537654388 -120.53333080000004 3.4499999999999944
vertex 40.06651869658535 -120.62675763526686 3.4499999999999944
endloop
endfacet
facet normal 0.1993680358769158 -0.9799246839786111 0
outer loop
vertex 39.80511196988431 -120.67994146308494 -1.6000000000000059
vertex 40.06651869658529 -120.62675763526688 -1.6000000000000059
vertex 40.06651869658535 -120.62675763526686 3.4499999999999944
endloop
endfacet
facet normal 0.1993680358769158 -0.9799246839786111 0
outer loop
vertex 39.80511196988431 -120.67994146308494 -1.6000000000000059
vertex 40.06651869658535 -120.62675763526686 3.4499999999999944
vertex 39.80511196988414 -120.67994146308497 3.4499999999999944
endloop
endfacet
facet normal 0.04361882239687987 -0.9990482462487533 0
outer loop
vertex 39.5386038023299 -120.69157730997374 -1.6000000000000059
vertex 39.80511196988431 -120.67994146308494 -1.6000000000000059
vertex 39.80511196988414 -120.67994146308497 3.4499999999999944
endloop
endfacet
facet normal 0.04361882239687987 -0.9990482462487533 0
outer loop
vertex 39.5386038023299 -120.69157730997374 -1.6000000000000059
vertex 39.80511196988414 -120.67994146308497 3.4499999999999944
vertex 39.538603802330044 -120.69157730997375 3.4499999999999944
endloop
endfacet
facet normal -0.11320444038358338 -0.9935717159206173 0
outer loop
vertex 39.273556565283826 -120.66137866033 -1.6000000000000059
vertex 39.5386038023299 -120.69157730997374 -1.6000000000000059
vertex 39.538603802330044 -120.69157730997375 3.4499999999999944
endloop
endfacet
facet normal -0.11320444038358338 -0.9935717159206173 0
outer loop
vertex 39.273556565283826 -120.66137866033 -1.6000000000000059
vertex 39.538603802330044 -120.69157730997375 3.4499999999999944
vertex 39.273556565283855 -120.66137866033 3.4499999999999944
endloop
endfacet
facet normal -0.2672402104414572 -0.9636299444928046 0
outer loop
vertex 39.01649665684465 -120.59008911145291 -1.6000000000000059
vertex 39.273556565283826 -120.66137866033 -1.6000000000000059
vertex 39.273556565283855 -120.66137866033 3.4499999999999944
endloop
endfacet
facet normal -0.2672402104414572 -0.9636299444928046 0
outer loop
vertex 39.01649665684465 -120.59008911145291 -1.6000000000000059
vertex 39.273556565283855 -120.66137866033 3.4499999999999944
vertex 39.016496656844566 -120.59008911145288 3.4499999999999944
endloop
endfacet
facet normal -0.4146955836591242 -0.9099602040164275 0
outer loop
vertex 38.77375379889921 -120.47946406355472 -1.6000000000000059
vertex 39.01649665684465 -120.59008911145291 -1.6000000000000059
vertex 39.016496656844566 -120.59008911145288 3.4499999999999944
endloop
endfacet
facet normal -0.4146955836591242 -0.9099602040164275 0
outer loop
vertex 38.77375379889921 -120.47946406355472 -1.6000000000000059
vertex 39.016496656844566 -120.59008911145288 3.4499999999999944
vertex 38.77375379889932 -120.47946406355479 3.4499999999999944
endloop
endfacet
facet normal -0.5519396885056558 -0.833884032856056 0
outer loop
vertex 38.551305177039666 -120.33222749561475 -1.6000000000000059
vertex 38.77375379889921 -120.47946406355472 -1.6000000000000059
vertex 38.77375379889932 -120.47946406355479 3.4499999999999944
endloop
endfacet
facet normal -0.5519396885056558 -0.833884032856056 0
outer loop
vertex 38.551305177039666 -120.33222749561475 -1.6000000000000059
vertex 38.77375379889932 -120.47946406355479 3.4499999999999944
vertex 38.55130517703955 -120.33222749561467 3.4499999999999944
endloop
endfacet
facet normal -0.6755930909042714 -0.7372746947525141 0
outer loop
vertex 38.35462826116449 -120.15200489140582 -1.600000000000006
vertex 38.551305177039666 -120.33222749561475 -1.6000000000000059
vertex 38.55130517703955 -120.33222749561467 3.4499999999999944
endloop
endfacet
facet normal -0.6755930909042714 -0.7372746947525141 0
outer loop
vertex 38.35462826116449 -120.15200489140582 -1.600000000000006
vertex 38.55130517703955 -120.33222749561467 3.4499999999999944
vertex 38.354628261164464 -120.15200489140582 3.4499999999999944
endloop
endfacet
facet normal -0.7826110078221508 -0.622511052460595 0
outer loop
vertex 38.1885659308451 -119.94323396729314 -1.600000000000006
vertex 38.35462826116449 -120.15200489140582 -1.600000000000006
vertex 38.354628261164464 -120.15200489140582 3.4499999999999944
endloop
endfacet
facet normal -0.7826110078221508 -0.622511052460595 0
outer loop
vertex 38.1885659308451 -119.94323396729314 -1.600000000000006
vertex 38.354628261164464 -120.15200489140582 3.4499999999999944
vertex 38.18856593084507 -119.94323396729314 3.4499999999999944
endloop
endfacet
facet normal -0.8703582805713335 -0.4924189917548997 0
outer loop
vertex 38.057207226543824 -119.71105539999968 -1.600000000000006
vertex 38.1885659308451 -119.94323396729314 -1.600000000000006
vertex 38.18856593084507 -119.94323396729314 3.4499999999999944
endloop
endfacet
facet normal -0.8703582805713335 -0.4924189917548997 0
outer loop
vertex 38.057207226543824 -119.71105539999968 -1.600000000000006
vertex 38.18856593084507 -119.94323396729314 3.4499999999999944
vertex 38.05720722654394 -119.71105539999994 3.4499999999999944
endloop
endfacet
facet normal -0.011321040096645424 -0.005279085832397297 0.9999219796083615
outer loop
vertex 30.873027676539806 -104.30452719999113 -1.600000000000007
vertex 32.67807714826833 -108.17546964999998 -1.6000000000000068
vertex 33.46946305374814 -109.87260279999998 -1.6000000000000065
endloop
endfacet
facet normal -0.011321040096645424 -0.005279085832397297 0.9999219796083615
outer loop
vertex 30.873027676539806 -104.30452719999113 -1.600000000000007
vertex 33.46946305374814 -109.87260279999998 -1.6000000000000065
vertex 33.471772560313894 -109.877555554561 -1.6000000000000065
endloop
endfacet
facet normal -0.011321040096645424 -0.005279085832397297 0.9999219796083615
outer loop
vertex 30.873027676539806 -104.30452719999113 -1.600000000000007
vertex 33.471772560313894 -109.877555554561 -1.6000000000000065
vertex 33.47616790267557 -109.88698139999994 -1.6000000000000065
endloop
endfacet
facet normal -0.011321040096645424 -0.005279085832397297 0.9999219796083615
outer loop
vertex 30.873027676539806 -104.30452719999113 -1.600000000000007
vertex 33.47616790267557 -109.88698139999994 -1.6000000000000065
vertex 34.909980629280795 -112.9618038 -1.6000000000000063
endloop
endfacet
facet normal -0.011321040096645424 -0.005279085832397297 0.9999219796083615
outer loop
vertex 30.873027676539806 -104.30452719999113 -1.600000000000007
vertex 34.909980629280795 -112.9618038 -1.6000000000000063
vertex 34.915337709659525 -112.97329210000002 -1.6000000000000063
endloop
endfacet
facet normal -0.011321040096645424 -0.005279085832397297 0.9999219796083615
outer loop
vertex 30.873027676539806 -104.30452719999113 -1.600000000000007
vertex 34.915337709659525 -112.97329210000002 -1.6000000000000063
vertex 38.057207226543824 -119.71105539999968 -1.600000000000006
endloop
endfacet
facet normal -0.011321040096645424 -0.005279085832397297 0.9999219796083615
outer loop
vertex 30.873027676539806 -104.30452719999113 -1.600000000000007
vertex 38.057207226543824 -119.71105539999968 -1.600000000000006
vertex 38.05720722654394 -119.71105539999994 3.4499999999999944
endloop
endfacet
facet normal -0.011321040096645424 -0.005279085832397297 0.9999219796083615
outer loop
vertex 30.873027676539806 -104.30452719999113 -1.600000000000007
vertex 38.05720722654394 -119.71105539999994 3.4499999999999944
vertex 37.95445725993528 -119.49070730776647 3.4499999999999944
endloop
endfacet
facet normal -0.011321040096645424 -0.005279085832397297 0.9999219796083615
outer loop
vertex 30.873027676539806 -104.30452719999113 -1.600000000000007
vertex 37.95445725993528 -119.49070730776647 3.4499999999999944
vertex 37.947398372056284 -119.47556946851684 3.4499999999999944
endloop
endfacet
facet normal -0.011321040096645424 -0.005279085832397297 0.9999219796083615
outer loop
vertex 30.873027676539806 -104.30452719999113 -1.600000000000007
vertex 37.947398372056284 -119.47556946851684 3.4499999999999944
vertex 37.93349869296793 -119.4457615 3.4499999999999944
endloop
endfacet
facet normal -0.011321040096645424 -0.005279085832397297 0.9999219796083615
outer loop
vertex 30.873027676539806 -104.30452719999113 -1.600000000000007
vertex 37.93349869296793 -119.4457615 3.4499999999999944
vertex 37.91317844438686 -119.40218457091346 3.4499999999999944
endloop
endfacet
facet normal -0.011321040096645424 -0.005279085832397297 0.9999219796083615
outer loop
vertex 30.873027676539806 -104.30452719999113 -1.600000000000007
vertex 37.91317844438686 -119.40218457091346 3.4499999999999944
vertex 37.887055120249386 -119.34616290174435 3.4499999999999944
endloop
endfacet
facet normal -0.011321040096645424 -0.005279085832397297 0.9999219796083615
outer loop
vertex 30.873027676539806 -104.30452719999113 -1.600000000000007
vertex 37.887055120249386 -119.34616290174435 3.4499999999999944
vertex 37.85592250728254 -119.27939877422284 3.4499999999999944
endloop
endfacet
facet normal -0.011321040096645424 -0.005279085832397297 0.9999219796083615
outer loop
vertex 30.873027676539806 -104.30452719999113 -1.600000000000007
vertex 37.85592250728254 -119.27939877422284 3.4499999999999944
vertex 37.82072653898538 -119.20392075 3.4499999999999944
endloop
endfacet
facet normal -0.011321040096645424 -0.005279085832397297 0.9999219796083615
outer loop
vertex 30.873027676539806 -104.30452719999113 -1.600000000000007
vertex 37.82072653898538 -119.20392075 3.4499999999999944
vertex 30.87302767653034 -104.3045271999708 3.4499999999999935
endloop
endfacet
facet normal -0.9058171980394635 -0.4236687429300579 0
outer loop
vertex 24.42060717654394 -90.50904769999994 -1.6000000000000076
vertex 30.873027676539806 -104.30452719999113 -1.600000000000007
vertex 30.87302767653034 -104.3045271999708 3.4499999999999935
endloop
endfacet
facet normal -0.9058171980394635 -0.4236687429300579 0
outer loop
vertex 24.42060717654394 -90.50904769999994 -1.6000000000000076
vertex 30.87302767653034 -104.3045271999708 3.4499999999999935
vertex 24.420607176544138 -90.50904770000045 3.4499999999999926
endloop
endfacet
facet normal -0.927624682265779 -0.3735136528312087 0
outer loop
vertex 24.33077683909835 -90.28595320907796 -1.6000000000000076
vertex 24.42060717654394 -90.50904769999994 -1.6000000000000076
vertex 24.420607176544138 -90.50904770000045 3.4499999999999926
endloop
endfacet
facet normal -0.927624682265779 -0.3735136528312087 0
outer loop
vertex 24.33077683909835 -90.28595320907796 -1.6000000000000076
vertex 24.420607176544138 -90.50904770000045 3.4499999999999926
vertex 24.330776839098434 -90.28595320907819 3.4499999999999926
endloop
endfacet
facet normal -0.9628498025801638 -0.2700375116004061 0
outer loop
vertex 24.265833466397993 -90.05439014506943 -1.6000000000000076
vertex 24.33077683909835 -90.28595320907796 -1.6000000000000076
vertex 24.330776839098434 -90.28595320907819 3.4499999999999926
endloop
endfacet
facet normal -0.9628498025801638 -0.2700375116004061 0
outer loop
vertex 24.265833466397993 -90.05439014506943 -1.6000000000000076
vertex 24.330776839098434 -90.28595320907819 3.4499999999999926
vertex 24.265833466397936 -90.05439014506919 3.4499999999999926
endloop
endfacet
facet normal -0.9865722521363304 -0.16332541539714257 -3.2922974503680635e-15
outer loop
vertex 24.226554096429197 -89.81712188894174 -1.6000000000000076
vertex 24.265833466397993 -90.05439014506943 -1.6000000000000076
vertex 24.265833466397936 -90.05439014506919 3.4499999999999926
endloop
endfacet
facet normal -0.9865722521363304 -0.16332541539714257 -3.2922974503680635e-15
outer loop
vertex 24.226554096429197 -89.81712188894174 -1.6000000000000076
vertex 24.265833466397936 -90.05439014506919 3.4499999999999926
vertex 24.25693607904489 -90.00064519999934 3.4499999999999926
endloop
endfacet
facet normal -0.9865722521363304 -0.16332541539714257 -3.2922974503680635e-15
outer loop
vertex 24.226554096429197 -89.81712188894174 -1.6000000000000076
vertex 24.25693607904489 -90.00064519999934 3.4499999999999926
vertex 24.240148373794256 -89.89923854423158 3.4499999999999926
endloop
endfacet
facet normal -0.9865722521363304 -0.16332541539714257 -3.2922974503680635e-15
outer loop
vertex 24.226554096429197 -89.81712188894174 -1.6000000000000076
vertex 24.240148373794256 -89.89923854423158 3.4499999999999926
vertex 24.226554096429254 -89.81712188894214 3.4499999999999926
endloop
endfacet
facet normal -0.9985049402263018 -0.05466154355366836 6.932392917740839e-15
outer loop
vertex 24.213408126543953 -89.57698385000045 -1.6000000000000076
vertex 24.226554096429197 -89.81712188894174 -1.6000000000000076
vertex 24.226554096429254 -89.81712188894214 3.4499999999999926
endloop
endfacet
facet normal -0.9985049402263018 -0.05466154355366836 6.932392917740839e-15
outer loop
vertex 24.213408126543953 -89.57698385000045 -1.6000000000000076
vertex 24.226554096429254 -89.81712188894214 3.4499999999999926
vertex 24.225287422360992 -89.79398349524523 3.4499999999999926
endloop
endfacet
facet normal -0.9985049402263018 -0.05466154355366836 6.932392917740839e-15
outer loop
vertex 24.213408126543953 -89.57698385000045 -1.6000000000000076
vertex 24.225287422360992 -89.79398349524523 3.4499999999999926
vertex 24.219383444085878 -89.68613525146333 3.4499999999999926
endloop
endfacet
facet normal -0.9985049402263018 -0.05466154355366836 6.932392917740839e-15
outer loop
vertex 24.213408126543953 -89.57698385000045 -1.6000000000000076
vertex 24.219383444085878 -89.68613525146333 3.4499999999999926
vertex 24.213408126543925 -89.57698384999956 3.4499999999999926
endloop
endfacet
facet normal -0.9999999999999954 -9.583004612068179e-8 0
outer loop
vertex 24.213404976543984 -56.70627940000013 -1.6000000000000076
vertex 24.213408126543953 -89.57698385000045 -1.6000000000000076
vertex 24.213408126543925 -89.57698384999956 3.4499999999999926
endloop
endfacet
facet normal -0.9999999999999954 -9.583004612068179e-8 0
outer loop
vertex 24.213404976543984 -56.70627940000013 -1.6000000000000076
vertex 24.213408126543925 -89.57698384999956 3.4499999999999926
vertex 24.213404976543984 -56.7062793999997 3.4499999999999926
endloop
endfacet
facet normal -0.9961942279985166 0.0871611157709648 -7.358645759457539e-15
outer loop
vertex 24.246829969917087 -56.324253709132755 -1.6000000000000076
vertex 24.213404976543984 -56.70627940000013 -1.6000000000000076
vertex 24.213404976543984 -56.7062793999997 3.4499999999999926
endloop
endfacet
facet normal -0.9961942279985166 0.0871611157709648 -7.358645759457539e-15
outer loop
vertex 24.246829969917087 -56.324253709132755 -1.6000000000000076
vertex 24.213404976543984 -56.7062793999997 3.4499999999999926
vertex 24.228598141032705 -56.53263152233316 3.4499999999999926
endloop
endfacet
facet normal -0.9961942279985166 0.0871611157709648 -7.358645759457539e-15
outer loop
vertex 24.246829969917087 -56.324253709132755 -1.6000000000000076
vertex 24.228598141032705 -56.53263152233316 3.4499999999999926
vertex 24.24332969435727 -56.36425955667443 3.4499999999999926
endloop
endfacet
facet normal -0.9961942279985166 0.0871611157709648 -7.358645759457539e-15
outer loop
vertex 24.246829969917087 -56.324253709132755 -1.6000000000000076
vertex 24.24332969435727 -56.36425955667443 3.4499999999999926
vertex 24.246829969917087 -56.32425370913282 3.4499999999999926
endloop
endfacet
facet normal -0.9659258262890492 0.2588190451025918 3.2748874577203812e-15
outer loop
vertex 24.346083260814964 -55.95383538468357 -1.6000000000000076
vertex 24.246829969917087 -56.324253709132755 -1.6000000000000076
vertex 24.246829969917087 -56.32425370913282 3.4499999999999926
endloop
endfacet
facet normal -0.9659258262890492 0.2588190451025918 3.2748874577203812e-15
outer loop
vertex 24.346083260814964 -55.95383538468357 -1.6000000000000076
vertex 24.246829969917087 -56.32425370913282 3.4499999999999926
vertex 24.27844101039213 -56.20627969999988 3.4499999999999926
endloop
endfacet
facet normal -0.9659258262890492 0.2588190451025918 3.2748874577203812e-15
outer loop
vertex 24.346083260814964 -55.95383538468357 -1.6000000000000076
vertex 24.27844101039213 -56.20627969999988 3.4499999999999926
vertex 24.31670083509681 -56.0634920903134 3.4499999999999926
endloop
endfacet
facet normal -0.9659258262890492 0.2588190451025918 3.2748874577203812e-15
outer loop
vertex 24.346083260814964 -55.95383538468357 -1.6000000000000076
vertex 24.31670083509681 -56.0634920903134 3.4499999999999926
vertex 24.34608326081502 -55.95383538468343 3.4499999999999926
endloop
endfacet
facet normal -0.9063077870366804 0.4226182617406345 -1.6911891466559345e-15
outer loop
vertex 24.50815113821821 -55.60627969999995 -1.6000000000000076
vertex 24.346083260814964 -55.95383538468357 -1.6000000000000076
vertex 24.34608326081502 -55.95383538468343 3.4499999999999926
endloop
endfacet
facet normal -0.9063077870366804 0.4226182617406345 -1.6911891466559345e-15
outer loop
vertex 24.50815113821821 -55.60627969999995 -1.6000000000000076
vertex 24.34608326081502 -55.95383538468343 3.4499999999999926
vertex 24.352425104561178 -55.940235256881 3.4499999999999926
endloop
endfacet
facet normal -0.9063077870366804 0.4226182617406345 -1.6911891466559345e-15
outer loop
vertex 24.50815113821821 -55.60627969999995 -1.6000000000000076
vertex 24.352425104561178 -55.940235256881 3.4499999999999926
vertex 24.39904699218917 -55.84025429621553 3.4499999999999926
endloop
endfacet
facet normal -0.9063077870366804 0.4226182617406345 -1.6911891466559345e-15
outer loop
vertex 24.50815113821821 -55.60627969999995 -1.6000000000000076
vertex 24.39904699218917 -55.84025429621553 3.4499999999999926
vertex 24.4333985796319 -55.766587079214105 3.4499999999999926
endloop
endfacet
facet normal -0.9063077870366804 0.4226182617406345 -1.6911891466559345e-15
outer loop
vertex 24.50815113821821 -55.60627969999995 -1.6000000000000076
vertex 24.4333985796319 -55.766587079214105 3.4499999999999926
vertex 24.45443611128772 -55.72147194698778 3.4499999999999926
endloop
endfacet
facet normal -0.9063077870366804 0.4226182617406345 -1.6911891466559345e-15
outer loop
vertex 24.50815113821821 -55.60627969999995 -1.6000000000000076
vertex 24.45443611128772 -55.72147194698778 3.4499999999999926
vertex 24.50815113821818 -55.60627970000004 3.4499999999999926
endloop
endfacet
facet normal -0.8191520442889739 0.5735764363510717 5.07356743997009e-15
outer loop
vertex 24.728109251682184 -55.29214695868964 -1.6000000000000076
vertex 24.50815113821821 -55.60627969999995 -1.6000000000000076
vertex 24.50815113821818 -55.60627970000004 3.4499999999999926
endloop
endfacet
facet normal -0.8191520442889739 0.5735764363510717 5.07356743997009e-15
outer loop
vertex 24.728109251682184 -55.29214695868964 -1.6000000000000076
vertex 24.50815113821818 -55.60627970000004 3.4499999999999926
vertex 24.6019478289314 -55.47232414311897 3.4499999999999926
endloop
endfacet
facet normal -0.8191520442889739 0.5735764363510717 5.07356743997009e-15
outer loop
vertex 24.728109251682184 -55.29214695868964 -1.6000000000000076
vertex 24.6019478289314 -55.47232414311897 3.4499999999999926
vertex 24.728109251682298 -55.29214695868953 3.4499999999999926
endloop
endfacet
facet normal -0.7071067811865795 0.7071067811865156 0
outer loop
vertex 24.999274285233582 -55.02098192513823 -1.6000000000000076
vertex 24.728109251682184 -55.29214695868964 -1.6000000000000076
vertex 24.728109251682298 -55.29214695868953 3.4499999999999926
endloop
endfacet
facet normal -0.7071067811865795 0.7071067811865156 0
outer loop
vertex 24.999274285233582 -55.02098192513823 -1.6000000000000076
vertex 24.728109251682298 -55.29214695868953 3.4499999999999926
vertex 24.99927428523361 -55.0209819251382 3.4499999999999926
endloop
endfacet
facet normal -0.5735764363510099 0.8191520442890172 0
outer loop
vertex 25.313407026543956 -54.80102381167423 -1.6000000000000076
vertex 24.999274285233582 -55.02098192513823 -1.6000000000000076
vertex 24.99927428523361 -55.0209819251382 3.4499999999999926
endloop
endfacet
facet normal -0.5735764363510099 0.8191520442890172 0
outer loop
vertex 25.313407026543956 -54.80102381167423 -1.6000000000000076
vertex 24.99927428523361 -55.0209819251382 3.4499999999999926
vertex 25.3134070265439 -54.80102381167426 3.4499999999999926
endloop
endfacet
facet normal -0.42261826174070904 0.9063077870366456 0
outer loop
vertex 25.6609627112274 -54.638955934271024 -1.6000000000000076
vertex 25.313407026543956 -54.80102381167423 -1.6000000000000076
vertex 25.3134070265439 -54.80102381167426 3.4499999999999926
endloop
endfacet
facet normal -0.42261826174070904 0.9063077870366456 0
outer loop
vertex 25.6609627112274 -54.638955934271024 -1.6000000000000076
vertex 25.3134070265439 -54.80102381167426 3.4499999999999926
vertex 25.660962711227427 -54.638955934271024 3.4499999999999926
endloop
endfacet
facet normal -0.2588190451025125 0.9659258262890704 0
outer loop
vertex 26.031381035676702 -54.53970264337315 -1.6000000000000074
vertex 25.6609627112274 -54.638955934271024 -1.6000000000000076
vertex 25.660962711227427 -54.638955934271024 3.4499999999999926
endloop
endfacet
facet normal -0.2588190451025125 0.9659258262890704 0
outer loop
vertex 26.031381035676702 -54.53970264337315 -1.6000000000000074
vertex 25.660962711227427 -54.638955934271024 3.4499999999999926
vertex 26.03138103567676 -54.53970264337314 3.4499999999999926
endloop
endfacet
facet normal -0.08715574274766881 0.9961946980917447 0
outer loop
vertex 26.413407026544036 -54.5062780850526 -1.6000000000000074
vertex 26.031381035676702 -54.53970264337315 -1.6000000000000074
vertex 26.03138103567676 -54.53970264337314 3.4499999999999926
endloop
endfacet
facet normal -0.08715574274766881 0.9961946980917447 0
outer loop
vertex 26.413407026544036 -54.5062780850526 -1.6000000000000074
vertex 26.03138103567676 -54.53970264337314 3.4499999999999926
vertex 26.41340702654395 -54.5062794 3.4499999999999926
endloop
endfacet
facet normal -1.627401502446446e-8 1 0
outer loop
vertex 44.84770497654395 -54.5062780850526 -1.6000000000000052
vertex 26.413407026544036 -54.5062780850526 -1.6000000000000074
vertex 26.41340702654395 -54.5062794 3.4499999999999926
endloop
endfacet
facet normal -1.627401502446446e-8 1 0
outer loop
vertex 44.84770497654395 -54.5062780850526 -1.6000000000000052
vertex 26.41340702654395 -54.5062794 3.4499999999999926
vertex 44.847704976543895 -54.5062794 3.4499999999999953
endloop
endfacet
facet normal -0.08715301369572612 0.9961949368490852 0
outer loop
vertex 45.02135520421089 -54.49108745301219 -1.6000000000000052
vertex 44.84770497654395 -54.5062780850526 -1.6000000000000052
vertex 44.847704976543895 -54.5062794 3.4499999999999953
endloop
endfacet
facet normal -0.08715301369572612 0.9961949368490852 0
outer loop
vertex 45.02135520421089 -54.49108745301219 -1.6000000000000052
vertex 44.847704976543895 -54.5062794 3.4499999999999953
vertex 45.02135520421092 -54.49108745301219 3.4499999999999953
endloop
endfacet
facet normal 0 0 -1
outer loop
vertex 45.189727169869656 -54.445972320785884 -1.6000000000000052
vertex 45.185411508831805 -54.44712869867578 -1.6000000000000052
vertex 45.02135520421089 -54.49108745301219 -1.6000000000000052
endloop
endfacet
facet normal 0 0 -1
outer loop
vertex 45.189727169869656 -54.445972320785884 -1.6000000000000052
vertex 45.02135520421089 -54.49108745301219 -1.6000000000000052
vertex 45.02135520421092 -54.49108745301219 3.4499999999999953
endloop
endfacet
facet normal 0 0 -1
outer loop
vertex 45.189727169869656 -54.445972320785884 -1.6000000000000052
vertex 45.02135520421092 -54.49108745301219 3.4499999999999953
vertex 45.18972716986963 -54.4459723207859 3.4499999999999953
endloop
endfacet
facet normal -0.4226182617406803 0.906307787036659 0
outer loop
vertex 45.34770702654397 -54.37230510378443 -1.6000000000000052
vertex 45.189727169869656 -54.445972320785884 -1.6000000000000052
vertex 45.18972716986963 -54.4459723207859 3.4499999999999953
endloop
endfacet
facet normal -0.4226182617406803 0.906307787036659 0
outer loop
vertex 45.34770702654397 -54.37230510378443 -1.6000000000000052
vertex 45.18972716986963 -54.4459723207859 3.4499999999999953
vertex 45.34770702654397 -54.37230510378443 3.4499999999999953
endloop
endfacet
facet normal -0.5735764363510761 0.8191520442889708 0
outer loop
vertex 45.49049463623045 -54.272324143119 -1.6000000000000052
vertex 45.34770702654397 -54.37230510378443 -1.6000000000000052
vertex 45.34770702654397 -54.37230510378443 3.4499999999999953
endloop
endfacet
facet normal -0.5735764363510761 0.8191520442889708 0
outer loop
vertex 45.49049463623045 -54.272324143119 -1.6000000000000052
vertex 45.34770702654397 -54.37230510378443 3.4499999999999953
vertex 45.49049463623051 -54.272324143118965 3.4499999999999953
endloop
endfacet
facet normal 0 0 -1
outer loop
vertex 45.61375146966293 -54.14906730968654 -1.6000000000000052
vertex 45.57570144893397 -54.1871173304155 -1.6000000000000052
vertex 45.52410867934947 -54.23871009999999 -1.6000000000000052
endloop
endfacet
facet normal 0 0 -1
outer loop
vertex 45.61375146966293 -54.14906730968654 -1.6000000000000052
vertex 45.52410867934947 -54.23871009999999 -1.6000000000000052
vertex 45.49049463623045 -54.272324143119 -1.6000000000000052
endloop
endfacet
facet normal 0 0 -1
outer loop
vertex 45.61375146966293 -54.14906730968654 -1.6000000000000052
vertex 45.49049463623045 -54.272324143119 -1.6000000000000052
vertex 45.49049463623051 -54.272324143118965 3.4499999999999953
endloop
endfacet
facet normal 0 0 -1
outer loop
vertex 45.61375146966293 -54.14906730968654 -1.6000000000000052
vertex 45.49049463623051 -54.272324143118965 3.4499999999999953
vertex 45.613751469662944 -54.14906730968653 3.4499999999999953
endloop
endfacet
facet normal 0.008510455211453955 -0.005959084892654441 -0.9999460292732483
outer loop
vertex 45.71373243032838 -54.006279700000015 -1.600000000000005
vertex 45.70425790510906 -54.019810724306815 -1.600000000000005
vertex 45.638612604470254 -54.1135619295661 -1.6000000000000052
endloop
endfacet
facet normal 0.008510455211453955 -0.005959084892654441 -0.9999460292732483
outer loop
vertex 45.71373243032838 -54.006279700000015 -1.600000000000005
vertex 45.638612604470254 -54.1135619295661 -1.6000000000000052
vertex 45.61375146966293 -54.14906730968654 -1.6000000000000052
endloop
endfacet
facet normal 0.008510455211453955 -0.005959084892654441 -0.9999460292732483
outer loop
vertex 45.71373243032838 -54.006279700000015 -1.600000000000005
vertex 45.61375146966293 -54.14906730968654 -1.6000000000000052
vertex 45.613751469662944 -54.14906730968653 3.4499999999999953
endloop
endfacet
facet normal 0.008510455211453955 -0.005959084892654441 -0.9999460292732483
outer loop
vertex 45.71373243032838 -54.006279700000015 -1.600000000000005
vertex 45.613751469662944 -54.14906730968653 3.4499999999999953
vertex 45.71373243032839 -54.006279700000015 3.4499999999999953
endloop
endfacet
facet normal 0 0 -1
outer loop
vertex 45.78739964732988 -53.84829984332563 -1.600000000000005
vertex 45.759507077718425 -53.90811565188818 -1.600000000000005
vertex 45.71373243032838 -54.006279700000015 -1.600000000000005
endloop
endfacet
facet normal 0 0 -1
outer loop
vertex 45.78739964732988 -53.84829984332563 -1.600000000000005
vertex 45.71373243032838 -54.006279700000015 -1.600000000000005
vertex 45.71373243032839 -54.006279700000015 3.4499999999999953
endloop
endfacet
facet normal 0 0 -1
outer loop
vertex 45.78739964732988 -53.84829984332563 -1.600000000000005
vertex 45.71373243032839 -54.006279700000015 3.4499999999999953
vertex 45.78739964732989 -53.84829984332562 3.4499999999999953
endloop
endfacet
facet normal 0 0 1
outer loop
vertex 45.83251477955615 -53.67992787766698 -1.600000000000005
vertex 45.80538980318887 -53.78115966762376 -1.600000000000005
vertex 45.78739964732988 -53.84829984332563 -1.600000000000005
endloop
endfacet
facet normal 0 0 1
outer loop
vertex 45.83251477955615 -53.67992787766698 -1.600000000000005
vertex 45.78739964732988 -53.84829984332563 -1.600000000000005
vertex 45.78739964732989 -53.84829984332562 3.4499999999999953
endloop
endfacet
facet normal 0 0 1
outer loop
vertex 45.83251477955615 -53.67992787766698 -1.600000000000005
vertex 45.78739964732989 -53.84829984332562 3.4499999999999953
vertex 45.83251477955616 -53.67992787766699 3.4499999999999953
endloop
endfacet
facet normal 0 0 1
outer loop
vertex 45.84770702654396 -53.50627969999992 -1.600000000000005
vertex 45.83583371260322 -53.6419922993496 -1.600000000000005
vertex 45.83251477955615 -53.67992787766698 -1.600000000000005
endloop
endfacet
facet normal 0 0 1
outer loop
vertex 45.84770702654396 -53.50627969999992 -1.600000000000005
vertex 45.83251477955615 -53.67992787766698 -1.600000000000005
vertex 45.83251477955616 -53.67992787766699 3.4499999999999953
endloop
endfacet
facet normal 0 0 1
outer loop
vertex 45.84770702654396 -53.50627969999992 -1.600000000000005
vertex 45.83251477955616 -53.67992787766699 3.4499999999999953
vertex 45.847707026543944 -53.50627970000018 3.4499999999999953
endloop
endfacet
facet normal 0 0 -1
outer loop
vertex 45.84770497654394 -37.70627940000003 -1.600000000000005
vertex 45.8477069849407 -53.18563019999991 -1.600000000000005
vertex 45.84770700504855 -53.34060783459055 -1.600000000000005
endloop
endfacet
facet normal 0 0 -1
outer loop
vertex 45.84770497654394 -37.70627940000003 -1.600000000000005
vertex 45.84770700504855 -53.34060783459055 -1.600000000000005
vertex 45.84770702494505 -53.49395639668392 -1.600000000000005
endloop
endfacet
facet normal 0 0 -1
outer loop
vertex 45.84770497654394 -37.70627940000003 -1.600000000000005
vertex 45.84770702494505 -53.49395639668392 -1.600000000000005
vertex 45.84770702654396 -53.50627969999992 -1.600000000000005
endloop
endfacet
facet normal 0 0 -1
outer loop
vertex 45.84770497654394 -37.70627940000003 -1.600000000000005
vertex 45.84770702654396 -53.50627969999992 -1.600000000000005
vertex 45.847707026543944 -53.50627970000018 3.4499999999999953
endloop
endfacet
facet normal 0 0 -1
outer loop
vertex 45.84770497654394 -37.70627940000003 -1.600000000000005
vertex 45.847707026543944 -53.50627970000018 3.4499999999999953
vertex 45.84770497654394 -37.70627940000011 3.4499999999999953
endloop
endfacet
facet normal -0.9969167256975051 0.07846682117025904 1.3244061333920809e-15
outer loop
vertex 45.868636847532215 -37.44034110943161 -1.600000000000005
vertex 45.84770497654394 -37.70627940000003 -1.600000000000005
vertex 45.84770497654394 -37.70627940000011 3.4499999999999953
endloop
endfacet
facet normal -0.9969167256975051 0.07846682117025904 1.3244061333920809e-15
outer loop
vertex 45.868636847532215 -37.44034110943161 -1.600000000000005
vertex 45.84770497654394 -37.70627940000011 3.4499999999999953
vertex 45.85453883391247 -37.61945561116653 3.4499999999999953
endloop
endfacet
facet normal -0.9969167256975051 0.07846682117025904 1.3244061333920809e-15
outer loop
vertex 45.868636847532215 -37.44034110943161 -1.600000000000005
vertex 45.85453883391247 -37.61945561116653 3.4499999999999953
vertex 45.86116507087834 -37.53526962833717 3.4499999999999953
endloop
endfacet
facet normal -0.9969167256975051 0.07846682117025904 1.3244061333920809e-15
outer loop
vertex 45.868636847532215 -37.44034110943161 -1.600000000000005
vertex 45.86116507087834 -37.53526962833717 3.4499999999999953
vertex 45.867382328971544 -37.45627969999988 3.4499999999999953
endloop
endfacet
facet normal -0.9969167256975051 0.07846682117025904 1.3244061333920809e-15
outer loop
vertex 45.868636847532215 -37.44034110943161 -1.600000000000005
vertex 45.867382328971544 -37.45627969999988 3.4499999999999953
vertex 45.8686368475322 -37.44034110943167 3.4499999999999953
endloop
endfacet
facet normal -0.9723699203976774 0.233445363855902 2.2148540292340116e-16
outer loop
vertex 45.93091094884218 -37.18095080956261 -1.600000000000005
vertex 45.868636847532215 -37.44034110943161 -1.600000000000005
vertex 45.8686368475322 -37.44034110943167 3.4499999999999953
endloop
endfacet
facet normal -0.9723699203976774 0.233445363855902 2.2148540292340116e-16
outer loop
vertex 45.93091094884218 -37.18095080956261 -1.600000000000005
vertex 45.8686368475322 -37.44034110943167 3.4499999999999953
vertex 45.88195046655983 -37.38488589515682 3.4499999999999953
endloop
endfacet
facet normal -0.9723699203976774 0.233445363855902 2.2148540292340116e-16
outer loop
vertex 45.93091094884218 -37.18095080956261 -1.600000000000005
vertex 45.88195046655983 -37.38488589515682 3.4499999999999953
vertex 45.89674614036916 -37.32325747844051 3.4499999999999953
endloop
endfacet
facet normal -0.9723699203976774 0.233445363855902 2.2148540292340116e-16
outer loop
vertex 45.93091094884218 -37.18095080956261 -1.600000000000005
vertex 45.89674614036916 -37.32325747844051 3.4499999999999953
vertex 45.90874779285325 -37.273266998107786 3.4499999999999953
endloop
endfacet
facet normal -0.9723699203976774 0.233445363855902 2.2148540292340116e-16
outer loop
vertex 45.93091094884218 -37.18095080956261 -1.600000000000005
vertex 45.90874779285325 -37.273266998107786 3.4499999999999953
vertex 45.91759075987456 -37.236433389607015 3.4499999999999953
endloop
endfacet
facet normal -0.9723699203976774 0.233445363855902 2.2148540292340116e-16
outer loop
vertex 45.93091094884218 -37.18095080956261 -1.600000000000005
vertex 45.91759075987456 -37.236433389607015 3.4499999999999953
vertex 45.92300635235486 -37.21387582349389 3.4499999999999953
endloop
endfacet
facet normal -0.9723699203976774 0.233445363855902 2.2148540292340116e-16
outer loop
vertex 45.93091094884218 -37.18095080956261 -1.600000000000005
vertex 45.92300635235486 -37.21387582349389 3.4499999999999953
vertex 45.92483003288787 -37.206279647389096 3.4499999999999953
endloop
endfacet
facet normal -0.9723699203976774 0.233445363855902 2.2148540292340116e-16
outer loop
vertex 45.93091094884218 -37.18095080956261 -1.600000000000005
vertex 45.92483003288787 -37.206279647389096 3.4499999999999953
vertex 45.93091094884218 -37.180950809562624 3.4499999999999953
endloop
endfacet
facet normal -0.9238795325112714 0.38268343236512675 0
outer loop
vertex 46.03299593542373 -36.93449585044277 -1.600000000000005
vertex 45.93091094884218 -37.18095080956261 -1.600000000000005
vertex 45.93091094884218 -37.180950809562624 3.4499999999999953
endloop
endfacet
facet normal -0.9238795325112714 0.38268343236512675 0
outer loop
vertex 46.03299593542373 -36.93449585044277 -1.600000000000005
vertex 45.93091094884218 -37.180950809562624 3.4499999999999953
vertex 46.03299593542373 -36.934495850442794 3.4499999999999953
endloop
endfacet
facet normal -0.8526401643541194 0.5224985647159045 0
outer loop
vertex 46.172378136106516 -36.707044771102815 -1.600000000000005
vertex 46.03299593542373 -36.93449585044277 -1.600000000000005
vertex 46.03299593542373 -36.934495850442794 3.4499999999999953
endloop
endfacet
facet normal -0.8526401643541194 0.5224985647159045 0
outer loop
vertex 46.172378136106516 -36.707044771102815 -1.600000000000005
vertex 46.03299593542373 -36.934495850442794 3.4499999999999953
vertex 46.17237813610656 -36.70704477110277 3.4499999999999953
endloop
endfacet
facet normal -0.7604059656000421 0.6494480483301708 0
outer loop
vertex 46.345625498526715 -36.50419817198299 -1.600000000000005
vertex 46.172378136106516 -36.707044771102815 -1.600000000000005
vertex 46.17237813610656 -36.70704477110277 3.4499999999999953
endloop
endfacet
facet normal -0.7604059656000421 0.6494480483301708 0
outer loop
vertex 46.345625498526715 -36.50419817198299 -1.600000000000005
vertex 46.17237813610656 -36.70704477110277 3.4499999999999953
vertex 46.34562549852674 -36.504198171982964 3.4499999999999953
endloop
endfacet
facet normal -0.6494480483301859 0.760405965600029 0
outer loop
vertex 46.54847209764688 -36.33095080956251 -1.600000000000005
vertex 46.345625498526715 -36.50419817198299 -1.600000000000005
vertex 46.34562549852674 -36.504198171982964 3.4499999999999953
endloop
endfacet
facet normal -0.6494480483301859 0.760405965600029 0
outer loop
vertex 46.54847209764688 -36.33095080956251 -1.600000000000005
vertex 46.34562549852674 -36.504198171982964 3.4499999999999953
vertex 46.54847209764688 -36.33095080956251 3.4499999999999953
endloop
endfacet
facet normal -0.5224985647159315 0.8526401643541028 0
outer loop
vertex 46.77592317698674 -36.19156860887978 -1.600000000000005
vertex 46.54847209764688 -36.33095080956251 -1.600000000000005
vertex 46.54847209764688 -36.33095080956251 3.4499999999999953
endloop
endfacet
facet normal -0.5224985647159315 0.8526401643541028 0
outer loop
vertex 46.77592317698674 -36.19156860887978 -1.600000000000005
vertex 46.54847209764688 -36.33095080956251 3.4499999999999953
vertex 46.775923176986794 -36.191568608879734 3.4499999999999953
endloop
endfacet
facet normal -0.3826834323650987 0.9238795325112831 0
outer loop
vertex 47.02237813610655 -36.08948362229824 -1.600000000000005
vertex 46.77592317698674 -36.19156860887978 -1.600000000000005
vertex 46.775923176986794 -36.191568608879734 3.4499999999999953
endloop
endfacet
facet normal -0.3826834323650987 0.9238795325112831 0
outer loop
vertex 47.02237813610655 -36.08948362229824 -1.600000000000005
vertex 46.775923176986794 -36.191568608879734 3.4499999999999953
vertex 47.02237813610647 -36.08948362229826 3.4499999999999953
endloop
endfacet
facet normal -0.2334453638558925 0.9723699203976797 0
outer loop
vertex 47.28176843597558 -36.027209520988265 -1.600000000000005
vertex 47.02237813610655 -36.08948362229824 -1.600000000000005
vertex 47.02237813610647 -36.08948362229826 3.4499999999999953
endloop
endfacet
facet normal -0.2334453638558925 0.9723699203976797 0
outer loop
vertex 47.28176843597558 -36.027209520988265 -1.600000000000005
vertex 47.02237813610647 -36.08948362229826 3.4499999999999953
vertex 47.28176843597561 -36.027209520988265 3.4499999999999953
endloop
endfacet
facet normal -0.07845909572786522 0.9969173337331265 0
outer loop
vertex 47.54770702654392 -36.00627937647058 -1.6000000000000048
vertex 47.28176843597558 -36.027209520988265 -1.600000000000005
vertex 47.28176843597561 -36.027209520988265 3.4499999999999953
endloop
endfacet
facet normal -0.07845909572786522 0.9969173337331265 0
outer loop
vertex 47.54770702654392 -36.00627937647058 -1.6000000000000048
vertex 47.28176843597561 -36.027209520988265 3.4499999999999953
vertex 47.54770702654393 -36.0062794 3.4499999999999953
endloop
endfacet
facet normal -1.9607846013514063e-8 0.9999999999999999 0
outer loop
vertex 62.84770497654402 -36.00627937647058 -1.600000000000003
vertex 47.54770702654392 -36.00627937647058 -1.6000000000000048
vertex 47.54770702654393 -36.0062794 3.4499999999999953
endloop
endfacet
facet normal -1.9607846013514063e-8 0.9999999999999999 0
outer loop
vertex 62.84770497654402 -36.00627937647058 -1.600000000000003
vertex 47.54770702654393 -36.0062794 3.4499999999999953
vertex 62.84770497654395 -36.0062794 3.449999999999997
endloop
endfacet
facet normal -0.08715301369574037 0.9961949368490839 0
outer loop
vertex 63.02135497417936 -35.991087453012206 -1.600000000000003
vertex 62.84770497654402 -36.00627937647058 -1.600000000000003
vertex 62.84770497654395 -36.0062794 3.449999999999997
endloop
endfacet
facet normal -0.08715301369574037 0.9961949368490839 0
outer loop
vertex 63.02135497417936 -35.991087453012206 -1.600000000000003
vertex 62.84770497654395 -36.0062794 3.449999999999997
vertex 63.02135520421086 -35.9910874530122 3.4499999999999975
endloop
endfacet
facet normal -0.2588190451025271 0.9659258262890666 0
outer loop
vertex 63.189727169869684 -35.94597232078588 -1.600000000000003
vertex 63.02135497417936 -35.991087453012206 -1.600000000000003
vertex 63.02135520421086 -35.9910874530122 3.4499999999999975
endloop
endfacet
facet normal -0.2588190451025271 0.9659258262890666 0
outer loop
vertex 63.189727169869684 -35.94597232078588 -1.600000000000003
vertex 63.02135520421086 -35.9910874530122 3.4499999999999975
vertex 63.18972716986967 -35.94597232078588 3.4499999999999975
endloop
endfacet
facet normal -0.4226182617406803 0.906307787036659 0
outer loop
vertex 63.347707026543986 -35.87230510378442 -1.600000000000003
vertex 63.189727169869684 -35.94597232078588 -1.600000000000003
vertex 63.18972716986967 -35.94597232078588 3.4499999999999975
endloop
endfacet
facet normal -0.4226182617406803 0.906307787036659 0
outer loop
vertex 63.347707026543986 -35.87230510378442 -1.600000000000003
vertex 63.18972716986967 -35.94597232078588 3.4499999999999975
vertex 63.34770702654397 -35.87230510378443 3.4499999999999975
endloop
endfacet
facet normal -0.5735764363510599 0.8191520442889821 0
outer loop
vertex 63.490494636230466 -35.77232414311899 -1.600000000000003
vertex 63.347707026543986 -35.87230510378442 -1.600000000000003
vertex 63.34770702654397 -35.87230510378443 3.4499999999999975
endloop
endfacet
facet normal -0.5735764363510599 0.8191520442889821 0
outer loop
vertex 63.490494636230466 -35.77232414311899 -1.600000000000003
vertex 63.34770702654397 -35.87230510378443 3.4499999999999975
vertex 63.49049463623045 -35.772324143119 3.4499999999999975
endloop
endfacet
facet normal -0.7071067811865689 0.7071067811865263 0
outer loop
vertex 63.613751469662944 -35.64906730968652 -1.600000000000003
vertex 63.490494636230466 -35.77232414311899 -1.600000000000003
vertex 63.49049463623045 -35.772324143119 3.4499999999999975
endloop
endfacet
facet normal -0.7071067811865689 0.7071067811865263 0
outer loop
vertex 63.613751469662944 -35.64906730968652 -1.600000000000003
vertex 63.49049463623045 -35.772324143119 3.4499999999999975
vertex 63.61375146966304 -35.64906730968641 3.4499999999999975
endloop
endfacet
facet normal -0.8191520442889798 0.5735764363510633 0
outer loop
vertex 63.71373243032835 -35.506279700000064 -1.600000000000003
vertex 63.613751469662944 -35.64906730968652 -1.600000000000003
vertex 63.61375146966304 -35.64906730968641 3.4499999999999975
endloop
endfacet
facet normal -0.8191520442889798 0.5735764363510633 0
outer loop
vertex 63.71373243032835 -35.506279700000064 -1.600000000000003
vertex 63.61375146966304 -35.64906730968641 3.4499999999999975
vertex 63.713732430328335 -35.50627970000012 3.4499999999999975
endloop
endfacet
facet normal -0.9063077870366456 0.42261826174070904 0
outer loop
vertex 63.78739964732988 -35.3482998433256 -1.600000000000003
vertex 63.71373243032835 -35.506279700000064 -1.600000000000003
vertex 63.713732430328335 -35.50627970000012 3.4499999999999975
endloop
endfacet
facet normal -0.9063077870366456 0.42261826174070904 0
outer loop
vertex 63.78739964732988 -35.3482998433256 -1.600000000000003
vertex 63.713732430328335 -35.50627970000012 3.4499999999999975
vertex 63.78739964732988 -35.348299843325634 3.4499999999999975
endloop
endfacet
facet normal -0.9659258262890666 0.2588190451025271 0
outer loop
vertex 63.83251477955618 -35.17992787766686 -1.6000000000000028
vertex 63.78739964732988 -35.3482998433256 -1.600000000000003
vertex 63.78739964732988 -35.348299843325634 3.4499999999999975
endloop
endfacet
facet normal -0.9659258262890666 0.2588190451025271 0
outer loop
vertex 63.83251477955618 -35.17992787766686 -1.6000000000000028
vertex 63.78739964732988 -35.348299843325634 3.4499999999999975
vertex 63.83251477955616 -35.17992787766693 3.4499999999999975
endloop
endfacet
facet normal -0.996194698091746 0.08715574274765456 0
outer loop
vertex 63.84770702654397 -35.00627969999997 -1.6000000000000028
vertex 63.83251477955618 -35.17992787766686 -1.6000000000000028
vertex 63.83251477955616 -35.17992787766693 3.4499999999999975
endloop
endfacet
facet normal -0.996194698091746 0.08715574274765456 0
outer loop
vertex 63.84770702654397 -35.00627969999997 -1.6000000000000028
vertex 63.83251477955616 -35.17992787766693 3.4499999999999975
vertex 63.84770702654396 -35.006279699999936 3.4499999999999975
endloop
endfacet
facet normal -0.9999999998812118 -0.000015413510695339028 0
outer loop
vertex 63.847704976543966 -34.87327949999999 -1.6000000000000028
vertex 63.84770702654397 -35.00627969999997 -1.6000000000000028
vertex 63.84770702654396 -35.006279699999936 3.4499999999999975
endloop
endfacet
facet normal -0.9999999998812118 -0.000015413510695339028 0
outer loop
vertex 63.847704976543966 -34.87327949999999 -1.6000000000000028
vertex 63.84770702654396 -35.006279699999936 3.4499999999999975
vertex 63.84770497654395 -34.87327950000015 3.4499999999999975
endloop
endfacet
facet normal -0.9969167268515536 0.07846680650813255 -2.6591134219011307e-16
outer loop
vertex 63.86863684753219 -34.60734115943182 -1.6000000000000028
vertex 63.847704976543966 -34.87327949999999 -1.6000000000000028
vertex 63.84770497654395 -34.87327950000015 3.4499999999999975
endloop
endfacet
facet normal -0.9969167268515536 0.07846680650813255 -2.6591134219011307e-16
outer loop
vertex 63.86863684753219 -34.60734115943182 -1.6000000000000028
vertex 63.84770497654395 -34.87327950000015 3.4499999999999975
vertex 63.854538836563094 -34.78645566116655 3.4499999999999975
endloop
endfacet
facet normal -0.9969167268515536 0.07846680650813255 -2.6591134219011307e-16
outer loop
vertex 63.86863684753219 -34.60734115943182 -1.6000000000000028
vertex 63.854538836563094 -34.78645566116655 3.4499999999999975
vertex 63.86116507228314 -34.70226967833714 3.4499999999999975
endloop
endfacet
facet normal -0.9969167268515536 0.07846680650813255 -2.6591134219011307e-16
outer loop
vertex 63.86863684753219 -34.60734115943182 -1.6000000000000028
vertex 63.86116507228314 -34.70226967833714 3.4499999999999975
vertex 63.8673823292074 -34.62327975000002 3.4499999999999975
endloop
endfacet
facet normal -0.9969167268515536 0.07846680650813255 -2.6591134219011307e-16
outer loop
vertex 63.86863684753219 -34.60734115943182 -1.6000000000000028
vertex 63.8673823292074 -34.62327975000002 3.4499999999999975
vertex 63.8686368475322 -34.607341159431684 3.4499999999999975
endloop
endfacet
facet normal -0.9723699203976911 0.23344536385584555 -3.5051352718410713e-15
outer loop
vertex 63.930910948842225 -34.34795085956246 -1.6000000000000028
vertex 63.86863684753219 -34.60734115943182 -1.6000000000000028
vertex 63.8686368475322 -34.607341159431684 3.4499999999999975
endloop
endfacet
facet normal -0.9723699203976911 0.23344536385584555 -3.5051352718410713e-15
outer loop
vertex 63.930910948842225 -34.34795085956246 -1.6000000000000028
vertex 63.8686368475322 -34.607341159431684 3.4499999999999975
vertex 63.88195046655986 -34.55188594515669 3.4499999999999975
endloop
endfacet
facet normal -0.9723699203976911 0.23344536385584555 -3.5051352718410713e-15
outer loop
vertex 63.930910948842225 -34.34795085956246 -1.6000000000000028
vertex 63.88195046655986 -34.55188594515669 3.4499999999999975
vertex 63.896746140369174 -34.490257528440495 3.4499999999999975
endloop
endfacet
facet normal -0.9723699203976911 0.23344536385584555 -3.5051352718410713e-15
outer loop
vertex 63.930910948842225 -34.34795085956246 -1.6000000000000028
vertex 63.896746140369174 -34.490257528440495 3.4499999999999975
vertex 63.90874779285326 -34.44026704810778 3.4499999999999975
endloop
endfacet
facet normal -0.9723699203976911 0.23344536385584555 -3.5051352718410713e-15
outer loop
vertex 63.930910948842225 -34.34795085956246 -1.6000000000000028
vertex 63.90874779285326 -34.44026704810778 3.4499999999999975
vertex 63.91759075987456 -34.40343343960707 3.4499999999999975
endloop
endfacet
facet normal -0.9723699203976911 0.23344536385584555 -3.5051352718410713e-15
outer loop
vertex 63.930910948842225 -34.34795085956246 -1.6000000000000028
vertex 63.91759075987456 -34.40343343960707 3.4499999999999975
vertex 63.92300635235486 -34.3808758734939 3.4499999999999975
endloop
endfacet
facet normal -0.9723699203976911 0.23344536385584555 -3.5051352718410713e-15
outer loop
vertex 63.930910948842225 -34.34795085956246 -1.6000000000000028
vertex 63.92300635235486 -34.3808758734939 3.4499999999999975
vertex 63.92483003302998 -34.37327969679713 3.4499999999999975
endloop
endfacet
facet normal -0.9723699203976911 0.23344536385584555 -3.5051352718410713e-15
outer loop
vertex 63.930910948842225 -34.34795085956246 -1.6000000000000028
vertex 63.92483003302998 -34.37327969679713 3.4499999999999975
vertex 63.93091094884218 -34.347950859562616 3.4499999999999975
endloop
endfacet
facet normal -0.9238795325112714 0.38268343236512675 0
outer loop
vertex 64.0329959354237 -34.10149590044279 -1.6000000000000028
vertex 63.930910948842225 -34.34795085956246 -1.6000000000000028
vertex 63.93091094884218 -34.347950859562616 3.4499999999999975
endloop
endfacet
facet normal -0.9238795325112714 0.38268343236512675 0
outer loop
vertex 64.0329959354237 -34.10149590044279 -1.6000000000000028
vertex 63.93091094884218 -34.347950859562616 3.4499999999999975
vertex 64.03299593542371 -34.101495900442806 3.4499999999999975
endloop
endfacet
facet normal 0 0 1
outer loop
vertex 64.17237813610653 -33.874044821102785 -1.6000000000000028
vertex 64.15936442164569 -33.895281273001515 -1.6000000000000028
vertex 64.12623750974082 -33.949339480082855 -1.6000000000000028
endloop
endfacet
facet normal 0 0 1
outer loop
vertex 64.17237813610653 -33.874044821102785 -1.6000000000000028
vertex 64.12623750974082 -33.949339480082855 -1.6000000000000028
vertex 64.10919829586099 -33.97714495 -1.6000000000000028
endloop
endfacet
facet normal 0 0 1
outer loop
vertex 64.17237813610653 -33.874044821102785 -1.6000000000000028
vertex 64.10919829586099 -33.97714495 -1.6000000000000028
vertex 64.0329959354237 -34.10149590044279 -1.6000000000000028
endloop
endfacet
facet normal 0 0 1
outer loop
vertex 64.17237813610653 -33.874044821102785 -1.6000000000000028
vertex 64.0329959354237 -34.10149590044279 -1.6000000000000028
vertex 64.03299593542371 -34.101495900442806 3.4499999999999975
endloop
endfacet
facet normal 0 0 1
outer loop
vertex 64.17237813610653 -33.874044821102785 -1.6000000000000028
vertex 64.03299593542371 -34.101495900442806 3.4499999999999975
vertex 64.1723781361065 -33.874044821102835 3.4499999999999975
endloop
endfacet
facet normal 0 0 1
outer loop
vertex 64.3456254985267 -33.67119822198298 -1.6000000000000028
vertex 64.3082659523596 -33.71494063040289 -1.6000000000000028
vertex 64.22158086198502 -33.81643583085642 -1.6000000000000028
endloop
endfacet
facet normal 0 0 1
outer loop
vertex 64.3456254985267 -33.67119822198298 -1.6000000000000028
vertex 64.22158086198502 -33.81643583085642 -1.6000000000000028
vertex 64.17237813610653 -33.874044821102785 -1.6000000000000028
endloop
endfacet
facet normal 0 0 1
outer loop
vertex 64.3456254985267 -33.67119822198298 -1.6000000000000028
vertex 64.17237813610653 -33.874044821102785 -1.6000000000000028
vertex 64.1723781361065 -33.874044821102835 3.4499999999999975
endloop
endfacet
facet normal 0 0 1
outer loop
vertex 64.3456254985267 -33.67119822198298 -1.6000000000000028
vertex 64.1723781361065 -33.874044821102835 3.4499999999999975
vertex 64.34562549852676 -33.67119822198292 3.4499999999999975
endloop
endfacet
facet normal 0 0 -1
outer loop
vertex 64.54847209764675 -33.497950859562586 -1.6000000000000028
vertex 64.43654319122217 -33.59354717668488 -1.6000000000000028
vertex 64.3456254985267 -33.67119822198298 -1.6000000000000028
endloop
endfacet
facet normal 0 0 -1
outer loop
vertex 64.54847209764675 -33.497950859562586 -1.6000000000000028
vertex 64.3456254985267 -33.67119822198298 -1.6000000000000028
vertex 64.34562549852676 -33.67119822198292 3.4499999999999975
endloop
endfacet
facet normal 0 0 -1
outer loop
vertex 64.54847209764675 -33.497950859562586 -1.6000000000000028
vertex 64.34562549852676 -33.67119822198292 3.4499999999999975
vertex 64.54847209764674 -33.4979508595626 3.4499999999999975
endloop
endfacet
facet normal 0 0 1
outer loop
vertex 64.77592317698677 -33.35856865887976 -1.6000000000000028
vertex 64.61766986932253 -33.45554641054215 -1.6000000000000028
vertex 64.54847209764675 -33.497950859562586 -1.6000000000000028
endloop
endfacet
facet normal 0 0 1
outer loop
vertex 64.77592317698677 -33.35856865887976 -1.6000000000000028
vertex 64.54847209764675 -33.497950859562586 -1.6000000000000028
vertex 64.54847209764674 -33.4979508595626 3.4499999999999975
endloop
endfacet
facet normal 0 0 1
outer loop
vertex 64.77592317698677 -33.35856865887976 -1.6000000000000028
vertex 64.54847209764674 -33.4979508595626 3.4499999999999975
vertex 64.77592317698671 -33.35856865887978 3.4499999999999975
endloop
endfacet
facet normal 0 0 1
outer loop
vertex 65.02237813610655 -33.25648367229823 -1.6000000000000028
vertex 64.90602313411955 -33.304679492171196 -1.6000000000000028
vertex 64.77592317698677 -33.35856865887976 -1.6000000000000028
endloop
endfacet
facet normal 0 0 1
outer loop
vertex 65.02237813610655 -33.25648367229823 -1.6000000000000028
vertex 64.77592317698677 -33.35856865887976 -1.6000000000000028
vertex 64.77592317698671 -33.35856865887978 3.4499999999999975
endloop
endfacet
facet normal 0 0 1
outer loop
vertex 65.02237813610655 -33.25648367229823 -1.6000000000000028
vertex 64.77592317698671 -33.35856865887978 3.4499999999999975
vertex 65.02237813610654 -33.25648367229824 3.4499999999999975
endloop
endfacet
facet normal -0.23344536385587825 0.9723699203976831 0
outer loop
vertex 65.2817684359755 -33.19420957098828 -1.6000000000000028
vertex 65.02237813610655 -33.25648367229823 -1.6000000000000028
vertex 65.02237813610654 -33.25648367229824 3.4499999999999975
endloop
endfacet
facet normal -0.23344536385587825 0.9723699203976831 0
outer loop
vertex 65.2817684359755 -33.19420957098828 -1.6000000000000028
vertex 65.02237813610654 -33.25648367229824 3.4499999999999975
vertex 65.28176843597556 -33.19420957098827 3.4499999999999975
endloop
endfacet
facet normal -0.07845909572786526 0.9969173337331265 0
outer loop
vertex 65.54770702654396 -33.17327913372724 -1.6000000000000028
vertex 65.2817684359755 -33.19420957098828 -1.6000000000000028
vertex 65.28176843597556 -33.19420957098827 3.4499999999999975
endloop
endfacet
facet normal -0.07845909572786526 0.9969173337331265 0
outer loop
vertex 65.54770702654396 -33.17327913372724 -1.6000000000000028
vertex 65.28176843597556 -33.19420957098827 3.4499999999999975
vertex 65.547707026544 -33.1732795 3.4499999999999975
endloop
endfacet
facet normal -1.6339868125214707e-8 1 0
outer loop
vertex 80.847704976544 -33.17327913372724 -1.6000000000000008
vertex 65.54770702654396 -33.17327913372724 -1.6000000000000028
vertex 65.547707026544 -33.1732795 3.4499999999999975
endloop
endfacet
facet normal -1.6339868125214707e-8 1 0
outer loop
vertex 80.847704976544 -33.17327913372724 -1.6000000000000008
vertex 65.547707026544 -33.1732795 3.4499999999999975
vertex 80.84770497654392 -33.1732795 3.4499999999999993
endloop
endfacet
facet normal -0.0871532983564833 0.9961949119452408 0
outer loop
vertex 81.0213516234052 -33.1580875030122 -1.6000000000000008
vertex 80.847704976544 -33.17327913372724 -1.6000000000000008
vertex 80.84770497654392 -33.1732795 3.4499999999999993
endloop
endfacet
facet normal -0.0871532983564833 0.9961949119452408 0
outer loop
vertex 81.0213516234052 -33.1580875030122 -1.6000000000000008
vertex 80.84770497654392 -33.1732795 3.4499999999999993
vertex 81.0213552042109 -33.1580875030122 3.4499999999999993
endloop
endfacet
facet normal 0 0 -1
outer loop
vertex 81.18972716986967 -33.11297237078589 -1.6000000000000008
vertex 81.07006266072766 -33.14503637937316 -1.6000000000000008
vertex 81.0213516234052 -33.1580875030122 -1.6000000000000008
endloop
endfacet
facet normal 0 0 -1
outer loop
vertex 81.18972716986967 -33.11297237078589 -1.6000000000000008
vertex 81.0213516234052 -33.1580875030122 -1.6000000000000008
vertex 81.0213552042109 -33.1580875030122 3.4499999999999993
endloop
endfacet
facet normal 0 0 -1
outer loop
vertex 81.18972716986967 -33.11297237078589 -1.6000000000000008
vertex 81.0213552042109 -33.1580875030122 3.4499999999999993
vertex 81.18972716986967 -33.11297237078589 3.4499999999999997
endloop
endfacet
facet normal -0.4226182617406803 0.906307787036659 0
outer loop
vertex 81.34770702654393 -33.03930515378446 -1.6000000000000008
vertex 81.18972716986967 -33.11297237078589 -1.6000000000000008
vertex 81.18972716986967 -33.11297237078589 3.4499999999999997
endloop
endfacet
facet normal -0.4226182617406803 0.906307787036659 0
outer loop
vertex 81.34770702654393 -33.03930515378446 -1.6000000000000008
vertex 81.18972716986967 -33.11297237078589 3.4499999999999997
vertex 81.34770702654393 -33.039305153784454 3.4499999999999997
endloop
endfacet
facet normal 0 0 1
outer loop
vertex 81.49049463623051 -32.93932419311896 -1.6000000000000008
vertex 81.43104696591932 -32.980949899999864 -1.6000000000000008
vertex 81.34770702654393 -33.03930515378446 -1.6000000000000008
endloop
endfacet
facet normal 0 0 1
outer loop
vertex 81.49049463623051 -32.93932419311896 -1.6000000000000008
vertex 81.34770702654393 -33.03930515378446 -1.6000000000000008
vertex 81.34770702654393 -33.039305153784454 3.4499999999999997
endloop
endfacet
facet normal 0 0 1
outer loop
vertex 81.49049463623051 -32.93932419311896 -1.6000000000000008
vertex 81.34770702654393 -33.039305153784454 3.4499999999999997
vertex 81.4904946362305 -32.93932419311897 3.4499999999999997
endloop
endfacet
facet normal -0.7071067811865759 0.707106781186519 0
outer loop
vertex 81.61375146966289 -32.81606735968658 -1.6000000000000008
vertex 81.49049463623051 -32.93932419311896 -1.6000000000000008
vertex 81.4904946362305 -32.93932419311897 3.4499999999999997
endloop
endfacet
facet normal -0.7071067811865759 0.707106781186519 0
outer loop
vertex 81.61375146966289 -32.81606735968658 -1.6000000000000008
vertex 81.4904946362305 -32.93932419311897 3.4499999999999997
vertex 81.6137514696629 -32.816067359686556 3.4499999999999997
endloop
endfacet
facet normal -0.8191520442889798 0.5735764363510633 0
outer loop
vertex 81.71373243032839 -32.673279749999985 -1.6000000000000008
vertex 81.61375146966289 -32.81606735968658 -1.6000000000000008
vertex 81.6137514696629 -32.816067359686556 3.4499999999999997
endloop
endfacet
facet normal -0.8191520442889798 0.5735764363510633 0
outer loop
vertex 81.71373243032839 -32.673279749999985 -1.6000000000000008
vertex 81.6137514696629 -32.816067359686556 3.4499999999999997
vertex 81.71373243032843 -32.673279749999914 3.4499999999999997
endloop
endfacet
facet normal -0.9063077870366456 0.42261826174070904 0
outer loop
vertex 81.78739964732989 -32.51529989332559 -1.6000000000000008
vertex 81.71373243032839 -32.673279749999985 -1.6000000000000008
vertex 81.71373243032843 -32.673279749999914 3.4499999999999997
endloop
endfacet
facet normal -0.9063077870366456 0.42261826174070904 0
outer loop
vertex 81.78739964732989 -32.51529989332559 -1.6000000000000008
vertex 81.71373243032843 -32.673279749999914 3.4499999999999997
vertex 81.78739964732988 -32.515299893325654 3.4499999999999997
endloop
endfacet
facet normal -0.9659258262890666 0.2588190451025271 0
outer loop
vertex 81.83251477955615 -32.34692792766701 -1.6000000000000008
vertex 81.78739964732989 -32.51529989332559 -1.6000000000000008
vertex 81.78739964732988 -32.515299893325654 3.4499999999999997
endloop
endfacet
facet normal -0.9659258262890666 0.2588190451025271 0
outer loop
vertex 81.83251477955615 -32.34692792766701 -1.6000000000000008
vertex 81.78739964732988 -32.515299893325654 3.4499999999999997
vertex 81.83251477955618 -32.34692792766691 3.4499999999999997
endloop
endfacet
facet normal -0.9961946980917447 0.08715574274766881 0
outer loop
vertex 81.84770702654396 -32.173279749999885 -1.6000000000000008
vertex 81.83251477955615 -32.34692792766701 -1.6000000000000008
vertex 81.83251477955618 -32.34692792766691 3.4499999999999997
endloop
endfacet
facet normal -0.9961946980917447 0.08715574274766881 0
outer loop
vertex 81.84770702654396 -32.173279749999885 -1.6000000000000008
vertex 81.83251477955618 -32.34692792766691 3.4499999999999997
vertex 81.84770702654396 -32.173279750000205 3.4499999999999997
endloop
endfacet
facet normal -0.9999999999997613 -6.909335183991061e-7 0
outer loop
vertex 81.84770497654394 -29.206279699999996 -1.6000000000000008
vertex 81.84770702654396 -32.173279749999885 -1.6000000000000008
vertex 81.84770702654396 -32.173279750000205 3.4499999999999997
endloop
endfacet
facet normal -0.9999999999997613 -6.909335183991061e-7 0
outer loop
vertex 81.84770497654394 -29.206279699999996 -1.6000000000000008
vertex 81.84770702654396 -32.173279750000205 3.4499999999999997
vertex 81.84770497654395 -29.206279400000142 3.4499999999999997
endloop
endfacet
facet normal -0.9969167326217225 0.07846673319840064 -4.661385021162442e-9
outer loop
vertex 81.86863684753222 -28.940341109431543 -1.6000000000000008
vertex 81.84770497654394 -29.206279699999996 -1.6000000000000008
vertex 81.84770497654395 -29.206279400000142 3.4499999999999997
endloop
endfacet
facet normal -0.9969167326217225 0.07846673319840064 -4.661385021162442e-9
outer loop
vertex 81.86863684753222 -28.940341109431543 -1.6000000000000008
vertex 81.84770497654395 -29.206279400000142 3.4499999999999997
vertex 81.85453883391247 -29.119455611166643 3.4499999999999997
endloop
endfacet
facet normal -0.9969167326217225 0.07846673319840064 -4.661385021162442e-9
outer loop
vertex 81.86863684753222 -28.940341109431543 -1.6000000000000008
vertex 81.85453883391247 -29.119455611166643 3.4499999999999997
vertex 81.86116507087836 -29.035269628337133 3.4499999999999997
endloop
endfacet
facet normal -0.9969167326217225 0.07846673319840064 -4.661385021162442e-9
outer loop
vertex 81.86863684753222 -28.940341109431543 -1.6000000000000008
vertex 81.86116507087836 -29.035269628337133 3.4499999999999997
vertex 81.86738232897154 -28.956279699999925 3.4499999999999997
endloop
endfacet
facet normal -0.9969167326217225 0.07846673319840064 -4.661385021162442e-9
outer loop
vertex 81.86863684753222 -28.940341109431543 -1.6000000000000008
vertex 81.86738232897154 -28.956279699999925 3.4499999999999997
vertex 81.86863684753222 -28.940341109431586 3.4499999999999997
endloop
endfacet
facet normal -0.9723699203976852 0.23344536385586986 1.9701899213550372e-15
outer loop
vertex 81.93091094884213 -28.680950809562745 -1.6000000000000008
vertex 81.86863684753222 -28.940341109431543 -1.6000000000000008
vertex 81.86863684753222 -28.940341109431586 3.4499999999999997
endloop
endfacet
facet normal -0.9723699203976852 0.23344536385586986 1.9701899213550372e-15
outer loop
vertex 81.93091094884213 -28.680950809562745 -1.6000000000000008
vertex 81.86863684753222 -28.940341109431586 3.4499999999999997
vertex 81.88195046655984 -28.884885895156714 3.4499999999999997
endloop
endfacet
facet normal -0.9723699203976852 0.23344536385586986 1.9701899213550372e-15
outer loop
vertex 81.93091094884213 -28.680950809562745 -1.6000000000000008
vertex 81.88195046655984 -28.884885895156714 3.4499999999999997
vertex 81.89674614036915 -28.823257478440524 3.4499999999999997
endloop
endfacet
facet normal -0.9723699203976852 0.23344536385586986 1.9701899213550372e-15
outer loop
vertex 81.93091094884213 -28.680950809562745 -1.6000000000000008
vertex 81.89674614036915 -28.823257478440524 3.4499999999999997
vertex 81.90874779285325 -28.773266998107758 3.4499999999999997
endloop
endfacet
facet normal -0.9723699203976852 0.23344536385586986 1.9701899213550372e-15
outer loop
vertex 81.93091094884213 -28.680950809562745 -1.6000000000000008
vertex 81.90874779285325 -28.773266998107758 3.4499999999999997
vertex 81.91759075987454 -28.736433389607058 3.4499999999999997
endloop
endfacet
facet normal -0.9723699203976852 0.23344536385586986 1.9701899213550372e-15
outer loop
vertex 81.93091094884213 -28.680950809562745 -1.6000000000000008
vertex 81.91759075987454 -28.736433389607058 3.4499999999999997
vertex 81.92300635235485 -28.713875823493908 3.4499999999999997
endloop
endfacet
facet normal -0.9723699203976852 0.23344536385586986 1.9701899213550372e-15
outer loop
vertex 81.93091094884213 -28.680950809562745 -1.6000000000000008
vertex 81.92300635235485 -28.713875823493908 3.4499999999999997
vertex 81.92483003621513 -28.70627963352996 3.4499999999999997
endloop
endfacet
facet normal -0.9723699203976852 0.23344536385586986 1.9701899213550372e-15
outer loop
vertex 81.93091094884213 -28.680950809562745 -1.6000000000000008
vertex 81.92483003621513 -28.70627963352996 3.4499999999999997
vertex 81.93091094884214 -28.680950809562745 3.4499999999999997
endloop
endfacet
facet normal -0.9238795325112775 0.3826834323651121 0
outer loop
vertex 82.03299593542374 -28.434495850442744 -1.6000000000000005
vertex 81.93091094884213 -28.680950809562745 -1.6000000000000008
vertex 81.93091094884214 -28.680950809562745 3.4499999999999997
endloop
endfacet
facet normal -0.9238795325112775 0.3826834323651121 0
outer loop
vertex 82.03299593542374 -28.434495850442744 -1.6000000000000005
vertex 81.93091094884214 -28.680950809562745 3.4499999999999997
vertex 82.03299593542376 -28.434495850442715 3.4499999999999997
endloop
endfacet
facet normal -0.8526401643541204 0.522498564715903 0
outer loop
vertex 82.17237813610652 -28.207044771102815 -1.6000000000000005
vertex 82.03299593542374 -28.434495850442744 -1.6000000000000005
vertex 82.03299593542376 -28.434495850442715 3.4499999999999997
endloop
endfacet
facet normal -0.8526401643541204 0.522498564715903 0
outer loop
vertex 82.17237813610652 -28.207044771102815 -1.6000000000000005
vertex 82.03299593542376 -28.434495850442715 3.4499999999999997
vertex 82.1723781361065 -28.20704477110283 3.4499999999999997
endloop
endfacet
facet normal -0.760405965600016 0.6494480483302011 0
outer loop
vertex 82.34562549852676 -28.004198171982935 -1.6000000000000005
vertex 82.17237813610652 -28.207044771102815 -1.6000000000000005
vertex 82.1723781361065 -28.20704477110283 3.4499999999999997
endloop
endfacet
facet normal -0.760405965600016 0.6494480483302011 0
outer loop
vertex 82.34562549852676 -28.004198171982935 -1.6000000000000005
vertex 82.1723781361065 -28.20704477110283 3.4499999999999997
vertex 82.34562549852676 -28.004198171982935 3.4499999999999997
endloop
endfacet
facet normal -0.6494480483301859 0.760405965600029 0
outer loop
vertex 82.54847209764682 -27.830950809562538 -1.6000000000000005
vertex 82.34562549852676 -28.004198171982935 -1.6000000000000005
vertex 82.34562549852676 -28.004198171982935 3.4499999999999997
endloop
endfacet
facet normal -0.6494480483301859 0.760405965600029 0
outer loop
vertex 82.54847209764682 -27.830950809562538 -1.6000000000000005
vertex 82.34562549852676 -28.004198171982935 3.4499999999999997
vertex 82.54847209764682 -27.830950809562545 3.4499999999999997
endloop
endfacet
facet normal -0.5224985647159466 0.8526401643540936 0
outer loop
vertex 82.77592317698672 -27.69156860887977 -1.6000000000000005
vertex 82.54847209764682 -27.830950809562538 -1.6000000000000005
vertex 82.54847209764682 -27.830950809562545 3.4499999999999997
endloop
endfacet
facet normal -0.5224985647159466 0.8526401643540936 0
outer loop
vertex 82.77592317698672 -27.69156860887977 -1.6000000000000005
vertex 82.54847209764682 -27.830950809562545 3.4499999999999997
vertex 82.77592317698674 -27.691568608879777 3.4499999999999997
endloop
endfacet
facet normal -0.3826834323650914 0.9238795325112861 0
outer loop
vertex 83.02237813610652 -27.589483622298246 -1.6000000000000005
vertex 82.77592317698672 -27.69156860887977 -1.6000000000000005
vertex 82.77592317698674 -27.691568608879777 3.4499999999999997
endloop
endfacet
facet normal -0.3826834323650914 0.9238795325112861 0
outer loop
vertex 83.02237813610652 -27.589483622298246 -1.6000000000000005
vertex 82.77592317698674 -27.691568608879777 3.4499999999999997
vertex 83.02237813610655 -27.589483622298246 3.4499999999999997
endloop
endfacet
facet normal -0.23344536385590714 0.9723699203976762 0
outer loop
vertex 83.28176843597554 -27.527209520988272 -1.6000000000000005
vertex 83.02237813610652 -27.589483622298246 -1.6000000000000005
vertex 83.02237813610655 -27.589483622298246 3.4499999999999997
endloop
endfacet
facet normal -0.23344536385590714 0.9723699203976762 0
outer loop
vertex 83.28176843597554 -27.527209520988272 -1.6000000000000005
vertex 83.02237813610655 -27.589483622298246 3.4499999999999997
vertex 83.28176843597555 -27.527209520988265 3.4499999999999997
endloop
endfacet
facet normal -0.07845909572784393 0.9969173337331281 0
outer loop
vertex 83.54770702654397 -27.506279538906455 -1.6000000000000005
vertex 83.28176843597554 -27.527209520988272 -1.6000000000000005
vertex 83.28176843597555 -27.527209520988265 3.4499999999999997
endloop
endfacet
facet normal -0.07845909572784393 0.9969173337331281 0
outer loop
vertex 83.54770702654397 -27.506279538906455 -1.6000000000000005
vertex 83.28176843597555 -27.527209520988265 3.4499999999999997
vertex 83.54770702654396 -27.506279604967 3.4499999999999997
endloop
endfacet
facet normal -1.6666675151100208e-8 1 0
outer loop
vertex 101.5477049765439 -27.506279538906455 -1.5999999999999983
vertex 83.54770702654397 -27.506279538906455 -1.6000000000000005
vertex 83.54770702654396 -27.506279604967 3.4499999999999997
endloop
endfacet
facet normal -1.6666675151100208e-8 1 0
outer loop
vertex 101.5477049765439 -27.506279538906455 -1.5999999999999983
vertex 83.54770702654396 -27.506279604967 3.4499999999999997
vertex 101.54770497654395 -27.506279604967 3.450000000000002
endloop
endfacet
facet normal 0.08715614679428542 0.9961946627421636 0
outer loop
vertex 101.84290892857774 -27.532106519879257 -1.5999999999999983
vertex 101.5477049765439 -27.506279538906455 -1.5999999999999983
vertex 101.54770497654395 -27.506279604967 3.450000000000002
endloop
endfacet
facet normal 0.08715614679428542 0.9961946627421636 0
outer loop
vertex 101.84290892857774 -27.532106519879257 -1.5999999999999983
vertex 101.54770497654395 -27.506279604967 3.450000000000002
vertex 101.84290892857773 -27.53210651987925 3.450000000000002
endloop
endfacet
facet normal 0.25881904510252707 0.9659258262890666 0
outer loop
vertex 102.12914127019765 -27.608802244663984 -1.599999999999998
vertex 101.84290892857774 -27.532106519879257 -1.5999999999999983
vertex 101.84290892857773 -27.53210651987925 3.450000000000002
endloop
endfacet
facet normal 0.25881904510252707 0.9659258262890666 0
outer loop
vertex 102.12914127019765 -27.608802244663984 -1.599999999999998
vertex 101.84290892857773 -27.53210651987925 3.450000000000002
vertex 102.12914127019764 -27.608802244663977 3.450000000000002
endloop
endfacet
facet normal 0.4226182617407015 0.906307787036649 0
outer loop
vertex 102.39770702654394 -27.73403651356645 -1.599999999999998
vertex 102.12914127019765 -27.608802244663984 -1.599999999999998
vertex 102.12914127019764 -27.608802244663977 3.450000000000002
endloop
endfacet
facet normal 0.4226182617407015 0.906307787036649 0
outer loop
vertex 102.39770702654394 -27.73403651356645 -1.599999999999998
vertex 102.12914127019764 -27.608802244663977 3.450000000000002
vertex 102.39770702654391 -27.734036513566437 3.450000000000002
endloop
endfacet
facet normal 0.5735764363510389 0.8191520442889969 0
outer loop
vertex 102.64044596301106 -27.904004146697737 -1.599999999999998
vertex 102.39770702654394 -27.73403651356645 -1.599999999999998
vertex 102.39770702654391 -27.734036513566437 3.450000000000002
endloop
endfacet
facet normal 0.5735764363510389 0.8191520442889969 0
outer loop
vertex 102.64044596301106 -27.904004146697737 -1.599999999999998
vertex 102.39770702654391 -27.734036513566437 3.450000000000002
vertex 102.64044596301108 -27.904004146697744 3.450000000000002
endloop
endfacet
facet normal 0.7071067811865298 0.7071067811865653 0
outer loop
vertex 102.84998257984624 -28.11354076353291 -1.599999999999998
vertex 102.64044596301106 -27.904004146697737 -1.599999999999998
vertex 102.64044596301108 -27.904004146697744 3.450000000000002
endloop
endfacet
facet normal 0.7071067811865298 0.7071067811865653 0
outer loop
vertex 102.84998257984624 -28.11354076353291 -1.599999999999998
vertex 102.64044596301108 -27.904004146697744 3.450000000000002
vertex 102.84998257984623 -28.11354076353289 3.4500000000000024
endloop
endfacet
facet normal 0.8191520442890001 0.5735764363510342 0
outer loop
vertex 103.01995021297748 -28.356279699999973 -1.599999999999998
vertex 102.84998257984624 -28.11354076353291 -1.599999999999998
vertex 102.84998257984623 -28.11354076353289 3.4500000000000024
endloop
endfacet
facet normal 0.8191520442890001 0.5735764363510342 0
outer loop
vertex 103.01995021297748 -28.356279699999973 -1.599999999999998
vertex 102.84998257984623 -28.11354076353289 3.4500000000000024
vertex 103.0199502129775 -28.3562797 3.4500000000000024
endloop
endfacet
facet normal 0.9063077870366456 0.42261826174070904 0
outer loop
vertex 103.14518448188002 -28.62484545634642 -1.599999999999998
vertex 103.01995021297748 -28.356279699999973 -1.599999999999998
vertex 103.0199502129775 -28.3562797 3.4500000000000024
endloop
endfacet
facet normal 0.9063077870366456 0.42261826174070904 0
outer loop
vertex 103.14518448188002 -28.62484545634642 -1.599999999999998
vertex 103.0199502129775 -28.3562797 3.4500000000000024
vertex 103.14518448188 -28.624845456346343 3.4500000000000024
endloop
endfacet
facet normal 0.9659258262890824 0.2588190451024678 1.4304711787587159e-15
outer loop
vertex 103.2218802066647 -28.911077797966193 -1.599999999999998
vertex 103.14518448188002 -28.62484545634642 -1.599999999999998
vertex 103.14518448188 -28.624845456346343 3.4500000000000024
endloop
endfacet
facet normal 0.9659258262890824 0.2588190451024678 1.4304711787587159e-15
outer loop
vertex 103.2218802066647 -28.911077797966193 -1.599999999999998
vertex 103.14518448188 -28.624845456346343 3.4500000000000024
vertex 103.16700463408696 -28.70627963352996 3.4500000000000024
endloop
endfacet
facet normal 0.9659258262890824 0.2588190451024678 1.4304711787587159e-15
outer loop
vertex 103.2218802066647 -28.911077797966193 -1.599999999999998
vertex 103.16700463408696 -28.70627963352996 3.4500000000000024
vertex 103.16904003070846 -28.713875823493908 3.4500000000000024
endloop
endfacet
facet normal 0.9659258262890824 0.2588190451024678 1.4304711787587159e-15
outer loop
vertex 103.2218802066647 -28.911077797966193 -1.599999999999998
vertex 103.16904003070846 -28.713875823493908 3.4500000000000024
vertex 103.17508432318581 -28.736433389607058 3.4500000000000024
endloop
endfacet
facet normal 0.9659258262890824 0.2588190451024678 1.4304711787587159e-15
outer loop
vertex 103.2218802066647 -28.911077797966193 -1.599999999999998
vertex 103.17508432318581 -28.736433389607058 3.4500000000000024
vertex 103.18495387656132 -28.773266998107758 3.4500000000000024
endloop
endfacet
facet normal 0.9659258262890824 0.2588190451024678 1.4304711787587159e-15
outer loop
vertex 103.2218802066647 -28.911077797966193 -1.599999999999998
vertex 103.18495387656132 -28.773266998107758 3.4500000000000024
vertex 103.1983488094499 -28.823257478440524 3.4500000000000024
endloop
endfacet
facet normal 0.9659258262890824 0.2588190451024678 1.4304711787587159e-15
outer loop
vertex 103.2218802066647 -28.911077797966193 -1.599999999999998
vertex 103.1983488094499 -28.823257478440524 3.4500000000000024
vertex 103.21486210745866 -28.884885895156714 3.4500000000000024
endloop
endfacet
facet normal 0.9659258262890824 0.2588190451024678 1.4304711787587159e-15
outer loop
vertex 103.2218802066647 -28.911077797966193 -1.599999999999998
vertex 103.21486210745866 -28.884885895156714 3.4500000000000024
vertex 103.22188020666471 -28.911077797966264 3.4500000000000024
endloop
endfacet
facet normal 0.996194698091743 0.08715574274768574 -1.5771118628042928e-15
outer loop
vertex 103.24770702654395 -29.206279699999996 -1.599999999999998
vertex 103.2218802066647 -28.911077797966193 -1.599999999999998
vertex 103.22188020666471 -28.911077797966264 3.4500000000000024
endloop
endfacet
facet normal 0.996194698091743 0.08715574274768574 -1.5771118628042928e-15
outer loop
vertex 103.24770702654395 -29.206279699999996 -1.599999999999998
vertex 103.22188020666471 -28.911077797966264 3.4500000000000024
vertex 103.22583486066246 -28.956279699999925 3.4500000000000024
endloop
endfacet
facet normal 0.996194698091743 0.08715574274768574 -1.5771118628042928e-15
outer loop
vertex 103.24770702654395 -29.206279699999996 -1.599999999999998
vertex 103.22583486066246 -28.956279699999925 3.4500000000000024
vertex 103.2327455839247 -29.035269628337133 3.4500000000000024
endloop
endfacet
facet normal 0.996194698091743 0.08715574274768574 -1.5771118628042928e-15
outer loop
vertex 103.24770702654395 -29.206279699999996 -1.599999999999998
vertex 103.2327455839247 -29.035269628337133 3.4500000000000024
vertex 103.24011090305008 -29.119455611166643 3.4500000000000024
endloop
endfacet
facet normal 0.996194698091743 0.08715574274768574 -1.5771118628042928e-15
outer loop
vertex 103.24770702654395 -29.206279699999996 -1.599999999999998
vertex 103.24011090305008 -29.119455611166643 3.4500000000000024
vertex 103.24770702654395 -29.206279400000142 3.4500000000000024
endloop
endfacet
facet normal 0 0 1
outer loop
vertex 103.24770497654393 -32.980949899999864 -1.599999999999998
vertex 103.2477049991506 -32.93932419311896 -1.599999999999998
vertex 103.24770506609062 -32.81606735968658 -1.599999999999998
endloop
endfacet
facet normal 0 0 1
outer loop
vertex 103.24770497654393 -32.980949899999864 -1.599999999999998
vertex 103.24770506609062 -32.81606735968658 -1.599999999999998
vertex 103.24770514363769 -32.673279749999985 -1.599999999999998
endloop
endfacet
facet normal 0 0 1
outer loop
vertex 103.24770497654393 -32.980949899999864 -1.599999999999998
vertex 103.24770514363769 -32.673279749999985 -1.599999999999998
vertex 103.24770522943557 -32.51529989332559 -1.599999999999998
endloop
endfacet
facet normal 0 0 1
outer loop
vertex 103.24770497654393 -32.980949899999864 -1.599999999999998
vertex 103.24770522943557 -32.51529989332559 -1.599999999999998
vertex 103.24770532087734 -32.34692792766701 -1.599999999999998
endloop
endfacet
facet normal 0 0 1
outer loop
vertex 103.24770497654393 -32.980949899999864 -1.599999999999998
vertex 103.24770532087734 -32.34692792766701 -1.599999999999998
vertex 103.2477054151846 -32.173279749999885 -1.599999999999998
endloop
endfacet
facet normal 0 0 1
outer loop
vertex 103.24770497654393 -32.980949899999864 -1.599999999999998
vertex 103.2477054151846 -32.173279749999885 -1.599999999999998
vertex 103.24770702654395 -29.206279699999996 -1.599999999999998
endloop
endfacet
facet normal 0 0 1
outer loop
vertex 103.24770497654393 -32.980949899999864 -1.599999999999998
vertex 103.24770702654395 -29.206279699999996 -1.599999999999998
vertex 103.24770702654395 -29.206279400000142 3.4500000000000024
endloop
endfacet
facet normal 0 0 1
outer loop
vertex 103.24770497654393 -32.980949899999864 -1.599999999999998
vertex 103.24770702654395 -29.206279400000142 3.4500000000000024
vertex 103.24770497654413 -32.98094990000001 3.4500000000000024
endloop
endfacet
facet normal 0 0 -1
outer loop
vertex 103.2612609484235 -33.14503637937316 -1.599999999999998
vertex 103.2586119867271 -33.11297237078589 -1.599999999999998
vertex 103.25252598423664 -33.03930515378446 -1.599999999999998
endloop
endfacet
facet normal 0 0 -1
outer loop
vertex 103.2612609484235 -33.14503637937316 -1.599999999999998
vertex 103.25252598423664 -33.03930515378446 -1.599999999999998
vertex 103.24770497654393 -32.980949899999864 -1.599999999999998
endloop
endfacet
facet normal 0 0 -1
outer loop
vertex 103.2612609484235 -33.14503637937316 -1.599999999999998
vertex 103.24770497654393 -32.980949899999864 -1.599999999999998
vertex 103.24770497654413 -32.98094990000001 3.4500000000000024
endloop
endfacet
facet normal 0 0 -1
outer loop
vertex 103.2612609484235 -33.14503637937316 -1.599999999999998
vertex 103.24770497654413 -32.98094990000001 3.4500000000000024
vertex 103.26126092260752 -33.145036379373295 3.4500000000000024
endloop
endfacet
facet normal 0 0 -1
outer loop
vertex 103.30155713345758 -33.304679492171196 -1.599999999999998
vertex 103.26838982001851 -33.17327913372724 -1.599999999999998
vertex 103.26455523705509 -33.1580875030122 -1.599999999999998
endloop
endfacet
facet normal 0 0 -1
outer loop
vertex 103.30155713345758 -33.304679492171196 -1.599999999999998
vertex 103.26455523705509 -33.1580875030122 -1.599999999999998
vertex 103.2612609484235 -33.14503637937316 -1.599999999999998
endloop
endfacet
facet normal 0 0 -1
outer loop
vertex 103.30155713345758 -33.304679492171196 -1.599999999999998
vertex 103.2612609484235 -33.14503637937316 -1.599999999999998
vertex 103.26126092260752 -33.145036379373295 3.4500000000000024
endloop
endfacet
facet normal 0 0 -1
outer loop
vertex 103.30155713345758 -33.304679492171196 -1.599999999999998
vertex 103.26126092260752 -33.145036379373295 3.4500000000000024
vertex 103.30155706162401 -33.30467949217119 3.4500000000000024
endloop
endfacet
facet normal 0.916287191325466 0.400521888306855 0
outer loop
vertex 103.36750316391726 -33.45554641054215 -1.599999999999998
vertex 103.30155713345758 -33.304679492171196 -1.599999999999998
vertex 103.30155706162401 -33.30467949217119 3.4500000000000024
endloop
endfacet
facet normal 0.916287191325466 0.400521888306855 0
outer loop
vertex 103.36750316391726 -33.45554641054215 -1.599999999999998
vertex 103.30155706162401 -33.30467949217119 3.4500000000000024
vertex 103.36750316391726 -33.455546410542155 3.4500000000000024
endloop
endfacet
facet normal 0.8381448748025505 0.5454476774560665 0
outer loop
vertex 103.45731126230531 -33.59354717668488 -1.599999999999998
vertex 103.36750316391726 -33.45554641054215 -1.599999999999998
vertex 103.36750316391726 -33.455546410542155 3.4500000000000024
endloop
endfacet
facet normal 0.8381448748025505 0.5454476774560665 0
outer loop
vertex 103.45731126230531 -33.59354717668488 -1.599999999999998
vertex 103.36750316391726 -33.455546410542155 3.4500000000000024
vertex 103.45731126230527 -33.59354717668482 3.4500000000000024
endloop
endfacet
facet normal 0.7372806971449102 0.6755865404354319 0
outer loop
vertex 103.56854675747893 -33.71494063040289 -1.599999999999998
vertex 103.45731126230531 -33.59354717668488 -1.599999999999998
vertex 103.45731126230527 -33.59354717668482 3.4500000000000024
endloop
endfacet
facet normal 0.7372806971449102 0.6755865404354319 0
outer loop
vertex 103.56854675747893 -33.71494063040289 -1.599999999999998
vertex 103.45731126230527 -33.59354717668482 3.4500000000000024
vertex 103.56854675747897 -33.714940630402914 3.4500000000000024
endloop
endfacet
facet normal 0.6164290565540439 0.7874104509313369 0
outer loop
vertex 103.69819408786799 -33.81643583085642 -1.599999999999998
vertex 103.56854675747893 -33.71494063040289 -1.599999999999998
vertex 103.56854675747897 -33.714940630402914 3.4500000000000024
endloop
endfacet
facet normal 0.6164290565540439 0.7874104509313369 0
outer loop
vertex 103.69819408786799 -33.81643583085642 -1.599999999999998
vertex 103.56854675747897 -33.714940630402914 3.4500000000000024
vertex 103.69819408786802 -33.816435830856435 3.4500000000000024
endloop
endfacet
facet normal 0.478866205475043 0.8778878956073686 0
outer loop
vertex 103.8427385524629 -33.895281273001515 -1.5999999999999979
vertex 103.69819408786799 -33.81643583085642 -1.599999999999998
vertex 103.69819408786802 -33.816435830856435 3.4500000000000024
endloop
endfacet
facet normal 0.478866205475043 0.8778878956073686 0
outer loop
vertex 103.8427385524629 -33.895281273001515 -1.5999999999999979
vertex 103.69819408786802 -33.816435830856435 3.4500000000000024
vertex 103.84273855246289 -33.89528127300151 3.4500000000000024
endloop
endfacet
facet normal 0.32832143235598354 0.9445660575395008 0
outer loop
vertex 103.99826159332584 -33.949339480082855 -1.5999999999999979
vertex 103.8427385524629 -33.895281273001515 -1.5999999999999979
vertex 103.84273855246289 -33.89528127300151 3.4500000000000024
endloop
endfacet
facet normal 0.32832143235598354 0.9445660575395008 0
outer loop
vertex 103.99826159332584 -33.949339480082855 -1.5999999999999979
vertex 103.84273855246289 -33.89528127300151 3.4500000000000024
vertex 103.99826159332584 -33.949339480082855 3.4500000000000024
endloop
endfacet
facet normal 0.16887596173492447 0.9856373113615904 0
outer loop
vertex 104.160547026544 -33.97714495 -1.5999999999999979
vertex 103.99826159332584 -33.949339480082855 -1.5999999999999979
vertex 103.99826159332584 -33.949339480082855 3.4500000000000024
endloop
endfacet
facet normal 0.16887596173492447 0.9856373113615904 0
outer loop
vertex 104.160547026544 -33.97714495 -1.5999999999999979
vertex 103.99826159332584 -33.949339480082855 3.4500000000000024
vertex 104.16054702654407 -33.97714495000002 3.4500000000000024
endloop
endfacet
facet normal 0.006161745356138097 0.07042908971732942 -0.9974977574991106
outer loop
vertex 124.28498177654396 -35.7378044 -1.5999999999999954
vertex 123.27071193354934 -35.64906730968652 -1.5999999999999956
vertex 121.63864166905634 -35.506279700000064 -1.5999999999999959
endloop
endfacet
facet normal 0.006161745356138097 0.07042908971732942 -0.9974977574991106
outer loop
vertex 124.28498177654396 -35.7378044 -1.5999999999999954
vertex 121.63864166905634 -35.506279700000064 -1.5999999999999959
vertex 119.83292318246336 -35.3482998433256 -1.599999999999996
endloop
endfacet
facet normal 0.006161745356138097 0.07042908971732942 -0.9974977574991106
outer loop
vertex 124.28498177654396 -35.7378044 -1.5999999999999954
vertex 119.83292318246336 -35.3482998433256 -1.599999999999996
vertex 117.90842231625187 -35.17992787766686 -1.5999999999999963
endloop
endfacet
facet normal 0.006161745356138097 0.07042908971732942 -0.9974977574991106
outer loop
vertex 124.28498177654396 -35.7378044 -1.5999999999999954
vertex 117.90842231625187 -35.17992787766686 -1.5999999999999963
vertex 115.92361405539611 -35.00627969999997 -1.5999999999999965
endloop
endfacet
facet normal 0.006161745356138097 0.07042908971732942 -0.9974977574991106
outer loop
vertex 124.28498177654396 -35.7378044 -1.5999999999999954
vertex 115.92361405539611 -35.00627969999997 -1.5999999999999965
vertex 104.160547026544 -33.97714495 -1.5999999999999979
endloop
endfacet
facet normal 0.006161745356138097 0.07042908971732942 -0.9974977574991106
outer loop
vertex 124.28498177654396 -35.7378044 -1.5999999999999954
vertex 104.160547026544 -33.97714495 -1.5999999999999979
vertex 104.16054702654407 -33.97714495000002 3.4500000000000024
endloop
endfacet
facet normal 0.006161745356138097 0.07042908971732942 -0.9974977574991106
outer loop
vertex 124.28498177654396 -35.7378044 -1.5999999999999954
vertex 104.16054702654407 -33.97714495000002 3.4500000000000024
vertex 124.28498177654403 -35.73780440000001 3.4500000000000046
endloop
endfacet
facet normal 0 0 -1
outer loop
vertex 124.57681275106052 -35.789260252565704 -1.5999999999999954
vertex 124.48075990035628 -35.77232414311899 -1.5999999999999954
vertex 124.28498177654396 -35.7378044 -1.5999999999999954
endloop
endfacet
facet normal 0 0 -1
outer loop
vertex 124.57681275106052 -35.789260252565704 -1.5999999999999954
vertex 124.28498177654396 -35.7378044 -1.5999999999999954
vertex 124.28498177654403 -35.73780440000001 3.4500000000000046
endloop
endfacet
facet normal 0 0 -1
outer loop
vertex 124.57681275106052 -35.789260252565704 -1.5999999999999954
vertex 124.28498177654403 -35.73780440000001 3.4500000000000046
vertex 124.57681275106053 -35.789260252565704 3.450000000000005
endloop
endfacet
facet normal 0 0 -1
outer loop
vertex 124.85527097270663 -35.890611805617475 -1.5999999999999954
vertex 124.8049742433212 -35.87230510378442 -1.5999999999999954
vertex 124.57681275106052 -35.789260252565704 -1.5999999999999954
endloop
endfacet
facet normal 0 0 -1
outer loop
vertex 124.85527097270663 -35.890611805617475 -1.5999999999999954
vertex 124.57681275106052 -35.789260252565704 -1.5999999999999954
vertex 124.57681275106053 -35.789260252565704 3.450000000000005
endloop
endfacet
facet normal 0 0 -1
outer loop
vertex 124.85527097270663 -35.890611805617475 -1.5999999999999954
vertex 124.57681275106053 -35.789260252565704 3.450000000000005
vertex 124.85527097270663 -35.890611805617475 3.450000000000005
endloop
endfacet
facet normal 0 0 -1
outer loop
vertex 125.11189928598048 -36.03877734592489 -1.5999999999999954
vertex 125.05561157516337 -36.00627937647058 -1.5999999999999954
vertex 125.02929858980647 -35.991087453012206 -1.5999999999999954
endloop
endfacet
facet normal 0 0 -1
outer loop
vertex 125.11189928598048 -36.03877734592489 -1.5999999999999954
vertex 125.02929858980647 -35.991087453012206 -1.5999999999999954
vertex 124.95115747641162 -35.94597232078588 -1.5999999999999954
endloop
endfacet
facet normal 0 0 -1
outer loop
vertex 125.11189928598048 -36.03877734592489 -1.5999999999999954
vertex 124.95115747641162 -35.94597232078588 -1.5999999999999954
vertex 124.85527097270663 -35.890611805617475 -1.5999999999999954
endloop
endfacet
facet normal 0 0 -1
outer loop
vertex 125.11189928598048 -36.03877734592489 -1.5999999999999954
vertex 124.85527097270663 -35.890611805617475 -1.5999999999999954
vertex 124.85527097270663 -35.890611805617475 3.450000000000005
endloop
endfacet
facet normal 0 0 -1
outer loop
vertex 125.11189928598048 -36.03877734592489 -1.5999999999999954
vertex 124.85527097270663 -35.890611805617475 3.450000000000005
vertex 125.11189928598047 -36.038777345924885 3.450000000000005
endloop
endfacet
facet normal 0.6427900521975054 0.7660423936022915 0
outer loop
vertex 125.3389001755776 -36.22925494206268 -1.5999999999999954
vertex 125.11189928598048 -36.03877734592489 -1.5999999999999954
vertex 125.11189928598047 -36.038777345924885 3.450000000000005
endloop
endfacet
facet normal 0.6427900521975054 0.7660423936022915 0
outer loop
vertex 125.3389001755776 -36.22925494206268 -1.5999999999999954
vertex 125.11189928598047 -36.038777345924885 3.450000000000005
vertex 125.33890017557763 -36.22925494206273 3.450000000000005
endloop
endfacet
facet normal 0.7660464483866682 0.6427852198939951 0
outer loop
vertex 125.52937633976182 -36.456257033211735 -1.5999999999999952
vertex 125.3389001755776 -36.22925494206268 -1.5999999999999954
vertex 125.33890017557763 -36.22925494206273 3.450000000000005
endloop
endfacet
facet normal 0.7660464483866682 0.6427852198939951 0
outer loop
vertex 125.52937633976182 -36.456257033211735 -1.5999999999999952
vertex 125.33890017557763 -36.22925494206273 3.450000000000005
vertex 125.52937633976182 -36.45625703321174 3.450000000000005
endloop
endfacet
facet normal 0.8660269291909538 0.49999735790910627 0
outer loop
vertex 125.67754026122296 -36.71288628112709 -1.5999999999999952
vertex 125.52937633976182 -36.456257033211735 -1.5999999999999952
vertex 125.52937633976182 -36.45625703321174 3.450000000000005
endloop
endfacet
facet normal 0.8660269291909538 0.49999735790910627 0
outer loop
vertex 125.67754026122296 -36.71288628112709 -1.5999999999999952
vertex 125.52937633976182 -36.45625703321174 3.450000000000005
vertex 125.67754026122296 -36.7128862811271 3.450000000000005
endloop
endfacet
facet normal 0.9396936406836612 0.34201734116662313 4.822335854431261e-16
outer loop
vertex 125.77889005772363 -36.991345142105914 -1.5999999999999952
vertex 125.67754026122296 -36.71288628112709 -1.5999999999999952
vertex 125.67754026122296 -36.7128862811271 3.450000000000005
endloop
endfacet
facet normal 0.9396936406836612 0.34201734116662313 4.822335854431261e-16
outer loop
vertex 125.77889005772363 -36.991345142105914 -1.5999999999999952
vertex 125.67754026122296 -36.7128862811271 3.450000000000005
vertex 125.75774098382823 -36.933238 3.450000000000005
endloop
endfacet
facet normal 0.9396936406836612 0.34201734116662313 4.822335854431261e-16
outer loop
vertex 125.77889005772363 -36.991345142105914 -1.5999999999999952
vertex 125.75774098382823 -36.933238 3.450000000000005
vertex 125.762452708646 -36.94618347765563 3.450000000000005
endloop
endfacet
facet normal 0.9396936406836612 0.34201734116662313 4.822335854431261e-16
outer loop
vertex 125.77889005772363 -36.991345142105914 -1.5999999999999952
vertex 125.762452708646 -36.94618347765563 3.450000000000005
vertex 125.77151388265742 -36.971079079634805 3.450000000000005
endloop
endfacet
facet normal 0.9396936406836612 0.34201734116662313 4.822335854431261e-16
outer loop
vertex 125.77889005772363 -36.991345142105914 -1.5999999999999952
vertex 125.77151388265742 -36.971079079634805 3.450000000000005
vertex 125.77889005772363 -36.9913451421059 3.450000000000005
endloop
endfacet
facet normal 0.9848082588740587 0.1736453087573781 -4.880296621912422e-16
outer loop
vertex 125.83034626940525 -37.283172791220466 -1.5999999999999952
vertex 125.77889005772363 -36.991345142105914 -1.5999999999999952
vertex 125.77889005772363 -36.9913451421059 3.450000000000005
endloop
endfacet
facet normal 0.9848082588740587 0.1736453087573781 -4.880296621912422e-16
outer loop
vertex 125.83034626940525 -37.283172791220466 -1.5999999999999952
vertex 125.77889005772363 -36.9913451421059 3.450000000000005
vertex 125.78170465436409 -37.00730778478696 3.450000000000005
endloop
endfacet
facet normal 0.9848082588740587 0.1736453087573781 -4.880296621912422e-16
outer loop
vertex 125.83034626940525 -37.283172791220466 -1.5999999999999952
vertex 125.78170465436409 -37.00730778478696 3.450000000000005
vertex 125.78993364580143 -37.05397750934034 3.450000000000005
endloop
endfacet
facet normal 0.9848082588740587 0.1736453087573781 -4.880296621912422e-16
outer loop
vertex 125.83034626940525 -37.283172791220466 -1.5999999999999952
vertex 125.78993364580143 -37.05397750934034 3.450000000000005
vertex 125.79980101131281 -37.10993907328055 3.450000000000005
endloop
endfacet
facet normal 0.9848082588740587 0.1736453087573781 -4.880296621912422e-16
outer loop
vertex 125.83034626940525 -37.283172791220466 -1.5999999999999952
vertex 125.79980101131281 -37.10993907328055 3.450000000000005
vertex 125.8110637801212 -37.17381449738303 3.450000000000005
endloop
endfacet
facet normal 0.9848082588740587 0.1736453087573781 -4.880296621912422e-16
outer loop
vertex 125.83034626940525 -37.283172791220466 -1.5999999999999952
vertex 125.8110637801212 -37.17381449738303 3.450000000000005
vertex 125.82344462149565 -37.244030934121966 3.450000000000005
endloop
endfacet
facet normal 0.9848082588740587 0.1736453087573781 -4.880296621912422e-16
outer loop
vertex 125.83034626940525 -37.283172791220466 -1.5999999999999952
vertex 125.82344462149565 -37.244030934121966 3.450000000000005
vertex 125.83034626940524 -37.28317279122043 3.450000000000005
endloop
endfacet
facet normal 0.9999999999959549 -0.0000028443390579418563 2.814050625345791e-15
outer loop
vertex 125.83034542654394 -37.57950220000004 -1.5999999999999952
vertex 125.83034626940525 -37.283172791220466 -1.5999999999999952
vertex 125.83034626940524 -37.28317279122043 3.450000000000005
endloop
endfacet
facet normal 0.9999999999959549 -0.0000028443390579418563 2.814050625345791e-15
outer loop
vertex 125.83034542654394 -37.57950220000004 -1.5999999999999952
vertex 125.83034626940524 -37.28317279122043 3.450000000000005
vertex 125.83034616790044 -37.31885939695315 3.450000000000005
endloop
endfacet
facet normal 0.9999999999959549 -0.0000028443390579418563 2.814050625345791e-15
outer loop
vertex 125.83034542654394 -37.57950220000004 -1.5999999999999952
vertex 125.83034616790044 -37.31885939695315 3.450000000000005
vertex 125.83034594718559 -37.39645733431186 3.450000000000005
endloop
endfacet
facet normal 0.9999999999959549 -0.0000028443390579418563 2.814050625345791e-15
outer loop
vertex 125.83034542654394 -37.57950220000004 -1.5999999999999952
vertex 125.83034594718559 -37.39645733431186 3.450000000000005
vertex 125.83034572402823 -37.47491400000014 3.450000000000005
endloop
endfacet
facet normal 0.9999999999959549 -0.0000028443390579418563 2.814050625345791e-15
outer loop
vertex 125.83034542654394 -37.57950220000004 -1.5999999999999952
vertex 125.83034572402823 -37.47491400000014 3.450000000000005
vertex 125.83034542654394 -37.57950220000001 3.450000000000005
endloop
endfacet
facet normal 0.9961947104595489 -0.08715560138290364 0
outer loop
vertex 124.46498837654396 -53.18563019999991 -1.5999999999999954
vertex 125.83034542654394 -37.57950220000004 -1.5999999999999952
vertex 125.83034542654394 -37.57950220000001 3.450000000000005
endloop
endfacet
facet normal 0.9961947104595489 -0.08715560138290364 0
outer loop
vertex 124.46498837654396 -53.18563019999991 -1.5999999999999954
vertex 125.83034542654394 -37.57950220000001 3.450000000000005
vertex 124.46498846840927 -53.18563019999994 3.4500000000000046
endloop
endfacet
facet normal 0.9999527270260038 -0.009723359155074718 0
outer loop
vertex 124.46348140210267 -53.34060783459055 -1.5999999999999954
vertex 124.46498837654396 -53.18563019999991 -1.5999999999999954
vertex 124.46498846840927 -53.18563019999994 3.4500000000000046
endloop
endfacet
facet normal 0.9999527270260038 -0.009723359155074718 0
outer loop
vertex 124.46348140210267 -53.34060783459055 -1.5999999999999954
vertex 124.46498846840927 -53.18563019999994 3.4500000000000046
vertex 124.46348140358091 -53.340607834590514 3.4500000000000046
endloop
endfacet
facet normal 0.9894412118642597 0.1449347724481099 0
outer loop
vertex 124.48594412013557 -53.49395639668392 -1.5999999999999954
vertex 124.46348140210267 -53.34060783459055 -1.5999999999999954
vertex 124.46348140358091 -53.340607834590514 3.4500000000000046
endloop
endfacet
facet normal 0.9894412118642597 0.1449347724481099 0
outer loop
vertex 124.48594412013557 -53.49395639668392 -1.5999999999999954
vertex 124.46348140358091 -53.340607834590514 3.4500000000000046
vertex 124.48594409511425 -53.49395639668393 3.4500000000000046
endloop
endfacet
facet normal 0 0 1
outer loop
vertex 124.53183231817682 -53.6419922993496 -1.5999999999999954
vertex 124.48976410010602 -53.50627969999992 -1.5999999999999954
vertex 124.48594412013557 -53.49395639668392 -1.5999999999999954
endloop
endfacet
facet normal 0 0 1
outer loop
vertex 124.53183231817682 -53.6419922993496 -1.5999999999999954
vertex 124.48594412013557 -53.49395639668392 -1.5999999999999954
vertex 124.48594409511425 -53.49395639668393 3.4500000000000046
endloop
endfacet
facet normal 0 0 1
outer loop
vertex 124.53183231817682 -53.6419922993496 -1.5999999999999954
vertex 124.48594409511425 -53.49395639668393 3.4500000000000046
vertex 124.53183225919663 -53.64199229934959 3.4500000000000046
endloop
endfacet
facet normal 0 0 1
outer loop
vertex 124.60004374541015 -53.78115966762376 -1.5999999999999954
vertex 124.55042604436451 -53.67992787766698 -1.5999999999999954
vertex 124.53183231817682 -53.6419922993496 -1.5999999999999954
endloop
endfacet
facet normal 0 0 1
outer loop
vertex 124.60004374541015 -53.78115966762376 -1.5999999999999954
vertex 124.53183231817682 -53.6419922993496 -1.5999999999999954
vertex 124.53183225919663 -53.64199229934959 3.4500000000000046
endloop
endfacet
facet normal 0 0 1
outer loop
vertex 124.60004374541015 -53.78115966762376 -1.5999999999999954
vertex 124.53183225919663 -53.64199229934959 3.4500000000000046
vertex 124.60004364252131 -53.78115966762376 3.450000000000005
endloop
endfacet
facet normal 0 0 -1
outer loop
vertex 124.68893993912468 -53.90811565188818 -1.5999999999999954
vertex 124.64705614974699 -53.84829984332563 -1.5999999999999954
vertex 124.60004374541015 -53.78115966762376 -1.5999999999999954
endloop
endfacet
facet normal 0 0 -1
outer loop
vertex 124.68893993912468 -53.90811565188818 -1.5999999999999954
vertex 124.60004374541015 -53.78115966762376 -1.5999999999999954
vertex 124.60004364252131 -53.78115966762376 3.450000000000005
endloop
endfacet
facet normal 0 0 -1
outer loop
vertex 124.68893993912468 -53.90811565188818 -1.5999999999999954
vertex 124.60004364252131 -53.78115966762376 3.450000000000005
vertex 124.6889397789965 -53.90811565188813 3.450000000000005
endloop
endfacet
facet normal 0 0 1
outer loop
vertex 124.79638558117199 -54.019810724306815 -1.5999999999999954
vertex 124.783369343636 -54.006279700000015 -1.5999999999999954
vertex 124.68893993912468 -53.90811565188818 -1.5999999999999954
endloop
endfacet
facet normal 0 0 1
outer loop
vertex 124.79638558117199 -54.019810724306815 -1.5999999999999954
vertex 124.68893993912468 -53.90811565188818 -1.5999999999999954
vertex 124.6889397789965 -53.90811565188813 3.450000000000005
endloop
endfacet
facet normal 0 0 1
outer loop
vertex 124.79638558117199 -54.019810724306815 -1.5999999999999954
vertex 124.6889397789965 -53.90811565188813 3.450000000000005
vertex 124.79638534609545 -54.0198107243068 3.450000000000005
endloop
endfacet
facet normal 0.6049049621278659 0.7962976747379621 0
outer loop
vertex 124.91979978906548 -54.1135619295661 -1.5999999999999954
vertex 124.79638558117199 -54.019810724306815 -1.5999999999999954
vertex 124.79638534609545 -54.0198107243068 3.450000000000005
endloop
endfacet
facet normal 0.6049049621278659 0.7962976747379621 0
outer loop
vertex 124.91979978906548 -54.1135619295661 -1.5999999999999954
vertex 124.79638534609545 -54.0198107243068 3.450000000000005
vertex 124.91979945634378 -54.11356192956605 3.450000000000005
endloop
endfacet
facet normal 0 0 1
outer loop
vertex 125.05621810969507 -54.1871173304155 -1.5999999999999954
vertex 124.98564926134641 -54.14906730968654 -1.5999999999999954
vertex 124.91979978906548 -54.1135619295661 -1.5999999999999954
endloop
endfacet
facet normal 0 0 1
outer loop
vertex 125.05621810969507 -54.1871173304155 -1.5999999999999954
vertex 124.91979978906548 -54.1135619295661 -1.5999999999999954
vertex 124.91979945634378 -54.11356192956605 3.450000000000005
endloop
endfacet
facet normal 0 0 1
outer loop
vertex 125.05621810969507 -54.1871173304155 -1.5999999999999954
vertex 124.91979945634378 -54.11356192956605 3.450000000000005
vertex 125.05621765292173 -54.18711733041554 3.450000000000005
endloop
endfacet
facet normal 0.3328887585527589 0.9429661046024949 0
outer loop
vertex 125.20236372654392 -54.23871009999999 -1.5999999999999954
vertex 125.05621810969507 -54.1871173304155 -1.5999999999999954
vertex 125.05621765292173 -54.18711733041554 3.450000000000005
endloop
endfacet
facet normal 0.3328887585527589 0.9429661046024949 0
outer loop
vertex 125.20236372654392 -54.23871009999999 -1.5999999999999954
vertex 125.05621765292173 -54.18711733041554 3.450000000000005
vertex 125.20236312209798 -54.238710099999984 3.450000000000005
endloop
endfacet
facet normal 3.5533477294392956e-9 1.3261270466839655e-8 -0.9999999999999999
outer loop
vertex 147.50509707654373 -60.21471099999993 -1.5999999999999925
vertex 126.2009407553702 -54.5062780850526 -1.5999999999999952
vertex 125.98019230337044 -54.44712869867578 -1.5999999999999952
endloop
endfacet
facet normal 3.5533477294392956e-9 1.3261270466839655e-8 -0.9999999999999999
outer loop
vertex 147.50509707654373 -60.21471099999993 -1.5999999999999925
vertex 125.98019230337044 -54.44712869867578 -1.5999999999999952
vertex 125.97587664356807 -54.445972320785884 -1.5999999999999952
endloop
endfacet
facet normal 3.5533477294392956e-9 1.3261270466839655e-8 -0.9999999999999999
outer loop
vertex 147.50509707654373 -60.21471099999993 -1.5999999999999925
vertex 125.97587664356807 -54.445972320785884 -1.5999999999999952
vertex 125.70094692557228 -54.37230510378443 -1.5999999999999952
endloop
endfacet
facet normal 3.5533477294392956e-9 1.3261270466839655e-8 -0.9999999999999999
outer loop
vertex 147.50509707654373 -60.21471099999993 -1.5999999999999925
vertex 125.70094692557228 -54.37230510378443 -1.5999999999999952
vertex 125.32781300739873 -54.272324143119 -1.5999999999999954
endloop
endfacet
facet normal 3.5533477294392956e-9 1.3261270466839655e-8 -0.9999999999999999
outer loop
vertex 147.50509707654373 -60.21471099999993 -1.5999999999999925
vertex 125.32781300739873 -54.272324143119 -1.5999999999999954
vertex 125.20236372654392 -54.23871009999999 -1.5999999999999954
endloop
endfacet
facet normal 3.5533477294392956e-9 1.3261270466839655e-8 -0.9999999999999999
outer loop
vertex 147.50509707654373 -60.21471099999993 -1.5999999999999925
vertex 125.20236372654392 -54.23871009999999 -1.5999999999999954
vertex 125.20236312209798 -54.238710099999984 3.450000000000005
endloop
endfacet
facet normal 3.5533477294392956e-9 1.3261270466839655e-8 -0.9999999999999999
outer loop
vertex 147.50509707654373 -60.21471099999993 -1.5999999999999925
vertex 125.20236312209798 -54.238710099999984 3.450000000000005
vertex 147.50509707654396 -60.214710999999994 3.4500000000000077
endloop
endfacet
facet normal 0.3420339130874419 0.9396876088882371 0
outer loop
vertex 147.78355567641108 -60.316066262796426 -1.5999999999999925
vertex 147.50509707654373 -60.21471099999993 -1.5999999999999925
vertex 147.50509707654396 -60.214710999999994 3.4500000000000077
endloop
endfacet
facet normal 0.3420339130874419 0.9396876088882371 0
outer loop
vertex 147.78355567641108 -60.316066262796426 -1.5999999999999925
vertex 147.50509707654396 -60.214710999999994 3.4500000000000077
vertex 147.78355567641097 -60.31606626279638 3.4500000000000077
endloop
endfacet
facet normal 0.5000008351660876 0.8660249216005362 0
outer loop
vertex 148.04018358934297 -60.464230787387386 -1.5999999999999925
vertex 147.78355567641108 -60.316066262796426 -1.5999999999999925
vertex 147.78355567641097 -60.31606626279638 3.4500000000000077
endloop
endfacet
facet normal 0.5000008351660876 0.8660249216005362 0
outer loop
vertex 148.04018358934297 -60.464230787387386 -1.5999999999999925
vertex 147.78355567641097 -60.31606626279638 3.4500000000000077
vertex 148.04018358934303 -60.464230787387436 3.4500000000000077
endloop
endfacet
facet normal 0.6427879091590971 0.7660441918315654 0
outer loop
vertex 148.26718435717328 -60.65470719917544 -1.5999999999999925
vertex 148.04018358934297 -60.464230787387386 -1.5999999999999925
vertex 148.04018358934303 -60.464230787387436 3.4500000000000077
endloop
endfacet
facet normal 0.6427879091590971 0.7660441918315654 0
outer loop
vertex 148.26718435717328 -60.65470719917544 -1.5999999999999925
vertex 148.04018358934303 -60.464230787387436 3.4500000000000077
vertex 148.26718435717325 -60.65470719917543 3.4500000000000077
endloop
endfacet
facet normal 0.7660443258104982 0.6427877494893157 0
outer loop
vertex 148.45766072164653 -60.88170800670746 -1.5999999999999925
vertex 148.26718435717328 -60.65470719917544 -1.5999999999999925
vertex 148.26718435717325 -60.65470719917543 3.4500000000000077
endloop
endfacet
facet normal 0.7660443258104982 0.6427877494893157 0
outer loop
vertex 148.45766072164653 -60.88170800670746 -1.5999999999999925
vertex 148.26718435717325 -60.65470719917543 3.4500000000000077
vertex 148.45766072164656 -60.88170800670749 3.4500000000000077
endloop
endfacet
facet normal 0.8660250258177545 0.500000654656929 0
outer loop
vertex 148.60582519274755 -61.13833595052196 -1.5999999999999925
vertex 148.45766072164653 -60.88170800670746 -1.5999999999999925
vertex 148.45766072164656 -60.88170800670749 3.4500000000000077
endloop
endfacet
facet normal 0.8660250258177545 0.500000654656929 0
outer loop
vertex 148.60582519274755 -61.13833595052196 -1.5999999999999925
vertex 148.45766072164656 -60.88170800670749 3.4500000000000077
vertex 148.60582519274755 -61.138335950522 3.4500000000000077
endloop
endfacet
facet normal 0.9396921661150599 0.34202139252097463 2.406538005881127e-15
outer loop
vertex 148.70717589750387 -61.41679357151396 -1.5999999999999925
vertex 148.60582519274755 -61.13833595052196 -1.5999999999999925
vertex 148.60582519274755 -61.138335950522 3.4500000000000077
endloop
endfacet
facet normal 0.9396921661150599 0.34202139252097463 2.406538005881127e-15
outer loop
vertex 148.70717589750387 -61.41679357151396 -1.5999999999999925
vertex 148.60582519274755 -61.138335950522 3.4500000000000077
vertex 148.69153545986055 -61.373821999999976 3.4500000000000077
endloop
endfacet
facet normal 0.9396921661150599 0.34202139252097463 2.406538005881127e-15
outer loop
vertex 148.70717589750387 -61.41679357151396 -1.5999999999999925
vertex 148.69153545986055 -61.373821999999976 3.4500000000000077
vertex 148.7023861873158 -61.40363400535786 3.4500000000000077
endloop
endfacet
facet normal 0.9396921661150599 0.34202139252097463 2.406538005881127e-15
outer loop
vertex 148.70717589750387 -61.41679357151396 -1.5999999999999925
vertex 148.7023861873158 -61.40363400535786 3.4500000000000077
vertex 148.70717589750384 -61.416793571513935 3.4500000000000077
endloop
endfacet
facet normal 0.9848074225927778 0.17365005155821303 4.565003211539915e-15
outer loop
vertex 148.7586333662215 -61.708620131231136 -1.5999999999999925
vertex 148.70717589750387 -61.41679357151396 -1.5999999999999925
vertex 148.70717589750384 -61.416793571513935 3.4500000000000077
endloop
endfacet
facet normal 0.9848074225927778 0.17365005155821303 4.565003211539915e-15
outer loop
vertex 148.7586333662215 -61.708620131231136 -1.5999999999999925
vertex 148.70717589750384 -61.416793571513935 3.4500000000000077
vertex 148.71253929097867 -61.44721054897459 3.4500000000000077
endloop
endfacet
facet normal 0.9848074225927778 0.17365005155821303 4.565003211539915e-15
outer loop
vertex 148.7586333662215 -61.708620131231136 -1.5999999999999925
vertex 148.71253929097867 -61.44721054897459 3.4500000000000077
vertex 148.72241742634046 -61.503231615126666 3.4500000000000077
endloop
endfacet
facet normal 0.9848074225927778 0.17365005155821303 4.565003211539915e-15
outer loop
vertex 148.7586333662215 -61.708620131231136 -1.5999999999999925
vertex 148.72241742634046 -61.503231615126666 3.4500000000000077
vertex 148.7341897571066 -61.5699950777095 3.4500000000000077
endloop
endfacet
facet normal 0.9848074225927778 0.17365005155821303 4.565003211539915e-15
outer loop
vertex 148.7586333662215 -61.708620131231136 -1.5999999999999925
vertex 148.7341897571066 -61.5699950777095 3.4500000000000077
vertex 148.7474985965552 -61.64547241709113 3.4500000000000077
endloop
endfacet
facet normal 0.9848074225927778 0.17365005155821303 4.565003211539915e-15
outer loop
vertex 148.7586333662215 -61.708620131231136 -1.5999999999999925
vertex 148.7474985965552 -61.64547241709113 3.4500000000000077
vertex 148.7586333662215 -61.70862013123113 3.4500000000000077
endloop
endfacet
facet normal 0.9999999999969341 0.000002476232774540872 -3.484589881078572e-21
outer loop
vertex 148.75863409999997 -62.00494868544514 -1.5999999999999925
vertex 148.7586333662215 -61.708620131231136 -1.5999999999999925
vertex 148.7586333662215 -61.70862013123113 3.4500000000000077
endloop
endfacet
facet normal 0.9999999999969341 0.000002476232774540872 -3.484589881078572e-21
outer loop
vertex 148.75863409999997 -62.00494868544514 -1.5999999999999925
vertex 148.7586333662215 -61.70862013123113 3.4500000000000077
vertex 148.75863341265142 -61.72737035400169 3.4500000000000077
endloop
endfacet
facet normal 0.9999999999969341 0.000002476232774540872 -3.484589881078572e-21
outer loop
vertex 148.75863409999997 -62.00494868544514 -1.5999999999999925
vertex 148.75863341265142 -61.72737035400169 3.4500000000000077
vertex 148.7586336251869 -61.81320052779613 3.4500000000000077
endloop
endfacet
facet normal 0.9999999999969341 0.000002476232774540872 -3.484589881078572e-21
outer loop
vertex 148.75863409999997 -62.00494868544514 -1.5999999999999925
vertex 148.7586336251869 -61.81320052779613 3.4500000000000077
vertex 148.7586338410019 -61.90035510200449 3.4500000000000077
endloop
endfacet
facet normal 0.9999999999969341 0.000002476232774540872 -3.484589881078572e-21
outer loop
vertex 148.75863409999997 -62.00494868544514 -1.5999999999999925
vertex 148.7586338410019 -61.90035510200449 3.4500000000000077
vertex 148.7586340535392 -61.986186 3.4500000000000077
endloop
endfacet
facet normal 0.9999999999969341 0.000002476232774540872 -3.484589881078572e-21
outer loop
vertex 148.75863409999997 -62.00494868544514 -1.5999999999999925
vertex 148.7586340535392 -61.986186 3.4500000000000077
vertex 148.75863409999997 -62.00494868544517 3.4500000000000077
endloop
endfacet
facet normal 0.9848082825765827 -0.1736451743313408 0
outer loop
vertex 148.70717807654393 -62.29677550000004 -1.5999999999999925
vertex 148.75863409999997 -62.00494868544514 -1.5999999999999925
vertex 148.75863409999997 -62.00494868544517 3.4500000000000077
endloop
endfacet
facet normal 0.9848082825765827 -0.1736451743313408 0
outer loop
vertex 148.70717807654393 -62.29677550000004 -1.5999999999999925
vertex 148.75863409999997 -62.00494868544517 3.4500000000000077
vertex 148.70717807654393 -62.29677550000003 3.4500000000000077
endloop
endfacet
facet normal -0.00006107148846148328 0.000016364051904751996 0.9999999980012456
outer loop
vertex 135.50740951913608 -111.55899477410584 -1.599999999999994
vertex 136.40511022194056 -108.20872929999992 -1.5999999999999939
vertex 136.41077218391092 -108.18759856495001 -1.5999999999999939
endloop
endfacet
facet normal -0.00006107148846148328 0.000016364051904751996 0.9999999980012456
outer loop
vertex 135.50740951913608 -111.55899477410584 -1.599999999999994
vertex 136.41077218391092 -108.18759856495001 -1.5999999999999939
vertex 136.41375291950015 -108.17647430549374 -1.5999999999999939
endloop
endfacet
facet normal -0.00006107148846148328 0.000016364051904751996 0.9999999980012456
outer loop
vertex 135.50740951913608 -111.55899477410584 -1.599999999999994
vertex 136.41375291950015 -108.17647430549374 -1.5999999999999939
vertex 136.4140221160608 -108.17546964999998 -1.5999999999999939
endloop
endfacet
facet normal -0.00006107148846148328 0.000016364051904751996 0.9999999980012456
outer loop
vertex 135.50740951913608 -111.55899477410584 -1.599999999999994
vertex 136.4140221160608 -108.17546964999998 -1.5999999999999939
vertex 137.4512377590438 -104.30452719999113 -1.5999999999999939
endloop
endfacet
facet normal -0.00006107148846148328 0.000016364051904751996 0.9999999980012456
outer loop
vertex 135.50740951913608 -111.55899477410584 -1.599999999999994
vertex 137.4512377590438 -104.30452719999113 -1.5999999999999939
vertex 148.70717807654393 -62.29677550000004 -1.5999999999999925
endloop
endfacet
facet normal -0.00006107148846148328 0.000016364051904751996 0.9999999980012456
outer loop
vertex 135.50740951913608 -111.55899477410584 -1.599999999999994
vertex 148.70717807654393 -62.29677550000004 -1.5999999999999925
vertex 148.70717807654393 -62.29677550000003 3.4500000000000077
endloop
endfacet
facet normal -0.00006107148846148328 0.000016364051904751996 0.9999999980012456
outer loop
vertex 135.50740951913608 -111.55899477410584 -1.599999999999994
vertex 148.70717807654393 -62.29677550000003 3.4500000000000077
vertex 135.59063028346804 -111.24841057538671 3.4500000000000064
endloop
endfacet
facet normal -0.00006107148846148328 0.000016364051904751996 0.9999999980012456
outer loop
vertex 135.50740951913608 -111.55899477410584 -1.599999999999994
vertex 135.59063028346804 -111.24841057538671 3.4500000000000064
vertex 135.56868416278687 -111.33031463336407 3.4500000000000064
endloop
endfacet
facet normal -0.00006107148846148328 0.000016364051904751996 0.9999999980012456
outer loop
vertex 135.50740951913608 -111.55899477410584 -1.599999999999994
vertex 135.56868416278687 -111.33031463336407 3.4500000000000064
vertex 135.54845986816255 -111.40579274740169 3.4500000000000064
endloop
endfacet
facet normal -0.00006107148846148328 0.000016364051904751996 0.9999999980012456
outer loop
vertex 135.50740951913608 -111.55899477410584 -1.599999999999994
vertex 135.54845986816255 -111.40579274740169 3.4500000000000064
vertex 135.53057053109933 -111.4725566789998 3.4500000000000064
endloop
endfacet
facet normal -0.00006107148846148328 0.000016364051904751996 0.9999999980012456
outer loop
vertex 135.50740951913608 -111.55899477410584 -1.599999999999994
vertex 135.53057053109933 -111.4725566789998 3.4500000000000064
vertex 135.5155597097697 -111.5285778409322 3.4500000000000064
endloop
endfacet
facet normal -0.00006107148846148328 0.000016364051904751996 0.9999999980012456
outer loop
vertex 135.50740951913608 -111.55899477410584 -1.599999999999994
vertex 135.5155597097697 -111.5285778409322 3.4500000000000064
vertex 135.5074095191361 -111.55899477410573 3.4500000000000064
endloop
endfacet
facet normal 0.9396861880608461 -0.3420378165754136 2.4111395846524753e-15
outer loop
vertex 135.40605246374753 -111.83745469986711 -1.599999999999994
vertex 135.50740951913608 -111.55899477410584 -1.599999999999994
vertex 135.5074095191361 -111.55899477410573 3.4500000000000064
endloop
endfacet
facet normal 0.9396861880608461 -0.3420378165754136 2.4111395846524753e-15
outer loop
vertex 135.40605246374753 -111.83745469986711 -1.599999999999994
vertex 135.5074095191361 -111.55899477410573 3.4500000000000064
vertex 135.50261965069382 -111.57215405942372 3.4500000000000064
endloop
endfacet
facet normal 0.9396861880608461 -0.3420378165754136 2.4111395846524753e-15
outer loop
vertex 135.40605246374753 -111.83745469986711 -1.599999999999994
vertex 135.50261965069382 -111.57215405942372 3.4500000000000064
vertex 135.49177006974023 -111.60196129381207 3.4500000000000064
endloop
endfacet
facet normal 0.9396861880608461 -0.3420378165754136 2.4111395846524753e-15
outer loop
vertex 135.40605246374753 -111.83745469986711 -1.599999999999994
vertex 135.49177006974023 -111.60196129381207 3.4500000000000064
vertex 135.486261941281 -111.61709386683287 3.4500000000000064
endloop
endfacet
facet normal 0.9396861880608461 -0.3420378165754136 2.4111395846524753e-15
outer loop
vertex 135.40605246374753 -111.83745469986711 -1.599999999999994
vertex 135.486261941281 -111.61709386683287 3.4500000000000064
vertex 135.40605246374756 -111.8374546998671 3.450000000000006
endloop
endfacet
facet normal 0.8660249216005264 -0.5000008351661048 0
outer loop
vertex 135.25788793915657 -112.09408261279899 -1.599999999999994
vertex 135.40605246374753 -111.83745469986711 -1.599999999999994
vertex 135.40605246374756 -111.8374546998671 3.450000000000006
endloop
endfacet
facet normal 0.8660249216005264 -0.5000008351661048 0
outer loop
vertex 135.25788793915657 -112.09408261279899 -1.599999999999994
vertex 135.40605246374756 -111.8374546998671 3.450000000000006
vertex 135.25788793915655 -112.09408261279901 3.450000000000006
endloop
endfacet
facet normal 0.766044191831567 -0.6427879091590956 0
outer loop
vertex 135.06741152736845 -112.32108338062937 -1.599999999999994
vertex 135.25788793915657 -112.09408261279899 -1.599999999999994
vertex 135.25788793915655 -112.09408261279901 3.450000000000006
endloop
endfacet
facet normal 0.766044191831567 -0.6427879091590956 0
outer loop
vertex 135.06741152736845 -112.32108338062937 -1.599999999999994
vertex 135.25788793915655 -112.09408261279901 3.450000000000006
vertex 135.06741152736848 -112.32108338062936 3.450000000000006
endloop
endfacet
facet normal 0.6427877494893087 -0.7660443258105041 0
outer loop
vertex 134.8404107198365 -112.51155974510259 -1.599999999999994
vertex 135.06741152736845 -112.32108338062937 -1.599999999999994
vertex 135.06741152736848 -112.32108338062936 3.450000000000006
endloop
endfacet
facet normal 0.6427877494893087 -0.7660443258105041 0
outer loop
vertex 134.8404107198365 -112.51155974510259 -1.599999999999994
vertex 135.06741152736848 -112.32108338062936 3.450000000000006
vertex 134.84041071983657 -112.51155974510255 3.450000000000006
endloop
endfacet
facet normal 0.5000006546569046 -0.8660250258177686 0
outer loop
vertex 134.58378277602193 -112.65972421620361 -1.599999999999994
vertex 134.8404107198365 -112.51155974510259 -1.599999999999994
vertex 134.84041071983657 -112.51155974510255 3.450000000000006
endloop
endfacet
facet normal 0.5000006546569046 -0.8660250258177686 0
outer loop
vertex 134.58378277602193 -112.65972421620361 -1.599999999999994
vertex 134.84041071983657 -112.51155974510255 3.450000000000006
vertex 134.58378277602193 -112.65972421620361 3.450000000000006
endloop
endfacet
facet normal 0.3420213925209619 -0.9396921661150647 0
outer loop
vertex 134.30532515503006 -112.7610749209599 -1.5999999999999943
vertex 134.58378277602193 -112.65972421620361 -1.599999999999994
vertex 134.58378277602193 -112.65972421620361 3.450000000000006
endloop
endfacet
facet normal 0.3420213925209619 -0.9396921661150647 0
outer loop
vertex 134.30532515503006 -112.7610749209599 -1.5999999999999943
vertex 134.58378277602193 -112.65972421620361 3.450000000000006
vertex 134.30532515503 -112.76107492095991 3.450000000000006
endloop
endfacet
facet normal 0.17365005155826937 -0.9848074225927679 0
outer loop
vertex 134.0134985953127 -112.81253238967756 -1.5999999999999943
vertex 134.30532515503006 -112.7610749209599 -1.5999999999999943
vertex 134.30532515503 -112.76107492095991 3.450000000000006
endloop
endfacet
facet normal 0.17365005155826937 -0.9848074225927679 0
outer loop
vertex 134.0134985953127 -112.81253238967756 -1.5999999999999943
vertex 134.30532515503 -112.76107492095991 3.450000000000006
vertex 134.01349859531274 -112.81253312345603 3.450000000000006
endloop
endfacet
facet normal 0.000002476232765502573 -0.9999999999969341 0
outer loop
vertex 133.7171700410988 -112.81253238967756 -1.5999999999999943
vertex 134.0134985953127 -112.81253238967756 -1.5999999999999943
vertex 134.01349859531274 -112.81253312345603 3.450000000000006
endloop
endfacet
facet normal 0.000002476232765502573 -0.9999999999969341 0
outer loop
vertex 133.7171700410988 -112.81253238967756 -1.5999999999999943
vertex 134.01349859531274 -112.81253312345603 3.450000000000006
vertex 133.7171700410988 -112.81253312345603 3.450000000000006
endloop
endfacet
facet normal -0.17364517433134113 -0.9848082825765827 0
outer loop
vertex 133.4253432265436 -112.76107709999994 -1.5999999999999943
vertex 133.7171700410988 -112.81253238967756 -1.5999999999999943
vertex 133.7171700410988 -112.81253312345603 3.450000000000006
endloop
endfacet
facet normal -0.17364517433134113 -0.9848082825765827 0
outer loop
vertex 133.4253432265436 -112.76107709999994 -1.5999999999999943
vertex 133.7171700410988 -112.81253312345603 3.450000000000006
vertex 133.42534322654402 -112.76107710000002 3.450000000000006
endloop
endfacet
facet normal 0.2588186533673994 0.9659259312540927 9.039385262884016e-15
outer loop
vertex 133.735917726543 -111.60195569999973 5.786443657630443e-15
vertex 116.56985717654165 -107.00233109999937 3.684207546977562e-15
vertex 116.5698571765436 -107.00233109999992 3.4500000000000037
endloop
endfacet
facet normal 0.2588186533673994 0.9659259312540927 9.039385262884016e-15
outer loop
vertex 133.735917726543 -111.60195569999973 5.786443657630443e-15
vertex 116.5698571765436 -107.00233109999992 3.4500000000000037
vertex 120.94807695187924 -108.17546964999998 3.4500000000000046
endloop
endfacet
facet normal 0.2588186533673994 0.9659259312540927 9.039385262884016e-15
outer loop
vertex 133.735917726543 -111.60195569999973 5.786443657630443e-15
vertex 120.94807695187924 -108.17546964999998 3.4500000000000046
vertex 120.95182638330844 -108.17647430549374 3.4500000000000046
endloop
endfacet
facet normal 0.2588186533673994 0.9659259312540927 9.039385262884016e-15
outer loop
vertex 133.735917726543 -111.60195569999973 5.786443657630443e-15
vertex 120.95182638330844 -108.17647430549374 3.4500000000000046
vertex 120.99334275214422 -108.18759856494998 3.4500000000000046
endloop
endfacet
facet normal 0.2588186533673994 0.9659259312540927 9.039385262884016e-15
outer loop
vertex 133.735917726543 -111.60195569999973 5.786443657630443e-15
vertex 120.99334275214422 -108.18759856494998 3.4500000000000046
vertex 121.0722038568816 -108.20872929999992 3.4500000000000046
endloop
endfacet
facet normal 0.2588186533673994 0.9659259312540927 9.039385262884016e-15
outer loop
vertex 133.735917726543 -111.60195569999973 5.786443657630443e-15
vertex 121.0722038568816 -108.20872929999992 3.4500000000000046
vertex 133.73591772654385 -111.60195569999998 3.450000000000006
endloop
endfacet
facet normal 0.20987430006934463 0.9777283764780497 0
outer loop
vertex 116.56985717654165 -107.00233109999937 3.684207546977562e-15
vertex 116.47141253981232 -106.98119946495 3.672151556051183e-15
vertex 116.47141253981144 -106.98119946494994 3.4500000000000037
endloop
endfacet
facet normal 0.20987430006934463 0.9777283764780497 0
outer loop
vertex 116.56985717654165 -107.00233109999937 3.684207546977562e-15
vertex 116.47141253981144 -106.98119946494994 3.4500000000000037
vertex 116.5698571765436 -107.00233109999992 3.4500000000000037
endloop
endfacet
facet normal 0.11048256799085714 0.9938780620227743 0
outer loop
vertex 116.47141253981232 -106.98119946495 3.672151556051183e-15
vertex 116.37134102961195 -106.9700752054939 3.659896330585912e-15
vertex 116.37134102961028 -106.97007520549376 3.4500000000000037
endloop
endfacet
facet normal 0.11048256799085714 0.9938780620227743 0
outer loop
vertex 116.47141253981232 -106.98119946495 3.672151556051183e-15
vertex 116.37134102961028 -106.97007520549376 3.4500000000000037
vertex 116.47141253981144 -106.98119946494994 3.4500000000000037
endloop
endfacet
facet normal 0.00997791532401493 0.9999502193638377 0
outer loop
vertex 116.37134102961195 -106.9700752054939 3.659896330585912e-15
vertex 116.27065812654163 -106.9690705500001 3.647566231088517e-15
vertex 116.27065812654368 -106.96907055 3.4500000000000037
endloop
endfacet
facet normal 0.00997791532401493 0.9999502193638377 0
outer loop
vertex 116.37134102961195 -106.9700752054939 3.659896330585912e-15
vertex 116.27065812654368 -106.96907055 3.4500000000000037
vertex 116.37134102961028 -106.97007520549376 3.4500000000000037
endloop
endfacet
facet normal -0.0738327460865093 0.9972706380944569 0
outer loop
vertex 74.00785137653085 -108.67683580000144 -1.5281348698498679e-15
vertex 73.94097399410866 -108.68178705456234 -1.536324987081737e-15
vertex 73.9409739941204 -108.68178705456101 3.449999999999999
endloop
endfacet
facet normal -0.0738327460865093 0.9972706380944569 0
outer loop
vertex 74.00785137653085 -108.67683580000144 -1.5281348698498679e-15
vertex 73.9409739941204 -108.68178705456101 3.449999999999999
vertex 74.00785137654431 -108.67683579999999 3.449999999999999
endloop
endfacet
facet normal -0.1405490222898037 0.9900737206558815 0
outer loop
vertex 73.94097399410866 -108.68178705456234 -1.536324987081737e-15
vertex 73.87457522654937 -108.6912128999989 -1.5444564908976187e-15
vertex 73.87457522654367 -108.69121290000005 3.449999999999999
endloop
endfacet
facet normal -0.1405490222898037 0.9900737206558815 0
outer loop
vertex 73.94097399410866 -108.68178705456234 -1.536324987081737e-15
vertex 73.87457522654367 -108.69121290000005 3.449999999999999
vertex 73.9409739941204 -108.68178705456101 3.449999999999999
endloop
endfacet
facet normal -0.1736481920226531 0.9848077504809066 6.144120026533169e-14
outer loop
vertex 73.87457522654937 -108.6912128999989 -1.5444564908976187e-15
vertex 56.27954227655913 -111.79369219999711 -3.699226569207395e-15
vertex 56.27954227654391 -111.79369220000001 3.4499999999999966
endloop
endfacet
facet normal -0.1736481920226531 0.9848077504809066 6.144120026533169e-14
outer loop
vertex 73.87457522654937 -108.6912128999989 -1.5444564908976187e-15
vertex 56.27954227654391 -111.79369220000001 3.4499999999999966
vertex 67.09303565009292 -109.8869813999999 3.449999999999998
endloop
endfacet
facet normal -0.1736481920226531 0.9848077504809066 6.144120026533169e-14
outer loop
vertex 73.87457522654937 -108.6912128999989 -1.5444564908976187e-15
vertex 67.09303565009292 -109.8869813999999 3.449999999999998
vertex 67.14649227140849 -109.87755555456097 3.449999999999998
endloop
endfacet
facet normal -0.1736481920226531 0.9848077504809066 6.144120026533169e-14
outer loop
vertex 73.87457522654937 -108.6912128999989 -1.5444564908976187e-15
vertex 67.14649227140849 -109.87755555456097 3.449999999999998
vertex 67.17458073591278 -109.87260280000001 3.449999999999998
endloop
endfacet
facet normal -0.1736481920226531 0.9848077504809066 6.144120026533169e-14
outer loop
vertex 73.87457522654937 -108.6912128999989 -1.5444564908976187e-15
vertex 67.17458073591278 -109.87260280000001 3.449999999999998
vertex 73.87457522654367 -108.69121290000005 3.449999999999999
endloop
endfacet
facet normal -0.30070542431721603 0.9537170690441704 0
outer loop
vertex 56.27954227655913 -111.79369219999711 -3.699226569207395e-15
vertex 56.093082376531996 -111.85248270000568 -3.7220613211811505e-15
vertex 56.09308237654396 -111.8524827 3.4499999999999966
endloop
endfacet
facet normal -0.30070542431721603 0.9537170690441704 0
outer loop
vertex 56.27954227655913 -111.79369219999711 -3.699226569207395e-15
vertex 56.09308237654396 -111.8524827 3.4499999999999966
vertex 56.27954227654391 -111.79369220000001 3.4499999999999966
endloop
endfacet
facet normal -0.3420037237252427 0.9396985968692664 0
outer loop
vertex 39.80924347654994 -119.44576149999733 -5.7162564398505694e-15
vertex 39.727342303402224 -119.47556946851756 -5.7262864408047455e-15
vertex 39.72734230340558 -119.47556946851684 3.4499999999999944
endloop
endfacet
facet normal -0.3420037237252427 0.9396985968692664 0
outer loop
vertex 39.80924347654994 -119.44576149999733 -5.7162564398505694e-15
vertex 39.72734230340558 -119.47556946851684 3.4499999999999944
vertex 39.80924347654397 -119.4457615 3.4499999999999944
endloop
endfacet
facet normal -0.17364881894661732 0.9848076399370818 0
outer loop
vertex 39.727342303402224 -119.47556946851756 -5.7262864408047455e-15
vertex 39.6415113513097 -119.49070383877984 -5.736797700879533e-15
vertex 39.64151135131067 -119.49070383877954 3.4499999999999944
endloop
endfacet
facet normal -0.17364881894661732 0.9848076399370818 0
outer loop
vertex 39.727342303402224 -119.47556946851756 -5.7262864408047455e-15
vertex 39.64151135131067 -119.49070383877954 3.4499999999999944
vertex 39.72734230340558 -119.47556946851684 3.4499999999999944
endloop
endfacet
facet normal -0.00000205623931037735 0.9999999999978859 0
outer loop
vertex 39.6415113513097 -119.49070383877984 -5.736797700879533e-15
vertex 39.55435630842007 -119.49070383877984 -5.747471115309967e-15
vertex 39.554356308423195 -119.49070383877954 3.4499999999999944
endloop
endfacet
facet normal -0.00000205623931037735 0.9999999999978859 0
outer loop
vertex 39.6415113513097 -119.49070383877984 -5.736797700879533e-15
vertex 39.554356308423195 -119.49070383877954 3.4499999999999944
vertex 39.64151135131067 -119.49070383877954 3.4499999999999944
endloop
endfacet
facet normal 0.173644768944996 0.9848083540557722 0
outer loop
vertex 39.55435630842007 -119.49070383877984 -5.747471115309967e-15
vertex 39.468525294090824 -119.47556946851756 -5.757982383006555e-15
vertex 39.46852529408929 -119.47556946851684 3.4499999999999944
endloop
endfacet
facet normal 0.173644768944996 0.9848083540557722 0
outer loop
vertex 39.55435630842007 -119.49070383877984 -5.747471115309967e-15
vertex 39.46852529408929 -119.47556946851684 3.4499999999999944
vertex 39.554356308423195 -119.49070383877954 3.4499999999999944
endloop
endfacet
facet normal 0.34201557042717856 0.9396942851722424 0
outer loop
vertex 39.468525294090824 -119.47556946851756 -5.757982383006555e-15
vertex 39.38662619836967 -119.44576149999733 -5.768012129549352e-15
vertex 39.38662619836404 -119.4457615 3.4499999999999944
endloop
endfacet
facet normal 0.34201557042717856 0.9396942851722424 0
outer loop
vertex 39.468525294090824 -119.47556946851756 -5.757982383006555e-15
vertex 39.38662619836404 -119.4457615 3.4499999999999944
vertex 39.46852529408929 -119.47556946851684 3.4499999999999944
endloop
endfacet
facet normal 0.49999456876434967 0.8660285394870957 0
outer loop
vertex 39.38662619836967 -119.44576149999733 -5.768012129549352e-15
vertex 39.311147443859284 -119.4021845709107 -5.77725561106083e-15
vertex 39.31114744386295 -119.40218457091346 3.4499999999999944
endloop
endfacet
facet normal 0.49999456876434967 0.8660285394870957 0
outer loop
vertex 39.38662619836967 -119.44576149999733 -5.768012129549352e-15
vertex 39.31114744386295 -119.40218457091346 3.4499999999999944
vertex 39.38662619836404 -119.4457615 3.4499999999999944
endloop
endfacet
facet normal 0.6427817291230437 0.7660493774591753 0
outer loop
vertex 39.311147443859284 -119.4021845709107 -5.77725561106083e-15
vertex 39.244382377517525 -119.34616290174559 -5.785431973539859e-15
vertex 39.244382377516445 -119.34616290174435 3.4499999999999944
endloop
endfacet
facet normal 0.6427817291230437 0.7660493774591753 0
outer loop
vertex 39.311147443859284 -119.4021845709107 -5.77725561106083e-15
vertex 39.244382377516445 -119.34616290174435 3.4499999999999944
vertex 39.31114744386295 -119.40218457091346 3.4499999999999944
endloop
endfacet
facet normal 0.7660386055650295 0.6427945665482754 0
outer loop
vertex 39.244382377517525 -119.34616290174559 -5.785431973539859e-15
vertex 39.18835958950342 -119.27939877422558 -5.792292786341938e-15
vertex 39.18835958950106 -119.27939877422284 3.4499999999999944
endloop
endfacet
facet normal 0.7660386055650295 0.6427945665482754 0
outer loop
vertex 39.244382377517525 -119.34616290174559 -5.785431973539859e-15
vertex 39.18835958950106 -119.27939877422284 3.4499999999999944
vertex 39.244382377516445 -119.34616290174435 3.4499999999999944
endloop
endfacet
facet normal 0.866020160417159 0.5000090816685618 0
outer loop
vertex 39.18835958950342 -119.27939877422558 -5.792292786341938e-15
vertex 39.144781276543426 -119.20392074999775 -5.797629590489807e-15
vertex 39.144781276543966 -119.20392075 3.4499999999999944
endloop
endfacet
facet normal 0.866020160417159 0.5000090816685618 0
outer loop
vertex 39.18835958950342 -119.27939877422558 -5.792292786341938e-15
vertex 39.144781276543966 -119.20392075 3.4499999999999944
vertex 39.18835958950106 -119.27939877422284 3.4499999999999944
endloop
endfacet
facet normal -4.9343245538895844e-17 3.700743415417188e-17 1
outer loop
vertex 39.144781276543426 -119.20392074999775 -5.797629590489807e-15
vertex 35.716749932542456 -111.85248270000568 -6.217442351770567e-15
vertex 35.689335476297515 -111.79369219999711 -6.2207996543796395e-15
endloop
endfacet
facet normal -4.9343245538895844e-17 3.700743415417188e-17 1
outer loop
vertex 39.144781276543426 -119.20392074999775 -5.797629590489807e-15
vertex 35.689335476297515 -111.79369219999711 -6.2207996543796395e-15
vertex 34.24262583769567 -108.6912128999989 -6.397970487200577e-15
endloop
endfacet
facet normal -4.9343245538895844e-17 3.700743415417188e-17 1
outer loop
vertex 39.144781276543426 -119.20392074999775 -5.797629590489807e-15
vertex 34.24262583769567 -108.6912128999989 -6.397970487200577e-15
vertex 34.23823049444712 -108.68178705456234 -6.398508761504625e-15
endloop
endfacet
facet normal -4.9343245538895844e-17 3.700743415417188e-17 1
outer loop
vertex 39.144781276543426 -119.20392074999775 -5.797629590489807e-15
vertex 34.23823049444712 -108.68178705456234 -6.398508761504625e-15
vertex 34.235921686876196 -108.67683580000144 -6.398791508884784e-15
endloop
endfacet
facet normal -4.9343245538895844e-17 3.700743415417188e-17 1
outer loop
vertex 39.144781276543426 -119.20392074999775 -5.797629590489807e-15
vertex 34.235921686876196 -108.67683580000144 -6.398791508884784e-15
vertex 33.43957779260825 -106.9690705500001 -6.496315508998362e-15
endloop
endfacet
facet normal -4.9343245538895844e-17 3.700743415417188e-17 1
outer loop
vertex 39.144781276543426 -119.20392074999775 -5.797629590489807e-15
vertex 33.43957779260825 -106.9690705500001 -6.496315508998362e-15
vertex 31.960498876544136 -103.79717509999992 -6.677450435022787e-15
endloop
endfacet
facet normal -4.9343245538895844e-17 3.700743415417188e-17 1
outer loop
vertex 39.144781276543426 -119.20392074999775 -5.797629590489807e-15
vertex 31.960498876544136 -103.79717509999992 -6.677450435022787e-15
vertex 31.960498876544136 -103.79717509999992 3.4499999999999935
endloop
endfacet
facet normal -4.9343245538895844e-17 3.700743415417188e-17 1
outer loop
vertex 39.144781276543426 -119.20392074999775 -5.797629590489807e-15
vertex 31.960498876544136 -103.79717509999992 3.4499999999999935
vertex 32.19708101044992 -104.3045271999708 3.4499999999999935
endloop
endfacet
facet normal -4.9343245538895844e-17 3.700743415417188e-17 1
outer loop
vertex 39.144781276543426 -119.20392074999775 -5.797629590489807e-15
vertex 32.19708101044992 -104.3045271999708 3.4499999999999935
vertex 39.144781276543966 -119.20392075 3.4499999999999944
endloop
endfacet
facet normal 0.907153731708009 0.42079936673934526 0
outer loop
vertex 31.960498876544136 -103.79717509999992 -6.677450435022787e-15
vertex 31.96025413072283 -103.79664748018314 -6.677480407741454e-15
vertex 31.96025413072283 -103.79664748018314 3.4499999999999953
endloop
endfacet
facet normal 0.907153731708009 0.42079936673934526 0
outer loop
vertex 31.960498876544136 -103.79717509999992 -6.677450435022787e-15
vertex 31.96025413072283 -103.79664748018314 3.4499999999999953
vertex 31.960498876544136 -103.79717509999992 3.4499999999999935
endloop
endfacet
facet normal 0.9108341416706844 0.41277253586815554 0
outer loop
vertex 31.96025413072283 -103.79664748018314 -6.677480407741454e-15
vertex 31.960013976543735 -103.79611755000009 -6.677509818146127e-15
vertex 31.960013976543735 -103.79611755000009 3.4499999999999935
endloop
endfacet
facet normal 0.9108341416706844 0.41277253586815554 0
outer loop
vertex 31.96025413072283 -103.79664748018314 -6.677480407741454e-15
vertex 31.960013976543735 -103.79611755000009 3.4499999999999935
vertex 31.96025413072283 -103.79664748018314 3.4499999999999953
endloop
endfacet
facet normal -1.2223708450371745e-16 1.0641736677746345e-19 1
outer loop
vertex 31.960013976543735 -103.79611755000009 -6.677509818146127e-15
vertex 31.957285212843715 -103.79028337491447 -6.677843995319213e-15
vertex 26.13020201219331 -91.33181229999983 -7.391455874323397e-15
endloop
endfacet
facet normal -1.2223708450371745e-16 1.0641736677746345e-19 1
outer loop
vertex 31.960013976543735 -103.79611755000009 -6.677509818146127e-15
vertex 26.13020201219331 -91.33181229999983 -7.391455874323397e-15
vertex 26.103240653349133 -91.27416814120991 -7.394757688504314e-15
endloop
endfacet
facet normal -1.2223708450371745e-16 1.0641736677746345e-19 1
outer loop
vertex 31.960013976543735 -103.79611755000009 -6.677509818146127e-15
vertex 26.103240653349133 -91.27416814120991 -7.394757688504314e-15
vertex 26.02339268671645 -91.1034508975342 -7.40453624417983e-15
endloop
endfacet
facet normal -1.2223708450371745e-16 1.0641736677746345e-19 1
outer loop
vertex 31.960013976543735 -103.79611755000009 -6.677509818146127e-15
vertex 26.02339268671645 -91.1034508975342 -7.40453624417983e-15
vertex 25.89372662487358 -90.82622113690758 -7.42041575693922e-15
endloop
endfacet
facet normal -1.2223708450371745e-16 1.0641736677746345e-19 1
outer loop
vertex 31.960013976543735 -103.79611755000009 -6.677509818146127e-15
vertex 25.89372662487358 -90.82622113690758 -7.42041575693922e-15
vertex 25.719225461860304 -90.45313264356034 -7.44178598601239e-15
endloop
endfacet
facet normal -1.2223708450371745e-16 1.0641736677746345e-19 1
outer loop
vertex 31.960013976543735 -103.79611755000009 -6.677509818146127e-15
vertex 25.719225461860304 -90.45313264356034 -7.44178598601239e-15
vertex 25.507587776543147 -90.00064519999827 -7.46770412740265e-15
endloop
endfacet
facet normal -1.2223708450371745e-16 1.0641736677746345e-19 1
outer loop
vertex 31.960013976543735 -103.79611755000009 -6.677509818146127e-15
vertex 25.507587776543147 -90.00064519999827 -7.46770412740265e-15
vertex 25.50758777654366 -90.00064519999934 3.4499999999999926
endloop
endfacet
facet normal -1.2223708450371745e-16 1.0641736677746345e-19 1
outer loop
vertex 31.960013976543735 -103.79611755000009 -6.677509818146127e-15
vertex 25.50758777654366 -90.00064519999934 3.4499999999999926
vertex 31.957285212789458 -103.79028337479858 3.4499999999999935
endloop
endfacet
facet normal -1.2223708450371745e-16 1.0641736677746345e-19 1
outer loop
vertex 31.960013976543735 -103.79611755000009 -6.677509818146127e-15
vertex 31.957285212789458 -103.79028337479858 3.4499999999999935
vertex 31.960013976543735 -103.79611755000009 3.4499999999999935
endloop
endfacet
facet normal -7.789606773044461e-17 1.794560571620865e-17 1
outer loop
vertex 25.507587776543147 -90.00064519999827 -7.46770412740265e-15
vertex 25.506733280647694 -89.998522999056 -7.467808772968976e-15
vertex 25.466756783869982 -89.8992385442319 -7.472704481850971e-15
endloop
endfacet
facet normal -7.789606773044461e-17 1.794560571620865e-17 1
outer loop
vertex 25.507587776543147 -90.00064519999827 -7.46770412740265e-15
vertex 25.466756783869982 -89.8992385442319 -7.472704481850971e-15
vertex 25.466756783869926 -89.89923854423158 3.4499999999999926
endloop
endfacet
facet normal -7.789606773044461e-17 1.794560571620865e-17 1
outer loop
vertex 25.507587776543147 -90.00064519999827 -7.46770412740265e-15
vertex 25.466756783869926 -89.89923854423158 3.4499999999999926
vertex 25.50758777654366 -90.00064519999934 3.4499999999999926
endloop
endfacet
facet normal 0.962850552296522 0.2700348383862395 0
outer loop
vertex 25.466756783869982 -89.8992385442319 -7.472704481850971e-15
vertex 25.437237633597817 -89.79398349524371 -7.476319535140407e-15
vertex 25.4372376335983 -89.79398349524523 3.4499999999999926
endloop
endfacet
facet normal 0.962850552296522 0.2700348383862395 0
outer loop
vertex 25.466756783869982 -89.8992385442319 -7.472704481850971e-15
vertex 25.4372376335983 -89.79398349524523 3.4499999999999926
vertex 25.466756783869926 -89.89923854423158 3.4499999999999926
endloop
endfacet
facet normal 0.9865725406031602 0.16332367289473382 0
outer loop
vertex 25.437237633597817 -89.79398349524371 -7.476319535140407e-15
vertex 25.419383729739025 -89.6861352514621 -7.478506007761703e-15
vertex 25.41938372973945 -89.68613525146333 3.4499999999999926
endloop
endfacet
facet normal 0.9865725406031602 0.16332367289473382 0
outer loop
vertex 25.437237633597817 -89.79398349524371 -7.476319535140407e-15
vertex 25.41938372973945 -89.68613525146333 3.4499999999999926
vertex 25.4372376335983 -89.79398349524523 3.4499999999999926
endloop
endfacet
facet normal 0.9985049815546102 0.0546607886023196 0
outer loop
vertex 25.419383729739025 -89.6861352514621 -7.478506007761703e-15
vertex 25.413408426543867 -89.57698260000508 -7.47923777135489e-15
vertex 25.413408426543924 -89.57698384999956 3.4499999999999926
endloop
endfacet
facet normal 0.9985049815546102 0.0546607886023196 0
outer loop
vertex 25.419383729739025 -89.6861352514621 -7.478506007761703e-15
vertex 25.413408426543924 -89.57698384999956 3.4499999999999926
vertex 25.41938372973945 -89.68613525146333 3.4499999999999926
endloop
endfacet
facet normal -1.5678427246564314e-16 3.0029856555986072e-18 1
outer loop
vertex 25.4134049765444 -56.70627940000006 -7.479238193857972e-15
vertex 25.413407068291036 -56.706255494494044 -7.479237937692888e-15
vertex 25.428599273532456 -56.532631522330554 -7.477377429140798e-15
endloop
endfacet
facet normal -1.5678427246564314e-16 3.0029856555986072e-18 1
outer loop
vertex 25.4134049765444 -56.70627940000006 -7.479238193857972e-15
vertex 25.428599273532456 -56.532631522330554 -7.477377429140798e-15
vertex 25.428599273531717 -56.53263152233316 3.4499999999999926
endloop
endfacet
facet normal -1.5678427246564314e-16 3.0029856555986072e-18 1
outer loop
vertex 25.4134049765444 -56.70627940000006 -7.479238193857972e-15
vertex 25.428599273531717 -56.53263152233316 3.4499999999999926
vertex 25.413404976543916 -56.7062793999997 3.4499999999999926
endloop
endfacet
facet normal 0.9659258262890629 -0.2588190451025413 0
outer loop
vertex 25.428599273532456 -56.532631522330554 -7.477377429140798e-15
vertex 25.47371440575779 -56.36425955667546 -7.471852418913513e-15
vertex 25.473714405758017 -56.36425955667443 3.4499999999999926
endloop
endfacet
facet normal 0.9659258262890629 -0.2588190451025413 0
outer loop
vertex 25.428599273532456 -56.532631522330554 -7.477377429140798e-15
vertex 25.473714405758017 -56.36425955667443 3.4499999999999926
vertex 25.428599273531717 -56.53263152233316 3.4499999999999926
endloop
endfacet
facet normal 0.9063077870366818 -0.4226182617406312 0
outer loop
vertex 25.47371440575779 -56.36425955667546 -7.471852418913513e-15
vertex 25.54738162276118 -56.206279699996955 -7.462830786762984e-15
vertex 25.547381622759588 -56.20627969999988 3.4499999999999926
endloop
endfacet
facet normal 0.9063077870366818 -0.4226182617406312 0
outer loop
vertex 25.47371440575779 -56.36425955667546 -7.471852418913513e-15
vertex 25.547381622759588 -56.20627969999988 3.4499999999999926
vertex 25.473714405758017 -56.36425955667443 3.4499999999999926
endloop
endfacet
facet normal 0.8191520442889472 -0.57357643635111 0
outer loop
vertex 25.54738162276118 -56.206279699996955 -7.462830786762984e-15
vertex 25.647362583418555 -56.06349209032198 -7.45058665041851e-15
vertex 25.647362583425036 -56.0634920903134 3.4499999999999926
endloop
endfacet
facet normal 0.8191520442889472 -0.57357643635111 0
outer loop
vertex 25.54738162276118 -56.206279699996955 -7.462830786762984e-15
vertex 25.647362583425036 -56.0634920903134 3.4499999999999926
vertex 25.547381622759588 -56.20627969999988 3.4499999999999926
endloop
endfacet
facet normal 0.7071067811865689 -0.7071067811865263 0
outer loop
vertex 25.647362583418555 -56.06349209032198 -7.45058665041851e-15
vertex 25.770619416867703 -55.94023525687283 -7.435492041762857e-15
vertex 25.770619416857443 -55.940235256881 3.4499999999999926
endloop
endfacet
facet normal 0.7071067811865689 -0.7071067811865263 0
outer loop
vertex 25.647362583418555 -56.06349209032198 -7.45058665041851e-15
vertex 25.770619416857443 -55.940235256881 3.4499999999999926
vertex 25.647362583425036 -56.0634920903134 3.4499999999999926
endloop
endfacet
facet normal 0.573576436351047 -0.8191520442889912 0
outer loop
vertex 25.770619416867703 -55.94023525687283 -7.435492041762857e-15
vertex 25.913407026546935 -55.840254296212485 -7.418005602847699e-15
vertex 25.913407026544007 -55.84025429621553 3.4499999999999926
endloop
endfacet
facet normal 0.573576436351047 -0.8191520442889912 0
outer loop
vertex 25.770619416867703 -55.94023525687283 -7.435492041762857e-15
vertex 25.913407026544007 -55.84025429621553 3.4499999999999926
vertex 25.770619416857443 -55.940235256881 3.4499999999999926
endloop
endfacet
facet normal 0.42261826174066586 -0.9063077870366657 0
outer loop
vertex 25.913407026546935 -55.840254296212485 -7.418005602847699e-15
vertex 26.071386883212 -55.766587079215334 -7.398658650268235e-15
vertex 26.071386883218253 -55.766587079214105 3.4499999999999926
endloop
endfacet
facet normal 0.42261826174066586 -0.9063077870366657 0
outer loop
vertex 25.913407026546935 -55.840254296212485 -7.418005602847699e-15
vertex 26.071386883218253 -55.766587079214105 3.4499999999999926
vertex 25.913407026544007 -55.84025429621553 3.4499999999999926
endloop
endfacet
facet normal 0.2588190451025271 -0.9659258262890666 0
outer loop
vertex 26.071386883212 -55.766587079215334 -7.398658650268235e-15
vertex 26.239758848876733 -55.72147194698743 -7.37803903138649e-15
vertex 26.239758848877074 -55.72147194698778 3.4499999999999926
endloop
endfacet
facet normal 0.2588190451025271 -0.9659258262890666 0
outer loop
vertex 26.071386883212 -55.766587079215334 -7.398658650268235e-15
vertex 26.239758848877074 -55.72147194698778 3.4499999999999926
vertex 26.071386883218253 -55.766587079214105 3.4499999999999926
endloop
endfacet
facet normal 0.08715574274766881 -0.9961946980917447 0
outer loop
vertex 26.239758848876733 -55.72147194698743 -7.37803903138649e-15
vertex 26.413407026542615 -55.706279399999765 -7.35677326289086e-15
vertex 26.413407026543922 -55.70627817772181 3.4499999999999926
endloop
endfacet
facet normal 0.08715574274766881 -0.9961946980917447 0
outer loop
vertex 26.239758848876733 -55.72147194698743 -7.37803903138649e-15
vertex 26.413407026543922 -55.70627817772181 3.4499999999999926
vertex 26.239758848877074 -55.72147194698778 3.4499999999999926
endloop
endfacet
facet normal 1.5279383092092758e-8 -1 0
outer loop
vertex 26.413407026542615 -55.706279399999765 -7.35677326289086e-15
vertex 46.04770497654623 -55.706279399999765 -4.952265249093124e-15
vertex 46.04770497654394 -55.70627817772181 3.4499999999999953
endloop
endfacet
facet normal 1.5279383092092758e-8 -1 0
outer loop
vertex 26.413407026542615 -55.706279399999765 -7.35677326289086e-15
vertex 46.04770497654394 -55.70627817772181 3.4499999999999953
vertex 26.413407026543922 -55.70627817772181 3.4499999999999926
endloop
endfacet
facet normal 0.08715301369574037 -0.9961949368490839 0
outer loop
vertex 46.04770497654623 -55.706279399999765 -4.952265249093124e-15
vertex 46.22135520421092 -55.69108745301216 -4.9309992295450466e-15
vertex 46.22135520421088 -55.6910874530122 3.4499999999999953
endloop
endfacet
facet normal 0.08715301369574037 -0.9961949368490839 0
outer loop
vertex 46.04770497654623 -55.706279399999765 -4.952265249093124e-15
vertex 46.22135520421088 -55.6910874530122 3.4499999999999953
vertex 46.04770497654394 -55.70627817772181 3.4499999999999953
endloop
endfacet
facet normal 0.2588190451025271 -0.9659258262890666 0
outer loop
vertex 46.22135520421092 -55.69108745301216 -4.9309992295450466e-15
vertex 46.38972716987553 -55.64597232078429 -4.910379610663315e-15
vertex 46.389727169869616 -55.6459723207859 3.4499999999999953
endloop
endfacet
facet normal 0.2588190451025271 -0.9659258262890666 0
outer loop
vertex 46.22135520421092 -55.69108745301216 -4.9309992295450466e-15
vertex 46.389727169869616 -55.6459723207859 3.4499999999999953
vertex 46.22135520421088 -55.6910874530122 3.4499999999999953
endloop
endfacet
facet normal 0.42261826174068745 -0.9063077870366557 0
outer loop
vertex 46.38972716987553 -55.64597232078429 -4.910379610663315e-15
vertex 46.5477070265388 -55.57230510378798 -4.891032658084072e-15
vertex 46.54770702654396 -55.57230510378443 3.4499999999999953
endloop
endfacet
facet normal 0.42261826174068745 -0.9063077870366557 0
outer loop
vertex 46.38972716987553 -55.64597232078429 -4.910379610663315e-15
vertex 46.54770702654396 -55.57230510378443 3.4499999999999953
vertex 46.389727169869616 -55.6459723207859 3.4499999999999953
endloop
endfacet
facet normal 0.5735764363510633 -0.8191520442889798 0
outer loop
vertex 46.5477070265388 -55.57230510378798 -4.891032658084072e-15
vertex 46.69049463623762 -55.47232414311393 -4.873546219166517e-15
vertex 46.6904946362305 -55.47232414311897 3.4499999999999953
endloop
endfacet
facet normal 0.5735764363510633 -0.8191520442889798 0
outer loop
vertex 46.5477070265388 -55.57230510378798 -4.891032658084072e-15
vertex 46.6904946362305 -55.47232414311897 3.4499999999999953
vertex 46.54770702654396 -55.57230510378443 3.4499999999999953
endloop
endfacet
facet normal 0.7071067811865723 -0.7071067811865226 0
outer loop
vertex 46.69049463623762 -55.47232414311393 -4.873546219166517e-15
vertex 46.81375146965857 -55.34906730969296 -4.858451610514316e-15
vertex 46.813751469662876 -55.34906730968658 3.4499999999999953
endloop
endfacet
facet normal 0.7071067811865723 -0.7071067811865226 0
outer loop
vertex 46.69049463623762 -55.47232414311393 -4.873546219166517e-15
vertex 46.813751469662876 -55.34906730968658 3.4499999999999953
vertex 46.6904946362305 -55.47232414311897 3.4499999999999953
endloop
endfacet
facet normal 0.8191520442889798 -0.5735764363510633 0
outer loop
vertex 46.81375146965857 -55.34906730969296 -4.858451610514316e-15
vertex 46.91373243032882 -55.20627969999959 -4.846207474168265e-15
vertex 46.91373243032838 -55.20627969999999 3.4499999999999953
endloop
endfacet
facet normal 0.8191520442889798 -0.5735764363510633 0
outer loop
vertex 46.81375146965857 -55.34906730969296 -4.858451610514316e-15
vertex 46.91373243032838 -55.20627969999999 3.4499999999999953
vertex 46.813751469662876 -55.34906730968658 3.4499999999999953
endloop
endfacet
facet normal 0.9063077870366456 -0.42261826174070904 0
outer loop
vertex 46.91373243032882 -55.20627969999959 -4.846207474168265e-15
vertex 46.9873996473294 -55.04829984332718 -4.8371858420180805e-15
vertex 46.98739964732984 -55.04829984332568 3.4499999999999953
endloop
endfacet
facet normal 0.9063077870366456 -0.42261826174070904 0
outer loop
vertex 46.91373243032882 -55.20627969999959 -4.846207474168265e-15
vertex 46.98739964732984 -55.04829984332568 3.4499999999999953
vertex 46.91373243032838 -55.20627969999999 3.4499999999999953
endloop
endfacet
facet normal 1.2246469631738106e-16 -4.3881127835038355e-24 -1
outer loop
vertex 46.9873996473294 -55.04829984332718 -4.8371858420180805e-15
vertex 47.02176734229238 -54.920037799999996 -4.832977013255032e-15
vertex 47.03251477955635 -54.87992787766601 -4.831660831790596e-15
endloop
endfacet
facet normal 1.2246469631738106e-16 -4.3881127835038355e-24 -1
outer loop
vertex 46.9873996473294 -55.04829984332718 -4.8371858420180805e-15
vertex 47.03251477955635 -54.87992787766601 -4.831660831790596e-15
vertex 47.03251477955615 -54.87992787766689 3.4499999999999953
endloop
endfacet
facet normal 1.2246469631738106e-16 -4.3881127835038355e-24 -1
outer loop
vertex 46.9873996473294 -55.04829984332718 -4.8371858420180805e-15
vertex 47.03251477955615 -54.87992787766689 3.4499999999999953
vertex 46.98739964732984 -55.04829984332568 3.4499999999999953
endloop
endfacet
facet normal 0.9961946980917447 -0.08715574274766881 0
outer loop
vertex 47.03251477955635 -54.87992787766601 -4.831660831790596e-15
vertex 47.04770702654349 -54.706279225350286 -4.82980031812613e-15
vertex 47.04770702654395 -54.70627969999992 3.4499999999999953
endloop
endfacet
facet normal 0.9961946980917447 -0.08715574274766881 0
outer loop
vertex 47.03251477955635 -54.87992787766601 -4.831660831790596e-15
vertex 47.04770702654395 -54.70627969999992 3.4499999999999953
vertex 47.03251477955615 -54.87992787766689 3.4499999999999953
endloop
endfacet
facet normal -1.469551179434103e-16 -2.9532586109900937e-24 1
outer loop
vertex 47.04770702654349 -54.706279225350286 -4.82980031812613e-15
vertex 47.04770686579943 -53.37327950000014 -4.8298003378116e-15
vertex 47.047706858848215 -53.315635341210346 -4.829800338662878e-15
endloop
endfacet
facet normal -1.469551179434103e-16 -2.9532586109900937e-24 1
outer loop
vertex 47.04770702654349 -54.706279225350286 -4.82980031812613e-15
vertex 47.047706858848215 -53.315635341210346 -4.829800338662878e-15
vertex 47.04770683826172 -53.14491809753272 -4.829800341183997e-15
endloop
endfacet
facet normal -1.469551179434103e-16 -2.9532586109900937e-24 1
outer loop
vertex 47.04770702654349 -54.706279225350286 -4.82980031812613e-15
vertex 47.04770683826172 -53.14491809753272 -4.829800341183997e-15
vertex 47.04770680483108 -52.86768833690863 -4.829800345278069e-15
endloop
endfacet
facet normal -1.469551179434103e-16 -2.9532586109900937e-24 1
outer loop
vertex 47.04770702654349 -54.706279225350286 -4.82980031812613e-15
vertex 47.04770680483108 -52.86768833690863 -4.829800345278069e-15
vertex 47.04770675984099 -52.49459984356194 -4.8298003507877664e-15
endloop
endfacet
facet normal -1.469551179434103e-16 -2.9532586109900937e-24 1
outer loop
vertex 47.04770702654349 -54.706279225350286 -4.82980031812613e-15
vertex 47.04770675984099 -52.49459984356194 -4.8298003507877664e-15
vertex 47.04770670502043 -52.03999019905772 -4.829800357501349e-15
endloop
endfacet
facet normal -1.469551179434103e-16 -2.9532586109900937e-24 1
outer loop
vertex 47.04770702654349 -54.706279225350286 -4.82980031812613e-15
vertex 47.04770670502043 -52.03999019905772 -4.829800357501349e-15
vertex 47.047706642476086 -51.521329797092925 -4.8298003651608216e-15
endloop
endfacet
facet normal -1.469551179434103e-16 -2.9532586109900937e-24 1
outer loop
vertex 47.04770702654349 -54.706279225350286 -4.82980031812613e-15
vertex 47.047706642476086 -51.521329797092925 -4.8298003651608216e-15
vertex 47.047706574611524 -50.9585504660495 -4.829800373471833e-15
endloop
endfacet
facet normal -1.469551179434103e-16 -2.9532586109900937e-24 1
outer loop
vertex 47.04770702654349 -54.706279225350286 -4.82980031812613e-15
vertex 47.047706574611524 -50.9585504660495 -4.829800373471833e-15
vertex 47.047706504034736 -50.37327950000274 -4.829800382114997e-15
endloop
endfacet
facet normal -1.469551179434103e-16 -2.9532586109900937e-24 1
outer loop
vertex 47.04770702654349 -54.706279225350286 -4.82980031812613e-15
vertex 47.047706504034736 -50.37327950000274 -4.829800382114997e-15
vertex 47.04770643345796 -49.78800853395363 -4.82980039075816e-15
endloop
endfacet
facet normal -1.469551179434103e-16 -2.9532586109900937e-24 1
outer loop
vertex 47.04770702654349 -54.706279225350286 -4.82980031812613e-15
vertex 47.04770643345796 -49.78800853395363 -4.82980039075816e-15
vertex 47.0477063655934 -49.22522920290672 -4.829800399069171e-15
endloop
endfacet
facet normal -1.469551179434103e-16 -2.9532586109900937e-24 1
outer loop
vertex 47.04770702654349 -54.706279225350286 -4.82980031812613e-15
vertex 47.0477063655934 -49.22522920290672 -4.829800399069171e-15
vertex 47.047706303049054 -48.706568800933766 -4.829800406728645e-15
endloop
endfacet
facet normal -1.469551179434103e-16 -2.9532586109900937e-24 1
outer loop
vertex 47.04770702654349 -54.706279225350286 -4.82980031812613e-15
vertex 47.047706303049054 -48.706568800933766 -4.829800406728645e-15
vertex 47.04770624822848 -48.25195915644389 -4.829800413442229e-15
endloop
endfacet
facet normal -1.469551179434103e-16 -2.9532586109900937e-24 1
outer loop
vertex 47.04770702654349 -54.706279225350286 -4.82980031812613e-15
vertex 47.04770624822848 -48.25195915644389 -4.829800413442229e-15
vertex 47.047706203238405 -47.87887066309642 -4.829800418951924e-15
endloop
endfacet
facet normal -1.469551179434103e-16 -2.9532586109900937e-24 1
outer loop
vertex 47.04770702654349 -54.706279225350286 -4.82980031812613e-15
vertex 47.047706203238405 -47.87887066309642 -4.829800418951924e-15
vertex 47.04770616980775 -47.6016409024648 -4.8298004230459975e-15
endloop
endfacet
facet normal -1.469551179434103e-16 -2.9532586109900937e-24 1
outer loop
vertex 47.04770702654349 -54.706279225350286 -4.82980031812613e-15
vertex 47.04770616980775 -47.6016409024648 -4.8298004230459975e-15
vertex 47.04770614922127 -47.43092365879103 -4.829800425567115e-15
endloop
endfacet
facet normal -1.469551179434103e-16 -2.9532586109900937e-24 1
outer loop
vertex 47.04770702654349 -54.706279225350286 -4.82980031812613e-15
vertex 47.04770614922127 -47.43092365879103 -4.829800425567115e-15
vertex 47.04770614227006 -47.373279500000116 -4.829800426418393e-15
endloop
endfacet
facet normal -1.469551179434103e-16 -2.9532586109900937e-24 1
outer loop
vertex 47.04770702654349 -54.706279225350286 -4.82980031812613e-15
vertex 47.04770614227006 -47.373279500000116 -4.829800426418393e-15
vertex 47.04770497654367 -37.70627940000043 -4.8298005691787015e-15
endloop
endfacet
facet normal -1.469551179434103e-16 -2.9532586109900937e-24 1
outer loop
vertex 47.04770702654349 -54.706279225350286 -4.82980031812613e-15
vertex 47.04770497654367 -37.70627940000043 -4.8298005691787015e-15
vertex 47.047704976543955 -37.70627940000011 3.4499999999999953
endloop
endfacet
facet normal -1.469551179434103e-16 -2.9532586109900937e-24 1
outer loop
vertex 47.04770702654349 -54.706279225350286 -4.82980031812613e-15
vertex 47.047704976543955 -37.70627940000011 3.4499999999999953
vertex 47.04770688183807 -53.50627970000018 3.4499999999999953
endloop
endfacet
facet normal -1.469551179434103e-16 -2.9532586109900937e-24 1
outer loop
vertex 47.04770702654349 -54.706279225350286 -4.82980031812613e-15
vertex 47.04770688183807 -53.50627970000018 3.4499999999999953
vertex 47.047706902778 -53.67992787766699 3.4499999999999953
endloop
endfacet
facet normal -1.469551179434103e-16 -2.9532586109900937e-24 1
outer loop
vertex 47.04770702654349 -54.706279225350286 -4.82980031812613e-15
vertex 47.047706902778 -53.67992787766699 3.4499999999999953
vertex 47.04770692308168 -53.84829984332562 3.4499999999999953
endloop
endfacet
facet normal -1.469551179434103e-16 -2.9532586109900937e-24 1
outer loop
vertex 47.04770702654349 -54.706279225350286 -4.82980031812613e-15
vertex 47.04770692308168 -53.84829984332562 3.4499999999999953
vertex 47.047706942132166 -54.006279700000015 3.4499999999999953
endloop
endfacet
facet normal -1.469551179434103e-16 -2.9532586109900937e-24 1
outer loop
vertex 47.04770702654349 -54.706279225350286 -4.82980031812613e-15
vertex 47.047706942132166 -54.006279700000015 3.4499999999999953
vertex 47.04770695935068 -54.14906730968653 3.4499999999999953
endloop
endfacet
facet normal -1.469551179434103e-16 -2.9532586109900937e-24 1
outer loop
vertex 47.04770702654349 -54.706279225350286 -4.82980031812613e-15
vertex 47.04770695935068 -54.14906730968653 3.4499999999999953
vertex 47.04770697421401 -54.272324143118965 3.4499999999999953
endloop
endfacet
facet normal -1.469551179434103e-16 -2.9532586109900937e-24 1
outer loop
vertex 47.04770702654349 -54.706279225350286 -4.82980031812613e-15
vertex 47.04770697421401 -54.272324143118965 3.4499999999999953
vertex 47.04770698627054 -54.37230510378443 3.4499999999999953
endloop
endfacet
facet normal -1.469551179434103e-16 -2.9532586109900937e-24 1
outer loop
vertex 47.04770702654349 -54.706279225350286 -4.82980031812613e-15
vertex 47.04770698627054 -54.37230510378443 3.4499999999999953
vertex 47.047706995153945 -54.4459723207859 3.4499999999999953
endloop
endfacet
facet normal -1.469551179434103e-16 -2.9532586109900937e-24 1
outer loop
vertex 47.04770702654349 -54.706279225350286 -4.82980031812613e-15
vertex 47.047706995153945 -54.4459723207859 3.4499999999999953
vertex 47.0477070005943 -54.49108745301219 3.4499999999999953
endloop
endfacet
facet normal -1.469551179434103e-16 -2.9532586109900937e-24 1
outer loop
vertex 47.04770702654349 -54.706279225350286 -4.82980031812613e-15
vertex 47.0477070005943 -54.49108745301219 3.4499999999999953
vertex 47.047707002426264 -54.5062794 3.4499999999999953
endloop
endfacet
facet normal -1.469551179434103e-16 -2.9532586109900937e-24 1
outer loop
vertex 47.04770702654349 -54.706279225350286 -4.82980031812613e-15
vertex 47.047707002426264 -54.5062794 3.4499999999999953
vertex 47.04770702654395 -54.70627969999992 3.4499999999999953
endloop
endfacet
facet normal 0.996192629462523 -0.08717938405692395 0
outer loop
vertex 47.04770497654367 -37.70627940000043 -4.8298005691787015e-15
vertex 47.055303150037346 -37.619455611169364 -4.828870061293862e-15
vertex 47.055303150037844 -37.61945561116653 3.4499999999999953
endloop
endfacet
facet normal 0.996192629462523 -0.08717938405692395 0
outer loop
vertex 47.04770497654367 -37.70627940000043 -4.8298005691787015e-15
vertex 47.055303150037844 -37.61945561116653 3.4499999999999953
vertex 47.047704976543955 -37.70627940000011 3.4499999999999953
endloop
endfacet
facet normal 0.9659258262890629 -0.2588190451025413 0
outer loop
vertex 47.055303150037346 -37.619455611169364 -4.828870061293862e-15
vertex 47.07786071615145 -37.53526962833644 -4.826107556180043e-15
vertex 47.077860716150994 -37.53526962833717 3.4499999999999953
endloop
endfacet
facet normal 0.9659258262890629 -0.2588190451025413 0
outer loop
vertex 47.055303150037346 -37.619455611169364 -4.828870061293862e-15
vertex 47.077860716150994 -37.53526962833717 3.4499999999999953
vertex 47.055303150037844 -37.61945561116653 3.4499999999999953
endloop
endfacet
facet normal 0.9063077870366785 -0.42261826174063843 0
outer loop
vertex 47.07786071615145 -37.53526962833644 -4.826107556180043e-15
vertex 47.11469432465276 -37.456279699998014 -4.821596740104825e-15
vertex 47.11469432465178 -37.45627969999988 3.4499999999999953
endloop
endfacet
facet normal 0.9063077870366785 -0.42261826174063843 0
outer loop
vertex 47.07786071615145 -37.53526962833644 -4.826107556180043e-15
vertex 47.11469432465178 -37.45627969999988 3.4499999999999953
vertex 47.077860716150994 -37.53526962833717 3.4499999999999953
endloop
endfacet
facet normal 0.8191520442889414 -0.5735764363511181 0
outer loop
vertex 47.11469432465276 -37.456279699998014 -4.821596740104825e-15
vertex 47.164684804981505 -37.384885895160444 -4.8154746719325815e-15
vertex 47.164684804984375 -37.38488589515682 3.4499999999999953
endloop
endfacet
facet normal 0.8191520442889414 -0.5735764363511181 0
outer loop
vertex 47.11469432465276 -37.456279699998014 -4.821596740104825e-15
vertex 47.164684804984375 -37.38488589515682 3.4499999999999953
vertex 47.11469432465178 -37.45627969999988 3.4499999999999953
endloop
endfacet
facet normal 0.7071067811865511 -0.707106781186544 0
outer loop
vertex 47.164684804981505 -37.384885895160444 -4.8154746719325815e-15
vertex 47.22631322170284 -37.3232574784391 -4.807927367605152e-15
vertex 47.22631322170068 -37.32325747844051 3.4499999999999953
endloop
endfacet
facet normal 0.7071067811865511 -0.707106781186544 0
outer loop
vertex 47.164684804981505 -37.384885895160444 -4.8154746719325815e-15
vertex 47.22631322170068 -37.32325747844051 3.4499999999999953
vertex 47.164684804984375 -37.38488589515682 3.4499999999999953
endloop
endfacet
facet normal 0.5735764363510633 -0.8191520442889798 0
outer loop
vertex 47.22631322170284 -37.3232574784391 -4.807927367605152e-15
vertex 47.297707026546504 -37.273266998106095 -4.799184148147077e-15
vertex 47.29770702654395 -37.273266998107786 3.4499999999999953
endloop
endfacet
facet normal 0.5735764363510633 -0.8191520442889798 0
outer loop
vertex 47.22631322170284 -37.3232574784391 -4.807927367605152e-15
vertex 47.29770702654395 -37.273266998107786 3.4499999999999953
vertex 47.22631322170068 -37.32325747844051 3.4499999999999953
endloop
endfacet
facet normal 0.42261826174070904 -0.9063077870366456 0
outer loop
vertex 47.297707026546504 -37.273266998106095 -4.799184148147077e-15
vertex 47.37669695487894 -37.23643338960757 -4.789510671857358e-15
vertex 47.37669695488118 -37.236433389607015 3.4499999999999953
endloop
endfacet
facet normal 0.42261826174070904 -0.9063077870366456 0
outer loop
vertex 47.297707026546504 -37.273266998106095 -4.799184148147077e-15
vertex 47.37669695488118 -37.236433389607015 3.4499999999999953
vertex 47.29770702654395 -37.273266998107786 3.4499999999999953
endloop
endfacet
facet normal 0.2588190451025271 -0.9659258262890666 0
outer loop
vertex 47.37669695487894 -37.23643338960757 -4.789510671857358e-15
vertex 47.46088293770633 -37.21387582349495 -4.779200862417094e-15
vertex 47.46088293771044 -37.21387582349389 3.4499999999999953
endloop
endfacet
facet normal 0.2588190451025271 -0.9659258262890666 0
outer loop
vertex 47.37669695487894 -37.23643338960757 -4.789510671857358e-15
vertex 47.46088293771044 -37.21387582349389 3.4499999999999953
vertex 47.37669695488118 -37.236433389607015 3.4499999999999953
endloop
endfacet
facet normal 0.08715574274766878 -0.9961946980917448 0
outer loop
vertex 47.46088293770633 -37.21387582349495 -4.779200862417094e-15
vertex 47.547707026548835 -37.206279641073685 -4.768567978168108e-15
vertex 47.54770762788925 -37.206279647389096 3.4499999999999953
endloop
endfacet
facet normal 0.08715574274766878 -0.9961946980917448 0
outer loop
vertex 47.46088293770633 -37.21387582349495 -4.779200862417094e-15
vertex 47.54770762788925 -37.206279647389096 3.4499999999999953
vertex 47.46088293771044 -37.21387582349389 3.4499999999999953
endloop
endfacet
facet normal 0.08715301369574037 -0.9961949368490839 0
outer loop
vertex 64.04770497654093 -37.206279641073685 -2.7479010106285373e-15
vertex 64.22135520421087 -37.19108745301217 -2.7266349910798174e-15
vertex 64.22135520421082 -37.191087453012216 3.4499999999999975
endloop
endfacet
facet normal 0.08715301369574037 -0.9961949368490839 0
outer loop
vertex 64.04770497654093 -37.206279641073685 -2.7479010106285373e-15
vertex 64.22135520421082 -37.191087453012216 3.4499999999999975
vertex 64.04770497654403 -37.206279647389096 3.4499999999999975
endloop
endfacet
facet normal 0.2588190451025271 -0.9659258262890666 0
outer loop
vertex 64.22135520421087 -37.19108745301217 -2.7266349910798174e-15
vertex 64.38972716987477 -37.14597232078449 -2.706015372198172e-15
vertex 64.38972716986964 -37.145972320785894 3.4499999999999975
endloop
endfacet
facet normal 0.2588190451025271 -0.9659258262890666 0
outer loop
vertex 64.22135520421087 -37.19108745301217 -2.7266349910798174e-15
vertex 64.38972716986964 -37.145972320785894 3.4499999999999975
vertex 64.22135520421082 -37.191087453012216 3.4499999999999975
endloop
endfacet
facet normal 0.4226182617406803 -0.906307787036659 0
outer loop
vertex 64.38972716987477 -37.14597232078449 -2.706015372198172e-15
vertex 64.547707026539 -37.072305103787734 -2.6866684196188116e-15
vertex 64.54770702654392 -37.07230510378446 3.4499999999999975
endloop
endfacet
facet normal 0.4226182617406803 -0.906307787036659 0
outer loop
vertex 64.38972716987477 -37.14597232078449 -2.706015372198172e-15
vertex 64.54770702654392 -37.07230510378446 3.4499999999999975
vertex 64.38972716986964 -37.145972320785894 3.4499999999999975
endloop
endfacet
facet normal 0.5735764363510599 -0.8191520442889821 0
outer loop
vertex 64.547707026539 -37.072305103787734 -2.6866684196188116e-15
vertex 64.69049463623169 -36.972324143117966 -2.6691819807020063e-15
vertex 64.69049463623045 -36.97232414311899 3.4499999999999975
endloop
endfacet
facet normal 0.5735764363510599 -0.8191520442889821 0
outer loop
vertex 64.547707026539 -37.072305103787734 -2.6866684196188116e-15
vertex 64.69049463623045 -36.97232414311899 3.4499999999999975
vertex 64.54770702654392 -37.07230510378446 3.4499999999999975
endloop
endfacet
facet normal 0.7071067811865583 -0.707106781186537 0
outer loop
vertex 64.69049463623169 -36.972324143117966 -2.6691819807020063e-15
vertex 64.81375146966295 -36.849067309686696 -2.6540873720485438e-15
vertex 64.81375146966295 -36.8490673096865 3.4499999999999975
endloop
endfacet
facet normal 0.7071067811865583 -0.707106781186537 0
outer loop
vertex 64.69049463623169 -36.972324143117966 -2.6691819807020063e-15
vertex 64.81375146966295 -36.8490673096865 3.4499999999999975
vertex 64.69049463623045 -36.97232414311899 3.4499999999999975
endloop
endfacet
facet normal 0.819152044288982 -0.5735764363510599 0
outer loop
vertex 64.81375146966295 -36.849067309686696 -2.6540873720485438e-15
vertex 64.91373243032685 -36.706279700002405 -2.6418432357032716e-15
vertex 64.91373243032841 -36.70627969999996 3.4499999999999975
endloop
endfacet
facet normal 0.819152044288982 -0.5735764363510599 0
outer loop
vertex 64.81375146966295 -36.849067309686696 -2.6540873720485438e-15
vertex 64.91373243032841 -36.70627969999996 3.4499999999999975
vertex 64.81375146966295 -36.8490673096865 3.4499999999999975
endloop
endfacet
facet normal 0.9063077870366456 -0.42261826174070904 0
outer loop
vertex 64.91373243032685 -36.706279700002405 -2.6418432357032716e-15
vertex 64.9873996473312 -36.548299843321864 -2.632821603552624e-15
vertex 64.98739964732985 -36.5482998433257 3.4499999999999975
endloop
endfacet
facet normal 0.9063077870366456 -0.42261826174070904 0
outer loop
vertex 64.91373243032685 -36.706279700002405 -2.6418432357032716e-15
vertex 64.98739964732985 -36.5482998433257 3.4499999999999975
vertex 64.91373243032841 -36.70627969999996 3.4499999999999975
endloop
endfacet
facet normal 0.9659258262890629 -0.2588190451025413 0
outer loop
vertex 64.9873996473312 -36.548299843321864 -2.632821603552624e-15
vertex 65.03251477955607 -36.37992787766857 -2.6272965933253948e-15
vertex 65.03251477955614 -36.37992787766695 3.4499999999999975
endloop
endfacet
facet normal 0.9659258262890629 -0.2588190451025413 0
outer loop
vertex 64.9873996473312 -36.548299843321864 -2.632821603552624e-15
vertex 65.03251477955614 -36.37992787766695 3.4499999999999975
vertex 64.98739964732985 -36.5482998433257 3.4499999999999975
endloop
endfacet
facet normal 0.9961946980917447 -0.08715574274766881 0
outer loop
vertex 65.03251477955607 -36.37992787766857 -2.6272965933253948e-15
vertex 65.04770702654322 -36.20627937923163 -2.6254360796609273e-15
vertex 65.04770702654393 -36.206279700000096 3.4499999999999975
endloop
endfacet
facet normal 0.9961946980917447 -0.08715574274766881 0
outer loop
vertex 65.03251477955607 -36.37992787766857 -2.6272965933253948e-15
vertex 65.04770702654393 -36.206279700000096 3.4499999999999975
vertex 65.03251477955614 -36.37992787766695 3.4499999999999975
endloop
endfacet
facet normal 9.332929229636607e-17 2.5490496141941336e-18 -1
outer loop
vertex 65.04770497654373 -34.87327950000926 -2.625436330713459e-15
vertex 65.05284547719104 -34.814539330403306 -2.6248068009470842e-15
vertex 65.0553031500387 -34.78645566116335 -2.6245058228284613e-15
endloop
endfacet
facet normal 9.332929229636607e-17 2.5490496141941336e-18 -1
outer loop
vertex 65.04770497654373 -34.87327950000926 -2.625436330713459e-15
vertex 65.0553031500387 -34.78645566116335 -2.6245058228284613e-15
vertex 65.05530315003786 -34.78645566116655 3.4499999999999975
endloop
endfacet
facet normal 9.332929229636607e-17 2.5490496141941336e-18 -1
outer loop
vertex 65.04770497654373 -34.87327950000926 -2.625436330713459e-15
vertex 65.05530315003786 -34.78645566116655 3.4499999999999975
vertex 65.04770497654395 -34.87327950000015 3.4499999999999975
endloop
endfacet
facet normal 0.9659258262890666 -0.2588190451025271 0
outer loop
vertex 65.0553031500387 -34.78645566116335 -2.6245058228284613e-15
vertex 65.07786071615044 -34.70226967833923 -2.621743317714931e-15
vertex 65.07786071615101 -34.70226967833714 3.4499999999999975
endloop
endfacet
facet normal 0.9659258262890666 -0.2588190451025271 0
outer loop
vertex 65.0553031500387 -34.78645566116335 -2.6245058228284613e-15
vertex 65.07786071615101 -34.70226967833714 3.4499999999999975
vertex 65.05530315003786 -34.78645566116655 3.4499999999999975
endloop
endfacet
facet normal 1.0079975323102423e-16 1.0101361409360773e-17 -1
outer loop
vertex 65.07786071615044 -34.70226967833923 -2.621743317714931e-15
vertex 65.08211521473359 -34.69314587668435 -2.6212222919077477e-15
vertex 65.11469432465346 -34.623279749997145 -2.6172325016395043e-15
endloop
endfacet
facet normal 1.0079975323102423e-16 1.0101361409360773e-17 -1
outer loop
vertex 65.07786071615044 -34.70226967833923 -2.621743317714931e-15
vertex 65.11469432465346 -34.623279749997145 -2.6172325016395043e-15
vertex 65.11469432465172 -34.62327975000002 3.4499999999999975
endloop
endfacet
facet normal 1.0079975323102423e-16 1.0101361409360773e-17 -1
outer loop
vertex 65.07786071615044 -34.70226967833923 -2.621743317714931e-15
vertex 65.11469432465172 -34.62327975000002 3.4499999999999975
vertex 65.07786071615101 -34.70226967833714 3.4499999999999975
endloop
endfacet
facet normal 1.1236876919579865e-16 7.099551866401222e-18 -1
outer loop
vertex 65.11469432465346 -34.623279749997145 -2.6172325016395043e-15
vertex 65.16240271281272 -34.555145110542625 -2.611389909154332e-15
vertex 65.16468480498182 -34.55188594516014 -2.611110433467308e-15
endloop
endfacet
facet normal 1.1236876919579865e-16 7.099551866401222e-18 -1
outer loop
vertex 65.11469432465346 -34.623279749997145 -2.6172325016395043e-15
vertex 65.16468480498182 -34.55188594516014 -2.611110433467308e-15
vertex 65.1646848049845 -34.55188594515669 3.4499999999999975
endloop
endfacet
facet normal 1.1236876919579865e-16 7.099551866401222e-18 -1
outer loop
vertex 65.11469432465346 -34.623279749997145 -2.6172325016395043e-15
vertex 65.1646848049845 -34.55188594515669 3.4499999999999975
vertex 65.11469432465172 -34.62327975000002 3.4499999999999975
endloop
endfacet
facet normal 0.7071067811865511 -0.707106781186544 0
outer loop
vertex 65.16468480498182 -34.55188594516014 -2.611110433467308e-15
vertex 65.2263132217029 -34.49025752843906 -2.603563129139909e-15
vertex 65.2263132217007 -34.490257528440495 3.4499999999999975
endloop
endfacet
facet normal 0.7071067811865511 -0.707106781186544 0
outer loop
vertex 65.16468480498182 -34.55188594516014 -2.611110433467308e-15
vertex 65.2263132217007 -34.490257528440495 3.4499999999999975
vertex 65.1646848049845 -34.55188594515669 3.4499999999999975
endloop
endfacet
facet normal 0.5735764363510633 -0.8191520442889798 0
outer loop
vertex 65.2263132217029 -34.49025752843906 -2.603563129139909e-15
vertex 65.29770702654531 -34.44026704810693 -2.5948199096819875e-15
vertex 65.29770702654395 -34.44026704810778 3.4499999999999975
endloop
endfacet
facet normal 0.5735764363510633 -0.8191520442889798 0
outer loop
vertex 65.2263132217029 -34.49025752843906 -2.603563129139909e-15
vertex 65.29770702654395 -34.44026704810778 3.4499999999999975
vertex 65.2263132217007 -34.490257528440495 3.4499999999999975
endloop
endfacet
facet normal -3.4754807727396206e-16 4.827056628805028e-16 1
outer loop
vertex 65.29770702654531 -34.44026704810693 -2.5948199096819875e-15
vertex 65.37488537716074 -34.40427819217118 -2.585368287677522e-15
vertex 65.37669695488025 -34.403433439607234 -2.585146433391962e-15
endloop
endfacet
facet normal -3.4754807727396206e-16 4.827056628805028e-16 1
outer loop
vertex 65.29770702654531 -34.44026704810693 -2.5948199096819875e-15
vertex 65.37669695488025 -34.403433439607234 -2.585146433391962e-15
vertex 65.37669695488106 -34.40343343960707 3.4499999999999975
endloop
endfacet
facet normal -3.4754807727396206e-16 4.827056628805028e-16 1
outer loop
vertex 65.29770702654531 -34.44026704810693 -2.5948199096819875e-15
vertex 65.37669695488106 -34.40343343960707 3.4499999999999975
vertex 65.29770702654395 -34.44026704810778 3.4499999999999975
endloop
endfacet
facet normal 0.2588190451025271 -0.9659258262890666 0
outer loop
vertex 65.37669695488025 -34.403433439607234 -2.585146433391962e-15
vertex 65.46088293770727 -34.380875873494716 -2.574836623951743e-15
vertex 65.46088293771048 -34.3808758734939 3.4499999999999975
endloop
endfacet
facet normal 0.2588190451025271 -0.9659258262890666 0
outer loop
vertex 65.37669695488025 -34.403433439607234 -2.585146433391962e-15
vertex 65.46088293771048 -34.3808758734939 3.4499999999999975
vertex 65.37669695488106 -34.40343343960707 3.4499999999999975
endloop
endfacet
facet normal 0.08715329835648333 -0.9961949119452407 0
outer loop
vertex 82.04770497654172 -34.3732796887182 -5.435367721632041e-16
vertex 82.22135520421308 -34.358087503011554 -5.222707526143102e-16
vertex 82.22135520421092 -34.3580875030122 3.4499999999999997
endloop
endfacet
facet normal 0.08715329835648333 -0.9961949119452407 0
outer loop
vertex 82.04770497654172 -34.3732796887182 -5.435367721632041e-16
vertex 82.22135520421092 -34.3580875030122 3.4499999999999997
vertex 82.04770497654403 -34.37327969679713 3.4499999999999997
endloop
endfacet
facet normal 0.2588190451025413 -0.9659258262890629 0
outer loop
vertex 82.22135520421308 -34.358087503011554 -5.222707526143102e-16
vertex 82.38972716987485 -34.31297237078444 -5.016511337329275e-16
vertex 82.38972716986962 -34.31297237078591 3.4499999999999997
endloop
endfacet
facet normal 0.2588190451025413 -0.9659258262890629 0
outer loop
vertex 82.22135520421308 -34.358087503011554 -5.222707526143102e-16
vertex 82.38972716986962 -34.31297237078591 3.4499999999999997
vertex 82.22135520421092 -34.3580875030122 3.4499999999999997
endloop
endfacet
facet normal 1.22464679277837e-16 1.219414643052935e-24 -1
outer loop
vertex 82.38972716987485 -34.31297237078444 -5.016511337329275e-16
vertex 82.5362769427983 -34.24463507937196 -4.837039627002801e-16
vertex 82.5477070265397 -34.2393051537874 -4.823041811534907e-16
endloop
endfacet
facet normal 1.22464679277837e-16 1.219414643052935e-24 -1
outer loop
vertex 82.38972716987485 -34.31297237078444 -5.016511337329275e-16
vertex 82.5477070265397 -34.2393051537874 -4.823041811534907e-16
vertex 82.54770702654396 -34.239305153784436 3.4499999999999997
endloop
endfacet
facet normal 1.22464679277837e-16 1.219414643052935e-24 -1
outer loop
vertex 82.38972716987485 -34.31297237078444 -5.016511337329275e-16
vertex 82.54770702654396 -34.239305153784436 3.4499999999999997
vertex 82.38972716986962 -34.31297237078591 3.4499999999999997
endloop
endfacet
facet normal 0.5735764363510599 -0.819152044288982 0
outer loop
vertex 82.5477070265397 -34.2393051537874 -4.823041811534907e-16
vertex 82.69049463622916 -34.13932419311988 -4.648177422370804e-16
vertex 82.69049463623048 -34.13932419311898 3.4499999999999997
endloop
endfacet
facet normal 0.5735764363510599 -0.819152044288982 0
outer loop
vertex 82.5477070265397 -34.2393051537874 -4.823041811534907e-16
vertex 82.69049463623048 -34.13932419311898 3.4499999999999997
vertex 82.54770702654396 -34.239305153784436 3.4499999999999997
endloop
endfacet
facet normal 1.2246468043576658e-16 -4.023531303665565e-25 -1
outer loop
vertex 82.69049463622916 -34.13932419311988 -4.648177422370804e-16
vertex 82.74927151769558 -34.080547300003 -4.576196502619096e-16
vertex 82.8137514696618 -34.01606735968724 -4.497231335834489e-16
endloop
endfacet
facet normal 1.2246468043576658e-16 -4.023531303665565e-25 -1
outer loop
vertex 82.69049463622916 -34.13932419311988 -4.648177422370804e-16
vertex 82.8137514696618 -34.01606735968724 -4.497231335834489e-16
vertex 82.81375146966293 -34.01606735968652 3.4499999999999997
endloop
endfacet
facet normal 1.2246468043576658e-16 -4.023531303665565e-25 -1
outer loop
vertex 82.69049463622916 -34.13932419311988 -4.648177422370804e-16
vertex 82.81375146966293 -34.01606735968652 3.4499999999999997
vertex 82.69049463623048 -34.13932419311898 3.4499999999999997
endloop
endfacet
facet normal 0.8191520442889798 -0.5735764363510633 0
outer loop
vertex 82.8137514696618 -34.01606735968724 -4.497231335834489e-16
vertex 82.91373243032749 -33.87327975000037 -4.374789972379575e-16
vertex 82.9137324303284 -33.87327974999997 3.4499999999999997
endloop
endfacet
facet normal 0.8191520442889798 -0.5735764363510633 0
outer loop
vertex 82.8137514696618 -34.01606735968724 -4.497231335834489e-16
vertex 82.9137324303284 -33.87327974999997 3.4499999999999997
vertex 82.81375146966293 -34.01606735968652 3.4499999999999997
endloop
endfacet
facet normal 0.9063077870366456 -0.42261826174070904 0
outer loop
vertex 82.91373243032749 -33.87327975000037 -4.374789972379575e-16
vertex 82.98739964733082 -33.715299893322076 -4.2845736508743497e-16
vertex 82.98739964732985 -33.71529989332568 3.4499999999999997
endloop
endfacet
facet normal 0.9063077870366456 -0.42261826174070904 0
outer loop
vertex 82.91373243032749 -33.87327975000037 -4.374789972379575e-16
vertex 82.98739964732985 -33.71529989332568 3.4499999999999997
vertex 82.9137324303284 -33.87327974999997 3.4499999999999997
endloop
endfacet
facet normal 0.9659258262890666 -0.2588190451025271 0
outer loop
vertex 82.98739964733082 -33.715299893322076 -4.2845736508743497e-16
vertex 83.03251477955615 -33.54692792766696 -4.2293235486014854e-16
vertex 83.03251477955615 -33.54692792766698 3.4499999999999997
endloop
endfacet
facet normal 0.9659258262890666 -0.2588190451025271 0
outer loop
vertex 82.98739964733082 -33.715299893322076 -4.2845736508743497e-16
vertex 83.03251477955615 -33.54692792766698 3.4499999999999997
vertex 82.98739964732985 -33.71529989332568 3.4499999999999997
endloop
endfacet
facet normal 0.9961946980917447 -0.08715574274766881 0
outer loop
vertex 83.03251477955615 -33.54692792766696 -4.2293235486014854e-16
vertex 83.04770702654397 -33.37327932681244 -4.210718411955992e-16
vertex 83.04770702654395 -33.3732797500001 3.4499999999999997
endloop
endfacet
facet normal 0.9961946980917447 -0.08715574274766881 0
outer loop
vertex 83.03251477955615 -33.54692792766696 -4.2293235486014854e-16
vertex 83.04770702654395 -33.3732797500001 3.4499999999999997
vertex 83.03251477955615 -33.54692792766698 3.4499999999999997
endloop
endfacet
facet normal 0.996192629462523 -0.08717938405692388 0
outer loop
vertex 83.0477049765441 -29.206279700001957 -4.210720922481781e-16
vertex 83.05530315003779 -29.119455611166025 -4.201415843633367e-16
vertex 83.05530315003783 -29.119455611166643 3.4499999999999997
endloop
endfacet
facet normal 0.996192629462523 -0.08717938405692388 0
outer loop
vertex 83.0477049765441 -29.206279700001957 -4.210720922481781e-16
vertex 83.05530315003783 -29.119455611166643 3.4499999999999997
vertex 83.04770497654394 -29.206279400000142 3.4499999999999997
endloop
endfacet
facet normal 0.9659258262890666 -0.2588190451025271 0
outer loop
vertex 83.05530315003779 -29.119455611166025 -4.201415843633367e-16
vertex 83.07786071615165 -29.03526962833655 -4.1737907924954726e-16
vertex 83.07786071615102 -29.035269628337133 3.4499999999999997
endloop
endfacet
facet normal 0.9659258262890666 -0.2588190451025271 0
outer loop
vertex 83.05530315003779 -29.119455611166025 -4.201415843633367e-16
vertex 83.07786071615102 -29.035269628337133 3.4499999999999997
vertex 83.05530315003783 -29.119455611166643 3.4499999999999997
endloop
endfacet
facet normal 0.9063077870366791 -0.42261826174063705 0
outer loop
vertex 83.07786071615165 -29.03526962833655 -4.1737907924954726e-16
vertex 83.11469432465069 -28.95627970000075 -4.1286826317460797e-16
vertex 83.11469432465177 -28.956279699999925 3.4499999999999997
endloop
endfacet
facet normal 0.9063077870366791 -0.42261826174063705 0
outer loop
vertex 83.07786071615165 -29.03526962833655 -4.1737907924954726e-16
vertex 83.11469432465177 -28.956279699999925 3.4499999999999997
vertex 83.07786071615102 -29.035269628337133 3.4499999999999997
endloop
endfacet
facet normal 0.8191520442889414 -0.5735764363511181 0
outer loop
vertex 83.11469432465069 -28.95627970000075 -4.1286826317460797e-16
vertex 83.16468480498358 -28.884885895156437 -4.067461950018562e-16
vertex 83.16468480498446 -28.884885895156714 3.4499999999999997
endloop
endfacet
facet normal 0.8191520442889414 -0.5735764363511181 0
outer loop
vertex 83.11469432465069 -28.95627970000075 -4.1286826317460797e-16
vertex 83.16468480498446 -28.884885895156714 3.4499999999999997
vertex 83.11469432465177 -28.956279699999925 3.4499999999999997
endloop
endfacet
facet normal 0.7071067811865581 -0.7071067811865368 0
outer loop
vertex 83.16468480498358 -28.884885895156437 -4.067461950018562e-16
vertex 83.22631322170079 -28.823257478440567 -3.991988906749308e-16
vertex 83.22631322170065 -28.823257478440524 3.4499999999999997
endloop
endfacet
facet normal 0.7071067811865581 -0.7071067811865368 0
outer loop
vertex 83.16468480498358 -28.884885895156437 -4.067461950018562e-16
vertex 83.22631322170065 -28.823257478440524 3.4499999999999997
vertex 83.16468480498446 -28.884885895156714 3.4499999999999997
endloop
endfacet
facet normal 0.5735764363510599 -0.819152044288982 0
outer loop
vertex 83.22631322170079 -28.823257478440567 -3.991988906749308e-16
vertex 83.29770702654316 -28.77326699810766 -3.9045567121701455e-16
vertex 83.2977070265439 -28.773266998107758 3.4499999999999997
endloop
endfacet
facet normal 0.5735764363510599 -0.819152044288982 0
outer loop
vertex 83.22631322170079 -28.823257478440567 -3.991988906749308e-16
vertex 83.2977070265439 -28.773266998107758 3.4499999999999997
vertex 83.22631322170065 -28.823257478440524 3.4499999999999997
endloop
endfacet
facet normal 0.42261826174066586 -0.9063077870366657 0
outer loop
vertex 83.29770702654316 -28.77326699810766 -3.9045567121701455e-16
vertex 83.37669695488226 -28.736433389607065 -3.8078219492647905e-16
vertex 83.37669695488114 -28.736433389607058 3.4499999999999997
endloop
endfacet
facet normal 0.42261826174066586 -0.9063077870366657 0
outer loop
vertex 83.29770702654316 -28.77326699810766 -3.9045567121701455e-16
vertex 83.37669695488114 -28.736433389607058 3.4499999999999997
vertex 83.2977070265439 -28.773266998107758 3.4499999999999997
endloop
endfacet
facet normal 0.2588190451025271 -0.9659258262890666 0
outer loop
vertex 83.37669695488226 -28.736433389607065 -3.8078219492647905e-16
vertex 83.46088293771142 -28.71387582349412 -3.704723854859992e-16
vertex 83.46088293771044 -28.713875823493908 3.4499999999999997
endloop
endfacet
facet normal 0.2588190451025271 -0.9659258262890666 0
outer loop
vertex 83.37669695488226 -28.736433389607065 -3.8078219492647905e-16
vertex 83.46088293771044 -28.713875823493908 3.4499999999999997
vertex 83.37669695488114 -28.736433389607058 3.4499999999999997
endloop
endfacet
facet normal 0.08715574274766881 -0.9961946980917447 0
outer loop
vertex 83.46088293771142 -28.71387582349412 -3.704723854859992e-16
vertex 83.54770702654244 -28.706279581796508 -3.5983950123841946e-16
vertex 83.54770778630001 -28.70627963352996 3.4499999999999997
endloop
endfacet
facet normal 0.08715574274766881 -0.9961946980917447 0
outer loop
vertex 83.46088293771142 -28.71387582349412 -3.704723854859992e-16
vertex 83.54770778630001 -28.70627963352996 3.4499999999999997
vertex 83.46088293771044 -28.713875823493908 3.4499999999999997
endloop
endfacet
facet normal 1.6666675151100208e-8 -1 0
outer loop
vertex 83.54770702654244 -28.706279581796508 -3.5983950123841946e-16
vertex 101.54770497654141 -28.706279581796508 1.8445244861740962e-15
vertex 101.5477049765439 -28.70627963352996 3.450000000000002
endloop
endfacet
facet normal 1.6666675151100208e-8 -1 0
outer loop
vertex 83.54770702654244 -28.706279581796508 -3.5983950123841946e-16
vertex 101.5477049765439 -28.70627963352996 3.450000000000002
vertex 83.54770778630001 -28.70627963352996 3.4499999999999997
endloop
endfacet
facet normal -0.08715711648311243 -0.9961945779045122 0
outer loop
vertex 101.54770497654141 -28.706279581796508 1.8445244861740962e-15
vertex 101.63453111537835 -28.71387582349412 1.8551576214749948e-15
vertex 101.6345285859232 -28.713875823493908 3.450000000000002
endloop
endfacet
facet normal -0.08715711648311243 -0.9961945779045122 0
outer loop
vertex 101.54770497654141 -28.706279581796508 1.8445244861740962e-15
vertex 101.6345285859232 -28.713875823493908 3.450000000000002
vertex 101.5477049765439 -28.70627963352996 3.450000000000002
endloop
endfacet
facet normal -0.2588190451025272 -0.9659258262890665 0
outer loop
vertex 101.63453111537835 -28.71387582349412 1.8551576214749948e-15
vertex 101.71871709820694 -28.736433389607065 1.865467430915405e-15
vertex 101.7187170982068 -28.736433389607058 3.450000000000002
endloop
endfacet
facet normal -0.2588190451025272 -0.9659258262890665 0
outer loop
vertex 101.63453111537835 -28.71387582349412 1.8551576214749948e-15
vertex 101.7187170982068 -28.736433389607058 3.450000000000002
vertex 101.6345285859232 -28.713875823493908 3.450000000000002
endloop
endfacet
facet normal -0.42261826174067696 -0.9063077870366605 0
outer loop
vertex 101.71871709820694 -28.736433389607065 1.865467430915405e-15
vertex 101.79770702654379 -28.77326699810766 1.8751409072056655e-15
vertex 101.7977070265439 -28.773266998107758 3.450000000000002
endloop
endfacet
facet normal -0.42261826174067696 -0.9063077870366605 0
outer loop
vertex 101.71871709820694 -28.736433389607065 1.865467430915405e-15
vertex 101.7977070265439 -28.773266998107758 3.450000000000002
vertex 101.7187170982068 -28.736433389607058 3.450000000000002
endloop
endfacet
facet normal -0.5735764363510616 -0.819152044288981 0
outer loop
vertex 101.79770702654379 -28.77326699810766 1.8751409072056655e-15
vertex 101.86910083138733 -28.823257478440567 1.8838841266637244e-15
vertex 101.86910083138724 -28.823257478440524 3.450000000000002
endloop
endfacet
facet normal -0.5735764363510616 -0.819152044288981 0
outer loop
vertex 101.79770702654379 -28.77326699810766 1.8751409072056655e-15
vertex 101.86910083138724 -28.823257478440524 3.450000000000002
vertex 101.7977070265439 -28.773266998107758 3.450000000000002
endloop
endfacet
facet normal -0.7071067811865689 -0.7071067811865263 0
outer loop
vertex 101.86910083138733 -28.823257478440567 1.8838841266637244e-15
vertex 101.93072924810319 -28.884885895156437 1.8914314309904845e-15
vertex 101.9307292481034 -28.884885895156714 3.450000000000002
endloop
endfacet
facet normal -0.7071067811865689 -0.7071067811865263 0
outer loop
vertex 101.86910083138733 -28.823257478440567 1.8838841266637244e-15
vertex 101.9307292481034 -28.884885895156714 3.450000000000002
vertex 101.86910083138724 -28.823257478440524 3.450000000000002
endloop
endfacet
facet normal -0.8191520442889414 -0.5735764363511181 0
outer loop
vertex 101.93072924810319 -28.884885895156437 1.8914314309904845e-15
vertex 101.98071972843667 -28.95627970000075 1.8975534991633077e-15
vertex 101.98071972843614 -28.956279699999925 3.450000000000002
endloop
endfacet
facet normal -0.8191520442889414 -0.5735764363511181 0
outer loop
vertex 101.93072924810319 -28.884885895156437 1.8914314309904845e-15
vertex 101.98071972843614 -28.956279699999925 3.450000000000002
vertex 101.9307292481034 -28.884885895156714 3.450000000000002
endloop
endfacet
facet normal -0.9063077870366791 -0.42261826174063705 0
outer loop
vertex 101.98071972843667 -28.95627970000075 1.8975534991633077e-15
vertex 102.01755333693676 -29.03526962833655 1.9020643152383756e-15
vertex 102.01755333693686 -29.035269628337133 3.450000000000002
endloop
endfacet
facet normal -0.9063077870366791 -0.42261826174063705 0
outer loop
vertex 101.98071972843667 -28.95627970000075 1.8975534991633077e-15
vertex 102.01755333693686 -29.035269628337133 3.450000000000002
vertex 101.98071972843614 -28.956279699999925 3.450000000000002
endloop
endfacet
facet normal -0.9659258262890629 -0.2588190451025413 0
outer loop
vertex 102.01755333693676 -29.03526962833655 1.9020643152383756e-15
vertex 102.04011090304994 -29.119455611166025 1.9048268203520816e-15
vertex 102.04011090305006 -29.119455611166643 3.450000000000002
endloop
endfacet
facet normal -0.9659258262890629 -0.2588190451025413 0
outer loop
vertex 102.01755333693676 -29.03526962833655 1.9020643152383756e-15
vertex 102.04011090305006 -29.119455611166643 3.450000000000002
vertex 102.01755333693686 -29.035269628337133 3.450000000000002
endloop
endfacet
facet normal -0.9961946980917459 -0.08715574274765463 0
outer loop
vertex 102.04011090304994 -29.119455611166025 1.9048268203520816e-15
vertex 102.04770702654405 -29.206279700001957 1.9057570771843805e-15
vertex 102.04770700029738 -29.206279400000142 3.450000000000002
endloop
endfacet
facet normal -0.9961946980917459 -0.08715574274765463 0
outer loop
vertex 102.04011090304994 -29.119455611166025 1.9048268203520816e-15
vertex 102.04770700029738 -29.206279400000142 3.450000000000002
vertex 102.04011090305006 -29.119455611166643 3.450000000000002
endloop
endfacet
facet normal 1.2690727143865939e-16 -1.8684470770616276e-24 -1
outer loop
vertex 102.04770702654405 -29.206279700001957 1.9057570771843805e-15
vertex 102.04770527400407 -33.37327932681244 1.905756862560134e-15
vertex 102.0477052009716 -33.54692792766696 1.905756853616236e-15
endloop
endfacet
facet normal 1.2690727143865939e-16 -1.8684470770616276e-24 -1
outer loop
vertex 102.04770702654405 -29.206279700001957 1.9057570771843805e-15
vertex 102.0477052009716 -33.54692792766696 1.905756853616236e-15
vertex 102.04770513015838 -33.715299893322076 1.9057568449441165e-15
endloop
endfacet
facet normal 1.2690727143865939e-16 -1.8684470770616276e-24 -1
outer loop
vertex 102.04770702654405 -29.206279700001957 1.9057570771843805e-15
vertex 102.04770513015838 -33.715299893322076 1.9057568449441165e-15
vertex 102.04770506371582 -33.87327975000037 1.9057568368072506e-15
endloop
endfacet
facet normal 1.2690727143865939e-16 -1.8684470770616276e-24 -1
outer loop
vertex 102.04770702654405 -29.206279700001957 1.9057570771843805e-15
vertex 102.04770506371582 -33.87327975000037 1.9057568368072506e-15
vertex 102.0477050036628 -34.01606735968724 1.9057568294528763e-15
endloop
endfacet
facet normal 1.2690727143865939e-16 -1.8684470770616276e-24 -1
outer loop
vertex 102.04770702654405 -29.206279700001957 1.9057570771843805e-15
vertex 102.0477050036628 -34.01606735968724 1.9057568294528763e-15
vertex 102.04770497654408 -34.080547300003 1.905756826131791e-15
endloop
endfacet
facet normal 1.2690727143865939e-16 -1.8684470770616276e-24 -1
outer loop
vertex 102.04770702654405 -29.206279700001957 1.9057570771843805e-15
vertex 102.04770497654408 -34.080547300003 1.905756826131791e-15
vertex 102.04770497654395 -34.080547299999836 3.450000000000002
endloop
endfacet
facet normal 1.2690727143865939e-16 -1.8684470770616276e-24 -1
outer loop
vertex 102.04770702654405 -29.206279700001957 1.9057570771843805e-15
vertex 102.04770497654395 -34.080547299999836 3.450000000000002
vertex 102.04770502003251 -33.97714495000002 3.450000000000002
endloop
endfacet
facet normal 1.2690727143865939e-16 -1.8684470770616276e-24 -1
outer loop
vertex 102.04770702654405 -29.206279700001957 1.9057570771843805e-15
vertex 102.04770502003251 -33.97714495000002 3.450000000000002
vertex 102.04770503172682 -33.949339480082855 3.450000000000002
endloop
endfacet
facet normal 1.2690727143865939e-16 -1.8684470770616276e-24 -1
outer loop
vertex 102.04770702654405 -29.206279700001957 1.9057570771843805e-15
vertex 102.04770503172682 -33.949339480082855 3.450000000000002
vertex 102.0477050544624 -33.89528127300151 3.450000000000002
endloop
endfacet
facet normal 1.2690727143865939e-16 -1.8684470770616276e-24 -1
outer loop
vertex 102.04770702654405 -29.206279700001957 1.9057570771843805e-15
vertex 102.0477050544624 -33.89528127300151 3.450000000000002
vertex 102.0477050876229 -33.816435830856435 3.450000000000002
endloop
endfacet
facet normal 1.2690727143865939e-16 -1.8684470770616276e-24 -1
outer loop
vertex 102.04770702654405 -29.206279700001957 1.9057570771843805e-15
vertex 102.0477050876229 -33.816435830856435 3.450000000000002
vertex 102.04770513030937 -33.714940630402914 3.450000000000002
endloop
endfacet
facet normal 1.2690727143865939e-16 -1.8684470770616276e-24 -1
outer loop
vertex 102.04770702654405 -29.206279700001957 1.9057570771843805e-15
vertex 102.04770513030937 -33.714940630402914 3.450000000000002
vertex 102.04770518136458 -33.59354717668482 3.450000000000002
endloop
endfacet
facet normal 1.2690727143865939e-16 -1.8684470770616276e-24 -1
outer loop
vertex 102.04770702654405 -29.206279700001957 1.9057570771843805e-15
vertex 102.04770518136458 -33.59354717668482 3.450000000000002
vertex 102.04770523940441 -33.455546410542155 3.450000000000002
endloop
endfacet
facet normal 1.2690727143865939e-16 -1.8684470770616276e-24 -1
outer loop
vertex 102.04770702654405 -29.206279700001957 1.9057570771843805e-15
vertex 102.04770523940441 -33.455546410542155 3.450000000000002
vertex 102.04770530285545 -33.30467949217119 3.450000000000002
endloop
endfacet
facet normal 1.2690727143865939e-16 -1.8684470770616276e-24 -1
outer loop
vertex 102.04770702654405 -29.206279700001957 1.9057570771843805e-15
vertex 102.04770530285545 -33.30467949217119 3.450000000000002
vertex 102.04770536999753 -33.145036379373295 3.450000000000002
endloop
endfacet
facet normal 1.2690727143865939e-16 -1.8684470770616276e-24 -1
outer loop
vertex 102.04770702654405 -29.206279700001957 1.9057570771843805e-15
vertex 102.04770536999753 -33.145036379373295 3.450000000000002
vertex 102.04770543900835 -32.98094990000001 3.450000000000002
endloop
endfacet
facet normal 1.2690727143865939e-16 -1.8684470770616276e-24 -1
outer loop
vertex 102.04770702654405 -29.206279700001957 1.9057570771843805e-15
vertex 102.04770543900835 -32.98094990000001 3.450000000000002
vertex 102.04770700029738 -29.206279400000142 3.450000000000002
endloop
endfacet
facet normal 1.104325715621639e-16 -9.92440658693794e-19 -1
outer loop
vertex 102.04770497654408 -34.080547300003 1.905756826131791e-15
vertex 102.0525607794156 -34.13932419311988 1.9063514904761805e-15
vertex 102.06082062116906 -34.2393051537874 1.907363029352664e-15
endloop
endfacet
facet normal 1.104325715621639e-16 -9.92440658693794e-19 -1
outer loop
vertex 102.04770497654408 -34.080547300003 1.905756826131791e-15
vertex 102.06082062116906 -34.2393051537874 1.907363029352664e-15
vertex 102.0612609484233 -34.24463507937196 1.907416953888912e-15
endloop
endfacet
facet normal 1.104325715621639e-16 -9.92440658693794e-19 -1
outer loop
vertex 102.04770497654408 -34.080547300003 1.905756826131791e-15
vertex 102.0612609484233 -34.24463507937196 1.907416953888912e-15
vertex 102.06126094842351 -34.244635079373225 3.450000000000002
endloop
endfacet
facet normal 1.104325715621639e-16 -9.92440658693794e-19 -1
outer loop
vertex 102.04770497654408 -34.080547300003 1.905756826131791e-15
vertex 102.06126094842351 -34.244635079373225 3.450000000000002
vertex 102.04770497654395 -34.080547299999836 3.450000000000002
endloop
endfacet
facet normal -1.3407852136015449e-16 -2.9370979487438002e-18 1
outer loop
vertex 102.0612609484233 -34.24463507937196 1.907416953888912e-15
vertex 102.07851024963787 -34.31297237078444 1.9095293840409082e-15
vertex 102.08989794863847 -34.358087503011554 1.9109239749539814e-15
endloop
endfacet
facet normal -1.3407852136015449e-16 -2.9370979487438002e-18 1
outer loop
vertex 102.0612609484233 -34.24463507937196 1.907416953888912e-15
vertex 102.08989794863847 -34.358087503011554 1.9109239749539814e-15
vertex 102.09373267170028 -34.3732796887182 1.911393593086308e-15
endloop
endfacet
facet normal -1.3407852136015449e-16 -2.9370979487438002e-18 1
outer loop
vertex 102.0612609484233 -34.24463507937196 1.907416953888912e-15
vertex 102.09373267170028 -34.3732796887182 1.911393593086308e-15
vertex 102.10155713345769 -34.40427819217118 1.912351813290934e-15
endloop
endfacet
facet normal -1.3407852136015449e-16 -2.9370979487438002e-18 1
outer loop
vertex 102.0612609484233 -34.24463507937196 1.907416953888912e-15
vertex 102.10155713345769 -34.40427819217118 1.912351813290934e-15
vertex 102.10155713345759 -34.40427819217123 3.450000000000002
endloop
endfacet
facet normal -1.3407852136015449e-16 -2.9370979487438002e-18 1
outer loop
vertex 102.0612609484233 -34.24463507937196 1.907416953888912e-15
vertex 102.10155713345759 -34.40427819217123 3.450000000000002
vertex 102.06126094842351 -34.244635079373225 3.450000000000002
endloop
endfacet
facet normal -0.9162871913254661 -0.40052188830685503 0
outer loop
vertex 102.10155713345769 -34.40427819217118 1.912351813290934e-15
vertex 102.16750316391759 -34.555145110542625 1.920427872802853e-15
vertex 102.16750316391722 -34.55514511054206 3.450000000000002
endloop
endfacet
facet normal -0.9162871913254661 -0.40052188830685503 0
outer loop
vertex 102.10155713345769 -34.40427819217118 1.912351813290934e-15
vertex 102.16750316391722 -34.55514511054206 3.450000000000002
vertex 102.10155713345759 -34.40427819217123 3.450000000000002
endloop
endfacet
facet normal -0.8381448748025505 -0.5454476774560665 0
outer loop
vertex 102.16750316391759 -34.555145110542625 1.920427872802853e-15
vertex 102.25731126230498 -34.69314587668435 1.9314261928256163e-15
vertex 102.25731126230536 -34.69314587668492 3.450000000000002
endloop
endfacet
facet normal -0.8381448748025505 -0.5454476774560665 0
outer loop
vertex 102.16750316391759 -34.555145110542625 1.920427872802853e-15
vertex 102.25731126230536 -34.69314587668492 3.450000000000002
vertex 102.16750316391722 -34.55514511054206 3.450000000000002
endloop
endfacet
facet normal -0.7372806971449102 -0.6755865404354319 0
outer loop
vertex 102.25731126230498 -34.69314587668435 1.9314261928256163e-15
vertex 102.36854675747946 -34.814539330403306 1.9450486121373162e-15
vertex 102.36854675747892 -34.81453933040288 3.450000000000002
endloop
endfacet
facet normal -0.7372806971449102 -0.6755865404354319 0
outer loop
vertex 102.25731126230498 -34.69314587668435 1.9314261928256163e-15
vertex 102.36854675747892 -34.81453933040288 3.450000000000002
vertex 102.25731126230536 -34.69314587668492 3.450000000000002
endloop
endfacet
facet normal -0.6164290565540361 -0.7874104509313431 0
outer loop
vertex 102.36854675747946 -34.814539330403306 1.9450486121373162e-15
vertex 102.49819408786745 -34.91603453085599 1.9609258309550807e-15
vertex 102.49819408786793 -34.916034530856365 3.450000000000002
endloop
endfacet
facet normal -0.6164290565540361 -0.7874104509313431 0
outer loop
vertex 102.36854675747946 -34.814539330403306 1.9450486121373162e-15
vertex 102.49819408786793 -34.916034530856365 3.450000000000002
vertex 102.36854675747892 -34.81453933040288 3.450000000000002
endloop
endfacet
facet normal -0.4788662054750429 -0.8778878956073685 0
outer loop
vertex 102.49819408786745 -34.91603453085599 1.9609258309550807e-15
vertex 102.642738552463 -34.99487997300143 1.978627422545222e-15
vertex 102.64273855246302 -34.99487997300155 3.450000000000002
endloop
endfacet
facet normal -0.4788662054750429 -0.8778878956073685 0
outer loop
vertex 102.49819408786745 -34.91603453085599 1.9609258309550807e-15
vertex 102.64273855246302 -34.99487997300155 3.450000000000002
vertex 102.49819408786793 -34.916034530856365 3.450000000000002
endloop
endfacet
facet normal -0.32832143235598354 -0.9445660575395008 0
outer loop
vertex 102.642738552463 -34.99487997300143 1.978627422545222e-15
vertex 102.79826159332643 -35.04893818008294 1.997673501963928e-15
vertex 102.79826159332592 -35.048938180082885 3.450000000000002
endloop
endfacet
facet normal -0.32832143235598354 -0.9445660575395008 0
outer loop
vertex 102.642738552463 -34.99487997300143 1.978627422545222e-15
vertex 102.79826159332592 -35.048938180082885 3.450000000000002
vertex 102.64273855246302 -34.99487997300155 3.450000000000002
endloop
endfacet
facet normal -0.16887596173492625 -0.9856373113615899 0
outer loop
vertex 102.79826159332643 -35.04893818008294 1.997673501963928e-15
vertex 102.96054702654511 -35.07674365000018 2.0175477355978783e-15
vertex 102.96054702654385 -35.07674365 3.4500000000000024
endloop
endfacet
facet normal -0.16887596173492625 -0.9856373113615899 0
outer loop
vertex 102.79826159332643 -35.04893818008294 1.997673501963928e-15
vertex 102.96054702654385 -35.07674365 3.4500000000000024
vertex 102.79826159332592 -35.048938180082885 3.450000000000002
endloop
endfacet
facet normal -0.16499236615076995 -0.9862948439041799 0
outer loop
vertex 124.1803948765455 -36.93323800000023 4.616229610387561e-15
vertex 124.25778062572645 -36.94618347765595 4.6257066313909675e-15
vertex 124.2577806257243 -36.94618347765563 3.4500000000000046
endloop
endfacet
facet normal -0.16499236615076995 -0.9862948439041799 0
outer loop
vertex 124.1803948765455 -36.93323800000023 4.616229610387561e-15
vertex 124.2577806257243 -36.94618347765563 3.4500000000000046
vertex 124.18039487654391 -36.933238 3.4500000000000046
endloop
endfacet
facet normal -0.31730448758365437 -0.9483237116930456 0
outer loop
vertex 124.25778062572645 -36.94618347765595 4.6257066313909675e-15
vertex 124.33218578101447 -36.97107907963357 4.634818634917321e-15
vertex 124.33218578101696 -36.971079079634805 3.4500000000000046
endloop
endfacet
facet normal -0.31730448758365437 -0.9483237116930456 0
outer loop
vertex 124.25778062572645 -36.94618347765595 4.6257066313909675e-15
vertex 124.33218578101696 -36.971079079634805 3.4500000000000046
vertex 124.2577806257243 -36.94618347765563 3.4500000000000046
endloop
endfacet
facet normal -4.6452576645469934e-18 -2.441820603139127e-16 -1
outer loop
vertex 124.33218578101447 -36.97107907963357 4.634818634917321e-15
vertex 124.33457752015255 -36.972324143117966 4.6351115384853044e-15
vertex 124.40178031424358 -37.00730778478707 4.64334150715304e-15
endloop
endfacet
facet normal -4.6452576645469934e-18 -2.441820603139127e-16 -1
outer loop
vertex 124.33218578101447 -36.97107907963357 4.634818634917321e-15
vertex 124.40178031424358 -37.00730778478707 4.64334150715304e-15
vertex 124.40178031424347 -37.00730778478696 3.4500000000000046
endloop
endfacet
facet normal -4.6452576645469934e-18 -2.441820603139127e-16 -1
outer loop
vertex 124.33218578101447 -36.97107907963357 4.634818634917321e-15
vertex 124.40178031424347 -37.00730778478696 3.4500000000000046
vertex 124.33218578101696 -36.971079079634805 3.4500000000000046
endloop
endfacet
facet normal -0.5948244612635849 -0.8038556215406384 0
outer loop
vertex 124.40178031424358 -37.00730778478707 4.64334150715304e-15
vertex 124.46485055240821 -37.05397750934051 4.651065383682016e-15
vertex 124.464850552408 -37.05397750934034 3.4500000000000046
endloop
endfacet
facet normal -0.5948244612635849 -0.8038556215406384 0
outer loop
vertex 124.40178031424358 -37.00730778478707 4.64334150715304e-15
vertex 124.464850552408 -37.05397750934034 3.4500000000000046
vertex 124.40178031424347 -37.00730778478696 3.4500000000000046
endloop
endfacet
facet normal 5.779835902140987e-17 -6.348547028340956e-17 -1
outer loop
vertex 124.46485055240821 -37.05397750934051 4.651065383682016e-15
vertex 124.48286091353467 -37.072305103787734 4.653271016792516e-15
vertex 124.51984347461993 -37.10993907328072 4.65780007429825e-15
endloop
endfacet
facet normal 5.779835902140987e-17 -6.348547028340956e-17 -1
outer loop
vertex 124.46485055240821 -37.05397750934051 4.651065383682016e-15
vertex 124.51984347461993 -37.10993907328072 4.65780007429825e-15
vertex 124.51984347461972 -37.10993907328055 3.4500000000000046
endloop
endfacet
facet normal 5.779835902140987e-17 -6.348547028340956e-17 -1
outer loop
vertex 124.46485055240821 -37.05397750934051 4.651065383682016e-15
vertex 124.51984347461972 -37.10993907328055 3.4500000000000046
vertex 124.464850552408 -37.05397750934034 3.4500000000000046
endloop
endfacet
facet normal -1.097084290605924e-16 9.051127879915806e-18 1
outer loop
vertex 124.51984347461993 -37.10993907328072 4.65780007429825e-15
vertex 124.54554550409894 -37.14597232078449 4.6609476651115565e-15
vertex 124.56540495317041 -37.17381449738245 4.663379746185378e-15
endloop
endfacet
facet normal -1.097084290605924e-16 9.051127879915806e-18 1
outer loop
vertex 124.51984347461993 -37.10993907328072 4.65780007429825e-15
vertex 124.56540495317041 -37.17381449738245 4.663379746185378e-15
vertex 124.56540495317074 -37.17381449738303 3.450000000000005
endloop
endfacet
facet normal -1.097084290605924e-16 9.051127879915806e-18 1
outer loop
vertex 124.51984347461993 -37.10993907328072 4.65780007429825e-15
vertex 124.56540495317074 -37.17381449738303 3.450000000000005
vertex 124.51984347461972 -37.10993907328055 3.4500000000000046
endloop
endfacet
facet normal 1.1070728174211126e-17 -5.55561541913156e-17 -1
outer loop
vertex 124.56540495317041 -37.17381449738245 4.663379746185378e-15
vertex 124.57401681309136 -37.19108745301217 4.664434394854067e-15
vertex 124.58159125479565 -37.206279641073685 4.665361996432917e-15
endloop
endfacet
facet normal 1.1070728174211126e-17 -5.55561541913156e-17 -1
outer loop
vertex 124.56540495317041 -37.17381449738245 4.663379746185378e-15
vertex 124.58159125479565 -37.206279641073685 4.665361996432917e-15
vertex 124.60041309713327 -37.244030934122044 4.6676670073301974e-15
endloop
endfacet
facet normal 1.1070728174211126e-17 -5.55561541913156e-17 -1
outer loop
vertex 124.56540495317041 -37.17381449738245 4.663379746185378e-15
vertex 124.60041309713327 -37.244030934122044 4.6676670073301974e-15
vertex 124.60041309713326 -37.244030934121966 3.450000000000005
endloop
endfacet
facet normal 1.1070728174211126e-17 -5.55561541913156e-17 -1
outer loop
vertex 124.56540495317041 -37.17381449738245 4.663379746185378e-15
vertex 124.60041309713326 -37.244030934121966 3.450000000000005
vertex 124.56540495317074 -37.17381449738303 3.450000000000005
endloop
endfacet
facet normal -0.9537189369911799 -0.30069949987390027 0
outer loop
vertex 124.60041309713327 -37.244030934122044 4.6676670073301974e-15
vertex 124.6240058774349 -37.31885939695413 4.670556289618135e-15
vertex 124.6240058774346 -37.31885939695315 3.450000000000005
endloop
endfacet
facet normal -0.9537189369911799 -0.30069949987390027 0
outer loop
vertex 124.60041309713327 -37.244030934122044 4.6676670073301974e-15
vertex 124.6240058774346 -37.31885939695315 3.450000000000005
vertex 124.60041309713326 -37.244030934121966 3.450000000000005
endloop
endfacet
facet normal -0.9890170067710221 -0.1478017601982061 0
outer loop
vertex 124.6240058774349 -37.31885939695413 4.670556289618135e-15
vertex 124.63560235317851 -37.39645733431061 4.671976448308216e-15
vertex 124.63560235317854 -37.39645733431186 3.450000000000005
endloop
endfacet
facet normal -0.9890170067710221 -0.1478017601982061 0
outer loop
vertex 124.6240058774349 -37.31885939695413 4.670556289618135e-15
vertex 124.63560235317854 -37.39645733431186 3.450000000000005
vertex 124.6240058774346 -37.31885939695315 3.450000000000005
endloop
endfacet
facet normal -0.9999618456513963 0.008735401619446748 0
outer loop
vertex 124.63560235317851 -37.39645733431061 4.671976448308216e-15
vertex 124.63491697654386 -37.474914000001775 4.671892513878033e-15
vertex 124.63491697654393 -37.47491400000014 3.450000000000005
endloop
endfacet
facet normal -0.9999618456513963 0.008735401619446748 0
outer loop
vertex 124.63560235317851 -37.39645733431061 4.671976448308216e-15
vertex 124.63491697654393 -37.47491400000014 3.450000000000005
vertex 124.63560235317854 -37.39645733431186 3.450000000000005
endloop
endfacet
facet normal -5.3097622916855314e-17 -5.882975266356128e-18 1
outer loop
vertex 124.63491697654386 -37.474914000001775 4.671892513878033e-15
vertex 123.76892067001475 -47.373279500000116 4.565838553391602e-15
vertex 123.76387745064628 -47.43092365879103 4.5652209371459015e-15
endloop
endfacet
facet normal -5.3097622916855314e-17 -5.882975266356128e-18 1
outer loop
vertex 124.63491697654386 -37.474914000001775 4.671892513878033e-15
vertex 123.76387745064628 -47.43092365879103 4.5652209371459015e-15
vertex 123.74894160063322 -47.6016409024648 4.563391823054798e-15
endloop
endfacet
facet normal -5.3097622916855314e-17 -5.882975266356128e-18 1
outer loop
vertex 124.63491697654386 -37.474914000001775 4.671892513878033e-15
vertex 123.74894160063322 -47.6016409024648 4.563391823054798e-15
vertex 123.7246870963146 -47.87887066309642 4.5604215029469285e-15
endloop
endfacet
facet normal -5.3097622916855314e-17 -5.882975266356128e-18 1
outer loop
vertex 124.63491697654386 -37.474914000001775 4.671892513878033e-15
vertex 123.7246870963146 -47.87887066309642 4.5604215029469285e-15
vertex 123.69204602469046 -48.25195915644389 4.556424124558404e-15
endloop
endfacet
facet normal -5.3097622916855314e-17 -5.882975266356128e-18 1
outer loop
vertex 124.63491697654386 -37.474914000001775 4.671892513878033e-15
vertex 123.69204602469046 -48.25195915644389 4.556424124558404e-15
vertex 123.65227276383837 -48.706568800933766 4.551553304898988e-15
endloop
endfacet
facet normal -5.3097622916855314e-17 -5.882975266356128e-18 1
outer loop
vertex 124.63491697654386 -37.474914000001775 4.671892513878033e-15
vertex 123.65227276383837 -48.706568800933766 4.551553304898988e-15
vertex 123.60689577786513 -49.22522920290672 4.545996226836279e-15
endloop
endfacet
facet normal -5.3097622916855314e-17 -5.882975266356128e-18 1
outer loop
vertex 124.63491697654386 -37.474914000001775 4.671892513878033e-15
vertex 123.60689577786513 -49.22522920290672 4.545996226836279e-15
vertex 123.55765887889655 -49.78800853395363 4.539966445764097e-15
endloop
endfacet
facet normal -5.3097622916855314e-17 -5.882975266356128e-18 1
outer loop
vertex 124.63491697654386 -37.474914000001775 4.671892513878033e-15
vertex 123.55765887889655 -49.78800853395363 4.539966445764097e-15
vertex 123.50645421334673 -50.37327950000274 4.533695682787397e-15
endloop
endfacet
facet normal -5.3097622916855314e-17 -5.882975266356128e-18 1
outer loop
vertex 124.63491697654386 -37.474914000001775 4.671892513878033e-15
vertex 123.50645421334673 -50.37327950000274 4.533695682787397e-15
vertex 123.45524954779711 -50.9585504660495 4.527424919810723e-15
endloop
endfacet
facet normal -5.3097622916855314e-17 -5.882975266356128e-18 1
outer loop
vertex 124.63491697654386 -37.474914000001775 4.671892513878033e-15
vertex 123.45524954779711 -50.9585504660495 4.527424919810723e-15
vertex 123.40601264882883 -51.521329797092925 4.521395138738579e-15
endloop
endfacet
facet normal -5.3097622916855314e-17 -5.882975266356128e-18 1
outer loop
vertex 124.63491697654386 -37.474914000001775 4.671892513878033e-15
vertex 123.40601264882883 -51.521329797092925 4.521395138738579e-15
vertex 123.36063566285631 -52.03999019905772 4.5158380606759575e-15
endloop
endfacet
facet normal -5.3097622916855314e-17 -5.882975266356128e-18 1
outer loop
vertex 124.63491697654386 -37.474914000001775 4.671892513878033e-15
vertex 123.36063566285631 -52.03999019905772 4.5158380606759575e-15
vertex 123.32086240200296 -52.49459984356194 4.510967241016388e-15
endloop
endfacet
facet normal -5.3097622916855314e-17 -5.882975266356128e-18 1
outer loop
vertex 124.63491697654386 -37.474914000001775 4.671892513878033e-15
vertex 123.32086240200296 -52.49459984356194 4.510967241016388e-15
vertex 123.28822133037889 -52.86768833690863 4.506969862627871e-15
endloop
endfacet
facet normal -5.3097622916855314e-17 -5.882975266356128e-18 1
outer loop
vertex 124.63491697654386 -37.474914000001775 4.671892513878033e-15
vertex 123.28822133037889 -52.86768833690863 4.506969862627871e-15
vertex 123.26396682606092 -53.14491809753272 4.5039995425200815e-15
endloop
endfacet
facet normal -5.3097622916855314e-17 -5.882975266356128e-18 1
outer loop
vertex 124.63491697654386 -37.474914000001775 4.671892513878033e-15
vertex 123.26396682606092 -53.14491809753272 4.5039995425200815e-15
vertex 123.24903097604754 -53.315635341210346 4.502170428428937e-15
endloop
endfacet
facet normal -5.3097622916855314e-17 -5.882975266356128e-18 1
outer loop
vertex 124.63491697654386 -37.474914000001775 4.671892513878033e-15
vertex 123.24903097604754 -53.315635341210346 4.502170428428937e-15
vertex 123.24398775667916 -53.37327950000014 4.5015528121832485e-15
endloop
endfacet
facet normal -5.3097622916855314e-17 -5.882975266356128e-18 1
outer loop
vertex 124.63491697654386 -37.474914000001775 4.671892513878033e-15
vertex 123.24398775667916 -53.37327950000014 4.5015528121832485e-15
vertex 123.15329417654402 -54.409908000000016 4.490446051921679e-15
endloop
endfacet
facet normal -5.3097622916855314e-17 -5.882975266356128e-18 1
outer loop
vertex 124.63491697654386 -37.474914000001775 4.671892513878033e-15
vertex 123.15329417654402 -54.409908000000016 4.490446051921679e-15
vertex 123.15329417654402 -54.409908000000016 3.4500000000000046
endloop
endfacet
facet normal -5.3097622916855314e-17 -5.882975266356128e-18 1
outer loop
vertex 124.63491697654386 -37.474914000001775 4.671892513878033e-15
vertex 123.15329417654402 -54.409908000000016 3.4500000000000046
vertex 123.16827218755884 -54.238710099999984 3.4500000000000046
endloop
endfacet
facet normal -5.3097622916855314e-17 -5.882975266356128e-18 1
outer loop
vertex 124.63491697654386 -37.474914000001775 4.671892513878033e-15
vertex 123.16827218755884 -54.238710099999984 3.4500000000000046
vertex 123.17278597773915 -54.18711733041554 3.4500000000000046
endloop
endfacet
facet normal -5.3097622916855314e-17 -5.882975266356128e-18 1
outer loop
vertex 124.63491697654386 -37.474914000001775 4.671892513878033e-15
vertex 123.17278597773915 -54.18711733041554 3.4500000000000046
vertex 123.17922125246345 -54.11356192956605 3.4500000000000046
endloop
endfacet
facet normal -5.3097622916855314e-17 -5.882975266356128e-18 1
outer loop
vertex 124.63491697654386 -37.474914000001775 4.671892513878033e-15
vertex 123.17922125246345 -54.11356192956605 3.4500000000000046
vertex 123.18742343414704 -54.0198107243068 3.4500000000000046
endloop
endfacet
facet normal -5.3097622916855314e-17 -5.882975266356128e-18 1
outer loop
vertex 124.63491697654386 -37.474914000001775 4.671892513878033e-15
vertex 123.18742343414704 -54.0198107243068 3.4500000000000046
vertex 123.19719550347253 -53.90811565188813 3.4500000000000046
endloop
endfacet
facet normal -5.3097622916855314e-17 -5.882975266356128e-18 1
outer loop
vertex 124.63491697654386 -37.474914000001775 4.671892513878033e-15
vertex 123.19719550347253 -53.90811565188813 3.4500000000000046
vertex 123.20830273186363 -53.78115966762376 3.4500000000000046
endloop
endfacet
facet normal -5.3097622916855314e-17 -5.882975266356128e-18 1
outer loop
vertex 124.63491697654386 -37.474914000001775 4.671892513878033e-15
vertex 123.20830273186363 -53.78115966762376 3.4500000000000046
vertex 123.22047831974922 -53.64199229934959 3.4500000000000046
endloop
endfacet
facet normal -5.3097622916855314e-17 -5.882975266356128e-18 1
outer loop
vertex 124.63491697654386 -37.474914000001775 4.671892513878033e-15
vertex 123.22047831974922 -53.64199229934959 3.4500000000000046
vertex 123.23342980518346 -53.49395639668393 3.4500000000000046
endloop
endfacet
facet normal -5.3097622916855314e-17 -5.882975266356128e-18 1
outer loop
vertex 124.63491697654386 -37.474914000001775 4.671892513878033e-15
vertex 123.23342980518346 -53.49395639668393 3.4500000000000046
vertex 123.24684608888595 -53.340607834590514 3.4500000000000046
endloop
endfacet
facet normal -5.3097622916855314e-17 -5.882975266356128e-18 1
outer loop
vertex 124.63491697654386 -37.474914000001775 4.671892513878033e-15
vertex 123.24684608888595 -53.340607834590514 3.4500000000000046
vertex 123.26040489820784 -53.18563019999994 3.4500000000000046
endloop
endfacet
facet normal -5.3097622916855314e-17 -5.882975266356128e-18 1
outer loop
vertex 124.63491697654386 -37.474914000001775 4.671892513878033e-15
vertex 123.26040489820784 -53.18563019999994 3.4500000000000046
vertex 124.63491697654393 -37.47491400000014 3.450000000000005
endloop
endfacet
facet normal -0.3420632060759327 -0.939676946109169 0
outer loop
vertex 147.1945142765465 -61.37382200000066 7.43464637622818e-15
vertex 147.27641041051646 -61.403634005357375 7.444675760061067e-15
vertex 147.27641041051703 -61.40363400535786 3.4500000000000077
endloop
endfacet
facet normal -0.3420632060759327 -0.939676946109169 0
outer loop
vertex 147.1945142765465 -61.37382200000066 7.43464637622818e-15
vertex 147.27641041051703 -61.40363400535786 3.4500000000000077
vertex 147.19451427654388 -61.373821999999976 3.4500000000000077
endloop
endfacet
facet normal -0.49999146918084525 -0.8660303289991523 0
outer loop
vertex 147.27641041051646 -61.403634005357375 7.444675760061067e-15
vertex 147.35188891511376 -61.44721054897426 7.453919210967019e-15
vertex 147.35188891511407 -61.44721054897459 3.4500000000000077
endloop
endfacet
facet normal -0.49999146918084525 -0.8660303289991523 0
outer loop
vertex 147.27641041051646 -61.403634005357375 7.444675760061067e-15
vertex 147.35188891511407 -61.44721054897459 3.4500000000000077
vertex 147.27641041051703 -61.40363400535786 3.4500000000000077
endloop
endfacet
facet normal -0.6427782666014527 -0.7660522828011362 0
outer loop
vertex 147.35188891511376 -61.44721054897426 7.453919210967019e-15
vertex 147.41865387566173 -61.50323161512634 7.462095560490049e-15
vertex 147.41865387566207 -61.503231615126666 3.4500000000000077
endloop
endfacet
facet normal -0.6427782666014527 -0.7660522828011362 0
outer loop
vertex 147.35188891511376 -61.44721054897426 7.453919210967019e-15
vertex 147.41865387566207 -61.503231615126666 3.4500000000000077
vertex 147.35188891511407 -61.44721054897459 3.4500000000000077
endloop
endfacet
facet normal -0.7660350953476248 -0.6427987497621284 0
outer loop
vertex 147.41865387566173 -61.50323161512634 7.462095560490049e-15
vertex 147.47467672701532 -61.569995077709564 7.468956381048976e-15
vertex 147.47467672701532 -61.5699950777095 3.4500000000000077
endloop
endfacet
facet normal -0.7660350953476248 -0.6427987497621284 0
outer loop
vertex 147.41865387566173 -61.50323161512634 7.462095560490049e-15
vertex 147.47467672701532 -61.5699950777095 3.4500000000000077
vertex 147.41865387566207 -61.503231615126666 3.4500000000000077
endloop
endfacet
facet normal -0.8660169594709043 -0.5000146256948594 0
outer loop
vertex 147.47467672701532 -61.569995077709564 7.468956381048976e-15
vertex 147.51825528882847 -61.64547241709154 7.474293215672567e-15
vertex 147.51825528882824 -61.64547241709113 3.4500000000000077
endloop
endfacet
facet normal -0.8660169594709043 -0.5000146256948594 0
outer loop
vertex 147.47467672701532 -61.569995077709564 7.468956381048976e-15
vertex 147.51825528882824 -61.64547241709113 3.4500000000000077
vertex 147.47467672701532 -61.5699950777095 3.4500000000000077
endloop
endfacet
facet normal -0.9396860420818458 -0.34203821762568515 0
outer loop
vertex 147.51825528882847 -61.64547241709154 7.474293215672567e-15
vertex 147.5480654840565 -61.727370354000406 7.477943911689364e-15
vertex 147.5480654840569 -61.72737035400169 3.4500000000000077
endloop
endfacet
facet normal -0.9396860420818458 -0.34203821762568515 0
outer loop
vertex 147.51825528882847 -61.64547241709154 7.474293215672567e-15
vertex 147.5480654840569 -61.72737035400169 3.4500000000000077
vertex 147.51825528882824 -61.64547241709113 3.4500000000000077
endloop
endfacet
facet normal -0.984804005404649 -0.17366943006459243 0
outer loop
vertex 147.5480654840565 -61.727370354000406 7.477943911689364e-15
vertex 147.56320156929166 -61.81320052779765 7.479797547522848e-15
vertex 147.56320156929155 -61.81320052779613 3.4500000000000077
endloop
endfacet
facet normal -0.984804005404649 -0.17366943006459243 0
outer loop
vertex 147.5480654840565 -61.727370354000406 7.477943911689364e-15
vertex 147.56320156929155 -61.81320052779613 3.4500000000000077
vertex 147.5480654840569 -61.72737035400169 3.4500000000000077
endloop
endfacet
facet normal -0.9999999997137674 -0.000023926246768724017 0
outer loop
vertex 147.56320156929166 -61.81320052779765 7.479797547522848e-15
vertex 147.5632036545735 -61.90035510200305 7.479797802896223e-15
vertex 147.5632036545734 -61.90035510200449 3.4500000000000077
endloop
endfacet
facet normal -0.9999999997137674 -0.000023926246768724017 0
outer loop
vertex 147.56320156929166 -61.81320052779765 7.479797547522848e-15
vertex 147.5632036545734 -61.90035510200449 3.4500000000000077
vertex 147.56320156929155 -61.81320052779613 3.4500000000000077
endloop
endfacet
facet normal -0.9848123147923928 0.17362230453846905 0
outer loop
vertex 147.5632036545735 -61.90035510200305 7.479797802896223e-15
vertex 147.5480716765423 -61.98618600000836 7.477944670050155e-15
vertex 147.54807167654394 -61.986186 3.4500000000000077
endloop
endfacet
facet normal -0.9848123147923928 0.17362230453846905 0
outer loop
vertex 147.5632036545735 -61.90035510200305 7.479797802896223e-15
vertex 147.54807167654394 -61.986186 3.4500000000000077
vertex 147.5632036545734 -61.90035510200449 3.4500000000000077
endloop
endfacet
facet normal -1.6051417223496238e-17 3.711890232933505e-17 -1
outer loop
vertex 147.5480716765423 -61.98618600000836 7.477944670050155e-15
vertex 146.90845165455084 -64.37327950000032 7.399613808789915e-15
vertex 146.8930059428041 -64.43092365879096 7.397722254644797e-15
endloop
endfacet
facet normal -1.6051417223496238e-17 3.711890232933505e-17 -1
outer loop
vertex 147.5480716765423 -61.98618600000836 7.477944670050155e-15
vertex 146.8930059428041 -64.43092365879096 7.397722254644797e-15
vertex 146.8472623776049 -64.60164090246566 7.392120283574516e-15
endloop
endfacet
facet normal -1.6051417223496238e-17 3.711890232933505e-17 -1
outer loop
vertex 147.5480716765423 -61.98618600000836 7.477944670050155e-15
vertex 146.8472623776049 -64.60164090246566 7.392120283574516e-15
vertex 146.7729788585099 -64.87887066309152 7.383023176185607e-15
endloop
endfacet
facet normal -1.6051417223496238e-17 3.711890232933505e-17 -1
outer loop
vertex 147.5480716765423 -61.98618600000836 7.477944670050155e-15
vertex 146.7729788585099 -64.87887066309152 7.383023176185607e-15
vertex 146.6730100595005 -65.25195915643532 7.370780529213461e-15
endloop
endfacet
facet normal -1.6051417223496238e-17 3.711890232933505e-17 -1
outer loop
vertex 147.5480716765423 -61.98618600000836 7.477944670050155e-15
vertex 146.6730100595005 -65.25195915643532 7.370780529213461e-15
vertex 146.55119772545567 -65.70656880094256 7.355862820714995e-15
endloop
endfacet
facet normal -1.6051417223496238e-17 3.711890232933505e-17 -1
outer loop
vertex 147.5480716765423 -61.98618600000836 7.477944670050155e-15
vertex 146.55119772545567 -65.70656880094256 7.355862820714995e-15
vertex 146.41222303606395 -66.22522920290668 7.338843329862388e-15
endloop
endfacet
facet normal -1.6051417223496238e-17 3.711890232933505e-17 -1
outer loop
vertex 147.5480716765423 -61.98618600000836 7.477944670050155e-15
vertex 146.41222303606395 -66.22522920290668 7.338843329862388e-15
vertex 146.26142671069948 -66.78800853395308 7.320376106144307e-15
endloop
endfacet
facet normal -1.6051417223496238e-17 3.711890232933505e-17 -1
outer loop
vertex 147.5480716765423 -61.98618600000836 7.477944670050155e-15
vertex 146.26142671069948 -66.78800853395308 7.320376106144307e-15
vertex 146.10460376757803 -67.37327950000146 7.301170834611653e-15
endloop
endfacet
facet normal -1.6051417223496238e-17 3.711890232933505e-17 -1
outer loop
vertex 147.5480716765423 -61.98618600000836 7.477944670050155e-15
vertex 146.10460376757803 -67.37327950000146 7.301170834611653e-15
vertex 145.94778082445694 -67.95855046604842 7.281965563079044e-15
endloop
endfacet
facet normal -1.6051417223496238e-17 3.711890232933505e-17 -1
outer loop
vertex 147.5480716765423 -61.98618600000836 7.477944670050155e-15
vertex 145.94778082445694 -67.95855046604842 7.281965563079044e-15
vertex 145.79698449909267 -68.52132979709408 7.263498339360986e-15
endloop
endfacet
facet normal -1.6051417223496238e-17 3.711890232933505e-17 -1
outer loop
vertex 147.5480716765423 -61.98618600000836 7.477944670050155e-15
vertex 145.79698449909267 -68.52132979709408 7.263498339360986e-15
vertex 145.69255300200192 -68.91107330000006 7.250709169496753e-15
endloop
endfacet
facet normal -1.6051417223496238e-17 3.711890232933505e-17 -1
outer loop
vertex 147.5480716765423 -61.98618600000836 7.477944670050155e-15
vertex 145.69255300200192 -68.91107330000006 7.250709169496753e-15
vertex 145.67710729025535 -68.9687174587901 7.248817615351655e-15
endloop
endfacet
facet normal -1.6051417223496238e-17 3.711890232933505e-17 -1
outer loop
vertex 147.5480716765423 -61.98618600000836 7.477944670050155e-15
vertex 145.67710729025535 -68.9687174587901 7.248817615351655e-15
vertex 145.63136372505556 -69.13943470246691 7.243215644281302e-15
endloop
endfacet
facet normal -1.6051417223496238e-17 3.711890232933505e-17 -1
outer loop
vertex 147.5480716765423 -61.98618600000836 7.477944670050155e-15
vertex 145.63136372505556 -69.13943470246691 7.243215644281302e-15
vertex 145.55708020596057 -69.41666446309274 7.234118536892394e-15
endloop
endfacet
facet normal -1.6051417223496238e-17 3.711890232933505e-17 -1
outer loop
vertex 147.5480716765423 -61.98618600000836 7.477944670050155e-15
vertex 145.55708020596057 -69.41666446309274 7.234118536892394e-15
vertex 145.45711140695028 -69.78975295643984 7.22187588992014e-15
endloop
endfacet
facet normal -1.6051417223496238e-17 3.711890232933505e-17 -1
outer loop
vertex 147.5480716765423 -61.98618600000836 7.477944670050155e-15
vertex 145.45711140695028 -69.78975295643984 7.22187588992014e-15
vertex 145.33529907290654 -70.24436260094302 7.206958181421807e-15
endloop
endfacet
facet normal -1.6051417223496238e-17 3.711890232933505e-17 -1
outer loop
vertex 147.5480716765423 -61.98618600000836 7.477944670050155e-15
vertex 145.33529907290654 -70.24436260094302 7.206958181421807e-15
vertex 145.1963243835161 -70.76302300290237 7.189938690569356e-15
endloop
endfacet
facet normal -1.6051417223496238e-17 3.711890232933505e-17 -1
outer loop
vertex 147.5480716765423 -61.98618600000836 7.477944670050155e-15
vertex 145.1963243835161 -70.76302300290237 7.189938690569356e-15
vertex 145.04552805815035 -71.32580233395353 7.17147146685112e-15
endloop
endfacet
facet normal -1.6051417223496238e-17 3.711890232933505e-17 -1
outer loop
vertex 147.5480716765423 -61.98618600000836 7.477944670050155e-15
vertex 145.04552805815035 -71.32580233395353 7.17147146685112e-15
vertex 144.88870511503004 -71.91107329999762 7.152266195318606e-15
endloop
endfacet
facet normal -1.6051417223496238e-17 3.711890232933505e-17 -1
outer loop
vertex 147.5480716765423 -61.98618600000836 7.477944670050155e-15
vertex 144.88870511503004 -71.91107329999762 7.152266195318606e-15
vertex 144.73188217190784 -72.49634426604872 7.13306092378586e-15
endloop
endfacet
facet normal -1.6051417223496238e-17 3.711890232933505e-17 -1
outer loop
vertex 147.5480716765423 -61.98618600000836 7.477944670050155e-15
vertex 144.73188217190784 -72.49634426604872 7.13306092378586e-15
vertex 144.58108584654224 -73.05912359709934 7.114593700067642e-15
endloop
endfacet
facet normal -1.6051417223496238e-17 3.711890232933505e-17 -1
outer loop
vertex 147.5480716765423 -61.98618600000836 7.477944670050155e-15
vertex 144.58108584654224 -73.05912359709934 7.114593700067642e-15
vertex 144.44211115715268 -73.57778399905533 7.097574209215302e-15
endloop
endfacet
facet normal -1.6051417223496238e-17 3.711890232933505e-17 -1
outer loop
vertex 147.5480716765423 -61.98618600000836 7.477944670050155e-15
vertex 144.44211115715268 -73.57778399905533 7.097574209215302e-15
vertex 144.3202988231084 -74.03239364356058 7.082656500716901e-15
endloop
endfacet
facet normal -1.6051417223496238e-17 3.711890232933505e-17 -1
outer loop
vertex 147.5480716765423 -61.98618600000836 7.477944670050155e-15
vertex 144.3202988231084 -74.03239364356058 7.082656500716901e-15
vertex 144.22033002409802 -74.40548213690806 7.070413853744634e-15
endloop
endfacet
facet normal -1.6051417223496238e-17 3.711890232933505e-17 -1
outer loop
vertex 147.5480716765423 -61.98618600000836 7.477944670050155e-15
vertex 144.22033002409802 -74.40548213690806 7.070413853744634e-15
vertex 144.14604650500314 -74.68271189753342 7.061316746355741e-15
endloop
endfacet
facet normal -1.6051417223496238e-17 3.711890232933505e-17 -1
outer loop
vertex 147.5480716765423 -61.98618600000836 7.477944670050155e-15
vertex 144.14604650500314 -74.68271189753342 7.061316746355741e-15
vertex 144.10030293980358 -74.85342914120942 7.0557147752854165e-15
endloop
endfacet
facet normal -1.6051417223496238e-17 3.711890232933505e-17 -1
outer loop
vertex 147.5480716765423 -61.98618600000836 7.477944670050155e-15
vertex 144.10030293980358 -74.85342914120942 7.0557147752854165e-15
vertex 144.08485722805688 -74.91107330000003 7.053823221140301e-15
endloop
endfacet
facet normal -1.6051417223496238e-17 3.711890232933505e-17 -1
outer loop
vertex 147.5480716765423 -61.98618600000836 7.477944670050155e-15
vertex 144.08485722805688 -74.91107330000003 7.053823221140301e-15
vertex 141.29262755277622 -85.3318122999998 6.71187370770863e-15
endloop
endfacet
facet normal -1.6051417223496238e-17 3.711890232933505e-17 -1
outer loop
vertex 147.5480716765423 -61.98618600000836 7.477944670050155e-15
vertex 141.29262755277622 -85.3318122999998 6.71187370770863e-15
vertex 141.2771818410298 -85.38945645878931 6.7099821535635496e-15
endloop
endfacet
facet normal -1.6051417223496238e-17 3.711890232933505e-17 -1
outer loop
vertex 147.5480716765423 -61.98618600000836 7.477944670050155e-15
vertex 141.2771818410298 -85.38945645878931 6.7099821535635496e-15
vertex 141.23143827582984 -85.56017370246674 6.704380182493177e-15
endloop
endfacet
facet normal -1.6051417223496238e-17 3.711890232933505e-17 -1
outer loop
vertex 147.5480716765423 -61.98618600000836 7.477944670050155e-15
vertex 141.23143827582984 -85.56017370246674 6.704380182493177e-15
vertex 141.15715475673488 -85.83740346309247 6.695283075104272e-15
endloop
endfacet
facet normal -1.6051417223496238e-17 3.711890232933505e-17 -1
outer loop
vertex 147.5480716765423 -61.98618600000836 7.477944670050155e-15
vertex 141.15715475673488 -85.83740346309247 6.695283075104272e-15
vertex 141.0571859577241 -86.21049195644143 6.6830404281319574e-15
endloop
endfacet
facet normal -1.6051417223496238e-17 3.711890232933505e-17 -1
outer loop
vertex 147.5480716765423 -61.98618600000836 7.477944670050155e-15
vertex 141.0571859577241 -86.21049195644143 6.6830404281319574e-15
vertex 140.93537362368107 -86.66510160094202 6.668122719633709e-15
endloop
endfacet
facet normal -1.6051417223496238e-17 3.711890232933505e-17 -1
outer loop
vertex 147.5480716765423 -61.98618600000836 7.477944670050155e-15
vertex 140.93537362368107 -86.66510160094202 6.668122719633709e-15
vertex 140.79639893429055 -87.18376200290162 6.65110322878125e-15
endloop
endfacet
facet normal -1.6051417223496238e-17 3.711890232933505e-17 -1
outer loop
vertex 147.5480716765423 -61.98618600000836 7.477944670050155e-15
vertex 140.79639893429055 -87.18376200290162 6.65110322878125e-15
vertex 140.64560260892435 -87.74654133395441 6.63263600506296e-15
endloop
endfacet
facet normal -1.6051417223496238e-17 3.711890232933505e-17 -1
outer loop
vertex 147.5480716765423 -61.98618600000836 7.477944670050155e-15
vertex 140.64560260892435 -87.74654133395441 6.63263600506296e-15
vertex 140.48877966580457 -88.33181229999649 6.613430733530511e-15
endloop
endfacet
facet normal -1.6051417223496238e-17 3.711890232933505e-17 -1
outer loop
vertex 147.5480716765423 -61.98618600000836 7.477944670050155e-15
vertex 140.48877966580457 -88.33181229999649 6.613430733530511e-15
vertex 140.3319567226814 -88.91708326605121 6.594225461997648e-15
endloop
endfacet
facet normal -1.6051417223496238e-17 3.711890232933505e-17 -1
outer loop
vertex 147.5480716765423 -61.98618600000836 7.477944670050155e-15
vertex 140.3319567226814 -88.91708326605121 6.594225461997648e-15
vertex 140.18116039731711 -89.47986259709697 6.575758238279589e-15
endloop
endfacet
facet normal -1.6051417223496238e-17 3.711890232933505e-17 -1
outer loop
vertex 147.5480716765423 -61.98618600000836 7.477944670050155e-15
vertex 140.18116039731711 -89.47986259709697 6.575758238279589e-15
vertex 140.04218570792676 -89.998522999056 6.558738747427149e-15
endloop
endfacet
facet normal -1.6051417223496238e-17 3.711890232933505e-17 -1
outer loop
vertex 147.5480716765423 -61.98618600000836 7.477944670050155e-15
vertex 140.04218570792676 -89.998522999056 6.558738747427149e-15
vertex 139.9203733738827 -90.45313264356034 6.543821038928777e-15
endloop
endfacet
facet normal -1.6051417223496238e-17 3.711890232933505e-17 -1
outer loop
vertex 147.5480716765423 -61.98618600000836 7.477944670050155e-15
vertex 139.9203733738827 -90.45313264356034 6.543821038928777e-15
vertex 139.82040457487238 -90.82622113690758 6.531578391956519e-15
endloop
endfacet
facet normal -1.6051417223496238e-17 3.711890232933505e-17 -1
outer loop
vertex 147.5480716765423 -61.98618600000836 7.477944670050155e-15
vertex 139.82040457487238 -90.82622113690758 6.531578391956519e-15
vertex 139.7461210557772 -91.1034508975342 6.522481284567585e-15
endloop
endfacet
facet normal -1.6051417223496238e-17 3.711890232933505e-17 -1
outer loop
vertex 147.5480716765423 -61.98618600000836 7.477944670050155e-15
vertex 139.7461210557772 -91.1034508975342 6.522481284567585e-15
vertex 139.7003774905777 -91.27416814120991 6.516879313497269e-15
endloop
endfacet
facet normal -1.6051417223496238e-17 3.711890232933505e-17 -1
outer loop
vertex 147.5480716765423 -61.98618600000836 7.477944670050155e-15
vertex 139.7003774905777 -91.27416814120991 6.516879313497269e-15
vertex 139.68493177883116 -91.33181229999983 6.514987759352176e-15
endloop
endfacet
facet normal -1.6051417223496238e-17 3.711890232933505e-17 -1
outer loop
vertex 147.5480716765423 -61.98618600000836 7.477944670050155e-15
vertex 139.68493177883116 -91.33181229999983 6.514987759352176e-15
vertex 136.34669322933834 -103.79028337491447 6.106171443909508e-15
endloop
endfacet
facet normal -1.6051417223496238e-17 3.711890232933505e-17 -1
outer loop
vertex 147.5480716765423 -61.98618600000836 7.477944670050155e-15
vertex 136.34669322933834 -103.79028337491447 6.106171443909508e-15
vertex 135.49493944472903 -106.9690705500001 6.001861689311164e-15
endloop
endfacet
facet normal -1.6051417223496238e-17 3.711890232933505e-17 -1
outer loop
vertex 147.5480716765423 -61.98618600000836 7.477944670050155e-15
vertex 135.49493944472903 -106.9690705500001 6.001861689311164e-15
vertex 135.49467024799708 -106.9700752054939 6.001828722219553e-15
endloop
endfacet
facet normal -1.6051417223496238e-17 3.711890232933505e-17 -1
outer loop
vertex 147.5480716765423 -61.98618600000836 7.477944670050155e-15
vertex 135.49467024799708 -106.9700752054939 6.001828722219553e-15
vertex 135.49168951051112 -106.98119946495 6.001463687157423e-15
endloop
endfacet
facet normal -1.6051417223496238e-17 3.711890232933505e-17 -1
outer loop
vertex 147.5480716765423 -61.98618600000836 7.477944670050155e-15
vertex 135.49168951051112 -106.98119946495 6.001463687157423e-15
vertex 135.48602730378354 -107.00233109999937 6.00077026682292e-15
endloop
endfacet
facet normal -1.6051417223496238e-17 3.711890232933505e-17 -1
outer loop
vertex 147.5480716765423 -61.98618600000836 7.477944670050155e-15
vertex 135.48602730378354 -107.00233109999937 6.00077026682292e-15
vertex 134.34829329905097 -111.24841057537462 5.861438036105232e-15
endloop
endfacet
facet normal -1.6051417223496238e-17 3.711890232933505e-17 -1
outer loop
vertex 147.5480716765423 -61.98618600000836 7.477944670050155e-15
vertex 134.34829329905097 -111.24841057537462 5.861438036105232e-15
vertex 134.34829329904665 -111.24841057538671 3.450000000000006
endloop
endfacet
facet normal -1.6051417223496238e-17 3.711890232933505e-17 -1
outer loop
vertex 147.5480716765423 -61.98618600000836 7.477944670050155e-15
vertex 134.34829329904665 -111.24841057538671 3.450000000000006
vertex 147.54807167654394 -61.986186 3.4500000000000077
endloop
endfacet
facet normal -0.9397083234986304 0.3419769973951369 0
outer loop
vertex 134.34829329905097 -111.24841057537462 5.861438036105232e-15
vertex 134.3184869185755 -111.33031463336533 5.85778780726089e-15
vertex 134.31848691857607 -111.33031463336407 3.450000000000006
endloop
endfacet
facet normal -0.9397083234986304 0.3419769973951369 0
outer loop
vertex 134.34829329905097 -111.24841057537462 5.861438036105232e-15
vertex 134.31848691857607 -111.33031463336407 3.450000000000006
vertex 134.34829329904665 -111.24841057538671 3.450000000000006
endloop
endfacet
facet normal -0.866014461159191 0.5000189527039509 0
outer loop
vertex 134.3184869185755 -111.33031463336533 5.85778780726089e-15
vertex 134.2749074066564 -111.40579274740101 5.8524508562828785e-15
vertex 134.27490740665587 -111.40579274740169 3.450000000000006
endloop
endfacet
facet normal -0.866014461159191 0.5000189527039509 0
outer loop
vertex 134.3184869185755 -111.33031463336533 5.85778780726089e-15
vertex 134.27490740665587 -111.40579274740169 3.450000000000006
vertex 134.31848691857607 -111.33031463336407 3.450000000000006
endloop
endfacet
facet normal -0.7660304047748394 0.6428043395625886 0
outer loop
vertex 134.2749074066564 -111.40579274740101 5.8524508562828785e-15
vertex 134.21888333151497 -111.47255667899944 5.845589885853164e-15
vertex 134.21888333151472 -111.4725566789998 3.450000000000006
endloop
endfacet
facet normal -0.7660304047748394 0.6428043395625886 0
outer loop
vertex 134.2749074066564 -111.40579274740101 5.8524508562828785e-15
vertex 134.21888333151472 -111.4725566789998 3.450000000000006
vertex 134.27490740665587 -111.40579274740169 3.450000000000006
endloop
endfacet
facet normal -0.6427709142318163 0.7660584519588535 0
outer loop
vertex 134.21888333151497 -111.47255667899944 5.845589885853164e-15
vertex 134.1521169554452 -111.52857784093113 5.8374133629787085e-15
vertex 134.15211695544406 -111.5285778409322 3.450000000000006
endloop
endfacet
facet normal -0.6427709142318163 0.7660584519588535 0
outer loop
vertex 134.21888333151497 -111.47255667899944 5.845589885853164e-15
vertex 134.15211695544406 -111.5285778409322 3.450000000000006
vertex 134.21888333151472 -111.4725566789998 3.450000000000006
endloop
endfacet
facet normal -0.49998116483749044 0.8660362779974902 0
outer loop
vertex 134.1521169554452 -111.52857784093113 5.8374133629787085e-15
vertex 134.07663693994425 -111.57215405942323 5.828169727040429e-15
vertex 134.07663693994414 -111.57215405942372 3.450000000000006
endloop
endfacet
facet normal -0.49998116483749044 0.8660362779974902 0
outer loop
vertex 134.1521169554452 -111.52857784093113 5.8374133629787085e-15
vertex 134.07663693994414 -111.57215405942372 3.450000000000006
vertex 134.15211695544406 -111.5285778409322 3.450000000000006
endloop
endfacet
facet normal -0.34199974862420335 0.9397000435995423 0
outer loop
vertex 134.07663693994425 -111.57215405942323 5.828169727040429e-15
vertex 133.99473670590118 -111.60196129381231 5.8181398410934e-15
vertex 133.99473670590308 -111.60196129381207 3.450000000000006
endloop
endfacet
facet normal -0.34199974862420335 0.9397000435995423 0
outer loop
vertex 134.07663693994425 -111.57215405942323 5.828169727040429e-15
vertex 133.99473670590308 -111.60196129381207 3.450000000000006
vertex 134.07663693994414 -111.57215405942372 3.450000000000006
endloop
endfacet
facet normal -0.17362684849351265 0.9848115136828015 0
outer loop
vertex 133.99473670590118 -111.60196129381231 5.8181398410934e-15
vertex 133.90890474920138 -111.61709386683239 5.807628457989705e-15
vertex 133.9089047491991 -111.61709386683287 3.450000000000006
endloop
endfacet
facet normal -0.17362684849351265 0.9848115136828015 0
outer loop
vertex 133.99473670590118 -111.60196129381231 5.8181398410934e-15
vertex 133.9089047491991 -111.61709386683287 3.450000000000006
vertex 133.99473670590308 -111.60196129381207 3.450000000000006
endloop
endfacet
facet normal 0.00002161283566692873 0.9999999997664427 0
outer loop
vertex 133.90890474920138 -111.61709386683239 5.807628457989705e-15
vertex 133.82174902904993 -111.61709198315013 5.796954960618619e-15
vertex 133.82174902905214 -111.61709134893925 3.450000000000006
endloop
endfacet
facet normal 0.00002161283566692873 0.9999999997664427 0
outer loop
vertex 133.90890474920138 -111.61709386683239 5.807628457989705e-15
vertex 133.82174902905214 -111.61709134893925 3.450000000000006
vertex 133.9089047491991 -111.61709386683287 3.450000000000006
endloop
endfacet
facet normal 0.17366941747017955 0.9848040076256639 0
outer loop
vertex 133.82174902904993 -111.61709198315013 5.796954960618619e-15
vertex 133.735917726543 -111.60195569999973 5.786443657630443e-15
vertex 133.73591772654385 -111.60195569999998 3.450000000000006
endloop
endfacet
facet normal 0.17366941747017955 0.9848040076256639 0
outer loop
vertex 133.82174902904993 -111.61709198315013 5.796954960618619e-15
vertex 133.73591772654385 -111.60195569999998 3.450000000000006
vertex 133.82174902905214 -111.61709134893925 3.450000000000006
endloop
endfacet
facet normal -0.040375281371894334 0.9991845858769741 -2.622556464804673e-13
outer loop
vertex 116.27065812654163 -106.9690705500001 3.647566231088517e-15
vertex 74.00785137653085 -108.67683580000144 -1.5281348698498679e-15
vertex 74.00785137654431 -108.67683579999999 3.449999999999999
endloop
endfacet
facet normal -0.040375281371894334 0.9991845858769741 -2.622556464804673e-13
outer loop
vertex 116.27065812654163 -106.9690705500001 3.647566231088517e-15
vertex 74.00785137654431 -108.67683579999999 3.449999999999999
vertex 86.41537677175988 -108.17546964999998 3.45
endloop
endfacet
facet normal -0.040375281371894334 0.9991845858769741 -2.622556464804673e-13
outer loop
vertex 116.27065812654163 -106.9690705500001 3.647566231088517e-15
vertex 86.41537677175988 -108.17546964999998 3.45
vertex 116.27065812654368 -106.96907055 3.4500000000000037
endloop
endfacet
facet normal -0.4226182625072576 0.9063077866791981 -2.9344721233819174e-14
outer loop
vertex 56.093082376531996 -111.85248270000568 -3.7220613211811505e-15
vertex 39.80924347654994 -119.44576149999733 -5.7162564398505694e-15
vertex 39.80924347654397 -119.4457615 3.4499999999999944
endloop
endfacet
facet normal -0.4226182625072576 0.9063077866791981 -2.9344721233819174e-14
outer loop
vertex 56.093082376531996 -111.85248270000568 -3.7220613211811505e-15
vertex 39.80924347654397 -119.4457615 3.4499999999999944
vertex 53.68949886697936 -112.97329210000004 3.449999999999996
endloop
endfacet
facet normal -0.4226182625072576 0.9063077866791981 -2.9344721233819174e-14
outer loop
vertex 56.093082376531996 -111.85248270000568 -3.7220613211811505e-15
vertex 53.68949886697936 -112.97329210000004 3.449999999999996
vertex 53.714135605779944 -112.9618038 3.449999999999996
endloop
endfacet
facet normal -0.4226182625072576 0.9063077866791981 -2.9344721233819174e-14
outer loop
vertex 56.093082376531996 -111.85248270000568 -3.7220613211811505e-15
vertex 53.714135605779944 -112.9618038 3.449999999999996
vertex 56.09308237654396 -111.8524827 3.4499999999999966
endloop
endfacet
facet normal 1.818182226998033e-8 -1 0
outer loop
vertex 47.547707026548835 -37.206279641073685 -4.768567978168108e-15
vertex 64.04770497654093 -37.206279641073685 -2.7479010106285373e-15
vertex 64.04770497654403 -37.206279647389096 3.4499999999999975
endloop
endfacet
facet normal 1.818182226998033e-8 -1 0
outer loop
vertex 47.547707026548835 -37.206279641073685 -4.768567978168108e-15
vertex 64.04770497654403 -37.206279647389096 3.4499999999999975
vertex 47.54770762788925 -37.206279647389096 3.4499999999999953
endloop
endfacet
facet normal -1.5848381739966763e-16 -5.53932612067877e-23 1
outer loop
vertex 65.04770702654322 -36.20627937923163 -2.6254360796609273e-15
vertex 65.04770528944803 -35.07674365000018 -2.6254362923937335e-15
vertex 65.04770524668643 -35.04893818008294 -2.6254362976305192e-15
endloop
endfacet
facet normal -1.5848381739966763e-16 -5.53932612067877e-23 1
outer loop
vertex 65.04770702654322 -36.20627937923163 -2.6254360796609273e-15
vertex 65.04770524668643 -35.04893818008294 -2.6254362976305192e-15
vertex 65.04770516355117 -34.99487997300143 -2.6254363078116523e-15
endloop
endfacet
facet normal -1.5848381739966763e-16 -5.53932612067877e-23 1
outer loop
vertex 65.04770702654322 -36.20627937923163 -2.6254360796609273e-15
vertex 65.04770516355117 -34.99487997300143 -2.6254363078116523e-15
vertex 65.04770504229602 -34.91603453085599 -2.6254363226611262e-15
endloop
endfacet
facet normal -1.5848381739966763e-16 -5.53932612067877e-23 1
outer loop
vertex 65.04770702654322 -36.20627937923163 -2.6254360796609273e-15
vertex 65.04770504229602 -34.91603453085599 -2.6254363226611262e-15
vertex 65.04770497654373 -34.87327950000926 -2.625436330713459e-15
endloop
endfacet
facet normal -1.5848381739966763e-16 -5.53932612067877e-23 1
outer loop
vertex 65.04770702654322 -36.20627937923163 -2.6254360796609273e-15
vertex 65.04770497654373 -34.87327950000926 -2.625436330713459e-15
vertex 65.04770497654395 -34.87327950000015 3.4499999999999975
endloop
endfacet
facet normal -1.5848381739966763e-16 -5.53932612067877e-23 1
outer loop
vertex 65.04770702654322 -36.20627937923163 -2.6254360796609273e-15
vertex 65.04770497654395 -34.87327950000015 3.4499999999999975
vertex 65.04770518108286 -35.006279699999936 3.4499999999999975
endloop
endfacet
facet normal -1.5848381739966763e-16 -5.53932612067877e-23 1
outer loop
vertex 65.04770702654322 -36.20627937923163 -2.6254360796609273e-15
vertex 65.04770518108286 -35.006279699999936 3.4499999999999975
vertex 65.04770544813364 -35.17992787766693 3.4499999999999975
endloop
endfacet
facet normal -1.5848381739966763e-16 -5.53932612067877e-23 1
outer loop
vertex 65.04770702654322 -36.20627937923163 -2.6254360796609273e-15
vertex 65.04770544813364 -35.17992787766693 3.4499999999999975
vertex 65.04770570707024 -35.348299843325634 3.4499999999999975
endloop
endfacet
facet normal -1.5848381739966763e-16 -5.53932612067877e-23 1
outer loop
vertex 65.04770702654322 -36.20627937923163 -2.6254360796609273e-15
vertex 65.04770570707024 -35.348299843325634 3.4499999999999975
vertex 65.04770595002498 -35.50627970000012 3.4499999999999975
endloop
endfacet
facet normal -1.5848381739966763e-16 -5.53932612067877e-23 1
outer loop
vertex 65.04770702654322 -36.20627937923163 -2.6254360796609273e-15
vertex 65.04770595002498 -35.50627970000012 3.4499999999999975
vertex 65.04770616961578 -35.64906730968641 3.4499999999999975
endloop
endfacet
facet normal -1.5848381739966763e-16 -5.53932612067877e-23 1
outer loop
vertex 65.04770702654322 -36.20627937923163 -2.6254360796609273e-15
vertex 65.04770616961578 -35.64906730968641 3.4499999999999975
vertex 65.04770635917052 -35.772324143119 3.4499999999999975
endloop
endfacet
facet normal -1.5848381739966763e-16 -5.53932612067877e-23 1
outer loop
vertex 65.04770702654322 -36.20627937923163 -2.6254360796609273e-15
vertex 65.04770635917052 -35.772324143119 3.4499999999999975
vertex 65.04770651292964 -35.87230510378443 3.4499999999999975
endloop
endfacet
facet normal -1.5848381739966763e-16 -5.53932612067877e-23 1
outer loop
vertex 65.04770702654322 -36.20627937923163 -2.6254360796609273e-15
vertex 65.04770651292964 -35.87230510378443 3.4499999999999975
vertex 65.04770662622127 -35.94597232078588 3.4499999999999975
endloop
endfacet
facet normal -1.5848381739966763e-16 -5.53932612067877e-23 1
outer loop
vertex 65.04770702654322 -36.20627937923163 -2.6254360796609273e-15
vertex 65.04770662622127 -35.94597232078588 3.4499999999999975
vertex 65.04770669560311 -35.9910874530122 3.4499999999999975
endloop
endfacet
facet normal -1.5848381739966763e-16 -5.53932612067877e-23 1
outer loop
vertex 65.04770702654322 -36.20627937923163 -2.6254360796609273e-15
vertex 65.04770669560311 -35.9910874530122 3.4499999999999975
vertex 65.04770671896657 -36.0062794 3.4499999999999975
endloop
endfacet
facet normal -1.5848381739966763e-16 -5.53932612067877e-23 1
outer loop
vertex 65.04770702654322 -36.20627937923163 -2.6254360796609273e-15
vertex 65.04770671896657 -36.0062794 3.4499999999999975
vertex 65.04770702654393 -36.206279700000096 3.4499999999999975
endloop
endfacet
facet normal 0.0871557427476759 -0.996194698091744 0
outer loop
vertex 65.46088293770727 -34.380875873494716 -2.574836623951743e-15
vertex 65.54770702655384 -34.3732796887182 -2.5642037397022597e-15
vertex 65.54770763465567 -34.37327969679713 3.4499999999999975
endloop
endfacet
facet normal 0.0871557427476759 -0.996194698091744 0
outer loop
vertex 65.46088293770727 -34.380875873494716 -2.574836623951743e-15
vertex 65.54770763465567 -34.37327969679713 3.4499999999999975
vertex 65.46088293771048 -34.3808758734939 3.4499999999999975
endloop
endfacet
facet normal 1.515151382136537e-8 -1 0
outer loop
vertex 65.54770702655384 -34.3732796887182 -2.5642037397022597e-15
vertex 82.04770497654172 -34.3732796887182 -5.435367721632041e-16
vertex 82.04770497654403 -34.37327969679713 3.4499999999999997
endloop
endfacet
facet normal 1.515151382136537e-8 -1 0
outer loop
vertex 65.54770702655384 -34.3732796887182 -2.5642037397022597e-15
vertex 82.04770497654403 -34.37327969679713 3.4499999999999997
vertex 65.54770763465567 -34.37327969679713 3.4499999999999975
endloop
endfacet
facet normal 0.999999999999879 4.919606580008527e-7 2.5305250541455207e-15
outer loop
vertex 83.04770702654397 -33.37327932681244 -4.210718411955992e-16
vertex 83.0477049765441 -29.206279700001957 -4.210720922481781e-16
vertex 83.04770497654394 -29.206279400000142 3.4499999999999997
endloop
endfacet
facet normal 0.999999999999879 4.919606580008527e-7 2.5305250541455207e-15
outer loop
vertex 83.04770702654397 -33.37327932681244 -4.210718411955992e-16
vertex 83.04770497654394 -29.206279400000142 3.4499999999999997
vertex 83.04770643619123 -32.173279750000205 3.4499999999999997
endloop
endfacet
facet normal 0.999999999999879 4.919606580008527e-7 2.5305250541455207e-15
outer loop
vertex 83.04770702654397 -33.37327932681244 -4.210718411955992e-16
vertex 83.04770643619123 -32.173279750000205 3.4499999999999997
vertex 83.04770652161929 -32.34692792766691 3.4499999999999997
endloop
endfacet
facet normal 0.999999999999879 4.919606580008527e-7 2.5305250541455207e-15
outer loop
vertex 83.04770702654397 -33.37327932681244 -4.210718411955992e-16
vertex 83.04770652161929 -32.34692792766691 3.4499999999999997
vertex 83.04770660445166 -32.515299893325654 3.4499999999999997
endloop
endfacet
facet normal 0.999999999999879 4.919606580008527e-7 2.5305250541455207e-15
outer loop
vertex 83.04770702654397 -33.37327932681244 -4.210718411955992e-16
vertex 83.04770660445166 -32.515299893325654 3.4499999999999997
vertex 83.04770668217154 -32.673279749999914 3.4499999999999997
endloop
endfacet
facet normal 0.999999999999879 4.919606580008527e-7 2.5305250541455207e-15
outer loop
vertex 83.04770702654397 -33.37327932681244 -4.210718411955992e-16
vertex 83.04770668217154 -32.673279749999914 3.4499999999999997
vertex 83.0477067524174 -32.816067359686556 3.4499999999999997
endloop
endfacet
facet normal 0.999999999999879 4.919606580008527e-7 2.5305250541455207e-15
outer loop
vertex 83.04770702654397 -33.37327932681244 -4.210718411955992e-16
vertex 83.0477067524174 -32.816067359686556 3.4499999999999997
vertex 83.0477068130549 -32.93932419311897 3.4499999999999997
endloop
endfacet
facet normal 0.999999999999879 4.919606580008527e-7 2.5305250541455207e-15
outer loop
vertex 83.04770702654397 -33.37327932681244 -4.210718411955992e-16
vertex 83.0477068130549 -32.93932419311897 3.4499999999999997
vertex 83.0477068622416 -33.039305153784454 3.4499999999999997
endloop
endfacet
facet normal 0.999999999999879 4.919606580008527e-7 2.5305250541455207e-15
outer loop
vertex 83.04770702654397 -33.37327932681244 -4.210718411955992e-16
vertex 83.0477068622416 -33.039305153784454 3.4499999999999997
vertex 83.04770689848296 -33.11297237078589 3.4499999999999997
endloop
endfacet
facet normal 0.999999999999879 4.919606580008527e-7 2.5305250541455207e-15
outer loop
vertex 83.04770702654397 -33.37327932681244 -4.210718411955992e-16
vertex 83.04770689848296 -33.11297237078589 3.4499999999999997
vertex 83.04770692067783 -33.1580875030122 3.4499999999999997
endloop
endfacet
facet normal 0.999999999999879 4.919606580008527e-7 2.5305250541455207e-15
outer loop
vertex 83.04770702654397 -33.37327932681244 -4.210718411955992e-16
vertex 83.04770692067783 -33.1580875030122 3.4499999999999997
vertex 83.04770692815168 -33.1732795 3.4499999999999997
endloop
endfacet
facet normal 0.999999999999879 4.919606580008527e-7 2.5305250541455207e-15
outer loop
vertex 83.04770702654397 -33.37327932681244 -4.210718411955992e-16
vertex 83.04770692815168 -33.1732795 3.4499999999999997
vertex 83.04770702654395 -33.3732797500001 3.4499999999999997
endloop
endfacet
facet normal -1.1102230246251565e-16 0 1
outer loop
vertex 102.96054702654511 -35.07674365000018 2.0175477355978783e-15
vertex 115.87121185858727 -36.20627937923163 3.5986481717403515e-15
vertex 117.85602517957196 -36.37992787766857 3.841717699785244e-15
endloop
endfacet
facet normal -1.1102230246251565e-16 0 1
outer loop
vertex 102.96054702654511 -35.07674365000018 2.0175477355978783e-15
vertex 117.85602517957196 -36.37992787766857 3.841717699785244e-15
vertex 119.78052739708119 -36.548299843321864 4.07740124784771e-15
endloop
endfacet
facet normal -1.1102230246251565e-16 0 1
outer loop
vertex 102.96054702654511 -35.07674365000018 2.0175477355978783e-15
vertex 119.78052739708119 -36.548299843321864 4.07740124784771e-15
vertex 121.58624715169603 -36.706279700002405 4.2985381396123295e-15
endloop
endfacet
facet normal -1.1102230246251565e-16 0 1
outer loop
vertex 102.96054702654511 -35.07674365000018 2.0175477355978783e-15
vertex 121.58624715169603 -36.706279700002405 4.2985381396123295e-15
vertex 123.2183185621831 -36.849067309686696 4.49840924249562e-15
endloop
endfacet
facet normal -1.1102230246251565e-16 0 1
outer loop
vertex 102.96054702654511 -35.07674365000018 2.0175477355978783e-15
vertex 123.2183185621831 -36.849067309686696 4.49840924249562e-15
vertex 124.1803948765455 -36.93323800000023 4.616229610387561e-15
endloop
endfacet
facet normal -1.1102230246251565e-16 0 1
outer loop
vertex 102.96054702654511 -35.07674365000018 2.0175477355978783e-15
vertex 124.1803948765455 -36.93323800000023 4.616229610387561e-15
vertex 124.18039487654391 -36.933238 3.4500000000000046
endloop
endfacet
facet normal -1.1102230246251565e-16 0 1
outer loop
vertex 102.96054702654511 -35.07674365000018 2.0175477355978783e-15
vertex 124.18039487654391 -36.933238 3.4500000000000046
vertex 102.96054702654385 -35.07674365 3.4500000000000024
endloop
endfacet
facet normal 1.224646867019514e-16 -5.927485829617666e-25 -1
outer loop
vertex 123.15329417654402 -54.409908000000016 4.490446051921679e-15
vertex 123.12736518512855 -54.706279225350286 4.4872706662874714e-15
vertex 123.11217292458232 -54.87992787766601 4.485410150962496e-15
endloop
endfacet
facet normal 1.224646867019514e-16 -5.927485829617666e-25 -1
outer loop
vertex 123.15329417654402 -54.409908000000016 4.490446051921679e-15
vertex 123.11217292458232 -54.87992787766601 4.485410150962496e-15
vertex 123.10866376754333 -54.920037799999996 4.484980403168945e-15
endloop
endfacet
facet normal 1.224646867019514e-16 -5.927485829617666e-25 -1
outer loop
vertex 123.15329417654402 -54.409908000000016 4.490446051921679e-15
vertex 123.10866376754333 -54.920037799999996 4.484980403168945e-15
vertex 123.10866367654394 -54.9200378 3.4500000000000046
endloop
endfacet
facet normal 1.224646867019514e-16 -5.927485829617666e-25 -1
outer loop
vertex 123.15329417654402 -54.409908000000016 4.490446051921679e-15
vertex 123.10866367654394 -54.9200378 3.4500000000000046
vertex 123.15329417654402 -54.409908000000016 3.4500000000000046
endloop
endfacet
facet normal -1.2246465446306207e-16 9.431348442020108e-23 1
outer loop
vertex 123.10866376754333 -54.920037799999996 4.484980403168945e-15
vertex 123.58734339605729 -55.04829984332718 4.543601750656613e-15
vertex 124.17693133274545 -55.20627969999959 4.615805448604717e-15
endloop
endfacet
facet normal -1.2246465446306207e-16 9.431348442020108e-23 1
outer loop
vertex 123.10866376754333 -54.920037799999996 4.484980403168945e-15
vertex 124.17693133274545 -55.20627969999959 4.615805448604717e-15
vertex 124.70982111981695 -55.34906730969296 4.681065625808259e-15
endloop
endfacet
facet normal -1.2246465446306207e-16 9.431348442020108e-23 1
outer loop
vertex 123.10866376754333 -54.920037799999996 4.484980403168945e-15
vertex 124.70982111981695 -55.34906730969296 4.681065625808259e-15
vertex 125.16982117064669 -55.47232414311393 4.737399384793884e-15
endloop
endfacet
facet normal -1.2246465446306207e-16 9.431348442020108e-23 1
outer loop
vertex 123.10866376754333 -54.920037799999996 4.484980403168945e-15
vertex 125.16982117064669 -55.47232414311393 4.737399384793884e-15
vertex 125.54295461660332 -55.57230510378798 4.783095052818446e-15
endloop
endfacet
facet normal -1.2246465446306207e-16 9.431348442020108e-23 1
outer loop
vertex 123.10866376754333 -54.920037799999996 4.484980403168945e-15
vertex 125.54295461660332 -55.57230510378798 4.783095052818446e-15
vertex 125.81788398662088 -55.64597232078429 4.816764190116807e-15
endloop
endfacet
facet normal -1.2246465446306207e-16 9.431348442020108e-23 1
outer loop
vertex 123.10866376754333 -54.920037799999996 4.484980403168945e-15
vertex 125.81788398662088 -55.64597232078429 4.816764190116807e-15
vertex 125.98625569098823 -55.69108745301216 4.837383776998853e-15
endloop
endfacet
facet normal -1.2246465446306207e-16 9.431348442020108e-23 1
outer loop
vertex 123.10866376754333 -54.920037799999996 4.484980403168945e-15
vertex 125.98625569098823 -55.69108745301216 4.837383776998853e-15
vertex 126.04295272102334 -55.706279399999765 4.844327160634218e-15
endloop
endfacet
facet normal -1.2246465446306207e-16 9.431348442020108e-23 1
outer loop
vertex 123.10866376754333 -54.920037799999996 4.484980403168945e-15
vertex 126.04295272102334 -55.706279399999765 4.844327160634218e-15
vertex 147.1945142765465 -61.37382200000066 7.43464637622818e-15
endloop
endfacet
facet normal -1.2246465446306207e-16 9.431348442020108e-23 1
outer loop
vertex 123.10866376754333 -54.920037799999996 4.484980403168945e-15
vertex 147.1945142765465 -61.37382200000066 7.43464637622818e-15
vertex 147.19451427654388 -61.373821999999976 3.4500000000000077
endloop
endfacet
facet normal -1.2246465446306207e-16 9.431348442020108e-23 1
outer loop
vertex 123.10866376754333 -54.920037799999996 4.484980403168945e-15
vertex 147.19451427654388 -61.373821999999976 3.4500000000000077
vertex 123.10866367654394 -54.9200378 3.4500000000000046
endloop
endfacet
facet normal -8.791004813021987e-17 1.4278327004633857e-24 1
outer loop
vertex 25.413408426543867 -89.57698260000508 -7.47923777135489e-15
vertex 25.41340842253078 -89.47986259709697 -7.479237771846353e-15
vertex 25.413408399276136 -88.91708326605121 -7.479237774694224e-15
endloop
endfacet
facet normal -8.791004813021987e-17 1.4278327004633857e-24 1
outer loop
vertex 25.413408426543867 -89.57698260000508 -7.47923777135489e-15
vertex 25.413408399276136 -88.91708326605121 -7.479237774694224e-15
vertex 25.413408375092132 -88.33181229999649 -7.479237777655911e-15
endloop
endfacet
facet normal -8.791004813021987e-17 1.4278327004633857e-24 1
outer loop
vertex 25.413408426543867 -89.57698260000508 -7.47923777135489e-15
vertex 25.413408375092132 -88.33181229999649 -7.479237777655911e-15
vertex 25.413408350908128 -87.74654133395441 -7.479237780617598e-15
endloop
endfacet
facet normal -8.791004813021987e-17 1.4278327004633857e-24 1
outer loop
vertex 25.413408426543867 -89.57698260000508 -7.47923777135489e-15
vertex 25.413408350908128 -87.74654133395441 -7.479237780617598e-15
vertex 25.413408327653485 -87.18376200290162 -7.479237783465469e-15
endloop
endfacet
facet normal -8.791004813021987e-17 1.4278327004633857e-24 1
outer loop
vertex 25.413408426543867 -89.57698260000508 -7.47923777135489e-15
vertex 25.413408327653485 -87.18376200290162 -7.479237783465469e-15
vertex 25.413408306221896 -86.66510160094202 -7.479237786090082e-15
endloop
endfacet
facet normal -8.791004813021987e-17 1.4278327004633857e-24 1
outer loop
vertex 25.413408426543867 -89.57698260000508 -7.47923777135489e-15
vertex 25.413408306221896 -86.66510160094202 -7.479237786090082e-15
vertex 25.413408287436965 -86.21049195644143 -7.479237788390572e-15
endloop
endfacet
facet normal -8.791004813021987e-17 1.4278327004633857e-24 1
outer loop
vertex 25.413408426543867 -89.57698260000508 -7.47923777135489e-15
vertex 25.413408287436965 -86.21049195644143 -7.479237788390572e-15
vertex 25.413408272020547 -85.83740346309247 -7.479237790278539e-15
endloop
endfacet
facet normal -8.791004813021987e-17 1.4278327004633857e-24 1
outer loop
vertex 25.413408426543867 -89.57698260000508 -7.47923777135489e-15
vertex 25.413408272020547 -85.83740346309247 -7.479237790278539e-15
vertex 25.41340826056512 -85.56017370246674 -7.479237791681424e-15
endloop
endfacet
facet normal -8.791004813021987e-17 1.4278327004633857e-24 1
outer loop
vertex 25.413408426543867 -89.57698260000508 -7.47923777135489e-15
vertex 25.41340826056512 -85.56017370246674 -7.479237791681424e-15
vertex 25.41340825351091 -85.38945645878931 -7.479237792545317e-15
endloop
endfacet
facet normal -8.791004813021987e-17 1.4278327004633857e-24 1
outer loop
vertex 25.413408426543867 -89.57698260000508 -7.47923777135489e-15
vertex 25.41340825351091 -85.38945645878931 -7.479237792545317e-15
vertex 25.413408251129 -85.3318122999998 -7.479237792837017e-15
endloop
endfacet
facet normal -8.791004813021987e-17 1.4278327004633857e-24 1
outer loop
vertex 25.413408426543867 -89.57698260000508 -7.47923777135489e-15
vertex 25.413408251129 -85.3318122999998 -7.479237792837017e-15
vertex 25.413407820533166 -74.91107330000003 -7.479237845569797e-15
endloop
endfacet
facet normal -8.791004813021987e-17 1.4278327004633857e-24 1
outer loop
vertex 25.413408426543867 -89.57698260000508 -7.47923777135489e-15
vertex 25.413407820533166 -74.91107330000003 -7.479237845569797e-15
vertex 25.413407818151228 -74.85342914120942 -7.4792378458615e-15
endloop
endfacet
facet normal -8.791004813021987e-17 1.4278327004633857e-24 1
outer loop
vertex 25.413408426543867 -89.57698260000508 -7.47923777135489e-15
vertex 25.413407818151228 -74.85342914120942 -7.4792378458615e-15
vertex 25.413407811097017 -74.68271189753342 -7.479237846725393e-15
endloop
endfacet
facet normal -8.791004813021987e-17 1.4278327004633857e-24 1
outer loop
vertex 25.413408426543867 -89.57698260000508 -7.47923777135489e-15
vertex 25.413407811097017 -74.68271189753342 -7.479237846725393e-15
vertex 25.41340779964159 -74.40548213690806 -7.479237848128278e-15
endloop
endfacet
facet normal -8.791004813021987e-17 1.4278327004633857e-24 1
outer loop
vertex 25.413408426543867 -89.57698260000508 -7.47923777135489e-15
vertex 25.41340779964159 -74.40548213690806 -7.479237848128278e-15
vertex 25.4134077842252 -74.03239364356058 -7.479237850016241e-15
endloop
endfacet
facet normal -8.791004813021987e-17 1.4278327004633857e-24 1
outer loop
vertex 25.413408426543867 -89.57698260000508 -7.47923777135489e-15
vertex 25.4134077842252 -74.03239364356058 -7.479237850016241e-15
vertex 25.41340776544024 -73.57778399905533 -7.479237852316735e-15
endloop
endfacet
facet normal -8.791004813021987e-17 1.4278327004633857e-24 1
outer loop
vertex 25.413408426543867 -89.57698260000508 -7.47923777135489e-15
vertex 25.41340776544024 -73.57778399905533 -7.479237852316735e-15
vertex 25.41340774400865 -73.05912359709934 -7.479237854941347e-15
endloop
endfacet
facet normal -8.791004813021987e-17 1.4278327004633857e-24 1
outer loop
vertex 25.413408426543867 -89.57698260000508 -7.47923777135489e-15
vertex 25.41340774400865 -73.05912359709934 -7.479237854941347e-15
vertex 25.41340772075401 -72.49634426604872 -7.479237857789219e-15
endloop
endfacet
facet normal -8.791004813021987e-17 1.4278327004633857e-24 1
outer loop
vertex 25.413408426543867 -89.57698260000508 -7.47923777135489e-15
vertex 25.41340772075401 -72.49634426604872 -7.479237857789219e-15
vertex 25.413407696570005 -71.91107329999762 -7.479237860750906e-15
endloop
endfacet
facet normal -8.791004813021987e-17 1.4278327004633857e-24 1
outer loop
vertex 25.413408426543867 -89.57698260000508 -7.47923777135489e-15
vertex 25.413407696570005 -71.91107329999762 -7.479237860750906e-15
vertex 25.413407672386 -71.32580233395353 -7.479237863712592e-15
endloop
endfacet
facet normal -8.791004813021987e-17 1.4278327004633857e-24 1
outer loop
vertex 25.413408426543867 -89.57698260000508 -7.47923777135489e-15
vertex 25.413407672386 -71.32580233395353 -7.479237863712592e-15
vertex 25.413407649131386 -70.76302300290237 -7.47923786656046e-15
endloop
endfacet
facet normal -8.791004813021987e-17 1.4278327004633857e-24 1
outer loop
vertex 25.413408426543867 -89.57698260000508 -7.47923777135489e-15
vertex 25.413407649131386 -70.76302300290237 -7.47923786656046e-15
vertex 25.413407633026765 -70.37327950000032 -7.479237868532708e-15
endloop
endfacet
facet normal -8.791004813021987e-17 1.4278327004633857e-24 1
outer loop
vertex 25.413408426543867 -89.57698260000508 -7.47923777135489e-15
vertex 25.413407633026765 -70.37327950000032 -7.479237868532708e-15
vertex 25.413407630644855 -70.31563534120993 -7.479237868824408e-15
endloop
endfacet
facet normal -8.791004813021987e-17 1.4278327004633857e-24 1
outer loop
vertex 25.413408426543867 -89.57698260000508 -7.47923777135489e-15
vertex 25.413407630644855 -70.31563534120993 -7.479237868824408e-15
vertex 25.413407623590643 -70.14491809753478 -7.4792378696883e-15
endloop
endfacet
facet normal -8.791004813021987e-17 1.4278327004633857e-24 1
outer loop
vertex 25.413408426543867 -89.57698260000508 -7.47923777135489e-15
vertex 25.413407623590643 -70.14491809753478 -7.4792378696883e-15
vertex 25.413407612135217 -69.86768833690834 -7.479237871091186e-15
endloop
endfacet
facet normal -8.791004813021987e-17 1.4278327004633857e-24 1
outer loop
vertex 25.413408426543867 -89.57698260000508 -7.47923777135489e-15
vertex 25.413407612135217 -69.86768833690834 -7.479237871091186e-15
vertex 25.4134075967188 -69.49459984355819 -7.479237872979152e-15
endloop
endfacet
facet normal -8.791004813021987e-17 1.4278327004633857e-24 1
outer loop
vertex 25.413408426543867 -89.57698260000508 -7.47923777135489e-15
vertex 25.4134075967188 -69.49459984355819 -7.479237872979152e-15
vertex 25.413407577933867 -69.03999019905967 -7.479237875279643e-15
endloop
endfacet
facet normal -8.791004813021987e-17 1.4278327004633857e-24 1
outer loop
vertex 25.413408426543867 -89.57698260000508 -7.47923777135489e-15
vertex 25.413407577933867 -69.03999019905967 -7.479237875279643e-15
vertex 25.41340755650228 -68.52132979709408 -7.479237877904255e-15
endloop
endfacet
facet normal -8.791004813021987e-17 1.4278327004633857e-24 1
outer loop
vertex 25.413408426543867 -89.57698260000508 -7.47923777135489e-15
vertex 25.41340755650228 -68.52132979709408 -7.479237877904255e-15
vertex 25.413407533247636 -67.95855046604842 -7.479237880752127e-15
endloop
endfacet
facet normal -8.791004813021987e-17 1.4278327004633857e-24 1
outer loop
vertex 25.413408426543867 -89.57698260000508 -7.47923777135489e-15
vertex 25.413407533247636 -67.95855046604842 -7.479237880752127e-15
vertex 25.41340750906363 -67.37327950000146 -7.479237883713814e-15
endloop
endfacet
facet normal -8.791004813021987e-17 1.4278327004633857e-24 1
outer loop
vertex 25.413408426543867 -89.57698260000508 -7.47923777135489e-15
vertex 25.41340750906363 -67.37327950000146 -7.479237883713814e-15
vertex 25.413407484879627 -66.78800853395308 -7.4792378866755e-15
endloop
endfacet
facet normal -8.791004813021987e-17 1.4278327004633857e-24 1
outer loop
vertex 25.413408426543867 -89.57698260000508 -7.47923777135489e-15
vertex 25.413407484879627 -66.78800853395308 -7.4792378866755e-15
vertex 25.413407461624985 -66.22522920290668 -7.479237889523372e-15
endloop
endfacet
facet normal -8.791004813021987e-17 1.4278327004633857e-24 1
outer loop
vertex 25.413408426543867 -89.57698260000508 -7.47923777135489e-15
vertex 25.413407461624985 -66.22522920290668 -7.479237889523372e-15
vertex 25.413407440193396 -65.70656880094256 -7.479237892147985e-15
endloop
endfacet
facet normal -8.791004813021987e-17 1.4278327004633857e-24 1
outer loop
vertex 25.413408426543867 -89.57698260000508 -7.47923777135489e-15
vertex 25.413407440193396 -65.70656880094256 -7.479237892147985e-15
vertex 25.413407421408465 -65.25195915643532 -7.479237894448475e-15
endloop
endfacet
facet normal -8.791004813021987e-17 1.4278327004633857e-24 1
outer loop
vertex 25.413408426543867 -89.57698260000508 -7.47923777135489e-15
vertex 25.413407421408465 -65.25195915643532 -7.479237894448475e-15
vertex 25.413407405992047 -64.87887066309152 -7.479237896336443e-15
endloop
endfacet
facet normal -8.791004813021987e-17 1.4278327004633857e-24 1
outer loop
vertex 25.413408426543867 -89.57698260000508 -7.47923777135489e-15
vertex 25.413407405992047 -64.87887066309152 -7.479237896336443e-15
vertex 25.41340739453662 -64.60164090246566 -7.479237897739328e-15
endloop
endfacet
facet normal -8.791004813021987e-17 1.4278327004633857e-24 1
outer loop
vertex 25.413408426543867 -89.57698260000508 -7.47923777135489e-15
vertex 25.41340739453662 -64.60164090246566 -7.479237897739328e-15
vertex 25.41340738748241 -64.43092365879096 -7.47923789860322e-15
endloop
endfacet
facet normal -8.791004813021987e-17 1.4278327004633857e-24 1
outer loop
vertex 25.413408426543867 -89.57698260000508 -7.47923777135489e-15
vertex 25.41340738748241 -64.43092365879096 -7.47923789860322e-15
vertex 25.4134073851005 -64.37327950000032 -7.47923789889492e-15
endloop
endfacet
facet normal -8.791004813021987e-17 1.4278327004633857e-24 1
outer loop
vertex 25.413408426543867 -89.57698260000508 -7.47923777135489e-15
vertex 25.4134073851005 -64.37327950000032 -7.47923789889492e-15
vertex 25.4134049765444 -56.70627940000006 -7.479238193857972e-15
endloop
endfacet
facet normal -8.791004813021987e-17 1.4278327004633857e-24 1
outer loop
vertex 25.413408426543867 -89.57698260000508 -7.47923777135489e-15
vertex 25.4134049765444 -56.70627940000006 -7.479238193857972e-15
vertex 25.413404976543916 -56.7062793999997 3.4499999999999926
endloop
endfacet
facet normal -8.791004813021987e-17 1.4278327004633857e-24 1
outer loop
vertex 25.413408426543867 -89.57698260000508 -7.47923777135489e-15
vertex 25.413404976543916 -56.7062793999997 3.4499999999999926
vertex 25.413408426543924 -89.57698384999956 3.4499999999999926
endloop
endfacet
facet normal -0.9951847266721938 -0.09801714032959227 -1.1338942959152816e-13
outer loop
vertex 121.70081887654392 -71.91107329999762 4.312569129223107e-15
vertex 121.75846303533451 -72.49634426604872 4.3196285026783514e-15
vertex 121.75846303533427 -72.49634426604841 1.8500000000000043
endloop
endfacet
facet normal -0.9951847266721938 -0.09801714032959227 -1.1338942959152816e-13
outer loop
vertex 121.70081887654392 -71.91107329999762 4.312569129223107e-15
vertex 121.75846303533427 -72.49634426604841 1.8500000000000043
vertex 121.75452859186476 -72.45639719112188 1.8500000000000043
endloop
endfacet
facet normal -0.9951847266721938 -0.09801714032959227 -1.1338942959152816e-13
outer loop
vertex 121.70081887654392 -71.91107329999762 4.312569129223107e-15
vertex 121.75452859186476 -72.45639719112188 1.8500000000000043
vertex 121.72819985196935 -72.18907700887293 1.8500000000000043
endloop
endfacet
facet normal -0.9951847266721938 -0.09801714032959227 -1.1338942959152816e-13
outer loop
vertex 121.70081887654392 -71.91107329999762 4.312569129223107e-15
vertex 121.72819985196935 -72.18907700887293 1.8500000000000043
vertex 121.70081887654395 -71.9110733 1.8500000000000043
endloop
endfacet
facet normal -0.9951847266721972 0.09801714032955772 1.4103045483927584e-13
outer loop
vertex 121.7584630353338 -71.32580233395353 4.319628502678265e-15
vertex 121.70081887654392 -71.91107329999762 4.312569129223107e-15
vertex 121.70081887654395 -71.9110733 1.8500000000000043
endloop
endfacet
facet normal -0.9951847266721972 0.09801714032955772 1.4103045483927584e-13
outer loop
vertex 121.7584630353338 -71.32580233395353 4.319628502678265e-15
vertex 121.70081887654395 -71.9110733 1.8500000000000043
vertex 121.72819985196932 -71.63306959112724 1.8500000000000043
endloop
endfacet
facet normal -0.9951847266721972 0.09801714032955772 1.4103045483927584e-13
outer loop
vertex 121.7584630353338 -71.32580233395353 4.319628502678265e-15
vertex 121.72819985196932 -71.63306959112724 1.8500000000000043
vertex 121.75452859186441 -71.36574940888136 1.8500000000000043
endloop
endfacet
facet normal -0.9951847266721972 0.09801714032955772 1.4103045483927584e-13
outer loop
vertex 121.7584630353338 -71.32580233395353 4.319628502678265e-15
vertex 121.75452859186441 -71.36574940888136 1.8500000000000043
vertex 121.75846303533424 -71.32580233395161 1.8500000000000043
endloop
endfacet
facet normal -0.9569403357322073 0.29028467725446766 -7.315241337594789e-14
outer loop
vertex 121.92918027901094 -70.76302300290237 4.34053533528111e-15
vertex 121.7584630353338 -71.32580233395353 4.319628502678265e-15
vertex 121.75846303533424 -71.32580233395161 1.8500000000000043
endloop
endfacet
facet normal -0.9569403357322073 0.29028467725446766 -7.315241337594789e-14
outer loop
vertex 121.92918027901094 -70.76302300290237 4.34053533528111e-15
vertex 121.75846303533424 -71.32580233395161 1.8500000000000043
vertex 121.82107883124185 -71.11938571794326 1.8500000000000043
endloop
endfacet
facet normal -0.9569403357322073 0.29028467725446766 -7.315241337594789e-14
outer loop
vertex 121.92918027901094 -70.76302300290237 4.34053533528111e-15
vertex 121.82107883124185 -71.11938571794326 1.8500000000000043
vertex 121.88658338703716 -70.90344613681339 1.8500000000000045
endloop
endfacet
facet normal -0.9569403357322073 0.29028467725446766 -7.315241337594789e-14
outer loop
vertex 121.92918027901094 -70.76302300290237 4.34053533528111e-15
vertex 121.88658338703716 -70.90344613681339 1.8500000000000045
vertex 121.9291802790101 -70.76302300290477 1.8500000000000045
endloop
endfacet
facet normal -5.5053462116276906e-17 9.487241511961732e-17 -1
outer loop
vertex 122.20641003963492 -70.24436260094302 4.374486189178765e-15
vertex 122.16831396627254 -70.31563534120993 4.369820765748431e-15
vertex 122.13750252147655 -70.37327950000032 4.366047452023781e-15
endloop
endfacet
facet normal -5.5053462116276906e-17 9.487241511961732e-17 -1
outer loop
vertex 122.20641003963492 -70.24436260094302 4.374486189178765e-15
vertex 122.13750252147655 -70.37327950000032 4.366047452023781e-15
vertex 121.92918027901094 -70.76302300290237 4.34053533528111e-15
endloop
endfacet
facet normal -5.5053462116276906e-17 9.487241511961732e-17 -1
outer loop
vertex 122.20641003963492 -70.24436260094302 4.374486189178765e-15
vertex 121.92918027901094 -70.76302300290237 4.34053533528111e-15
vertex 121.9291802790101 -70.76302300290477 1.8500000000000045
endloop
endfacet
facet normal -5.5053462116276906e-17 9.487241511961732e-17 -1
outer loop
vertex 122.20641003963492 -70.24436260094302 4.374486189178765e-15
vertex 121.9291802790101 -70.76302300290477 1.8500000000000045
vertex 121.94884702852897 -70.72622910246733 1.8500000000000045
endloop
endfacet
facet normal -5.5053462116276906e-17 9.487241511961732e-17 -1
outer loop
vertex 122.20641003963492 -70.24436260094302 4.374486189178765e-15
vertex 121.94884702852897 -70.72622910246733 1.8500000000000045
vertex 122.01923366580705 -70.59454496617164 1.8500000000000045
endloop
endfacet
facet normal -5.5053462116276906e-17 9.487241511961732e-17 -1
outer loop
vertex 122.20641003963492 -70.24436260094302 4.374486189178765e-15
vertex 122.01923366580705 -70.59454496617164 1.8500000000000045
vertex 122.06257754303269 -70.5134542754257 1.8500000000000045
endloop
endfacet
facet normal -5.5053462116276906e-17 9.487241511961732e-17 -1
outer loop
vertex 122.20641003963492 -70.24436260094302 4.374486189178765e-15
vertex 122.06257754303269 -70.5134542754257 1.8500000000000045
vertex 122.0772129793109 -70.48607330000002 1.8500000000000045
endloop
endfacet
facet normal -5.5053462116276906e-17 9.487241511961732e-17 -1
outer loop
vertex 122.20641003963492 -70.24436260094302 4.374486189178765e-15
vertex 122.0772129793109 -70.48607330000002 1.8500000000000045
vertex 122.20641003963625 -70.24436260094119 1.8500000000000045
endloop
endfacet
facet normal -7.771561172376095e-17 1.64154404355291e-16 -1
outer loop
vertex 122.57949853298483 -69.78975295643984 4.420176352096732e-15
vertex 122.51553861917917 -69.86768833690834 4.412343521725148e-15
vertex 122.28802203444654 -70.14491809753478 4.3844807760005735e-15
endloop
endfacet
facet normal -7.771561172376095e-17 1.64154404355291e-16 -1
outer loop
vertex 122.57949853298483 -69.78975295643984 4.420176352096732e-15
vertex 122.28802203444654 -70.14491809753478 4.3844807760005735e-15
vertex 122.20641003963492 -70.24436260094302 4.374486189178765e-15
endloop
endfacet
facet normal -7.771561172376095e-17 1.64154404355291e-16 -1
outer loop
vertex 122.57949853298483 -69.78975295643984 4.420176352096732e-15
vertex 122.20641003963492 -70.24436260094302 4.374486189178765e-15
vertex 122.20641003963625 -70.24436260094119 1.8500000000000045
endloop
endfacet
facet normal -7.771561172376095e-17 1.64154404355291e-16 -1
outer loop
vertex 122.57949853298483 -69.78975295643984 4.420176352096732e-15
vertex 122.20641003963625 -70.24436260094119 1.8500000000000045
vertex 122.5794985329843 -69.78975295644027 1.8500000000000045
endloop
endfacet
facet normal 3.6202924716037714e-15 -4.561568514220752e-15 1
outer loop
vertex 123.03410817748457 -69.41666446309274 4.475849976696544e-15
vertex 122.93914364161938 -69.49459984355819 4.464220175208564e-15
vertex 122.57949853298483 -69.78975295643984 4.420176352096732e-15
endloop
endfacet
facet normal 3.6202924716037714e-15 -4.561568514220752e-15 1
outer loop
vertex 123.03410817748457 -69.41666446309274 4.475849976696544e-15
vertex 122.57949853298483 -69.78975295643984 4.420176352096732e-15
vertex 122.5794985329843 -69.78975295644027 1.8500000000000045
endloop
endfacet
facet normal 3.6202924716037714e-15 -4.561568514220752e-15 1
outer loop
vertex 123.03410817748457 -69.41666446309274 4.475849976696544e-15
vertex 122.5794985329843 -69.78975295644027 1.8500000000000045
vertex 123.03410817748518 -69.41666446309237 1.8500000000000045
endloop
endfacet
facet normal -0.47139673682600836 0.8819212643483493 0
outer loop
vertex 123.55276857944736 -69.13943470246691 4.539367556807366e-15
vertex 123.03410817748457 -69.41666446309274 4.475849976696544e-15
vertex 123.03410817748518 -69.41666446309237 1.8500000000000045
endloop
endfacet
facet normal -0.47139673682600836 0.8819212643483493 0
outer loop
vertex 123.55276857944736 -69.13943470246691 4.539367556807366e-15
vertex 123.03410817748518 -69.41666446309237 1.8500000000000045
vertex 123.55276857944867 -69.13943470246612 1.8500000000000045
endloop
endfacet
facet normal 2.329786195614912e-16 -3.599814049542174e-16 -1
outer loop
vertex 124.11554791049751 -68.9687174587901 4.608288147447051e-15
vertex 123.88059317348831 -69.03999019905967 4.579514490784769e-15
vertex 123.55276857944736 -69.13943470246691 4.539367556807366e-15
endloop
endfacet
facet normal 2.329786195614912e-16 -3.599814049542174e-16 -1
outer loop
vertex 124.11554791049751 -68.9687174587901 4.608288147447051e-15
vertex 123.55276857944736 -69.13943470246691 4.539367556807366e-15
vertex 123.55276857944867 -69.13943470246612 1.8500000000000045
endloop
endfacet
facet normal 2.329786195614912e-16 -3.599814049542174e-16 -1
outer loop
vertex 124.11554791049751 -68.9687174587901 4.608288147447051e-15
vertex 123.55276857944867 -69.13943470246612 1.8500000000000045
vertex 124.11554791049556 -68.96871745879031 1.8500000000000048
endloop
endfacet
facet normal -0.09801714032957422 0.9951847266721956 0
outer loop
vertex 124.70081887654307 -68.91107330000006 4.679963168967208e-15
vertex 124.11554791049751 -68.9687174587901 4.608288147447051e-15
vertex 124.11554791049556 -68.96871745879031 1.8500000000000048
endloop
endfacet
facet normal -0.09801714032957422 0.9951847266721956 0
outer loop
vertex 124.70081887654307 -68.91107330000006 4.679963168967208e-15
vertex 124.11554791049556 -68.96871745879031 1.8500000000000048
vertex 124.7008188765439 -68.9110733 1.8500000000000048
endloop
endfacet
facet normal 0.09801714032955997 0.9951847266721969 0
outer loop
vertex 125.28608984258874 -68.9687174587901 4.751638190487379e-15
vertex 124.70081887654307 -68.91107330000006 4.679963168967208e-15
vertex 124.7008188765439 -68.9110733 1.8500000000000048
endloop
endfacet
facet normal 0.09801714032955997 0.9951847266721969 0
outer loop
vertex 125.28608984258874 -68.9687174587901 4.751638190487379e-15
vertex 124.7008188765439 -68.9110733 1.8500000000000048
vertex 125.28608984259233 -68.96871745879031 1.8500000000000048
endloop
endfacet
facet normal 0.2902846772544479 0.9569403357322133 0
outer loop
vertex 125.84886917364253 -69.13943470246691 4.82055878112751e-15
vertex 125.28608984258874 -68.9687174587901 4.751638190487379e-15
vertex 125.28608984259233 -68.96871745879031 1.8500000000000048
endloop
endfacet
facet normal 0.2902846772544479 0.9569403357322133 0
outer loop
vertex 125.84886917364253 -69.13943470246691 4.82055878112751e-15
vertex 125.28608984259233 -68.96871745879031 1.8500000000000048
vertex 125.8488691736392 -69.13943470246612 1.850000000000005
endloop
endfacet
facet normal 0.4713967368259975 0.8819212643483552 0
outer loop
vertex 126.36752957560152 -69.41666446309274 4.884076361237867e-15
vertex 125.84886917364253 -69.13943470246691 4.82055878112751e-15
vertex 125.8488691736392 -69.13943470246612 1.850000000000005
endloop
endfacet
facet normal 0.4713967368259975 0.8819212643483552 0
outer loop
vertex 126.36752957560152 -69.41666446309274 4.884076361237867e-15
vertex 125.8488691736392 -69.13943470246612 1.850000000000005
vertex 126.36752957560279 -69.41666446309237 1.850000000000005
endloop
endfacet
facet normal 0.6343932841636423 0.7730104533627397 0
outer loop
vertex 126.82213922010322 -69.78975295643984 4.9397499858379184e-15
vertex 126.36752957560152 -69.41666446309274 4.884076361237867e-15
vertex 126.36752957560279 -69.41666446309237 1.850000000000005
endloop
endfacet
facet normal 0.6343932841636423 0.7730104533627397 0
outer loop
vertex 126.82213922010322 -69.78975295643984 4.9397499858379184e-15
vertex 126.36752957560279 -69.41666446309237 1.850000000000005
vertex 126.82213922010351 -69.78975295644027 1.850000000000005
endloop
endfacet
facet normal 0.7730104533627382 0.6343932841636442 0
outer loop
vertex 127.19522771345346 -70.24436260094302 4.985440148755927e-15
vertex 126.82213922010322 -69.78975295643984 4.9397499858379184e-15
vertex 126.82213922010351 -69.78975295644027 1.850000000000005
endloop
endfacet
facet normal 0.7730104533627382 0.6343932841636442 0
outer loop
vertex 127.19522771345346 -70.24436260094302 4.985440148755927e-15
vertex 126.82213922010351 -69.78975295644027 1.850000000000005
vertex 127.19522771345157 -70.24436260094119 1.850000000000005
endloop
endfacet
facet normal 0.881921264350338 0.47139673682228783 4.3388883930964794e-13
outer loop
vertex 127.47245747407464 -70.76302300290237 5.01939100265324e-15
vertex 127.19522771345346 -70.24436260094302 4.985440148755927e-15
vertex 127.19522771345157 -70.24436260094119 1.850000000000005
endloop
endfacet
facet normal 0.881921264350338 0.47139673682228783 4.3388883930964794e-13
outer loop
vertex 127.47245747407464 -70.76302300290237 5.01939100265324e-15
vertex 127.19522771345157 -70.24436260094119 1.850000000000005
vertex 127.32442477377697 -70.48607330000002 1.8500000000000052
endloop
endfacet
facet normal 0.881921264350338 0.47139673682228783 4.3388883930964794e-13
outer loop
vertex 127.47245747407464 -70.76302300290237 5.01939100265324e-15
vertex 127.32442477377697 -70.48607330000002 1.8500000000000052
vertex 127.3390602100552 -70.5134542754257 1.8500000000000052
endloop
endfacet
facet normal 0.881921264350338 0.47139673682228783 4.3388883930964794e-13
outer loop
vertex 127.47245747407464 -70.76302300290237 5.01939100265324e-15
vertex 127.3390602100552 -70.5134542754257 1.8500000000000052
vertex 127.38240408728083 -70.59454496617164 1.8500000000000052
endloop
endfacet
facet normal 0.881921264350338 0.47139673682228783 4.3388883930964794e-13
outer loop
vertex 127.47245747407464 -70.76302300290237 5.01939100265324e-15
vertex 127.38240408728083 -70.59454496617164 1.8500000000000052
vertex 127.45279072455895 -70.72622910246733 1.8500000000000052
endloop
endfacet
facet normal 0.881921264350338 0.47139673682228783 4.3388883930964794e-13
outer loop
vertex 127.47245747407464 -70.76302300290237 5.01939100265324e-15
vertex 127.45279072455895 -70.72622910246733 1.8500000000000052
vertex 127.47245747407783 -70.76302300290477 1.8500000000000052
endloop
endfacet
facet normal 0.9569403357306164 0.29028467725971185 -1.2697269114356146e-12
outer loop
vertex 127.64317471775514 -71.32580233395353 5.040297835256497e-15
vertex 127.47245747407464 -70.76302300290237 5.01939100265324e-15
vertex 127.47245747407783 -70.76302300290477 1.8500000000000052
endloop
endfacet
facet normal 0.9569403357306164 0.29028467725971185 -1.2697269114356146e-12
outer loop
vertex 127.64317471775514 -71.32580233395353 5.040297835256497e-15
vertex 127.47245747407783 -70.76302300290477 1.8500000000000052
vertex 127.51505436605075 -70.90344613681339 1.8500000000000052
endloop
endfacet
facet normal 0.9569403357306164 0.29028467725971185 -1.2697269114356146e-12
outer loop
vertex 127.64317471775514 -71.32580233395353 5.040297835256497e-15
vertex 127.51505436605075 -70.90344613681339 1.8500000000000052
vertex 127.58055892184606 -71.11938571794326 1.8500000000000052
endloop
endfacet
facet normal 0.9569403357306164 0.29028467725971185 -1.2697269114356146e-12
outer loop
vertex 127.64317471775514 -71.32580233395353 5.040297835256497e-15
vertex 127.58055892184606 -71.11938571794326 1.8500000000000052
vertex 127.64317471775364 -71.32580233395161 1.8500000000000052
endloop
endfacet
facet normal 0.9951847266723881 0.09801714032761924 7.086727739510161e-13
outer loop
vertex 127.70081887654388 -71.91107329999762 5.0473572087115146e-15
vertex 127.64317471775514 -71.32580233395353 5.040297835256497e-15
vertex 127.64317471775364 -71.32580233395161 1.8500000000000052
endloop
endfacet
facet normal 0.9951847266723881 0.09801714032761924 7.086727739510161e-13
outer loop
vertex 127.70081887654388 -71.91107329999762 5.0473572087115146e-15
vertex 127.64317471775364 -71.32580233395161 1.8500000000000052
vertex 127.64710916122348 -71.36574940888136 1.8500000000000052
endloop
endfacet
facet normal 0.9951847266723881 0.09801714032761924 7.086727739510161e-13
outer loop
vertex 127.70081887654388 -71.91107329999762 5.0473572087115146e-15
vertex 127.64710916122348 -71.36574940888136 1.8500000000000052
vertex 127.67343790111858 -71.63306959112724 1.8500000000000052
endloop
endfacet
facet normal 0.9951847266723881 0.09801714032761924 7.086727739510161e-13
outer loop
vertex 127.70081887654388 -71.91107329999762 5.0473572087115146e-15
vertex 127.67343790111858 -71.63306959112724 1.8500000000000052
vertex 127.70081887654395 -71.9110733 1.8500000000000052
endloop
endfacet
facet normal 0.9951847266722031 -0.09801714032949654 -1.6395834726019648e-13
outer loop
vertex 127.64317471775334 -72.49634426604872 5.040297835256276e-15
vertex 127.70081887654388 -71.91107329999762 5.0473572087115146e-15
vertex 127.70081887654395 -71.9110733 1.8500000000000052
endloop
endfacet
facet normal 0.9951847266722031 -0.09801714032949654 -1.6395834726019648e-13
outer loop
vertex 127.64317471775334 -72.49634426604872 5.040297835256276e-15
vertex 127.70081887654395 -71.9110733 1.8500000000000052
vertex 127.67343790111855 -72.18907700887293 1.8500000000000052
endloop
endfacet
facet normal 0.9951847266722031 -0.09801714032949654 -1.6395834726019648e-13
outer loop
vertex 127.64317471775334 -72.49634426604872 5.040297835256276e-15
vertex 127.67343790111855 -72.18907700887293 1.8500000000000052
vertex 127.64710916122317 -72.45639719112188 1.8500000000000052
endloop
endfacet
facet normal 0.9951847266722031 -0.09801714032949654 -1.6395834726019648e-13
outer loop
vertex 127.64317471775334 -72.49634426604872 5.040297835256276e-15
vertex 127.64710916122317 -72.45639719112188 1.8500000000000052
vertex 127.64317471775364 -72.49634426604841 1.8500000000000052
endloop
endfacet
facet normal 0.9569403357322104 -0.2902846772544571 -1.0530886222012332e-13
outer loop
vertex 127.47245747407638 -73.05912359709934 5.019391002653451e-15
vertex 127.64317471775334 -72.49634426604872 5.040297835256276e-15
vertex 127.64317471775364 -72.49634426604841 1.8500000000000052
endloop
endfacet
facet normal 0.9569403357322104 -0.2902846772544571 -1.0530886222012332e-13
outer loop
vertex 127.47245747407638 -73.05912359709934 5.019391002653451e-15
vertex 127.64317471775364 -72.49634426604841 1.8500000000000052
vertex 127.58055892184657 -72.70276088205503 1.8500000000000052
endloop
endfacet
facet normal 0.9569403357322104 -0.2902846772544571 -1.0530886222012332e-13
outer loop
vertex 127.47245747407638 -73.05912359709934 5.019391002653451e-15
vertex 127.58055892184657 -72.70276088205503 1.8500000000000052
vertex 127.51505436605018 -72.9187004631885 1.8500000000000052
endloop
endfacet
facet normal 0.9569403357322104 -0.2902846772544571 -1.0530886222012332e-13
outer loop
vertex 127.47245747407638 -73.05912359709934 5.019391002653451e-15
vertex 127.51505436605018 -72.9187004631885 1.8500000000000052
vertex 127.47245747407783 -73.05912359709521 1.8500000000000052
endloop
endfacet
facet normal 0.881921264348352 -0.4713967368260031 3.6271351818736717e-13
outer loop
vertex 127.19522771345419 -73.57778399905533 4.985440148756017e-15
vertex 127.47245747407638 -73.05912359709934 5.019391002653451e-15
vertex 127.47245747407783 -73.05912359709521 1.8500000000000052
endloop
endfacet
facet normal 0.881921264348352 -0.4713967368260031 3.6271351818736717e-13
outer loop
vertex 127.19522771345419 -73.57778399905533 4.985440148756017e-15
vertex 127.47245747407783 -73.05912359709521 1.8500000000000052
vertex 127.45279072456083 -73.09591749752916 1.8500000000000052
endloop
endfacet
facet normal 0.881921264348352 -0.4713967368260031 3.6271351818736717e-13
outer loop
vertex 127.19522771345419 -73.57778399905533 4.985440148756017e-15
vertex 127.45279072456083 -73.09591749752916 1.8500000000000052
vertex 127.38240408728018 -73.2276016338296 1.8500000000000052
endloop
endfacet
facet normal 0.881921264348352 -0.4713967368260031 3.6271351818736717e-13
outer loop
vertex 127.19522771345419 -73.57778399905533 4.985440148756017e-15
vertex 127.38240408728018 -73.2276016338296 1.8500000000000052
vertex 127.33906021005495 -73.30869232457476 1.8500000000000052
endloop
endfacet
facet normal 0.881921264348352 -0.4713967368260031 3.6271351818736717e-13
outer loop
vertex 127.19522771345419 -73.57778399905533 4.985440148756017e-15
vertex 127.33906021005495 -73.30869232457476 1.8500000000000052
vertex 127.32442477377697 -73.3360733 1.8500000000000052
endloop
endfacet
facet normal 0.881921264348352 -0.4713967368260031 3.6271351818736717e-13
outer loop
vertex 127.19522771345419 -73.57778399905533 4.985440148756017e-15
vertex 127.32442477377697 -73.3360733 1.8500000000000052
vertex 127.19522771345157 -73.57778399905881 1.850000000000005
endloop
endfacet
facet normal 0.7730104533627319 -0.6343932841636518 0
outer loop
vertex 126.82213922010257 -74.03239364356058 4.93974998583784e-15
vertex 127.19522771345419 -73.57778399905533 4.985440148756017e-15
vertex 127.19522771345157 -73.57778399905881 1.850000000000005
endloop
endfacet
facet normal 0.7730104533627319 -0.6343932841636518 0
outer loop
vertex 126.82213922010257 -74.03239364356058 4.93974998583784e-15
vertex 127.19522771345157 -73.57778399905881 1.850000000000005
vertex 126.82213922010357 -74.03239364355966 1.850000000000005
endloop
endfacet
facet normal 0.6343932841636364 -0.7730104533627445 0
outer loop
vertex 126.36752957560236 -74.40548213690806 4.884076361237969e-15
vertex 126.82213922010257 -74.03239364356058 4.93974998583784e-15
vertex 126.82213922010357 -74.03239364355966 1.850000000000005
endloop
endfacet
facet normal 0.6343932841636364 -0.7730104533627445 0
outer loop
vertex 126.36752957560236 -74.40548213690806 4.884076361237969e-15
vertex 126.82213922010357 -74.03239364355966 1.850000000000005
vertex 126.36752957560282 -74.40548213690761 1.850000000000005
endloop
endfacet
facet normal 0.47139673682600836 -0.8819212643483493 0
outer loop
vertex 125.84886917364044 -74.68271189753342 4.8205587811272544e-15
vertex 126.36752957560236 -74.40548213690806 4.884076361237969e-15
vertex 126.36752957560282 -74.40548213690761 1.850000000000005
endloop
endfacet
facet normal 0.47139673682600836 -0.8819212643483493 0
outer loop
vertex 125.84886917364044 -74.68271189753342 4.8205587811272544e-15
vertex 126.36752957560282 -74.40548213690761 1.850000000000005
vertex 125.84886917363914 -74.68271189753388 1.850000000000005
endloop
endfacet
facet normal 0.2902846772544479 -0.9569403357322133 0
outer loop
vertex 125.28608984259297 -74.85342914120942 4.751638190487898e-15
vertex 125.84886917364044 -74.68271189753342 4.8205587811272544e-15
vertex 125.84886917363914 -74.68271189753388 1.850000000000005
endloop
endfacet
facet normal 0.2902846772544479 -0.9569403357322133 0
outer loop
vertex 125.28608984259297 -74.85342914120942 4.751638190487898e-15
vertex 125.84886917363914 -74.68271189753388 1.850000000000005
vertex 125.2860898425924 -74.85342914120967 1.8500000000000048
endloop
endfacet
facet normal 0.09801714032955997 -0.9951847266721969 0
outer loop
vertex 124.70081887654155 -74.91107330000003 4.679963168967022e-15
vertex 125.28608984259297 -74.85342914120942 4.751638190487898e-15
vertex 125.2860898425924 -74.85342914120967 1.8500000000000048
endloop
endfacet
facet normal 0.09801714032955997 -0.9951847266721969 0
outer loop
vertex 124.70081887654155 -74.91107330000003 4.679963168967022e-15
vertex 125.2860898425924 -74.85342914120967 1.8500000000000048
vertex 124.70081887654402 -74.9110733 1.8500000000000048
endloop
endfacet
facet normal -0.09801714032955997 -0.9951847266721969 0
outer loop
vertex 124.11554791049633 -74.85342914120942 4.608288147446906e-15
vertex 124.70081887654155 -74.91107330000003 4.679963168967022e-15
vertex 124.70081887654402 -74.9110733 1.8500000000000048
endloop
endfacet
facet normal -0.09801714032955997 -0.9951847266721969 0
outer loop
vertex 124.11554791049633 -74.85342914120942 4.608288147446906e-15
vertex 124.70081887654402 -74.9110733 1.8500000000000048
vertex 124.11554791049548 -74.85342914120967 1.8500000000000048
endloop
endfacet
facet normal -0.2902846772544479 -0.9569403357322133 0
outer loop
vertex 123.55276857944884 -74.68271189753342 4.539367556807548e-15
vertex 124.11554791049633 -74.85342914120942 4.608288147446906e-15
vertex 124.11554791049548 -74.85342914120967 1.8500000000000048
endloop
endfacet
facet normal -0.2902846772544479 -0.9569403357322133 0
outer loop
vertex 123.55276857944884 -74.68271189753342 4.539367556807548e-15
vertex 124.11554791049548 -74.85342914120967 1.8500000000000048
vertex 123.55276857944874 -74.68271189753388 1.8500000000000045
endloop
endfacet
facet normal -0.4713967368259972 -0.8819212643483553 0
outer loop
vertex 123.03410817748565 -74.40548213690806 4.475849976696678e-15
vertex 123.55276857944884 -74.68271189753342 4.539367556807548e-15
vertex 123.55276857944874 -74.68271189753388 1.8500000000000045
endloop
endfacet
facet normal -0.4713967368259972 -0.8819212643483553 0
outer loop
vertex 123.03410817748565 -74.40548213690806 4.475849976696678e-15
vertex 123.55276857944874 -74.68271189753388 1.8500000000000045
vertex 123.03410817748511 -74.40548213690761 1.8500000000000045
endloop
endfacet
facet normal -0.6343932841636374 -0.7730104533627437 0
outer loop
vertex 122.57949853298447 -74.03239364356058 4.4201763520966896e-15
vertex 123.03410817748565 -74.40548213690806 4.475849976696678e-15
vertex 123.03410817748511 -74.40548213690761 1.8500000000000045
endloop
endfacet
facet normal -0.6343932841636374 -0.7730104533627437 0
outer loop
vertex 122.57949853298447 -74.03239364356058 4.4201763520966896e-15
vertex 123.03410817748511 -74.40548213690761 1.8500000000000045
vertex 122.5794985329843 -74.03239364355966 1.8500000000000045
endloop
endfacet
facet normal -0.7730104533627331 -0.63439328416365 0
outer loop
vertex 122.20641003963507 -73.57778399905533 4.3744861891787845e-15
vertex 122.57949853298447 -74.03239364356058 4.4201763520966896e-15
vertex 122.5794985329843 -74.03239364355966 1.8500000000000045
endloop
endfacet
facet normal -0.7730104533627331 -0.63439328416365 0
outer loop
vertex 122.20641003963507 -73.57778399905533 4.3744861891787845e-15
vertex 122.5794985329843 -74.03239364355966 1.8500000000000045
vertex 122.20641003963632 -73.57778399905881 1.8500000000000045
endloop
endfacet
facet normal -0.8819212643465841 -0.4713967368293109 -2.9100246883914783e-13
outer loop
vertex 121.92918027901038 -73.05912359709934 4.340535335281041e-15
vertex 122.20641003963507 -73.57778399905533 4.3744861891787845e-15
vertex 122.20641003963632 -73.57778399905881 1.8500000000000045
endloop
endfacet
facet normal -0.8819212643465841 -0.4713967368293109 -2.9100246883914783e-13
outer loop
vertex 121.92918027901038 -73.05912359709934 4.340535335281041e-15
vertex 122.20641003963632 -73.57778399905881 1.8500000000000045
vertex 122.07721297931093 -73.3360733 1.8500000000000045
endloop
endfacet
facet normal -0.8819212643465841 -0.4713967368293109 -2.9100246883914783e-13
outer loop
vertex 121.92918027901038 -73.05912359709934 4.340535335281041e-15
vertex 122.07721297931093 -73.3360733 1.8500000000000045
vertex 122.06257754303296 -73.30869232457476 1.8500000000000045
endloop
endfacet
facet normal -0.8819212643465841 -0.4713967368293109 -2.9100246883914783e-13
outer loop
vertex 121.92918027901038 -73.05912359709934 4.340535335281041e-15
vertex 122.06257754303296 -73.30869232457476 1.8500000000000045
vertex 122.01923366580772 -73.2276016338296 1.8500000000000045
endloop
endfacet
facet normal -0.8819212643465841 -0.4713967368293109 -2.9100246883914783e-13
outer loop
vertex 121.92918027901038 -73.05912359709934 4.340535335281041e-15
vertex 122.01923366580772 -73.2276016338296 1.8500000000000045
vertex 121.94884702852707 -73.09591749752916 1.8500000000000045
endloop
endfacet
facet normal -0.8819212643465841 -0.4713967368293109 -2.9100246883914783e-13
outer loop
vertex 121.92918027901038 -73.05912359709934 4.340535335281041e-15
vertex 121.94884702852707 -73.09591749752916 1.8500000000000045
vertex 121.92918027901007 -73.05912359709521 1.8500000000000045
endloop
endfacet
facet normal -0.9569403357327273 -0.2902846772527533 4.871555312394769e-13
outer loop
vertex 121.75846303533451 -72.49634426604872 4.3196285026783514e-15
vertex 121.92918027901038 -73.05912359709934 4.340535335281041e-15
vertex 121.92918027901007 -73.05912359709521 1.8500000000000045
endloop
endfacet
facet normal -0.9569403357327273 -0.2902846772527533 4.871555312394769e-13
outer loop
vertex 121.75846303533451 -72.49634426604872 4.3196285026783514e-15
vertex 121.92918027901007 -73.05912359709521 1.8500000000000045
vertex 121.88658338703772 -72.9187004631885 1.8500000000000045
endloop
endfacet
facet normal -0.9569403357327273 -0.2902846772527533 4.871555312394769e-13
outer loop
vertex 121.75846303533451 -72.49634426604872 4.3196285026783514e-15
vertex 121.88658338703772 -72.9187004631885 1.8500000000000045
vertex 121.82107883124132 -72.70276088205503 1.8500000000000043
endloop
endfacet
facet normal -0.9569403357327273 -0.2902846772527533 4.871555312394769e-13
outer loop
vertex 121.75846303533451 -72.49634426604872 4.3196285026783514e-15
vertex 121.82107883124132 -72.70276088205503 1.8500000000000043
vertex 121.75846303533427 -72.49634426604841 1.8500000000000043
endloop
endfacet
facet normal -0.9951847266721962 -0.0980171403295693 2.8806234132394916e-13
outer loop
vertex 62.54770497654367 -50.37327950000274 -2.9315980305003044e-15
vertex 62.605349135333825 -50.9585504660495 -2.924538657045114e-15
vertex 62.60534913533425 -50.95855046604839 1.8499999999999972
endloop
endfacet
facet normal -0.9951847266721962 -0.0980171403295693 2.8806234132394916e-13
outer loop
vertex 62.54770497654367 -50.37327950000274 -2.9315980305003044e-15
vertex 62.60534913533425 -50.95855046604839 1.8499999999999972
vertex 62.60141469186466 -50.91860339112124 1.8499999999999972
endloop
endfacet
facet normal -0.9951847266721962 -0.0980171403295693 2.8806234132394916e-13
outer loop
vertex 62.54770497654367 -50.37327950000274 -2.9315980305003044e-15
vertex 62.60141469186466 -50.91860339112124 1.8499999999999972
vertex 62.575085951969186 -50.6512832088714 1.8499999999999972
endloop
endfacet
facet normal -0.9951847266721962 -0.0980171403295693 2.8806234132394916e-13
outer loop
vertex 62.54770497654367 -50.37327950000274 -2.9315980305003044e-15
vertex 62.575085951969186 -50.6512832088714 1.8499999999999972
vertex 62.547704976543955 -50.373279500000095 1.8499999999999972
endloop
endfacet
facet normal -0.995184726672199 0.09801714032953936 1.2844721930261275e-14
outer loop
vertex 62.60534913533404 -49.78800853395363 -2.924538657045088e-15
vertex 62.54770497654367 -50.37327950000274 -2.9315980305003044e-15
vertex 62.547704976543955 -50.373279500000095 1.8499999999999972
endloop
endfacet
facet normal -0.995184726672199 0.09801714032953936 1.2844721930261275e-14
outer loop
vertex 62.60534913533404 -49.78800853395363 -2.924538657045088e-15
vertex 62.547704976543955 -50.373279500000095 1.8499999999999972
vertex 62.57508595196941 -50.09527579112643 1.8499999999999972
endloop
endfacet
facet normal -0.995184726672199 0.09801714032953936 1.2844721930261275e-14
outer loop
vertex 62.60534913533404 -49.78800853395363 -2.924538657045088e-15
vertex 62.57508595196941 -50.09527579112643 1.8499999999999972
vertex 62.60141469186469 -49.82795560887861 1.8499999999999972
endloop
endfacet
facet normal -0.995184726672199 0.09801714032953936 1.2844721930261275e-14
outer loop
vertex 62.60534913533404 -49.78800853395363 -2.924538657045088e-15
vertex 62.60141469186469 -49.82795560887861 1.8499999999999972
vertex 62.605349135334265 -49.78800853395157 1.8499999999999972
endloop
endfacet
facet normal -0.9569403357322159 0.29028467725443885 -2.0571963782671418e-13
outer loop
vertex 62.77606637900986 -49.22522920290672 -2.9036318244424022e-15
vertex 62.60534913533404 -49.78800853395363 -2.924538657045088e-15
vertex 62.605349135334265 -49.78800853395157 1.8499999999999972
endloop
endfacet
facet normal -0.9569403357322159 0.29028467725443885 -2.0571963782671418e-13
outer loop
vertex 62.77606637900986 -49.22522920290672 -2.9036318244424022e-15
vertex 62.605349135334265 -49.78800853395157 1.8499999999999972
vertex 62.667964931240405 -49.58159191794802 1.8499999999999972
endloop
endfacet
facet normal -0.9569403357322159 0.29028467725443885 -2.0571963782671418e-13
outer loop
vertex 62.77606637900986 -49.22522920290672 -2.9036318244424022e-15
vertex 62.667964931240405 -49.58159191794802 1.8499999999999972
vertex 62.73346948703798 -49.36565233681069 1.8499999999999972
endloop
endfacet
facet normal -0.9569403357322159 0.29028467725443885 -2.0571963782671418e-13
outer loop
vertex 62.77606637900986 -49.22522920290672 -2.9036318244424022e-15
vertex 62.73346948703798 -49.36565233681069 1.8499999999999972
vertex 62.77606637901009 -49.225229202904764 1.8499999999999972
endloop
endfacet
facet normal -0.8819212643483543 0.4713967368259992 -3.8949992935037035e-13
outer loop
vertex 63.05329613964112 -48.706568800933766 -2.8696809705438564e-15
vertex 62.77606637900986 -49.22522920290672 -2.9036318244424022e-15
vertex 62.77606637901009 -49.225229202904764 1.8499999999999972
endloop
endfacet
facet normal -0.8819212643483543 0.4713967368259992 -3.8949992935037035e-13
outer loop
vertex 63.05329613964112 -48.706568800933766 -2.8696809705438564e-15
vertex 62.77606637901009 -49.225229202904764 1.8499999999999972
vertex 62.79573312852811 -49.1884353024689 1.8499999999999972
endloop
endfacet
facet normal -0.8819212643483543 0.4713967368259992 -3.8949992935037035e-13
outer loop
vertex 63.05329613964112 -48.706568800933766 -2.8696809705438564e-15
vertex 62.79573312852811 -49.1884353024689 1.8499999999999972
vertex 62.866119765807184 -49.0567511661714 1.8499999999999972
endloop
endfacet
facet normal -0.8819212643483543 0.4713967368259992 -3.8949992935037035e-13
outer loop
vertex 63.05329613964112 -48.706568800933766 -2.8696809705438564e-15
vertex 62.866119765807184 -49.0567511661714 1.8499999999999972
vertex 62.90946364303282 -48.97566047542547 1.8499999999999972
endloop
endfacet
facet normal -0.8819212643483543 0.4713967368259992 -3.8949992935037035e-13
outer loop
vertex 63.05329613964112 -48.706568800933766 -2.8696809705438564e-15
vertex 62.90946364303282 -48.97566047542547 1.8499999999999972
vertex 62.924099079310906 -48.94827950000003 1.8499999999999972
endloop
endfacet
facet normal -0.8819212643483543 0.4713967368259992 -3.8949992935037035e-13
outer loop
vertex 63.05329613964112 -48.706568800933766 -2.8696809705438564e-15
vertex 62.924099079310906 -48.94827950000003 1.8499999999999972
vertex 63.05329613963633 -48.70656880094112 1.8499999999999972
endloop
endfacet
facet normal -0.7730104533627319 0.6343932841636518 0
outer loop
vertex 63.42638463298013 -48.25195915644389 -2.8239908076272238e-15
vertex 63.05329613964112 -48.706568800933766 -2.8696809705438564e-15
vertex 63.05329613963633 -48.70656880094112 1.8499999999999972
endloop
endfacet
facet normal -0.7730104533627319 0.6343932841636518 0
outer loop
vertex 63.42638463298013 -48.25195915644389 -2.8239908076272238e-15
vertex 63.05329613963633 -48.70656880094112 1.8499999999999972
vertex 63.42638463298434 -48.25195915644047 1.8499999999999972
endloop
endfacet
facet normal -0.6343932841636518 0.7730104533627319 0
outer loop
vertex 63.88099427748031 -47.87887066309642 -2.7683171830273576e-15
vertex 63.42638463298013 -48.25195915644389 -2.8239908076272238e-15
vertex 63.42638463298434 -48.25195915644047 1.8499999999999972
endloop
endfacet
facet normal -0.6343932841636518 0.7730104533627319 0
outer loop
vertex 63.88099427748031 -47.87887066309642 -2.7683171830273576e-15
vertex 63.42638463298434 -48.25195915644047 1.8499999999999972
vertex 63.88099427748513 -47.878870663092336 1.8499999999999974
endloop
endfacet
facet normal -0.4713967368259944 0.8819212643483568 0
outer loop
vertex 64.39965467945396 -47.6016409024648 -2.7047996029152064e-15
vertex 63.88099427748031 -47.87887066309642 -2.7683171830273576e-15
vertex 63.88099427748513 -47.878870663092336 1.8499999999999974
endloop
endfacet
facet normal -0.4713967368259944 0.8819212643483568 0
outer loop
vertex 64.39965467945396 -47.6016409024648 -2.7047996029152064e-15
vertex 63.88099427748513 -47.878870663092336 1.8499999999999974
vertex 64.39965467944866 -47.60164090246613 1.8499999999999974
endloop
endfacet
facet normal -0.2902846772544619 0.956940335732209 0
outer loop
vertex 64.96243401049405 -47.43092365879103 -2.635879012276753e-15
vertex 64.39965467945396 -47.6016409024648 -2.7047996029152064e-15
vertex 64.39965467944866 -47.60164090246613 1.8499999999999974
endloop
endfacet
facet normal -0.2902846772544619 0.956940335732209 0
outer loop
vertex 64.96243401049405 -47.43092365879103 -2.635879012276753e-15
vertex 64.39965467944866 -47.60164090246613 1.8499999999999974
vertex 64.96243401049557 -47.430923658790306 1.8499999999999974
endloop
endfacet
facet normal -0.09801714032957423 0.9951847266721956 0
outer loop
vertex 65.54770497654852 -47.373279500000116 -2.564203990755505e-15
vertex 64.96243401049405 -47.43092365879103 -2.635879012276753e-15
vertex 64.96243401049557 -47.430923658790306 1.8499999999999974
endloop
endfacet
facet normal -0.09801714032957423 0.9951847266721956 0
outer loop
vertex 65.54770497654852 -47.373279500000116 -2.564203990755505e-15
vertex 64.96243401049557 -47.430923658790306 1.8499999999999974
vertex 65.54770497654398 -47.3732795 1.8499999999999974
endloop
endfacet
facet normal 0.0980171403295671 0.9951847266721963 0
outer loop
vertex 66.13297594260301 -47.43092365879103 -2.492528969234253e-15
vertex 65.54770497654852 -47.373279500000116 -2.564203990755505e-15
vertex 65.54770497654398 -47.3732795 1.8499999999999974
endloop
endfacet
facet normal 0.0980171403295671 0.9951847266721963 0
outer loop
vertex 66.13297594260301 -47.43092365879103 -2.492528969234253e-15
vertex 65.54770497654398 -47.3732795 1.8499999999999974
vertex 66.13297594259232 -47.430923658790306 1.8499999999999976
endloop
endfacet
facet normal 0.2902846772544619 0.956940335732209 0
outer loop
vertex 66.69575527363013 -47.6016409024648 -2.4236083785973886e-15
vertex 66.13297594260301 -47.43092365879103 -2.492528969234253e-15
vertex 66.13297594259232 -47.430923658790306 1.8499999999999976
endloop
endfacet
facet normal 0.2902846772544619 0.956940335732209 0
outer loop
vertex 66.69575527363013 -47.6016409024648 -2.4236083785973886e-15
vertex 66.13297594259232 -47.430923658790306 1.8499999999999976
vertex 66.6957552736392 -47.60164090246613 1.8499999999999976
endloop
endfacet
facet normal 0.47139673682598005 0.8819212643483645 0
outer loop
vertex 67.214415675612 -47.87887066309642 -2.3600907984842305e-15
vertex 66.69575527363013 -47.6016409024648 -2.4236083785973886e-15
vertex 66.6957552736392 -47.60164090246613 1.8499999999999976
endloop
endfacet
facet normal 0.47139673682598005 0.8819212643483645 0
outer loop
vertex 67.214415675612 -47.87887066309642 -2.3600907984842305e-15
vertex 66.6957552736392 -47.60164090246613 1.8499999999999976
vertex 67.21441567560271 -47.878870663092336 1.8499999999999976
endloop
endfacet
facet normal 0.6343932841636517 0.7730104533627319 0
outer loop
vertex 67.66902532010464 -48.25195915644389 -2.304417173885288e-15
vertex 67.214415675612 -47.87887066309642 -2.3600907984842305e-15
vertex 67.21441567560271 -47.878870663092336 1.8499999999999976
endloop
endfacet
facet normal 0.6343932841636517 0.7730104533627319 0
outer loop
vertex 67.66902532010464 -48.25195915644389 -2.304417173885288e-15
vertex 67.21441567560271 -47.878870663092336 1.8499999999999976
vertex 67.66902532010371 -48.25195915644047 1.8499999999999979
endloop
endfacet
facet normal 0.7730104533627445 0.6343932841636364 0
outer loop
vertex 68.04211381344308 -48.706568800933766 -2.258727010968725e-15
vertex 67.66902532010464 -48.25195915644389 -2.304417173885288e-15
vertex 67.66902532010371 -48.25195915644047 1.8499999999999979
endloop
endfacet
facet normal 0.7730104533627445 0.6343932841636364 0
outer loop
vertex 68.04211381344308 -48.706568800933766 -2.258727010968725e-15
vertex 67.66902532010371 -48.25195915644047 1.8499999999999979
vertex 68.04211381345155 -48.70656880094112 1.8499999999999979
endloop
endfacet
facet normal 0.881921264343703 0.4713967368347009 -2.1637297620910912e-12
outer loop
vertex 68.31934357408092 -49.22522920290672 -2.2247761570693736e-15
vertex 68.04211381344308 -48.706568800933766 -2.258727010968725e-15
vertex 68.04211381345155 -48.70656880094112 1.8499999999999979
endloop
endfacet
facet normal 0.881921264343703 0.4713967368347009 -2.1637297620910912e-12
outer loop
vertex 68.31934357408092 -49.22522920290672 -2.2247761570693736e-15
vertex 68.04211381345155 -48.70656880094112 1.8499999999999979
vertex 68.17131087377699 -48.94827950000003 1.8499999999999979
endloop
endfacet
facet normal 0.881921264343703 0.4713967368347009 -2.1637297620910912e-12
outer loop
vertex 68.31934357408092 -49.22522920290672 -2.2247761570693736e-15
vertex 68.17131087377699 -48.94827950000003 1.8499999999999979
vertex 68.18594631005509 -48.97566047542547 1.8499999999999979
endloop
endfacet
facet normal 0.881921264343703 0.4713967368347009 -2.1637297620910912e-12
outer loop
vertex 68.31934357408092 -49.22522920290672 -2.2247761570693736e-15
vertex 68.18594631005509 -48.97566047542547 1.8499999999999979
vertex 68.22929018728072 -49.0567511661714 1.8499999999999979
endloop
endfacet
facet normal 0.881921264343703 0.4713967368347009 -2.1637297620910912e-12
outer loop
vertex 68.31934357408092 -49.22522920290672 -2.2247761570693736e-15
vertex 68.22929018728072 -49.0567511661714 1.8499999999999979
vertex 68.29967682455981 -49.1884353024689 1.8499999999999979
endloop
endfacet
facet normal 0.881921264343703 0.4713967368347009 -2.1637297620910912e-12
outer loop
vertex 68.31934357408092 -49.22522920290672 -2.2247761570693736e-15
vertex 68.29967682455981 -49.1884353024689 1.8499999999999979
vertex 68.31934357407783 -49.225229202904764 1.8499999999999979
endloop
endfacet
facet normal 0.9569403357334779 0.29028467725027884 1.2885156655734493e-12
outer loop
vertex 68.49006081775407 -49.78800853395363 -2.203869324467015e-15
vertex 68.31934357408092 -49.22522920290672 -2.2247761570693736e-15
vertex 68.31934357407783 -49.225229202904764 1.8499999999999979
endloop
endfacet
facet normal 0.9569403357334779 0.29028467725027884 1.2885156655734493e-12
outer loop
vertex 68.49006081775407 -49.78800853395363 -2.203869324467015e-15
vertex 68.31934357407783 -49.225229202904764 1.8499999999999979
vertex 68.36194046604994 -49.36565233681069 1.8499999999999979
endloop
endfacet
facet normal 0.9569403357334779 0.29028467725027884 1.2885156655734493e-12
outer loop
vertex 68.49006081775407 -49.78800853395363 -2.203869324467015e-15
vertex 68.36194046604994 -49.36565233681069 1.8499999999999979
vertex 68.4274450218475 -49.58159191794802 1.8499999999999979
endloop
endfacet
facet normal 0.9569403357334779 0.29028467725027884 1.2885156655734493e-12
outer loop
vertex 68.49006081775407 -49.78800853395363 -2.203869324467015e-15
vertex 68.4274450218475 -49.58159191794802 1.8499999999999979
vertex 68.49006081775363 -49.78800853395157 1.8499999999999979
endloop
endfacet
facet normal 0.9951847266722815 0.09801714032870175 1.2780944760797282e-13
outer loop
vertex 68.54770497654394 -50.37327950000274 -2.1968099510118596e-15
vertex 68.49006081775407 -49.78800853395363 -2.203869324467015e-15
vertex 68.49006081775363 -49.78800853395157 1.8499999999999979
endloop
endfacet
facet normal 0.9951847266722815 0.09801714032870175 1.2780944760797282e-13
outer loop
vertex 68.54770497654394 -50.37327950000274 -2.1968099510118596e-15
vertex 68.49006081775363 -49.78800853395157 1.8499999999999979
vertex 68.4939952612232 -49.82795560887861 1.8499999999999979
endloop
endfacet
facet normal 0.9951847266722815 0.09801714032870175 1.2780944760797282e-13
outer loop
vertex 68.54770497654394 -50.37327950000274 -2.1968099510118596e-15
vertex 68.4939952612232 -49.82795560887861 1.8499999999999979
vertex 68.5203240011185 -50.09527579112643 1.8499999999999979
endloop
endfacet
facet normal 0.9951847266722815 0.09801714032870175 1.2780944760797282e-13
outer loop
vertex 68.54770497654394 -50.37327950000274 -2.1968099510118596e-15
vertex 68.5203240011185 -50.09527579112643 1.8499999999999979
vertex 68.54770497654395 -50.373279500000095 1.8499999999999979
endloop
endfacet
facet normal 0.9951847266721984 -0.09801714032954535 1.3240140380997625e-13
outer loop
vertex 68.4900608177538 -50.9585504660495 -2.203869324467048e-15
vertex 68.54770497654394 -50.37327950000274 -2.1968099510118596e-15
vertex 68.54770497654395 -50.373279500000095 1.8499999999999979
endloop
endfacet
facet normal 0.9951847266721984 -0.09801714032954535 1.3240140380997625e-13
outer loop
vertex 68.4900608177538 -50.9585504660495 -2.203869324467048e-15
vertex 68.54770497654395 -50.373279500000095 1.8499999999999979
vertex 68.52032400111872 -50.6512832088714 1.8499999999999979
endloop
endfacet
facet normal 0.9951847266721984 -0.09801714032954535 1.3240140380997625e-13
outer loop
vertex 68.4900608177538 -50.9585504660495 -2.203869324467048e-15
vertex 68.52032400111872 -50.6512832088714 1.8499999999999979
vertex 68.49399526122325 -50.91860339112124 1.8499999999999979
endloop
endfacet
facet normal 0.9951847266721984 -0.09801714032954535 1.3240140380997625e-13
outer loop
vertex 68.4900608177538 -50.9585504660495 -2.203869324467048e-15
vertex 68.49399526122325 -50.91860339112124 1.8499999999999979
vertex 68.49006081775366 -50.95855046604839 1.8499999999999979
endloop
endfacet
facet normal 0.9569403357321459 -0.2902846772546706 2.4742990665842304e-13
outer loop
vertex 68.31934357407889 -51.521329797092925 -2.2247761570696225e-15
vertex 68.4900608177538 -50.9585504660495 -2.203869324467048e-15
vertex 68.49006081775366 -50.95855046604839 1.8499999999999979
endloop
endfacet
facet normal 0.9569403357321459 -0.2902846772546706 2.4742990665842304e-13
outer loop
vertex 68.31934357407889 -51.521329797092925 -2.2247761570696225e-15
vertex 68.49006081775366 -50.95855046604839 1.8499999999999979
vertex 68.4274450218476 -51.16496708205175 1.8499999999999979
endloop
endfacet
facet normal 0.9569403357321459 -0.2902846772546706 2.4742990665842304e-13
outer loop
vertex 68.31934357407889 -51.521329797092925 -2.2247761570696225e-15
vertex 68.4274450218476 -51.16496708205175 1.8499999999999979
vertex 68.36194046604881 -51.38090666319315 1.8499999999999979
endloop
endfacet
facet normal 0.9569403357321459 -0.2902846772546706 2.4742990665842304e-13
outer loop
vertex 68.31934357407889 -51.521329797092925 -2.2247761570696225e-15
vertex 68.36194046604881 -51.38090666319315 1.8499999999999979
vertex 68.31934357407786 -51.52132979709528 1.8499999999999979
endloop
endfacet
facet normal 0.8819212643483461 -0.47139673682601446 -1.1150800309256148e-13
outer loop
vertex 68.04211381345198 -52.03999019905772 -2.2587270109676354e-15
vertex 68.31934357407889 -51.521329797092925 -2.2247761570696225e-15
vertex 68.31934357407786 -51.52132979709528 1.8499999999999979
endloop
endfacet
facet normal 0.8819212643483461 -0.47139673682601446 -1.1150800309256148e-13
outer loop
vertex 68.04211381345198 -52.03999019905772 -2.2587270109676354e-15
vertex 68.31934357407786 -51.52132979709528 1.8499999999999979
vertex 68.29967682456086 -51.55812369752921 1.8499999999999979
endloop
endfacet
facet normal 0.8819212643483461 -0.47139673682601446 -1.1150800309256148e-13
outer loop
vertex 68.04211381345198 -52.03999019905772 -2.2587270109676354e-15
vertex 68.29967682456086 -51.55812369752921 1.8499999999999979
vertex 68.22929018728036 -51.68980783382935 1.8499999999999979
endloop
endfacet
facet normal 0.8819212643483461 -0.47139673682601446 -1.1150800309256148e-13
outer loop
vertex 68.04211381345198 -52.03999019905772 -2.2587270109676354e-15
vertex 68.22929018728036 -51.68980783382935 1.8499999999999979
vertex 68.18594631005512 -51.77089852457452 1.8499999999999979
endloop
endfacet
facet normal 0.8819212643483461 -0.47139673682601446 -1.1150800309256148e-13
outer loop
vertex 68.04211381345198 -52.03999019905772 -2.2587270109676354e-15
vertex 68.18594631005512 -51.77089852457452 1.8499999999999979
vertex 68.17131087377702 -51.798279499999964 1.8499999999999979
endloop
endfacet
facet normal 0.8819212643483461 -0.47139673682601446 -1.1150800309256148e-13
outer loop
vertex 68.04211381345198 -52.03999019905772 -2.2587270109676354e-15
vertex 68.17131087377702 -51.798279499999964 1.8499999999999979
vertex 68.04211381345158 -52.039990199058856 1.8499999999999979
endloop
endfacet
facet normal 0.7730104533627347 -0.6343932841636484 0
outer loop
vertex 67.6690253201012 -52.49459984356194 -2.3044171738857093e-15
vertex 68.04211381345198 -52.03999019905772 -2.2587270109676354e-15
vertex 68.04211381345158 -52.039990199058856 1.8499999999999979
endloop
endfacet
facet normal 0.7730104533627347 -0.6343932841636484 0
outer loop
vertex 67.6690253201012 -52.49459984356194 -2.3044171738857093e-15
vertex 68.04211381345158 -52.039990199058856 1.8499999999999979
vertex 67.66902532010361 -52.494599843559655 1.8499999999999979
endloop
endfacet
facet normal 0.6343932841636518 -0.7730104533627319 0
outer loop
vertex 67.21441567560196 -52.86768833690863 -2.3600907984854607e-15
vertex 67.6690253201012 -52.49459984356194 -2.3044171738857093e-15
vertex 67.66902532010361 -52.494599843559655 1.8499999999999979
endloop
endfacet
facet normal 0.6343932841636518 -0.7730104533627319 0
outer loop
vertex 67.21441567560196 -52.86768833690863 -2.3600907984854607e-15
vertex 67.66902532010361 -52.494599843559655 1.8499999999999979
vertex 67.2144156756028 -52.86768833690763 1.8499999999999976
endloop
endfacet
facet normal 0.4713967368259944 -0.8819212643483568 0
outer loop
vertex 66.6957552736424 -53.14491809753272 -2.423608378595885e-15
vertex 67.21441567560196 -52.86768833690863 -2.3600907984854607e-15
vertex 67.2144156756028 -52.86768833690763 1.8499999999999976
endloop
endfacet
facet normal 0.4713967368259944 -0.8819212643483568 0
outer loop
vertex 66.6957552736424 -53.14491809753272 -2.423608378595885e-15
vertex 67.2144156756028 -52.86768833690763 1.8499999999999976
vertex 66.69575527363925 -53.14491809753383 1.8499999999999976
endloop
endfacet
facet normal 0.29028467725446194 -0.9569403357322092 0
outer loop
vertex 66.1329759425896 -53.315635341210346 -2.4925289692358964e-15
vertex 66.6957552736424 -53.14491809753272 -2.423608378595885e-15
vertex 66.69575527363925 -53.14491809753383 1.8499999999999976
endloop
endfacet
facet normal 0.29028467725446194 -0.9569403357322092 0
outer loop
vertex 66.1329759425896 -53.315635341210346 -2.4925289692358964e-15
vertex 66.69575527363925 -53.14491809753383 1.8499999999999976
vertex 66.13297594259234 -53.3156353412097 1.8499999999999976
endloop
endfacet
facet normal 0.09801714032957423 -0.9951847266721956 0
outer loop
vertex 65.54770497654648 -53.37327950000014 -2.5642039907557538e-15
vertex 66.1329759425896 -53.315635341210346 -2.4925289692358964e-15
vertex 66.13297594259234 -53.3156353412097 1.8499999999999976
endloop
endfacet
facet normal 0.09801714032957423 -0.9951847266721956 0
outer loop
vertex 65.54770497654648 -53.37327950000014 -2.5642039907557538e-15
vertex 66.13297594259234 -53.3156353412097 1.8499999999999976
vertex 65.54770497654395 -53.3732795 1.8499999999999974
endloop
endfacet
facet normal -0.09801714032955997 -0.9951847266721969 0
outer loop
vertex 64.9624340104948 -53.315635341210346 -2.6358790122766608e-15
vertex 65.54770497654648 -53.37327950000014 -2.5642039907557538e-15
vertex 65.54770497654395 -53.3732795 1.8499999999999974
endloop
endfacet
facet normal -0.09801714032955997 -0.9951847266721969 0
outer loop
vertex 64.9624340104948 -53.315635341210346 -2.6358790122766608e-15
vertex 65.54770497654395 -53.3732795 1.8499999999999974
vertex 64.96243401049563 -53.3156353412097 1.8499999999999974
endloop
endfacet
facet normal -0.29028467725446566 -0.9569403357322079 0
outer loop
vertex 64.39965467944631 -53.14491809753272 -2.704799602916143e-15
vertex 64.9624340104948 -53.315635341210346 -2.6358790122766608e-15
vertex 64.96243401049563 -53.3156353412097 1.8499999999999974
endloop
endfacet
facet normal -0.29028467725446566 -0.9569403357322079 0
outer loop
vertex 64.39965467944631 -53.14491809753272 -2.704799602916143e-15
vertex 64.96243401049563 -53.3156353412097 1.8499999999999974
vertex 64.39965467944863 -53.14491809753383 1.8499999999999974
endloop
endfacet
facet normal -0.47139673682598005 -0.8819212643483645 0
outer loop
vertex 63.880994277488824 -52.86768833690863 -2.768317183026315e-15
vertex 64.39965467944631 -53.14491809753272 -2.704799602916143e-15
vertex 64.39965467944863 -53.14491809753383 1.8499999999999974
endloop
endfacet
facet normal -0.47139673682598005 -0.8819212643483645 0
outer loop
vertex 63.880994277488824 -52.86768833690863 -2.768317183026315e-15
vertex 64.39965467944863 -53.14491809753383 1.8499999999999974
vertex 63.880994277485115 -52.86768833690763 1.8499999999999974
endloop
endfacet
facet normal -0.6343932841636518 -0.7730104533627318 0
outer loop
vertex 63.426384632983684 -52.49459984356194 -2.8239908076267887e-15
vertex 63.880994277488824 -52.86768833690863 -2.768317183026315e-15
vertex 63.880994277485115 -52.86768833690763 1.8499999999999974
endloop
endfacet
facet normal -0.6343932841636518 -0.7730104533627318 0
outer loop
vertex 63.426384632983684 -52.49459984356194 -2.8239908076267887e-15
vertex 63.880994277485115 -52.86768833690763 1.8499999999999974
vertex 63.42638463298431 -52.494599843559655 1.8499999999999972
endloop
endfacet
facet normal -0.7730104533627445 -0.6343932841636364 0
outer loop
vertex 63.05329613963464 -52.03999019905772 -2.86968097054465e-15
vertex 63.426384632983684 -52.49459984356194 -2.8239908076267887e-15
vertex 63.42638463298431 -52.494599843559655 1.8499999999999972
endloop
endfacet
facet normal -0.7730104533627445 -0.6343932841636364 0
outer loop
vertex 63.05329613963464 -52.03999019905772 -2.86968097054465e-15
vertex 63.42638463298431 -52.494599843559655 1.8499999999999972
vertex 63.05329613963636 -52.039990199058856 1.8499999999999972
endloop
endfacet
facet normal -0.8819212643504255 -0.4713967368221241 5.30013789122974e-13
outer loop
vertex 62.77606637901067 -51.521329797092925 -2.903631824442303e-15
vertex 63.05329613963464 -52.03999019905772 -2.86968097054465e-15
vertex 63.05329613963636 -52.039990199058856 1.8499999999999972
endloop
endfacet
facet normal -0.8819212643504255 -0.4713967368221241 5.30013789122974e-13
outer loop
vertex 62.77606637901067 -51.521329797092925 -2.903631824442303e-15
vertex 63.05329613963636 -52.039990199058856 1.8499999999999972
vertex 62.92409907931092 -51.798279499999964 1.8499999999999972
endloop
endfacet
facet normal -0.8819212643504255 -0.4713967368221241 5.30013789122974e-13
outer loop
vertex 62.77606637901067 -51.521329797092925 -2.903631824442303e-15
vertex 62.92409907931092 -51.798279499999964 1.8499999999999972
vertex 62.909463643032836 -51.77089852457452 1.8499999999999972
endloop
endfacet
facet normal -0.8819212643504255 -0.4713967368221241 5.30013789122974e-13
outer loop
vertex 62.77606637901067 -51.521329797092925 -2.903631824442303e-15
vertex 62.909463643032836 -51.77089852457452 1.8499999999999972
vertex 62.866119765807596 -51.68980783382935 1.8499999999999972
endloop
endfacet
facet normal -0.8819212643504255 -0.4713967368221241 5.30013789122974e-13
outer loop
vertex 62.77606637901067 -51.521329797092925 -2.903631824442303e-15
vertex 62.866119765807596 -51.68980783382935 1.8499999999999972
vertex 62.795733128527104 -51.55812369752921 1.8499999999999972
endloop
endfacet
facet normal -0.8819212643504255 -0.4713967368221241 5.30013789122974e-13
outer loop
vertex 62.77606637901067 -51.521329797092925 -2.903631824442303e-15
vertex 62.795733128527104 -51.55812369752921 1.8499999999999972
vertex 62.7760663790101 -51.52132979709528 1.8499999999999972
endloop
endfacet
facet normal -0.9569403357312329 -0.29028467725768 -6.630784754984635e-13
outer loop
vertex 62.605349135333825 -50.9585504660495 -2.924538657045114e-15
vertex 62.77606637901067 -51.521329797092925 -2.903631824442303e-15
vertex 62.7760663790101 -51.52132979709528 1.8499999999999972
endloop
endfacet
facet normal -0.9569403357312329 -0.29028467725768 -6.630784754984635e-13
outer loop
vertex 62.605349135333825 -50.9585504660495 -2.924538657045114e-15
vertex 62.7760663790101 -51.52132979709528 1.8499999999999972
vertex 62.73346948703913 -51.38090666319315 1.8499999999999972
endloop
endfacet
facet normal -0.9569403357312329 -0.29028467725768 -6.630784754984635e-13
outer loop
vertex 62.605349135333825 -50.9585504660495 -2.924538657045114e-15
vertex 62.73346948703913 -51.38090666319315 1.8499999999999972
vertex 62.66796493124032 -51.16496708205175 1.8499999999999972
endloop
endfacet
facet normal -0.9569403357312329 -0.29028467725768 -6.630784754984635e-13
outer loop
vertex 62.605349135333825 -50.9585504660495 -2.924538657045114e-15
vertex 62.66796493124032 -51.16496708205175 1.8499999999999972
vertex 62.60534913533425 -50.95855046604839 1.8499999999999972
endloop
endfacet
facet normal -0.9951847266721963 -0.09801714032956557 -1.4216568845318134e-13
outer loop
vertex 117.30089507654387 -88.33181229999649 3.7737338694068744e-15
vertex 117.3585392353348 -88.91708326605121 3.780793242862161e-15
vertex 117.35853923533426 -88.91708326604841 1.8500000000000039
endloop
endfacet
facet normal -0.9951847266721963 -0.09801714032956557 -1.4216568845318134e-13
outer loop
vertex 117.30089507654387 -88.33181229999649 3.7737338694068744e-15
vertex 117.35853923533426 -88.91708326604841 1.8500000000000039
vertex 117.35460479186476 -88.87713619112206 1.8500000000000039
endloop
endfacet
facet normal -0.9951847266721963 -0.09801714032956557 -1.4216568845318134e-13
outer loop
vertex 117.30089507654387 -88.33181229999649 3.7737338694068744e-15
vertex 117.35460479186476 -88.87713619112206 1.8500000000000039
vertex 117.32827605196935 -88.60981600887301 1.8500000000000039
endloop
endfacet
facet normal -0.9951847266721963 -0.09801714032956557 -1.4216568845318134e-13
outer loop
vertex 117.30089507654387 -88.33181229999649 3.7737338694068744e-15
vertex 117.32827605196935 -88.60981600887301 1.8500000000000039
vertex 117.30089507654395 -88.33181229999995 1.8500000000000039
endloop
endfacet
facet normal -0.9951847266721972 0.09801714032955737 2.29578676926103e-13
outer loop
vertex 117.35853923533355 -87.74654133395441 3.7807932428620085e-15
vertex 117.30089507654387 -88.33181229999649 3.7737338694068744e-15
vertex 117.30089507654395 -88.33181229999995 1.8500000000000039
endloop
endfacet
facet normal -0.9951847266721972 0.09801714032955737 2.29578676926103e-13
outer loop
vertex 117.35853923533355 -87.74654133395441 3.7807932428620085e-15
vertex 117.30089507654395 -88.33181229999995 1.8500000000000039
vertex 117.32827605196934 -88.0538085911271 1.8500000000000039
endloop
endfacet
facet normal -0.9951847266721972 0.09801714032955737 2.29578676926103e-13
outer loop
vertex 117.35853923533355 -87.74654133395441 3.7807932428620085e-15
vertex 117.32827605196934 -88.0538085911271 1.8500000000000039
vertex 117.35460479186466 -87.78648840887894 1.8500000000000039
endloop
endfacet
facet normal -0.9951847266721972 0.09801714032955737 2.29578676926103e-13
outer loop
vertex 117.35853923533355 -87.74654133395441 3.7807932428620085e-15
vertex 117.35460479186466 -87.78648840887894 1.8500000000000039
vertex 117.35853923533426 -87.74654133395171 1.8500000000000039
endloop
endfacet
facet normal -0.9569403357322065 0.2902846772544701 -5.6123909128724626e-14
outer loop
vertex 117.52925647901118 -87.18376200290162 3.801700075464914e-15
vertex 117.35853923533355 -87.74654133395441 3.7807932428620085e-15
vertex 117.35853923533426 -87.74654133395171 1.8500000000000039
endloop
endfacet
facet normal -0.9569403357322065 0.2902846772544701 -5.6123909128724626e-14
outer loop
vertex 117.52925647901118 -87.18376200290162 3.801700075464914e-15
vertex 117.35853923533426 -87.74654133395171 1.8500000000000039
vertex 117.42115503123975 -87.54012471795023 1.8500000000000039
endloop
endfacet
facet normal -0.9569403357322065 0.2902846772544701 -5.6123909128724626e-14
outer loop
vertex 117.52925647901118 -87.18376200290162 3.801700075464914e-15
vertex 117.42115503123975 -87.54012471795023 1.8500000000000039
vertex 117.48665958703987 -87.32418513680446 1.8500000000000039
endloop
endfacet
facet normal -0.9569403357322065 0.2902846772544701 -5.6123909128724626e-14
outer loop
vertex 117.52925647901118 -87.18376200290162 3.801700075464914e-15
vertex 117.48665958703987 -87.32418513680446 1.8500000000000039
vertex 117.5292564790101 -87.18376200290471 1.8500000000000039
endloop
endfacet
facet normal -0.8819212643483598 0.4713967368259887 2.7454795911557983e-13
outer loop
vertex 117.80648623963529 -86.66510160094202 3.835650929362585e-15
vertex 117.52925647901118 -87.18376200290162 3.801700075464914e-15
vertex 117.5292564790101 -87.18376200290471 1.8500000000000039
endloop
endfacet
facet normal -0.8819212643483598 0.4713967368259887 2.7454795911557983e-13
outer loop
vertex 117.80648623963529 -86.66510160094202 3.835650929362585e-15
vertex 117.5292564790101 -87.18376200290471 1.8500000000000039
vertex 117.54892322852615 -87.14696810247254 1.8500000000000039
endloop
endfacet
facet normal -0.8819212643483598 0.4713967368259887 2.7454795911557983e-13
outer loop
vertex 117.80648623963529 -86.66510160094202 3.835650929362585e-15
vertex 117.54892322852615 -87.14696810247254 1.8500000000000039
vertex 117.61930986580754 -87.0152839661707 1.8500000000000039
endloop
endfacet
facet normal -0.8819212643483598 0.4713967368259887 2.7454795911557983e-13
outer loop
vertex 117.80648623963529 -86.66510160094202 3.835650929362585e-15
vertex 117.61930986580754 -87.0152839661707 1.8500000000000039
vertex 117.66265374303276 -86.93419327542554 1.8500000000000039
endloop
endfacet
facet normal -0.8819212643483598 0.4713967368259887 2.7454795911557983e-13
outer loop
vertex 117.80648623963529 -86.66510160094202 3.835650929362585e-15
vertex 117.66265374303276 -86.93419327542554 1.8500000000000039
vertex 117.67728917931089 -86.90681230000003 1.8500000000000039
endloop
endfacet
facet normal -0.8819212643483598 0.4713967368259887 2.7454795911557983e-13
outer loop
vertex 117.80648623963529 -86.66510160094202 3.835650929362585e-15
vertex 117.67728917931089 -86.90681230000003 1.8500000000000039
vertex 117.80648623963629 -86.66510160094117 1.8500000000000039
endloop
endfacet
facet normal -0.7730104533627319 0.6343932841636518 0
outer loop
vertex 118.1795747329831 -86.21049195644143 3.881341092280294e-15
vertex 117.80648623963529 -86.66510160094202 3.835650929362585e-15
vertex 117.80648623963629 -86.66510160094117 1.8500000000000039
endloop
endfacet
facet normal -0.7730104533627319 0.6343932841636518 0
outer loop
vertex 118.1795747329831 -86.21049195644143 3.881341092280294e-15
vertex 117.80648623963629 -86.66510160094117 1.8500000000000039
vertex 118.17957473298432 -86.21049195644032 1.8500000000000039
endloop
endfacet
facet normal -0.6343932841636448 0.7730104533627375 0
outer loop
vertex 118.63418437748513 -85.83740346309247 3.937014716880386e-15
vertex 118.1795747329831 -86.21049195644143 3.881341092280294e-15
vertex 118.17957473298432 -86.21049195644032 1.8500000000000039
endloop
endfacet
facet normal -0.6343932841636448 0.7730104533627375 0
outer loop
vertex 118.63418437748513 -85.83740346309247 3.937014716880386e-15
vertex 118.17957473298432 -86.21049195644032 1.8500000000000039
vertex 118.63418437748518 -85.83740346309234 1.850000000000004
endloop
endfacet
facet normal -0.47139673682600836 0.8819212643483493 0
outer loop
vertex 119.1528447794477 -85.56017370246674 4.000532296991182e-15
vertex 118.63418437748513 -85.83740346309247 3.937014716880386e-15
vertex 118.63418437748518 -85.83740346309234 1.850000000000004
endloop
endfacet
facet normal -0.47139673682600836 0.8819212643483493 0
outer loop
vertex 119.1528447794477 -85.56017370246674 4.000532296991182e-15
vertex 118.63418437748518 -85.83740346309234 1.850000000000004
vertex 119.15284477944876 -85.56017370246612 1.850000000000004
endloop
endfacet
facet normal -0.2902846772544479 0.9569403357322133 0
outer loop
vertex 119.71562411049987 -85.38945645878931 4.0694528876311155e-15
vertex 119.1528447794477 -85.56017370246674 4.000532296991182e-15
vertex 119.15284477944876 -85.56017370246612 1.850000000000004
endloop
endfacet
facet normal -0.2902846772544479 0.9569403357322133 0
outer loop
vertex 119.71562411049987 -85.38945645878931 4.0694528876311155e-15
vertex 119.15284477944876 -85.56017370246612 1.850000000000004
vertex 119.7156241104955 -85.38945645879029 1.850000000000004
endloop
endfacet
facet normal -0.09801714032957415 0.9951847266721956 0
outer loop
vertex 120.30089507654009 -85.3318122999998 4.1411279091506176e-15
vertex 119.71562411049987 -85.38945645878931 4.0694528876311155e-15
vertex 119.7156241104955 -85.38945645879029 1.850000000000004
endloop
endfacet
facet normal -0.09801714032957415 0.9951847266721956 0
outer loop
vertex 120.30089507654009 -85.3318122999998 4.1411279091506176e-15
vertex 119.7156241104955 -85.38945645879029 1.850000000000004
vertex 120.30089507654395 -85.33181229999998 1.8500000000000043
endloop
endfacet
facet normal 0.09801714032955997 0.9951847266721969 0
outer loop
vertex 120.88616604258038 -85.38945645878931 4.2128029306701314e-15
vertex 120.30089507654009 -85.3318122999998 4.1411279091506176e-15
vertex 120.30089507654395 -85.33181229999998 1.8500000000000043
endloop
endfacet
facet normal 0.09801714032955997 0.9951847266721969 0
outer loop
vertex 120.88616604258038 -85.38945645878931 4.2128029306701314e-15
vertex 120.30089507654395 -85.33181229999998 1.8500000000000043
vertex 120.88616604259232 -85.38945645879029 1.8500000000000043
endloop
endfacet
facet normal 0.2902846772544479 0.9569403357322133 0
outer loop
vertex 121.44894537364367 -85.56017370246674 4.281723521311424e-15
vertex 120.88616604258038 -85.38945645878931 4.2128029306701314e-15
vertex 120.88616604259232 -85.38945645879029 1.8500000000000043
endloop
endfacet
facet normal 0.2902846772544479 0.9569403357322133 0
outer loop
vertex 121.44894537364367 -85.56017370246674 4.281723521311424e-15
vertex 120.88616604259232 -85.38945645879029 1.8500000000000043
vertex 121.44894537363922 -85.56017370246612 1.8500000000000043
endloop
endfacet
facet normal 0.4713967368259979 0.8819212643483549 0
outer loop
vertex 121.96760577560224 -85.83740346309247 4.345241101421728e-15
vertex 121.44894537364367 -85.56017370246674 4.281723521311424e-15
vertex 121.44894537363922 -85.56017370246612 1.8500000000000043
endloop
endfacet
facet normal 0.4713967368259979 0.8819212643483549 0
outer loop
vertex 121.96760577560224 -85.83740346309247 4.345241101421728e-15
vertex 121.44894537363922 -85.56017370246612 1.8500000000000043
vertex 121.96760577560275 -85.83740346309234 1.8500000000000045
endloop
endfacet
facet normal 0.6343932841636359 0.7730104533627449 0
outer loop
vertex 122.42221542010529 -86.21049195644143 4.400914726021947e-15
vertex 121.96760577560224 -85.83740346309247 4.345241101421728e-15
vertex 121.96760577560275 -85.83740346309234 1.8500000000000045
endloop
endfacet
facet normal 0.6343932841636359 0.7730104533627449 0
outer loop
vertex 122.42221542010529 -86.21049195644143 4.400914726021947e-15
vertex 121.96760577560275 -85.83740346309234 1.8500000000000045
vertex 122.42221542010357 -86.21049195644032 1.8500000000000045
endloop
endfacet
facet normal 0.7730104533627331 0.63439328416365 0
outer loop
vertex 122.79530391345196 -86.66510160094202 4.4466048889395185e-15
vertex 122.42221542010529 -86.21049195644143 4.400914726021947e-15
vertex 122.42221542010357 -86.21049195644032 1.8500000000000045
endloop
endfacet
facet normal 0.7730104533627331 0.63439328416365 0
outer loop
vertex 122.79530391345196 -86.66510160094202 4.4466048889395185e-15
vertex 122.42221542010357 -86.21049195644032 1.8500000000000045
vertex 122.79530391345159 -86.66510160094117 1.8500000000000045
endloop
endfacet
facet normal 0.8819212643490026 0.4713967368247858 -4.1123518871458583e-14
outer loop
vertex 123.07253367407516 -87.18376200290162 4.480555742837076e-15
vertex 122.79530391345196 -86.66510160094202 4.4466048889395185e-15
vertex 122.79530391345159 -86.66510160094117 1.8500000000000045
endloop
endfacet
facet normal 0.8819212643490026 0.4713967368247858 -4.1123518871458583e-14
outer loop
vertex 123.07253367407516 -87.18376200290162 4.480555742837076e-15
vertex 122.79530391345159 -86.66510160094117 1.8500000000000045
vertex 122.92450097377699 -86.90681230000003 1.8500000000000045
endloop
endfacet
facet normal 0.8819212643490026 0.4713967368247858 -4.1123518871458583e-14
outer loop
vertex 123.07253367407516 -87.18376200290162 4.480555742837076e-15
vertex 122.92450097377699 -86.90681230000003 1.8500000000000045
vertex 122.93913641005511 -86.93419327542554 1.8500000000000045
endloop
endfacet
facet normal 0.8819212643490026 0.4713967368247858 -4.1123518871458583e-14
outer loop
vertex 123.07253367407516 -87.18376200290162 4.480555742837076e-15
vertex 122.93913641005511 -86.93419327542554 1.8500000000000045
vertex 122.98248028728034 -87.0152839661707 1.8500000000000045
endloop
endfacet
facet normal 0.8819212643490026 0.4713967368247858 -4.1123518871458583e-14
outer loop
vertex 123.07253367407516 -87.18376200290162 4.480555742837076e-15
vertex 122.98248028728034 -87.0152839661707 1.8500000000000045
vertex 123.05286692456173 -87.14696810247254 1.8500000000000045
endloop
endfacet
facet normal 0.8819212643490026 0.4713967368247858 -4.1123518871458583e-14
outer loop
vertex 123.07253367407516 -87.18376200290162 4.480555742837076e-15
vertex 123.05286692456173 -87.14696810247254 1.8500000000000045
vertex 123.07253367407779 -87.18376200290471 1.8500000000000045
endloop
endfacet
facet normal 0.9569403357314212 0.2902846772570591 -8.737982433979537e-13
outer loop
vertex 123.24325091775445 -87.74654133395441 4.501462575440187e-15
vertex 123.07253367407516 -87.18376200290162 4.480555742837076e-15
vertex 123.07253367407779 -87.18376200290471 1.8500000000000045
endloop
endfacet
facet normal 0.9569403357314212 0.2902846772570591 -8.737982433979537e-13
outer loop
vertex 123.24325091775445 -87.74654133395441 4.501462575440187e-15
vertex 123.07253367407779 -87.18376200290471 1.8500000000000045
vertex 123.11513056604804 -87.32418513680446 1.8500000000000045
endloop
endfacet
facet normal 0.9569403357314212 0.2902846772570591 -8.737982433979537e-13
outer loop
vertex 123.24325091775445 -87.74654133395441 4.501462575440187e-15
vertex 123.11513056604804 -87.32418513680446 1.8500000000000045
vertex 123.18063512184816 -87.54012471795023 1.8500000000000045
endloop
endfacet
facet normal 0.9569403357314212 0.2902846772570591 -8.737982433979537e-13
outer loop
vertex 123.24325091775445 -87.74654133395441 4.501462575440187e-15
vertex 123.18063512184816 -87.54012471795023 1.8500000000000045
vertex 123.24325091775366 -87.74654133395171 1.8500000000000045
endloop
endfacet
facet normal 0.9951847266722231 0.09801714032929412 2.8503930349358527e-13
outer loop
vertex 123.30089507654398 -88.33181229999649 4.5085219488953e-15
vertex 123.24325091775445 -87.74654133395441 4.501462575440187e-15
vertex 123.24325091775366 -87.74654133395171 1.8500000000000045
endloop
endfacet
facet normal 0.9951847266722231 0.09801714032929412 2.8503930349358527e-13
outer loop
vertex 123.30089507654398 -88.33181229999649 4.5085219488953e-15
vertex 123.24325091775366 -87.74654133395171 1.8500000000000045
vertex 123.24718536122325 -87.78648840887894 1.8500000000000045
endloop
endfacet
facet normal 0.9951847266722231 0.09801714032929412 2.8503930349358527e-13
outer loop
vertex 123.30089507654398 -88.33181229999649 4.5085219488953e-15
vertex 123.24718536122325 -87.78648840887894 1.8500000000000045
vertex 123.27351410111856 -88.0538085911271 1.8500000000000045
endloop
endfacet
facet normal 0.9951847266722231 0.09801714032929412 2.8503930349358527e-13
outer loop
vertex 123.30089507654398 -88.33181229999649 4.5085219488953e-15
vertex 123.27351410111856 -88.0538085911271 1.8500000000000045
vertex 123.30089507654395 -88.33181229999995 1.8500000000000045
endloop
endfacet
facet normal 0.9951847266721869 -0.0980171403296613 -1.6842274912168934e-13
outer loop
vertex 123.24325091775299 -88.91708326605121 4.501462575440008e-15
vertex 123.30089507654398 -88.33181229999649 4.5085219488953e-15
vertex 123.30089507654395 -88.33181229999995 1.8500000000000045
endloop
endfacet
facet normal 0.9951847266721869 -0.0980171403296613 -1.6842274912168934e-13
outer loop
vertex 123.24325091775299 -88.91708326605121 4.501462575440008e-15
vertex 123.30089507654395 -88.33181229999995 1.8500000000000045
vertex 123.27351410111855 -88.60981600887301 1.8500000000000045
endloop
endfacet
facet normal 0.9951847266721869 -0.0980171403296613 -1.6842274912168934e-13
outer loop
vertex 123.24325091775299 -88.91708326605121 4.501462575440008e-15
vertex 123.27351410111855 -88.60981600887301 1.8500000000000045
vertex 123.24718536122315 -88.87713619112206 1.8500000000000045
endloop
endfacet
facet normal 0.9951847266721869 -0.0980171403296613 -1.6842274912168934e-13
outer loop
vertex 123.24325091775299 -88.91708326605121 4.501462575440008e-15
vertex 123.24718536122315 -88.87713619112206 1.8500000000000045
vertex 123.24325091775364 -88.91708326604841 1.8500000000000045
endloop
endfacet
facet normal 0.9569403357321988 -0.29028467725449575 1.011378353380037e-13
outer loop
vertex 123.07253367407748 -89.47986259709697 4.480555742837359e-15
vertex 123.24325091775299 -88.91708326605121 4.501462575440008e-15
vertex 123.24325091775364 -88.91708326604841 1.8500000000000045
endloop
endfacet
facet normal 0.9569403357321988 -0.29028467725449575 1.011378353380037e-13
outer loop
vertex 123.07253367407748 -89.47986259709697 4.480555742837359e-15
vertex 123.24325091775364 -88.91708326604841 1.8500000000000045
vertex 123.18063512184847 -89.12349988204883 1.8500000000000045
endloop
endfacet
facet normal 0.9569403357321988 -0.29028467725449575 1.011378353380037e-13
outer loop
vertex 123.07253367407748 -89.47986259709697 4.480555742837359e-15
vertex 123.18063512184847 -89.12349988204883 1.8500000000000045
vertex 123.11513056604949 -89.3394394631908 1.8500000000000045
endloop
endfacet
facet normal 0.9569403357321988 -0.29028467725449575 1.011378353380037e-13
outer loop
vertex 123.07253367407748 -89.47986259709697 4.480555742837359e-15
vertex 123.11513056604949 -89.3394394631908 1.8500000000000045
vertex 123.07253367407782 -89.4798625970953 1.8500000000000045
endloop
endfacet
facet normal 0.8819212643481551 -0.4713967368263718 2.6107822092466744e-13
outer loop
vertex 122.79530391345338 -89.998522999056 4.446604888939692e-15
vertex 123.07253367407748 -89.47986259709697 4.480555742837359e-15
vertex 123.07253367407782 -89.4798625970953 1.8500000000000045
endloop
endfacet
facet normal 0.8819212643481551 -0.4713967368263718 2.6107822092466744e-13
outer loop
vertex 122.79530391345338 -89.998522999056 4.446604888939692e-15
vertex 123.07253367407782 -89.4798625970953 1.8500000000000045
vertex 123.05286692455908 -89.51665649753247 1.8500000000000045
endloop
endfacet
facet normal 0.8819212643481551 -0.4713967368263718 2.6107822092466744e-13
outer loop
vertex 122.79530391345338 -89.998522999056 4.446604888939692e-15
vertex 123.05286692455908 -89.51665649753247 1.8500000000000045
vertex 122.98248028728004 -89.64834063382987 1.8500000000000045
endloop
endfacet
facet normal 0.8819212643481551 -0.4713967368263718 2.6107822092466744e-13
outer loop
vertex 122.79530391345338 -89.998522999056 4.446604888939692e-15
vertex 122.98248028728004 -89.64834063382987 1.8500000000000045
vertex 122.93913641005508 -89.72943132457452 1.8500000000000045
endloop
endfacet
facet normal 0.8819212643481551 -0.4713967368263718 2.6107822092466744e-13
outer loop
vertex 122.79530391345338 -89.998522999056 4.446604888939692e-15
vertex 122.93913641005508 -89.72943132457452 1.8500000000000045
vertex 122.92450097377699 -89.75681229999995 1.8500000000000045
endloop
endfacet
facet normal 0.8819212643481551 -0.4713967368263718 2.6107822092466744e-13
outer loop
vertex 122.79530391345338 -89.998522999056 4.446604888939692e-15
vertex 122.92450097377699 -89.75681229999995 1.8500000000000045
vertex 122.79530391345162 -89.99852299905871 1.8500000000000045
endloop
endfacet
facet normal 0.7730104533627374 -0.6343932841636448 0
outer loop
vertex 122.42221542010294 -90.45313264356034 4.400914726021659e-15
vertex 122.79530391345338 -89.998522999056 4.446604888939692e-15
vertex 122.79530391345162 -89.99852299905871 1.8500000000000045
endloop
endfacet
facet normal 0.7730104533627374 -0.6343932841636448 0
outer loop
vertex 122.42221542010294 -90.45313264356034 4.400914726021659e-15
vertex 122.79530391345162 -89.99852299905871 1.8500000000000045
vertex 122.42221542010358 -90.4531326435597 1.8500000000000045
endloop
endfacet
facet normal 0.6343932841636364 -0.7730104533627445 0
outer loop
vertex 121.96760577560488 -90.82622113690758 4.345241101422053e-15
vertex 122.42221542010294 -90.45313264356034 4.400914726021659e-15
vertex 122.42221542010358 -90.4531326435597 1.8500000000000045
endloop
endfacet
facet normal 0.6343932841636364 -0.7730104533627445 0
outer loop
vertex 121.96760577560488 -90.82622113690758 4.345241101422053e-15
vertex 122.42221542010358 -90.4531326435597 1.8500000000000045
vertex 121.9676057756028 -90.82622113690765 1.8500000000000045
endloop
endfacet
facet normal 0.47139673682600836 -0.8819212643483493 0
outer loop
vertex 121.44894537363663 -91.1034508975342 4.281723521310563e-15
vertex 121.96760577560488 -90.82622113690758 4.345241101422053e-15
vertex 121.9676057756028 -90.82622113690765 1.8500000000000045
endloop
endfacet
facet normal 0.47139673682600836 -0.8819212643483493 0
outer loop
vertex 121.44894537363663 -91.1034508975342 4.281723521310563e-15
vertex 121.9676057756028 -90.82622113690765 1.8500000000000045
vertex 121.44894537363913 -91.10345089753383 1.8500000000000043
endloop
endfacet
facet normal 0.2902846772544479 -0.9569403357322133 0
outer loop
vertex 120.88616604259275 -91.27416814120991 4.212802930671645e-15
vertex 121.44894537363663 -91.1034508975342 4.281723521310563e-15
vertex 121.44894537363913 -91.10345089753383 1.8500000000000043
endloop
endfacet
facet normal 0.2902846772544479 -0.9569403357322133 0
outer loop
vertex 120.88616604259275 -91.27416814120991 4.212802930671645e-15
vertex 121.44894537363913 -91.10345089753383 1.8500000000000043
vertex 120.88616604259232 -91.27416814120969 1.8500000000000043
endloop
endfacet
facet normal 0.09801714032957415 -0.9951847266721956 0
outer loop
vertex 120.30089507654213 -91.33181229999983 4.141127909150869e-15
vertex 120.88616604259275 -91.27416814120991 4.212802930671645e-15
vertex 120.88616604259232 -91.27416814120969 1.8500000000000043
endloop
endfacet
facet normal 0.09801714032957415 -0.9951847266721956 0
outer loop
vertex 120.30089507654213 -91.33181229999983 4.141127909150869e-15
vertex 120.88616604259232 -91.27416814120969 1.8500000000000043
vertex 120.30089507654394 -91.3318123 1.8500000000000043
endloop
endfacet
facet normal -0.09801714032955997 -0.9951847266721969 0
outer loop
vertex 119.71562411049594 -91.27416814120991 4.069452887630633e-15
vertex 120.30089507654213 -91.33181229999983 4.141127909150869e-15
vertex 120.30089507654394 -91.3318123 1.8500000000000043
endloop
endfacet
facet normal -0.09801714032955997 -0.9951847266721969 0
outer loop
vertex 119.71562411049594 -91.27416814120991 4.069452887630633e-15
vertex 120.30089507654394 -91.3318123 1.8500000000000043
vertex 119.71562411049561 -91.27416814120969 1.850000000000004
endloop
endfacet
facet normal -0.2902846772544479 -0.9569403357322133 0
outer loop
vertex 119.15284477944944 -91.1034508975342 4.000532296991394e-15
vertex 119.71562411049594 -91.27416814120991 4.069452887630633e-15
vertex 119.71562411049561 -91.27416814120969 1.850000000000004
endloop
endfacet
facet normal -0.2902846772544479 -0.9569403357322133 0
outer loop
vertex 119.15284477944944 -91.1034508975342 4.000532296991394e-15
vertex 119.71562411049561 -91.27416814120969 1.850000000000004
vertex 119.1528447794486 -91.10345089753383 1.850000000000004
endloop
endfacet
facet normal -0.4713967368259979 -0.8819212643483549 0
outer loop
vertex 118.63418437748516 -90.82622113690758 3.93701471688039e-15
vertex 119.15284477944944 -91.1034508975342 4.000532296991394e-15
vertex 119.1528447794486 -91.10345089753383 1.850000000000004
endloop
endfacet
facet normal -0.4713967368259979 -0.8819212643483549 0
outer loop
vertex 118.63418437748516 -90.82622113690758 3.93701471688039e-15
vertex 119.1528447794486 -91.10345089753383 1.850000000000004
vertex 118.63418437748516 -90.82622113690765 1.850000000000004
endloop
endfacet
facet normal -0.6343932841636293 -0.7730104533627502 0
outer loop
vertex 118.17957473298523 -90.45313264356034 3.881341092280556e-15
vertex 118.63418437748516 -90.82622113690758 3.93701471688039e-15
vertex 118.63418437748516 -90.82622113690765 1.850000000000004
endloop
endfacet
facet normal -0.6343932841636293 -0.7730104533627502 0
outer loop
vertex 118.17957473298523 -90.45313264356034 3.881341092280556e-15
vertex 118.63418437748516 -90.82622113690765 1.850000000000004
vertex 118.17957473298438 -90.4531326435597 1.8500000000000039
endloop
endfacet
facet normal -0.7730104533627332 -0.6343932841636499 0
outer loop
vertex 117.80648623963435 -89.998522999056 3.8356509293624684e-15
vertex 118.17957473298523 -90.45313264356034 3.881341092280556e-15
vertex 118.17957473298438 -90.4531326435597 1.8500000000000039
endloop
endfacet
facet normal -0.7730104533627332 -0.6343932841636499 0
outer loop
vertex 117.80648623963435 -89.998522999056 3.8356509293624684e-15
vertex 118.17957473298438 -90.4531326435597 1.8500000000000039
vertex 117.80648623963626 -89.99852299905871 1.8500000000000039
endloop
endfacet
facet normal -0.881921264348366 -0.47139673682597705 2.1617909362088735e-13
outer loop
vertex 117.52925647901056 -89.47986259709697 3.801700075464837e-15
vertex 117.80648623963435 -89.998522999056 3.8356509293624684e-15
vertex 117.80648623963626 -89.99852299905871 1.8500000000000039
endloop
endfacet
facet normal -0.881921264348366 -0.47139673682597705 2.1617909362088735e-13
outer loop
vertex 117.52925647901056 -89.47986259709697 3.801700075464837e-15
vertex 117.80648623963626 -89.99852299905871 1.8500000000000039
vertex 117.67728917931089 -89.75681229999995 1.8500000000000039
endloop
endfacet
facet normal -0.881921264348366 -0.47139673682597705 2.1617909362088735e-13
outer loop
vertex 117.52925647901056 -89.47986259709697 3.801700075464837e-15
vertex 117.67728917931089 -89.75681229999995 1.8500000000000039
vertex 117.66265374303282 -89.72943132457452 1.8500000000000039
endloop
endfacet
facet normal -0.881921264348366 -0.47139673682597705 2.1617909362088735e-13
outer loop
vertex 117.52925647901056 -89.47986259709697 3.801700075464837e-15
vertex 117.66265374303282 -89.72943132457452 1.8500000000000039
vertex 117.61930986580785 -89.64834063382987 1.8500000000000039
endloop
endfacet
facet normal -0.881921264348366 -0.47139673682597705 2.1617909362088735e-13
outer loop
vertex 117.52925647901056 -89.47986259709697 3.801700075464837e-15
vertex 117.61930986580785 -89.64834063382987 1.8500000000000039
vertex 117.54892322852884 -89.51665649753247 1.8500000000000039
endloop
endfacet
facet normal -0.881921264348366 -0.47139673682597705 2.1617909362088735e-13
outer loop
vertex 117.52925647901056 -89.47986259709697 3.801700075464837e-15
vertex 117.54892322852884 -89.51665649753247 1.8500000000000039
vertex 117.52925647901012 -89.4798625970953 1.8500000000000039
endloop
endfacet
facet normal -0.9569403357320846 -0.2902846772548719 3.30110629152128e-14
outer loop
vertex 117.3585392353348 -88.91708326605121 3.780793242862161e-15
vertex 117.52925647901056 -89.47986259709697 3.801700075464837e-15
vertex 117.52925647901012 -89.4798625970953 1.8500000000000039
endloop
endfacet
facet normal -0.9569403357320846 -0.2902846772548719 3.30110629152128e-14
outer loop
vertex 117.3585392353348 -88.91708326605121 3.780793242862161e-15
vertex 117.52925647901012 -89.4798625970953 1.8500000000000039
vertex 117.48665958703842 -89.3394394631908 1.8500000000000039
endloop
endfacet
facet normal -0.9569403357320846 -0.2902846772548719 3.30110629152128e-14
outer loop
vertex 117.3585392353348 -88.91708326605121 3.780793242862161e-15
vertex 117.48665958703842 -89.3394394631908 1.8500000000000039
vertex 117.42115503123945 -89.12349988204883 1.8500000000000039
endloop
endfacet
facet normal -0.9569403357320846 -0.2902846772548719 3.30110629152128e-14
outer loop
vertex 117.3585392353348 -88.91708326605121 3.780793242862161e-15
vertex 117.42115503123945 -89.12349988204883 1.8500000000000039
vertex 117.35853923533426 -88.91708326604841 1.8500000000000039
endloop
endfacet
facet normal -0.9951847266721969 -0.09801714032956023 6.792906319747476e-14
outer loop
vertex 62.54770497654397 -67.37327950000146 -2.9315980305002677e-15
vertex 62.60534913533414 -67.95855046604842 -2.9245386570450756e-15
vertex 62.60534913533425 -67.9585504660483 1.8499999999999972
endloop
endfacet
facet normal -0.9951847266721969 -0.09801714032956023 6.792906319747476e-14
outer loop
vertex 62.54770497654397 -67.37327950000146 -2.9315980305002677e-15
vertex 62.60534913533425 -67.9585504660483 1.8499999999999972
vertex 62.60141469186482 -67.91860339112267 1.8499999999999972
endloop
endfacet
facet normal -0.9951847266721969 -0.09801714032956023 6.792906319747476e-14
outer loop
vertex 62.54770497654397 -67.37327950000146 -2.9315980305002677e-15
vertex 62.60141469186482 -67.91860339112267 1.8499999999999972
vertex 62.575085951969044 -67.65128320886984 1.8499999999999972
endloop
endfacet
facet normal -0.9951847266721969 -0.09801714032956023 6.792906319747476e-14
outer loop
vertex 62.54770497654397 -67.37327950000146 -2.9315980305002677e-15
vertex 62.575085951969044 -67.65128320886984 1.8499999999999972
vertex 62.547704976543955 -67.37327950000001 1.8499999999999972
endloop
endfacet
facet normal -0.9951847266721966 0.09801714032956385 -8.444097237183192e-14
outer loop
vertex 62.60534913533428 -66.78800853395308 -2.9245386570450582e-15
vertex 62.54770497654397 -67.37327950000146 -2.9315980305002677e-15
vertex 62.547704976543955 -67.37327950000001 1.8499999999999972
endloop
endfacet
facet normal -0.9951847266721966 0.09801714032956385 -8.444097237183192e-14
outer loop
vertex 62.60534913533428 -66.78800853395308 -2.9245386570450582e-15
vertex 62.547704976543955 -67.37327950000001 1.8499999999999972
vertex 62.575085951969484 -67.0952757911256 1.8499999999999972
endloop
endfacet
facet normal -0.9951847266721966 0.09801714032956385 -8.444097237183192e-14
outer loop
vertex 62.60534913533428 -66.78800853395308 -2.9245386570450582e-15
vertex 62.575085951969484 -67.0952757911256 1.8499999999999972
vertex 62.60141469186445 -66.82795560888101 1.8499999999999972
endloop
endfacet
facet normal -0.9951847266721966 0.09801714032956385 -8.444097237183192e-14
outer loop
vertex 62.60534913533428 -66.78800853395308 -2.9245386570450582e-15
vertex 62.60141469186445 -66.82795560888101 1.8499999999999972
vertex 62.605349135334265 -66.78800853395157 1.8499999999999972
endloop
endfacet
facet normal -0.9569403357322099 0.2902846772544592 -2.437053199603639e-13
outer loop
vertex 62.77606637900996 -66.22522920290668 -2.90363182444239e-15
vertex 62.60534913533428 -66.78800853395308 -2.9245386570450582e-15
vertex 62.605349135334265 -66.78800853395157 1.8499999999999972
endloop
endfacet
facet normal -0.9569403357322099 0.2902846772544592 -2.437053199603639e-13
outer loop
vertex 62.77606637900996 -66.22522920290668 -2.90363182444239e-15
vertex 62.605349135334265 -66.78800853395157 1.8499999999999972
vertex 62.66796493124053 -66.58159191794755 1.8499999999999972
endloop
endfacet
facet normal -0.9569403357322099 0.2902846772544592 -2.437053199603639e-13
outer loop
vertex 62.77606637900996 -66.22522920290668 -2.90363182444239e-15
vertex 62.66796493124053 -66.58159191794755 1.8499999999999972
vertex 62.73346948703737 -66.36565233681264 1.8499999999999972
endloop
endfacet
facet normal -0.9569403357322099 0.2902846772544592 -2.437053199603639e-13
outer loop
vertex 62.77606637900996 -66.22522920290668 -2.90363182444239e-15
vertex 62.73346948703737 -66.36565233681264 1.8499999999999972
vertex 62.776066379010075 -66.22522920290474 1.8499999999999972
endloop
endfacet
facet normal -0.8819212643483697 0.47139673682597044 -4.382767085638931e-13
outer loop
vertex 63.05329613963647 -65.70656880094256 -2.8696809705444256e-15
vertex 62.77606637900996 -66.22522920290668 -2.90363182444239e-15
vertex 62.776066379010075 -66.22522920290474 1.8499999999999972
endloop
endfacet
facet normal -0.8819212643483697 0.47139673682597044 -4.382767085638931e-13
outer loop
vertex 63.05329613963647 -65.70656880094256 -2.8696809705444256e-15
vertex 62.776066379010075 -66.22522920290474 1.8499999999999972
vertex 62.795733128528326 -66.18843530246848 1.8499999999999972
endloop
endfacet
facet normal -0.8819212643483697 0.47139673682597044 -4.382767085638931e-13
outer loop
vertex 63.05329613963647 -65.70656880094256 -2.8696809705444256e-15
vertex 62.795733128528326 -66.18843530246848 1.8499999999999972
vertex 62.86611976580765 -66.0567511661705 1.8499999999999972
endloop
endfacet
facet normal -0.8819212643483697 0.47139673682597044 -4.382767085638931e-13
outer loop
vertex 63.05329613963647 -65.70656880094256 -2.8696809705444256e-15
vertex 62.86611976580765 -66.0567511661705 1.8499999999999972
vertex 62.90946364303315 -65.97566047542485 1.8499999999999972
endloop
endfacet
facet normal -0.8819212643483697 0.47139673682597044 -4.382767085638931e-13
outer loop
vertex 63.05329613963647 -65.70656880094256 -2.8696809705444256e-15
vertex 62.90946364303315 -65.97566047542485 1.8499999999999972
vertex 62.92409907931115 -65.94827949999959 1.8499999999999972
endloop
endfacet
facet normal -0.8819212643483697 0.47139673682597044 -4.382767085638931e-13
outer loop
vertex 63.05329613963647 -65.70656880094256 -2.8696809705444256e-15
vertex 62.92409907931115 -65.94827949999959 1.8499999999999972
vertex 63.053296139636316 -65.70656880094117 1.8499999999999972
endloop
endfacet
facet normal -0.7730104533627445 0.6343932841636364 0
outer loop
vertex 63.42638463298971 -65.25195915643532 -2.8239908076260507e-15
vertex 63.05329613963647 -65.70656880094256 -2.8696809705444256e-15
vertex 63.053296139636316 -65.70656880094117 1.8499999999999972
endloop
endfacet
facet normal -0.7730104533627445 0.6343932841636364 0
outer loop
vertex 63.42638463298971 -65.25195915643532 -2.8239908076260507e-15
vertex 63.053296139636316 -65.70656880094117 1.8499999999999972
vertex 63.42638463298428 -65.25195915644038 1.8499999999999972
endloop
endfacet
facet normal -0.6343932841636328 0.7730104533627473 0
outer loop
vertex 63.880994277485456 -64.87887066309152 -2.7683171830267273e-15
vertex 63.42638463298971 -65.25195915643532 -2.8239908076260507e-15
vertex 63.42638463298428 -65.25195915644038 1.8499999999999972
endloop
endfacet
facet normal -0.6343932841636328 0.7730104533627473 0
outer loop
vertex 63.880994277485456 -64.87887066309152 -2.7683171830267273e-15
vertex 63.42638463298428 -65.25195915644038 1.8499999999999972
vertex 63.880994277485044 -64.87887066309241 1.8499999999999974
endloop
endfacet
facet normal -0.4713967368259944 0.8819212643483568 0
outer loop
vertex 64.39965467944829 -64.60164090246566 -2.704799602915901e-15
vertex 63.880994277485456 -64.87887066309152 -2.7683171830267273e-15
vertex 63.880994277485044 -64.87887066309241 1.8499999999999974
endloop
endfacet
facet normal -0.4713967368259944 0.8819212643483568 0
outer loop
vertex 64.39965467944829 -64.60164090246566 -2.704799602915901e-15
vertex 63.880994277485044 -64.87887066309241 1.8499999999999974
vertex 64.39965467944873 -64.6016409024661 1.8499999999999974
endloop
endfacet
facet normal -0.2902846772544479 0.9569403357322133 0
outer loop
vertex 64.96243401049146 -64.43092365879096 -2.63587901227707e-15
vertex 64.39965467944829 -64.60164090246566 -2.704799602915901e-15
vertex 64.39965467944873 -64.6016409024661 1.8499999999999974
endloop
endfacet
facet normal -0.2902846772544479 0.9569403357322133 0
outer loop
vertex 64.96243401049146 -64.43092365879096 -2.63587901227707e-15
vertex 64.39965467944873 -64.6016409024661 1.8499999999999974
vertex 64.96243401049557 -64.4309236587903 1.8499999999999974
endloop
endfacet
facet normal -0.09801714032957413 0.9951847266721956 0
outer loop
vertex 65.5477049765432 -64.37327950000032 -2.5642039907561557e-15
vertex 64.96243401049146 -64.43092365879096 -2.63587901227707e-15
vertex 64.96243401049557 -64.4309236587903 1.8499999999999974
endloop
endfacet
facet normal -0.09801714032957413 0.9951847266721956 0
outer loop
vertex 65.5477049765432 -64.37327950000032 -2.5642039907561557e-15
vertex 64.96243401049557 -64.4309236587903 1.8499999999999974
vertex 65.54770497654395 -64.3732795 1.8499999999999974
endloop
endfacet
facet normal 0.09801714032955998 0.9951847266721969 0
outer loop
vertex 66.13297594259492 -64.43092365879096 -2.4925289692352436e-15
vertex 65.5477049765432 -64.37327950000032 -2.5642039907561557e-15
vertex 65.54770497654395 -64.3732795 1.8499999999999974
endloop
endfacet
facet normal 0.09801714032955998 0.9951847266721969 0
outer loop
vertex 66.13297594259492 -64.43092365879096 -2.4925289692352436e-15
vertex 65.54770497654395 -64.3732795 1.8499999999999974
vertex 66.1329759425924 -64.4309236587903 1.8499999999999976
endloop
endfacet
facet normal 0.2902846772544479 0.9569403357322133 0
outer loop
vertex 66.69575527363597 -64.60164090246566 -2.4236083785966735e-15
vertex 66.13297594259492 -64.43092365879096 -2.4925289692352436e-15
vertex 66.1329759425924 -64.4309236587903 1.8499999999999976
endloop
endfacet
facet normal 0.2902846772544479 0.9569403357322133 0
outer loop
vertex 66.69575527363597 -64.60164090246566 -2.4236083785966735e-15
vertex 66.1329759425924 -64.4309236587903 1.8499999999999976
vertex 66.69575527363916 -64.6016409024661 1.8499999999999976
endloop
endfacet
facet normal 0.4713967368259909 0.8819212643483587 0
outer loop
vertex 67.21441567560211 -64.87887066309152 -2.3600907984854418e-15
vertex 66.69575527363597 -64.60164090246566 -2.4236083785966735e-15
vertex 66.69575527363916 -64.6016409024661 1.8499999999999976
endloop
endfacet
facet normal 0.4713967368259909 0.8819212643483587 0
outer loop
vertex 67.21441567560211 -64.87887066309152 -2.3600907984854418e-15
vertex 66.69575527363916 -64.6016409024661 1.8499999999999976
vertex 67.21441567560278 -64.87887066309241 1.8499999999999976
endloop
endfacet
facet normal 0.6343932841636517 0.7730104533627319 0
outer loop
vertex 67.6690253201003 -65.25195915643532 -2.304417173885819e-15
vertex 67.21441567560211 -64.87887066309152 -2.3600907984854418e-15
vertex 67.21441567560278 -64.87887066309241 1.8499999999999976
endloop
endfacet
facet normal 0.6343932841636517 0.7730104533627319 0
outer loop
vertex 67.6690253201003 -65.25195915643532 -2.304417173885819e-15
vertex 67.21441567560278 -64.87887066309241 1.8499999999999976
vertex 67.66902532010363 -65.25195915644038 1.8499999999999979
endloop
endfacet
facet normal 0.7730104533627318 0.634393284163652 0
outer loop
vertex 68.04211381345506 -65.70656880094256 -2.258727010967258e-15
vertex 67.6690253201003 -65.25195915643532 -2.304417173885819e-15
vertex 67.66902532010363 -65.25195915644038 1.8499999999999979
endloop
endfacet
facet normal 0.7730104533627318 0.634393284163652 0
outer loop
vertex 68.04211381345506 -65.70656880094256 -2.258727010967258e-15
vertex 67.66902532010363 -65.25195915644038 1.8499999999999979
vertex 68.04211381345158 -65.70656880094117 1.8499999999999979
endloop
endfacet
facet normal 0.8819212643503788 0.4713967368222115 1.3048808872581025e-12
outer loop
vertex 68.31934357407873 -66.22522920290668 -2.2247761570696414e-15
vertex 68.04211381345506 -65.70656880094256 -2.258727010967258e-15
vertex 68.04211381345158 -65.70656880094117 1.8499999999999979
endloop
endfacet
facet normal 0.8819212643503788 0.4713967368222115 1.3048808872581025e-12
outer loop
vertex 68.31934357407873 -66.22522920290668 -2.2247761570696414e-15
vertex 68.04211381345158 -65.70656880094117 1.8499999999999979
vertex 68.17131087377678 -65.94827949999959 1.8499999999999979
endloop
endfacet
facet normal 0.8819212643503788 0.4713967368222115 1.3048808872581025e-12
outer loop
vertex 68.31934357407873 -66.22522920290668 -2.2247761570696414e-15
vertex 68.17131087377678 -65.94827949999959 1.8499999999999979
vertex 68.18594631005477 -65.97566047542485 1.8499999999999979
endloop
endfacet
facet normal 0.8819212643503788 0.4713967368222115 1.3048808872581025e-12
outer loop
vertex 68.31934357407873 -66.22522920290668 -2.2247761570696414e-15
vertex 68.18594631005477 -65.97566047542485 1.8499999999999979
vertex 68.22929018728027 -66.0567511661705 1.8499999999999979
endloop
endfacet
facet normal 0.8819212643503788 0.4713967368222115 1.3048808872581025e-12
outer loop
vertex 68.31934357407873 -66.22522920290668 -2.2247761570696414e-15
vertex 68.22929018728027 -66.0567511661705 1.8499999999999979
vertex 68.29967682455961 -66.18843530246848 1.8499999999999979
endloop
endfacet
facet normal 0.8819212643503788 0.4713967368222115 1.3048808872581025e-12
outer loop
vertex 68.31934357407873 -66.22522920290668 -2.2247761570696414e-15
vertex 68.29967682455961 -66.18843530246848 1.8499999999999979
vertex 68.31934357407786 -66.22522920290474 1.8499999999999979
endloop
endfacet
facet normal 0.9569403357328274 0.29028467725242346 1.451440822689611e-13
outer loop
vertex 68.4900608177531 -66.78800853395308 -2.2038693244671333e-15
vertex 68.31934357407873 -66.22522920290668 -2.2247761570696414e-15
vertex 68.31934357407786 -66.22522920290474 1.8499999999999979
endloop
endfacet
facet normal 0.9569403357328274 0.29028467725242346 1.451440822689611e-13
outer loop
vertex 68.4900608177531 -66.78800853395308 -2.2038693244671333e-15
vertex 68.31934357407786 -66.22522920290474 1.8499999999999979
vertex 68.36194046605057 -66.36565233681264 1.8499999999999979
endloop
endfacet
facet normal 0.9569403357328274 0.29028467725242346 1.451440822689611e-13
outer loop
vertex 68.4900608177531 -66.78800853395308 -2.2038693244671333e-15
vertex 68.36194046605057 -66.36565233681264 1.8499999999999979
vertex 68.42744502184739 -66.58159191794755 1.8499999999999979
endloop
endfacet
facet normal 0.9569403357328274 0.29028467725242346 1.451440822689611e-13
outer loop
vertex 68.4900608177531 -66.78800853395308 -2.2038693244671333e-15
vertex 68.42744502184739 -66.58159191794755 1.8499999999999979
vertex 68.49006081775364 -66.78800853395157 1.8499999999999979
endloop
endfacet
facet normal 0.9951847266721637 0.0980171403298989 -3.7030300134842467e-13
outer loop
vertex 68.54770497654361 -67.37327950000146 -2.1968099510118994e-15
vertex 68.4900608177531 -66.78800853395308 -2.2038693244671333e-15
vertex 68.49006081775364 -66.78800853395157 1.8499999999999979
endloop
endfacet
facet normal 0.9951847266721637 0.0980171403298989 -3.7030300134842467e-13
outer loop
vertex 68.54770497654361 -67.37327950000146 -2.1968099510118994e-15
vertex 68.49006081775364 -66.78800853395157 1.8499999999999979
vertex 68.49399526122346 -66.82795560888101 1.8499999999999979
endloop
endfacet
facet normal 0.9951847266721637 0.0980171403298989 -3.7030300134842467e-13
outer loop
vertex 68.54770497654361 -67.37327950000146 -2.1968099510118994e-15
vertex 68.49399526122346 -66.82795560888101 1.8499999999999979
vertex 68.52032400111842 -67.0952757911256 1.8499999999999979
endloop
endfacet
facet normal 0.9951847266721637 0.0980171403298989 -3.7030300134842467e-13
outer loop
vertex 68.54770497654361 -67.37327950000146 -2.1968099510118994e-15
vertex 68.52032400111842 -67.0952757911256 1.8499999999999979
vertex 68.54770497654395 -67.37327950000001 1.8499999999999979
endloop
endfacet
facet normal 0.9951847266722537 -0.09801714032898588 -1.0666731593069478e-13
outer loop
vertex 68.49006081775379 -67.95855046604842 -2.2038693244670497e-15
vertex 68.54770497654361 -67.37327950000146 -2.1968099510118994e-15
vertex 68.54770497654395 -67.37327950000001 1.8499999999999979
endloop
endfacet
facet normal 0.9951847266722537 -0.09801714032898588 -1.0666731593069478e-13
outer loop
vertex 68.49006081775379 -67.95855046604842 -2.2038693244670497e-15
vertex 68.54770497654395 -67.37327950000001 1.8499999999999979
vertex 68.52032400111885 -67.65128320886984 1.8499999999999979
endloop
endfacet
facet normal 0.9951847266722537 -0.09801714032898588 -1.0666731593069478e-13
outer loop
vertex 68.49006081775379 -67.95855046604842 -2.2038693244670497e-15
vertex 68.52032400111885 -67.65128320886984 1.8499999999999979
vertex 68.49399526122308 -67.91860339112267 1.8499999999999979
endloop
endfacet
facet normal 0.9951847266722537 -0.09801714032898588 -1.0666731593069478e-13
outer loop
vertex 68.49006081775379 -67.95855046604842 -2.2038693244670497e-15
vertex 68.49399526122308 -67.91860339112267 1.8499999999999979
vertex 68.49006081775363 -67.9585504660483 1.8499999999999979
endloop
endfacet
facet normal 0.9569403357322449 -0.2902846772543436 1.0092099296184452e-13
outer loop
vertex 68.3193435740784 -68.52132979709408 -2.2247761570696816e-15
vertex 68.49006081775379 -67.95855046604842 -2.2038693244670497e-15
vertex 68.49006081775363 -67.9585504660483 1.8499999999999979
endloop
endfacet
facet normal 0.9569403357322449 -0.2902846772543436 1.0092099296184452e-13
outer loop
vertex 68.3193435740784 -68.52132979709408 -2.2247761570696816e-15
vertex 68.49006081775363 -67.9585504660483 1.8499999999999979
vertex 68.42744502184784 -68.16496708205081 1.8499999999999979
endloop
endfacet
facet normal 0.9569403357322449 -0.2902846772543436 1.0092099296184452e-13
outer loop
vertex 68.3193435740784 -68.52132979709408 -2.2247761570696816e-15
vertex 68.42744502184784 -68.16496708205081 1.8499999999999979
vertex 68.36194046604943 -68.38090666319103 1.8499999999999979
endloop
endfacet
facet normal 0.9569403357322449 -0.2902846772543436 1.0092099296184452e-13
outer loop
vertex 68.3193435740784 -68.52132979709408 -2.2247761570696816e-15
vertex 68.36194046604943 -68.38090666319103 1.8499999999999979
vertex 68.31934357407786 -68.52132979709523 1.8499999999999979
endloop
endfacet
facet normal -2.549931592042295e-16 7.091101899218741e-17 1
outer loop
vertex 68.04211381345158 -69.03999019905967 -2.2587270109676843e-15
vertex 68.08020988681541 -68.9687174587901 -2.254061587537174e-15
vertex 68.11102133161121 -68.91107330000006 -2.250288273812546e-15
endloop
endfacet
facet normal -2.549931592042295e-16 7.091101899218741e-17 1
outer loop
vertex 68.04211381345158 -69.03999019905967 -2.2587270109676843e-15
vertex 68.11102133161121 -68.91107330000006 -2.250288273812546e-15
vertex 68.3193435740784 -68.52132979709408 -2.2247761570696816e-15
endloop
endfacet
facet normal -2.549931592042295e-16 7.091101899218741e-17 1
outer loop
vertex 68.04211381345158 -69.03999019905967 -2.2587270109676843e-15
vertex 68.3193435740784 -68.52132979709408 -2.2247761570696816e-15
vertex 68.31934357407786 -68.52132979709523 1.8499999999999979
endloop
endfacet
facet normal -2.549931592042295e-16 7.091101899218741e-17 1
outer loop
vertex 68.04211381345158 -69.03999019905967 -2.2587270109676843e-15
vertex 68.31934357407786 -68.52132979709523 1.8499999999999979
vertex 68.29967682456052 -68.55812369752981 1.8499999999999979
endloop
endfacet
facet normal -2.549931592042295e-16 7.091101899218741e-17 1
outer loop
vertex 68.04211381345158 -69.03999019905967 -2.2587270109676843e-15
vertex 68.29967682456052 -68.55812369752981 1.8499999999999979
vertex 68.22929018728124 -68.68980783382767 1.8499999999999979
endloop
endfacet
facet normal -2.549931592042295e-16 7.091101899218741e-17 1
outer loop
vertex 68.04211381345158 -69.03999019905967 -2.2587270109676843e-15
vertex 68.22929018728124 -68.68980783382767 1.8499999999999979
vertex 68.18594631005507 -68.77089852457458 1.8499999999999979
endloop
endfacet
facet normal -2.549931592042295e-16 7.091101899218741e-17 1
outer loop
vertex 68.04211381345158 -69.03999019905967 -2.2587270109676843e-15
vertex 68.18594631005507 -68.77089852457458 1.8499999999999979
vertex 68.17131087377713 -68.79827949999974 1.8499999999999979
endloop
endfacet
facet normal -2.549931592042295e-16 7.091101899218741e-17 1
outer loop
vertex 68.04211381345158 -69.03999019905967 -2.2587270109676843e-15
vertex 68.17131087377713 -68.79827949999974 1.8499999999999979
vertex 68.04211381345152 -69.03999019905893 1.8499999999999979
endloop
endfacet
facet normal -1.6198335933055563e-16 3.242976346147998e-17 1
outer loop
vertex 67.66902532010666 -69.49459984355819 -2.304417173885041e-15
vertex 67.73298523391 -69.41666446309274 -2.2965843435137402e-15
vertex 67.96050181864277 -69.13943470246691 -2.2687215977891483e-15
endloop
endfacet
facet normal -1.6198335933055563e-16 3.242976346147998e-17 1
outer loop
vertex 67.66902532010666 -69.49459984355819 -2.304417173885041e-15
vertex 67.96050181864277 -69.13943470246691 -2.2687215977891483e-15
vertex 68.04211381345158 -69.03999019905967 -2.2587270109676843e-15
endloop
endfacet
facet normal -1.6198335933055563e-16 3.242976346147998e-17 1
outer loop
vertex 67.66902532010666 -69.49459984355819 -2.304417173885041e-15
vertex 68.04211381345158 -69.03999019905967 -2.2587270109676843e-15
vertex 68.04211381345152 -69.03999019905893 1.8499999999999979
endloop
endfacet
facet normal -1.6198335933055563e-16 3.242976346147998e-17 1
outer loop
vertex 67.66902532010666 -69.49459984355819 -2.304417173885041e-15
vertex 68.04211381345152 -69.03999019905893 1.8499999999999979
vertex 67.6690253201036 -69.49459984355958 1.8499999999999979
endloop
endfacet
facet normal 1.2243376298263453e-16 3.6775058422689384e-20 -1
outer loop
vertex 67.21441567559884 -69.86768833690834 -2.3600907984858418e-15
vertex 67.30938021146737 -69.78975295643984 -2.348460996997451e-15
vertex 67.66902532010666 -69.49459984355819 -2.304417173885041e-15
endloop
endfacet
facet normal 1.2243376298263453e-16 3.6775058422689384e-20 -1
outer loop
vertex 67.21441567559884 -69.86768833690834 -2.3600907984858418e-15
vertex 67.66902532010666 -69.49459984355819 -2.304417173885041e-15
vertex 67.6690253201036 -69.49459984355958 1.8499999999999979
endloop
endfacet
facet normal 1.2243376298263453e-16 3.6775058422689384e-20 -1
outer loop
vertex 67.21441567559884 -69.86768833690834 -2.3600907984858418e-15
vertex 67.6690253201036 -69.49459984355958 1.8499999999999979
vertex 67.2144156756028 -69.86768833690766 1.8499999999999976
endloop
endfacet
facet normal 0.4713967368259944 -0.8819212643483568 0
outer loop
vertex 66.69575527363774 -70.14491809753478 -2.4236083785964558e-15
vertex 67.21441567559884 -69.86768833690834 -2.3600907984858418e-15
vertex 67.2144156756028 -69.86768833690766 1.8499999999999976
endloop
endfacet
facet normal 0.4713967368259944 -0.8819212643483568 0
outer loop
vertex 66.69575527363774 -70.14491809753478 -2.4236083785964558e-15
vertex 67.2144156756028 -69.86768833690766 1.8499999999999976
vertex 66.69575527363924 -70.14491809753383 1.8499999999999976
endloop
endfacet
facet normal 1.2189026768073015e-16 1.932082705460355e-18 -1
outer loop
vertex 66.1329759425927 -70.31563534120993 -2.492528969235517e-15
vertex 66.36793067959309 -70.24436260094302 -2.4637553125743127e-15
vertex 66.69575527363774 -70.14491809753478 -2.4236083785964558e-15
endloop
endfacet
facet normal 1.2189026768073015e-16 1.932082705460355e-18 -1
outer loop
vertex 66.1329759425927 -70.31563534120993 -2.492528969235517e-15
vertex 66.69575527363774 -70.14491809753478 -2.4236083785964558e-15
vertex 66.69575527363924 -70.14491809753383 1.8499999999999976
endloop
endfacet
facet normal 1.2189026768073015e-16 1.932082705460355e-18 -1
outer loop
vertex 66.1329759425927 -70.31563534120993 -2.492528969235517e-15
vertex 66.69575527363924 -70.14491809753383 1.8499999999999976
vertex 66.13297594259241 -70.31563534120968 1.8499999999999976
endloop
endfacet
facet normal 0.09801714032955998 -0.9951847266721969 0
outer loop
vertex 65.54770497654341 -70.37327950000032 -2.5642039907561297e-15
vertex 66.1329759425927 -70.31563534120993 -2.492528969235517e-15
vertex 66.13297594259241 -70.31563534120968 1.8499999999999976
endloop
endfacet
facet normal 0.09801714032955998 -0.9951847266721969 0
outer loop
vertex 65.54770497654341 -70.37327950000032 -2.5642039907561297e-15
vertex 66.13297594259241 -70.31563534120968 1.8499999999999976
vertex 65.54770497654397 -70.3732795 1.8499999999999974
endloop
endfacet
facet normal -0.09801714032955997 -0.9951847266721969 0
outer loop
vertex 64.9624340104955 -70.31563534120993 -2.6358790122765756e-15
vertex 65.54770497654341 -70.37327950000032 -2.5642039907561297e-15
vertex 65.54770497654397 -70.3732795 1.8499999999999974
endloop
endfacet
facet normal -0.09801714032955997 -0.9951847266721969 0
outer loop
vertex 64.9624340104955 -70.31563534120993 -2.6358790122765756e-15
vertex 65.54770497654397 -70.3732795 1.8499999999999974
vertex 64.9624340104956 -70.31563534120968 1.8499999999999974
endloop
endfacet
facet normal -0.2902846772544479 -0.9569403357322133 0
outer loop
vertex 64.3996546794504 -70.14491809753478 -2.704799602915642e-15
vertex 64.9624340104955 -70.31563534120993 -2.6358790122765756e-15
vertex 64.9624340104956 -70.31563534120968 1.8499999999999974
endloop
endfacet
facet normal -0.2902846772544479 -0.9569403357322133 0
outer loop
vertex 64.3996546794504 -70.14491809753478 -2.704799602915642e-15
vertex 64.9624340104956 -70.31563534120968 1.8499999999999974
vertex 64.39965467944862 -70.14491809753383 1.8499999999999974
endloop
endfacet
facet normal -0.4713967368259909 -0.8819212643483587 0
outer loop
vertex 63.88099427748648 -69.86768833690834 -2.7683171830266022e-15
vertex 64.3996546794504 -70.14491809753478 -2.704799602915642e-15
vertex 64.39965467944862 -70.14491809753383 1.8499999999999974
endloop
endfacet
facet normal -0.4713967368259909 -0.8819212643483587 0
outer loop
vertex 63.88099427748648 -69.86768833690834 -2.7683171830266022e-15
vertex 64.39965467944862 -70.14491809753383 1.8499999999999974
vertex 63.880994277485186 -69.86768833690766 1.8499999999999974
endloop
endfacet
facet normal -0.634393284163652 -0.7730104533627318 0
outer loop
vertex 63.426384632983 -69.49459984355819 -2.823990807626872e-15
vertex 63.88099427748648 -69.86768833690834 -2.7683171830266022e-15
vertex 63.880994277485186 -69.86768833690766 1.8499999999999974
endloop
endfacet
facet normal -0.634393284163652 -0.7730104533627318 0
outer loop
vertex 63.426384632983 -69.49459984355819 -2.823990807626872e-15
vertex 63.880994277485186 -69.86768833690766 1.8499999999999974
vertex 63.42638463298424 -69.49459984355958 1.8499999999999972
endloop
endfacet
facet normal -0.7730104533627319 -0.6343932841636517 0
outer loop
vertex 63.0532961396369 -69.03999019905967 -2.8696809705443735e-15
vertex 63.426384632983 -69.49459984355819 -2.823990807626872e-15
vertex 63.42638463298424 -69.49459984355958 1.8499999999999972
endloop
endfacet
facet normal -0.7730104533627319 -0.6343932841636517 0
outer loop
vertex 63.0532961396369 -69.03999019905967 -2.8696809705443735e-15
vertex 63.42638463298424 -69.49459984355958 1.8499999999999972
vertex 63.053296139636416 -69.03999019905893 1.8499999999999972
endloop
endfacet
facet normal -0.8819212643483555 -0.4713967368259969 -4.204191011124715e-14
outer loop
vertex 62.77606637900958 -68.52132979709408 -2.903631824442437e-15
vertex 63.0532961396369 -69.03999019905967 -2.8696809705443735e-15
vertex 63.053296139636416 -69.03999019905893 1.8499999999999972
endloop
endfacet
facet normal -0.8819212643483555 -0.4713967368259969 -4.204191011124715e-14
outer loop
vertex 62.77606637900958 -68.52132979709408 -2.903631824442437e-15
vertex 63.053296139636416 -69.03999019905893 1.8499999999999972
vertex 62.92409907931082 -68.79827949999974 1.8499999999999972
endloop
endfacet
facet normal -0.8819212643483555 -0.4713967368259969 -4.204191011124715e-14
outer loop
vertex 62.77606637900958 -68.52132979709408 -2.903631824442437e-15
vertex 62.92409907931082 -68.79827949999974 1.8499999999999972
vertex 62.90946364303288 -68.77089852457458 1.8499999999999972
endloop
endfacet
facet normal -0.8819212643483555 -0.4713967368259969 -4.204191011124715e-14
outer loop
vertex 62.77606637900958 -68.52132979709408 -2.903631824442437e-15
vertex 62.90946364303288 -68.77089852457458 1.8499999999999972
vertex 62.866119765806715 -68.68980783382767 1.8499999999999972
endloop
endfacet
facet normal -0.8819212643483555 -0.4713967368259969 -4.204191011124715e-14
outer loop
vertex 62.77606637900958 -68.52132979709408 -2.903631824442437e-15
vertex 62.866119765806715 -68.68980783382767 1.8499999999999972
vertex 62.79573312852743 -68.55812369752981 1.8499999999999972
endloop
endfacet
facet normal -0.8819212643483555 -0.4713967368259969 -4.204191011124715e-14
outer loop
vertex 62.77606637900958 -68.52132979709408 -2.903631824442437e-15
vertex 62.79573312852743 -68.55812369752981 1.8499999999999972
vertex 62.77606637901009 -68.52132979709523 1.8499999999999972
endloop
endfacet
facet normal -0.9569403357322182 -0.2902846772544321 8.400728761965236e-14
outer loop
vertex 62.60534913533414 -67.95855046604842 -2.9245386570450756e-15
vertex 62.77606637900958 -68.52132979709408 -2.903631824442437e-15
vertex 62.77606637901009 -68.52132979709523 1.8499999999999972
endloop
endfacet
facet normal -0.9569403357322182 -0.2902846772544321 8.400728761965236e-14
outer loop
vertex 62.60534913533414 -67.95855046604842 -2.9245386570450756e-15
vertex 62.77606637901009 -68.52132979709523 1.8499999999999972
vertex 62.733469487038505 -68.38090666319103 1.8499999999999972
endloop
endfacet
facet normal -0.9569403357322182 -0.2902846772544321 8.400728761965236e-14
outer loop
vertex 62.60534913533414 -67.95855046604842 -2.9245386570450756e-15
vertex 62.733469487038505 -68.38090666319103 1.8499999999999972
vertex 62.667964931240064 -68.16496708205081 1.8499999999999972
endloop
endfacet
facet normal -0.9569403357322182 -0.2902846772544321 8.400728761965236e-14
outer loop
vertex 62.60534913533414 -67.95855046604842 -2.9245386570450756e-15
vertex 62.667964931240064 -68.16496708205081 1.8499999999999972
vertex 62.60534913533425 -67.9585504660483 1.8499999999999972
endloop
endfacet
facet normal -1.1102230246251565e-16 0 1
outer loop
vertex 65.26970126767098 -48.9756604754254 -0.20000000000000234
vertex 65.00238108542372 -49.056751166171416 -0.20000000000000237
vertex 64.75601739449102 -49.18843530246888 -0.2000000000000024
endloop
endfacet
facet normal -1.1102230246251565e-16 0 1
outer loop
vertex 65.26970126767098 -48.9756604754254 -0.20000000000000234
vertex 64.75601739449102 -49.18843530246888 -0.2000000000000024
vertex 64.54007781335304 -49.365652336809255 -0.20000000000000243
endloop
endfacet
facet normal -1.1102230246251565e-16 0 1
outer loop
vertex 65.26970126767098 -48.9756604754254 -0.20000000000000234
vertex 64.54007781335304 -49.365652336809255 -0.20000000000000243
vertex 64.36286077901286 -49.581591917947016 -0.20000000000000245
endloop
endfacet
facet normal -1.1102230246251565e-16 0 1
outer loop
vertex 65.26970126767098 -48.9756604754254 -0.20000000000000234
vertex 64.36286077901286 -49.581591917947016 -0.20000000000000245
vertex 64.23117664271535 -49.82795560887976 -0.20000000000000245
endloop
endfacet
facet normal -1.1102230246251565e-16 0 1
outer loop
vertex 65.26970126767098 -48.9756604754254 -0.20000000000000234
vertex 64.23117664271535 -49.82795560887976 -0.20000000000000245
vertex 64.15008595196936 -50.095275791126966 -0.20000000000000248
endloop
endfacet
facet normal -1.1102230246251565e-16 0 1
outer loop
vertex 65.26970126767098 -48.9756604754254 -0.20000000000000234
vertex 64.15008595196936 -50.095275791126966 -0.20000000000000248
vertex 64.12270497654397 -50.37327950000001 -0.20000000000000248
endloop
endfacet
facet normal -1.1102230246251565e-16 0 1
outer loop
vertex 65.26970126767098 -48.9756604754254 -0.20000000000000234
vertex 64.12270497654397 -50.37327950000001 -0.20000000000000248
vertex 64.15008595196936 -50.65128320887302 -0.20000000000000248
endloop
endfacet
facet normal -1.1102230246251565e-16 0 1
outer loop
vertex 65.26970126767098 -48.9756604754254 -0.20000000000000234
vertex 64.15008595196936 -50.65128320887302 -0.20000000000000248
vertex 64.23117664271538 -50.91860339112029 -0.20000000000000245
endloop
endfacet
facet normal -1.1102230246251565e-16 0 1
outer loop
vertex 65.26970126767098 -48.9756604754254 -0.20000000000000234
vertex 64.23117664271538 -50.91860339112029 -0.20000000000000245
vertex 64.36286077901282 -51.16496708205292 -0.20000000000000245
endloop
endfacet
facet normal -1.1102230246251565e-16 0 1
outer loop
vertex 65.26970126767098 -48.9756604754254 -0.20000000000000234
vertex 64.36286077901282 -51.16496708205292 -0.20000000000000245
vertex 64.54007781335314 -51.38090666319084 -0.20000000000000243
endloop
endfacet
facet normal -1.1102230246251565e-16 0 1
outer loop
vertex 65.26970126767098 -48.9756604754254 -0.20000000000000234
vertex 64.54007781335314 -51.38090666319084 -0.20000000000000243
vertex 64.75601739449102 -51.55812369753112 -0.2000000000000024
endloop
endfacet
facet normal -1.1102230246251565e-16 0 1
outer loop
vertex 65.26970126767098 -48.9756604754254 -0.20000000000000234
vertex 64.75601739449102 -51.55812369753112 -0.2000000000000024
vertex 65.00238108542372 -51.68980783382859 -0.20000000000000237
endloop
endfacet
facet normal -1.1102230246251565e-16 0 1
outer loop
vertex 65.26970126767098 -48.9756604754254 -0.20000000000000234
vertex 65.00238108542372 -51.68980783382859 -0.20000000000000237
vertex 65.269701267671 -51.77089852457461 -0.20000000000000234
endloop
endfacet
facet normal -1.1102230246251565e-16 0 1
outer loop
vertex 65.26970126767098 -48.9756604754254 -0.20000000000000234
vertex 65.269701267671 -51.77089852457461 -0.20000000000000234
vertex 65.54770497654395 -51.7982795 -0.2000000000000023
endloop
endfacet
facet normal -1.1102230246251565e-16 0 1
outer loop
vertex 65.26970126767098 -48.9756604754254 -0.20000000000000234
vertex 65.54770497654395 -51.7982795 -0.2000000000000023
vertex 65.82570868541693 -51.77089852457461 -0.20000000000000226
endloop
endfacet
facet normal -1.1102230246251565e-16 0 1
outer loop
vertex 65.26970126767098 -48.9756604754254 -0.20000000000000234
vertex 65.82570868541693 -51.77089852457461 -0.20000000000000226
vertex 66.0930288676642 -51.68980783382859 -0.20000000000000223
endloop
endfacet
facet normal -1.1102230246251565e-16 0 1
outer loop
vertex 65.26970126767098 -48.9756604754254 -0.20000000000000234
vertex 66.0930288676642 -51.68980783382859 -0.20000000000000223
vertex 66.33939255859686 -51.55812369753112 -0.2000000000000022
endloop
endfacet
facet normal -1.1102230246251565e-16 0 1
outer loop
vertex 65.26970126767098 -48.9756604754254 -0.20000000000000234
vertex 66.33939255859686 -51.55812369753112 -0.2000000000000022
vertex 66.5553321397348 -51.38090666319084 -0.20000000000000218
endloop
endfacet
facet normal -1.1102230246251565e-16 0 1
outer loop
vertex 65.26970126767098 -48.9756604754254 -0.20000000000000234
vertex 66.5553321397348 -51.38090666319084 -0.20000000000000218
vertex 66.73254917407505 -51.16496708205292 -0.20000000000000215
endloop
endfacet
facet normal -1.1102230246251565e-16 0 1
outer loop
vertex 65.26970126767098 -48.9756604754254 -0.20000000000000234
vertex 66.73254917407505 -51.16496708205292 -0.20000000000000215
vertex 66.86423331037257 -50.91860339112029 -0.20000000000000215
endloop
endfacet
facet normal -1.1102230246251565e-16 0 1
outer loop
vertex 65.26970126767098 -48.9756604754254 -0.20000000000000234
vertex 66.86423331037257 -50.91860339112029 -0.20000000000000215
vertex 66.94532400111856 -50.65128320887302 -0.20000000000000212
endloop
endfacet
facet normal -1.1102230246251565e-16 0 1
outer loop
vertex 65.26970126767098 -48.9756604754254 -0.20000000000000234
vertex 66.94532400111856 -50.65128320887302 -0.20000000000000212
vertex 66.97270497654395 -50.37327950000001 -0.20000000000000212
endloop
endfacet
facet normal -1.1102230246251565e-16 0 1
outer loop
vertex 65.26970126767098 -48.9756604754254 -0.20000000000000234
vertex 66.97270497654395 -50.37327950000001 -0.20000000000000212
vertex 66.94532400111855 -50.095275791126966 -0.20000000000000212
endloop
endfacet
facet normal -1.1102230246251565e-16 0 1
outer loop
vertex 65.26970126767098 -48.9756604754254 -0.20000000000000234
vertex 66.94532400111855 -50.095275791126966 -0.20000000000000212
vertex 66.86423331037255 -49.82795560887976 -0.20000000000000215
endloop
endfacet
facet normal -1.1102230246251565e-16 0 1
outer loop
vertex 65.26970126767098 -48.9756604754254 -0.20000000000000234
vertex 66.86423331037255 -49.82795560887976 -0.20000000000000215
vertex 66.73254917407507 -49.581591917947016 -0.20000000000000215
endloop
endfacet
facet normal -1.1102230246251565e-16 0 1
outer loop
vertex 65.26970126767098 -48.9756604754254 -0.20000000000000234
vertex 66.73254917407507 -49.581591917947016 -0.20000000000000215
vertex 66.55533213973476 -49.365652336809255 -0.20000000000000218
endloop
endfacet
facet normal -1.1102230246251565e-16 0 1
outer loop
vertex 65.26970126767098 -48.9756604754254 -0.20000000000000234
vertex 66.55533213973476 -49.365652336809255 -0.20000000000000218
vertex 66.3393925585969 -49.18843530246888 -0.2000000000000022
endloop
endfacet
facet normal -1.1102230246251565e-16 0 1
outer loop
vertex 65.26970126767098 -48.9756604754254 -0.20000000000000234
vertex 66.3393925585969 -49.18843530246888 -0.2000000000000022
vertex 66.09302886766415 -49.056751166171416 -0.20000000000000223
endloop
endfacet
facet normal -1.1102230246251565e-16 0 1
outer loop
vertex 65.26970126767098 -48.9756604754254 -0.20000000000000234
vertex 66.09302886766415 -49.056751166171416 -0.20000000000000223
vertex 65.82570868541687 -48.9756604754254 -0.20000000000000226
endloop
endfacet
facet normal -1.1102230246251565e-16 0 1
outer loop
vertex 65.26970126767098 -48.9756604754254 -0.20000000000000234
vertex 65.82570868541687 -48.9756604754254 -0.20000000000000226
vertex 65.54770497654401 -48.9482795 -0.2000000000000023
endloop
endfacet
facet normal -1.1102230246251565e-16 0 1
outer loop
vertex 65.26970126767088 -65.97566047542541 -0.20000000000000234
vertex 65.0023810854237 -66.05675116617141 -0.20000000000000237
vertex 64.75601739449102 -66.18843530246887 -0.2000000000000024
endloop
endfacet
facet normal -1.1102230246251565e-16 0 1
outer loop
vertex 65.26970126767088 -65.97566047542541 -0.20000000000000234
vertex 64.75601739449102 -66.18843530246887 -0.2000000000000024
vertex 64.54007781335312 -66.36565233680916 -0.20000000000000243
endloop
endfacet
facet normal -1.1102230246251565e-16 0 1
outer loop
vertex 65.26970126767088 -65.97566047542541 -0.20000000000000234
vertex 64.54007781335312 -66.36565233680916 -0.20000000000000243
vertex 64.36286077901285 -66.58159191794705 -0.20000000000000245
endloop
endfacet
facet normal -1.1102230246251565e-16 0 1
outer loop
vertex 65.26970126767088 -65.97566047542541 -0.20000000000000234
vertex 64.36286077901285 -66.58159191794705 -0.20000000000000245
vertex 64.23117664271538 -66.82795560887972 -0.20000000000000245
endloop
endfacet
facet normal -1.1102230246251565e-16 0 1
outer loop
vertex 65.26970126767088 -65.97566047542541 -0.20000000000000234
vertex 64.23117664271538 -66.82795560887972 -0.20000000000000245
vertex 64.15008595196932 -67.09527579112714 -0.20000000000000248
endloop
endfacet
facet normal -1.1102230246251565e-16 0 1
outer loop
vertex 65.26970126767088 -65.97566047542541 -0.20000000000000234
vertex 64.15008595196932 -67.09527579112714 -0.20000000000000248
vertex 64.12270497654394 -67.37327949999991 -0.20000000000000248
endloop
endfacet
facet normal -1.1102230246251565e-16 0 1
outer loop
vertex 65.26970126767088 -65.97566047542541 -0.20000000000000234
vertex 64.12270497654394 -67.37327949999991 -0.20000000000000248
vertex 64.15008595196933 -67.6512832088729 -0.20000000000000248
endloop
endfacet
facet normal -1.1102230246251565e-16 0 1
outer loop
vertex 65.26970126767088 -65.97566047542541 -0.20000000000000234
vertex 64.15008595196933 -67.6512832088729 -0.20000000000000248
vertex 64.23117664271537 -67.91860339112023 -0.20000000000000245
endloop
endfacet
facet normal -1.1102230246251565e-16 0 1
outer loop
vertex 65.26970126767088 -65.97566047542541 -0.20000000000000234
vertex 64.23117664271537 -67.91860339112023 -0.20000000000000245
vertex 64.36286077901288 -68.16496708205301 -0.20000000000000245
endloop
endfacet
facet normal -1.1102230246251565e-16 0 1
outer loop
vertex 65.26970126767088 -65.97566047542541 -0.20000000000000234
vertex 64.36286077901288 -68.16496708205301 -0.20000000000000245
vertex 64.54007781335312 -68.38090666319084 -0.20000000000000243
endloop
endfacet
facet normal -1.1102230246251565e-16 0 1
outer loop
vertex 65.26970126767088 -65.97566047542541 -0.20000000000000234
vertex 64.54007781335312 -68.38090666319084 -0.20000000000000243
vertex 64.75601739449102 -68.55812369753113 -0.2000000000000024
endloop
endfacet
facet normal -1.1102230246251565e-16 0 1
outer loop
vertex 65.26970126767088 -65.97566047542541 -0.20000000000000234
vertex 64.75601739449102 -68.55812369753113 -0.2000000000000024
vertex 65.00238108542362 -68.68980783382855 -0.20000000000000237
endloop
endfacet
facet normal -1.1102230246251565e-16 0 1
outer loop
vertex 65.26970126767088 -65.97566047542541 -0.20000000000000234
vertex 65.00238108542362 -68.68980783382855 -0.20000000000000237
vertex 65.26970126767104 -68.77089852457462 -0.20000000000000234
endloop
endfacet
facet normal -1.1102230246251565e-16 0 1
outer loop
vertex 65.26970126767088 -65.97566047542541 -0.20000000000000234
vertex 65.26970126767104 -68.77089852457462 -0.20000000000000234
vertex 65.54770497654395 -68.79827949999999 -0.2000000000000023
endloop
endfacet
facet normal -1.1102230246251565e-16 0 1
outer loop
vertex 65.26970126767088 -65.97566047542541 -0.20000000000000234
vertex 65.54770497654395 -68.79827949999999 -0.2000000000000023
vertex 65.82570868541693 -68.77089852457462 -0.20000000000000226
endloop
endfacet
facet normal -1.1102230246251565e-16 0 1
outer loop
vertex 65.26970126767088 -65.97566047542541 -0.20000000000000234
vertex 65.82570868541693 -68.77089852457462 -0.20000000000000226
vertex 66.09302886766423 -68.68980783382855 -0.20000000000000223
endloop
endfacet
facet normal -1.1102230246251565e-16 0 1
outer loop
vertex 65.26970126767088 -65.97566047542541 -0.20000000000000234
vertex 66.09302886766423 -68.68980783382855 -0.20000000000000223
vertex 66.3393925585969 -68.55812369753113 -0.2000000000000022
endloop
endfacet
facet normal -1.1102230246251565e-16 0 1
outer loop
vertex 65.26970126767088 -65.97566047542541 -0.20000000000000234
vertex 66.3393925585969 -68.55812369753113 -0.2000000000000022
vertex 66.5553321397348 -68.38090666319084 -0.20000000000000218
endloop
endfacet
facet normal -1.1102230246251565e-16 0 1
outer loop
vertex 65.26970126767088 -65.97566047542541 -0.20000000000000234
vertex 66.5553321397348 -68.38090666319084 -0.20000000000000218
vertex 66.73254917407505 -68.16496708205301 -0.20000000000000215
endloop
endfacet
facet normal -1.1102230246251565e-16 0 1
outer loop
vertex 65.26970126767088 -65.97566047542541 -0.20000000000000234
vertex 66.73254917407505 -68.16496708205301 -0.20000000000000215
vertex 66.86423331037254 -67.91860339112023 -0.20000000000000215
endloop
endfacet
facet normal -1.1102230246251565e-16 0 1
outer loop
vertex 65.26970126767088 -65.97566047542541 -0.20000000000000234
vertex 66.86423331037254 -67.91860339112023 -0.20000000000000215
vertex 66.94532400111855 -67.6512832088729 -0.20000000000000212
endloop
endfacet
facet normal -1.1102230246251565e-16 0 1
outer loop
vertex 65.26970126767088 -65.97566047542541 -0.20000000000000234
vertex 66.94532400111855 -67.6512832088729 -0.20000000000000212
vertex 66.97270497654395 -67.37327949999991 -0.20000000000000212
endloop
endfacet
facet normal -1.1102230246251565e-16 0 1
outer loop
vertex 65.26970126767088 -65.97566047542541 -0.20000000000000234
vertex 66.97270497654395 -67.37327949999991 -0.20000000000000212
vertex 66.94532400111856 -67.09527579112714 -0.20000000000000212
endloop
endfacet
facet normal -1.1102230246251565e-16 0 1
outer loop
vertex 65.26970126767088 -65.97566047542541 -0.20000000000000234
vertex 66.94532400111856 -67.09527579112714 -0.20000000000000212
vertex 66.86423331037254 -66.82795560887972 -0.20000000000000215
endloop
endfacet
facet normal -1.1102230246251565e-16 0 1
outer loop
vertex 65.26970126767088 -65.97566047542541 -0.20000000000000234
vertex 66.86423331037254 -66.82795560887972 -0.20000000000000215
vertex 66.73254917407509 -66.58159191794705 -0.20000000000000215
endloop
endfacet
facet normal -1.1102230246251565e-16 0 1
outer loop
vertex 65.26970126767088 -65.97566047542541 -0.20000000000000234
vertex 66.73254917407509 -66.58159191794705 -0.20000000000000215
vertex 66.55533213973483 -66.36565233680916 -0.20000000000000218
endloop
endfacet
facet normal -1.1102230246251565e-16 0 1
outer loop
vertex 65.26970126767088 -65.97566047542541 -0.20000000000000234
vertex 66.55533213973483 -66.36565233680916 -0.20000000000000218
vertex 66.33939255859686 -66.18843530246887 -0.2000000000000022
endloop
endfacet
facet normal -1.1102230246251565e-16 0 1
outer loop
vertex 65.26970126767088 -65.97566047542541 -0.20000000000000234
vertex 66.33939255859686 -66.18843530246887 -0.2000000000000022
vertex 66.09302886766427 -66.05675116617141 -0.20000000000000223
endloop
endfacet
facet normal -1.1102230246251565e-16 0 1
outer loop
vertex 65.26970126767088 -65.97566047542541 -0.20000000000000234
vertex 66.09302886766427 -66.05675116617141 -0.20000000000000223
vertex 65.82570868541698 -65.97566047542541 -0.20000000000000226
endloop
endfacet
facet normal -1.1102230246251565e-16 0 1
outer loop
vertex 65.26970126767088 -65.97566047542541 -0.20000000000000234
vertex 65.82570868541698 -65.97566047542541 -0.20000000000000226
vertex 65.54770497654397 -65.94827950000001 -0.2000000000000023
endloop
endfacet
facet normal -1.1102230246251565e-16 0 1
outer loop
vertex 124.42281516767099 -70.51345427542535 -0.1999999999999951
vertex 124.1554949854237 -70.59454496617141 -0.19999999999999513
vertex 123.909131294491 -70.72622910246885 -0.19999999999999515
endloop
endfacet
facet normal -1.1102230246251565e-16 0 1
outer loop
vertex 124.42281516767099 -70.51345427542535 -0.1999999999999951
vertex 123.909131294491 -70.72622910246885 -0.19999999999999515
vertex 123.69319171335314 -70.90344613680918 -0.19999999999999518
endloop
endfacet
facet normal -1.1102230246251565e-16 0 1
outer loop
vertex 124.42281516767099 -70.51345427542535 -0.1999999999999951
vertex 123.69319171335314 -70.90344613680918 -0.19999999999999518
vertex 123.51597467901284 -71.11938571794707 -0.1999999999999952
endloop
endfacet
facet normal -1.1102230246251565e-16 0 1
outer loop
vertex 124.42281516767099 -70.51345427542535 -0.1999999999999951
vertex 123.51597467901284 -71.11938571794707 -0.1999999999999952
vertex 123.38429054271535 -71.36574940887976 -0.1999999999999952
endloop
endfacet
facet normal -1.1102230246251565e-16 0 1
outer loop
vertex 124.42281516767099 -70.51345427542535 -0.1999999999999951
vertex 123.38429054271535 -71.36574940887976 -0.1999999999999952
vertex 123.30319985196935 -71.63306959112698 -0.19999999999999524
endloop
endfacet
facet normal -1.1102230246251565e-16 0 1
outer loop
vertex 124.42281516767099 -70.51345427542535 -0.1999999999999951
vertex 123.30319985196935 -71.63306959112698 -0.19999999999999524
vertex 123.27581887654395 -71.91107330000001 -0.19999999999999524
endloop
endfacet
facet normal -1.1102230246251565e-16 0 1
outer loop
vertex 124.42281516767099 -70.51345427542535 -0.1999999999999951
vertex 123.27581887654395 -71.91107330000001 -0.19999999999999524
vertex 123.30319985196934 -72.18907700887296 -0.19999999999999524
endloop
endfacet
facet normal -1.1102230246251565e-16 0 1
outer loop
vertex 124.42281516767099 -70.51345427542535 -0.1999999999999951
vertex 123.30319985196934 -72.18907700887296 -0.19999999999999524
vertex 123.38429054271535 -72.45639719112022 -0.1999999999999952
endloop
endfacet
facet normal -1.1102230246251565e-16 0 1
outer loop
vertex 124.42281516767099 -70.51345427542535 -0.1999999999999951
vertex 123.38429054271535 -72.45639719112022 -0.1999999999999952
vertex 123.51597467901283 -72.70276088205296 -0.1999999999999952
endloop
endfacet
facet normal -1.1102230246251565e-16 0 1
outer loop
vertex 124.42281516767099 -70.51345427542535 -0.1999999999999951
vertex 123.51597467901283 -72.70276088205296 -0.1999999999999952
vertex 123.69319171335309 -72.9187004631908 -0.19999999999999518
endloop
endfacet
facet normal -1.1102230246251565e-16 0 1
outer loop
vertex 124.42281516767099 -70.51345427542535 -0.1999999999999951
vertex 123.69319171335309 -72.9187004631908 -0.19999999999999518
vertex 123.90913129449112 -73.09591749753119 -0.19999999999999515
endloop
endfacet
facet normal -1.1102230246251565e-16 0 1
outer loop
vertex 124.42281516767099 -70.51345427542535 -0.1999999999999951
vertex 123.90913129449112 -73.09591749753119 -0.19999999999999515
vertex 124.15549498542369 -73.2276016338286 -0.19999999999999513
endloop
endfacet
facet normal -1.1102230246251565e-16 0 1
outer loop
vertex 124.42281516767099 -70.51345427542535 -0.1999999999999951
vertex 124.15549498542369 -73.2276016338286 -0.19999999999999513
vertex 124.42281516767088 -73.3086923245746 -0.1999999999999951
endloop
endfacet
facet normal -1.1102230246251565e-16 0 1
outer loop
vertex 124.42281516767099 -70.51345427542535 -0.1999999999999951
vertex 124.42281516767088 -73.3086923245746 -0.1999999999999951
vertex 124.70081887654408 -73.3360733 -0.19999999999999504
endloop
endfacet
facet normal -1.1102230246251565e-16 0 1
outer loop
vertex 124.42281516767099 -70.51345427542535 -0.1999999999999951
vertex 124.70081887654408 -73.3360733 -0.19999999999999504
vertex 124.97882258541688 -73.3086923245746 -0.19999999999999502
endloop
endfacet
facet normal -1.1102230246251565e-16 0 1
outer loop
vertex 124.42281516767099 -70.51345427542535 -0.1999999999999951
vertex 124.97882258541688 -73.3086923245746 -0.19999999999999502
vertex 125.2461427676642 -73.2276016338286 -0.199999999999995
endloop
endfacet
facet normal -1.1102230246251565e-16 0 1
outer loop
vertex 124.42281516767099 -70.51345427542535 -0.1999999999999951
vertex 125.2461427676642 -73.2276016338286 -0.199999999999995
vertex 125.49250645859692 -73.09591749753119 -0.19999999999999496
endloop
endfacet
facet normal -1.1102230246251565e-16 0 1
outer loop
vertex 124.42281516767099 -70.51345427542535 -0.1999999999999951
vertex 125.49250645859692 -73.09591749753119 -0.19999999999999496
vertex 125.70844603973475 -72.9187004631908 -0.19999999999999493
endloop
endfacet
facet normal -1.1102230246251565e-16 0 1
outer loop
vertex 124.42281516767099 -70.51345427542535 -0.1999999999999951
vertex 125.70844603973475 -72.9187004631908 -0.19999999999999493
vertex 125.8856630740751 -72.70276088205296 -0.1999999999999949
endloop
endfacet
facet normal -1.1102230246251565e-16 0 1
outer loop
vertex 124.42281516767099 -70.51345427542535 -0.1999999999999951
vertex 125.8856630740751 -72.70276088205296 -0.1999999999999949
vertex 126.01734721037253 -72.45639719112022 -0.1999999999999949
endloop
endfacet
facet normal -1.1102230246251565e-16 0 1
outer loop
vertex 124.42281516767099 -70.51345427542535 -0.1999999999999951
vertex 126.01734721037253 -72.45639719112022 -0.1999999999999949
vertex 126.09843790111856 -72.18907700887296 -0.19999999999999488
endloop
endfacet
facet normal -1.1102230246251565e-16 0 1
outer loop
vertex 124.42281516767099 -70.51345427542535 -0.1999999999999951
vertex 126.09843790111856 -72.18907700887296 -0.19999999999999488
vertex 126.12581887654395 -71.91107330000001 -0.19999999999999488
endloop
endfacet
facet normal -1.1102230246251565e-16 0 1
outer loop
vertex 124.42281516767099 -70.51345427542535 -0.1999999999999951
vertex 126.12581887654395 -71.91107330000001 -0.19999999999999488
vertex 126.09843790111856 -71.63306959112698 -0.19999999999999488
endloop
endfacet
facet normal -1.1102230246251565e-16 0 1
outer loop
vertex 124.42281516767099 -70.51345427542535 -0.1999999999999951
vertex 126.09843790111856 -71.63306959112698 -0.19999999999999488
vertex 126.01734721037253 -71.36574940887976 -0.1999999999999949
endloop
endfacet
facet normal -1.1102230246251565e-16 0 1
outer loop
vertex 124.42281516767099 -70.51345427542535 -0.1999999999999951
vertex 126.01734721037253 -71.36574940887976 -0.1999999999999949
vertex 125.88566307407507 -71.11938571794707 -0.1999999999999949
endloop
endfacet
facet normal -1.1102230246251565e-16 0 1
outer loop
vertex 124.42281516767099 -70.51345427542535 -0.1999999999999951
vertex 125.88566307407507 -71.11938571794707 -0.1999999999999949
vertex 125.70844603973478 -70.90344613680918 -0.19999999999999493
endloop
endfacet
facet normal -1.1102230246251565e-16 0 1
outer loop
vertex 124.42281516767099 -70.51345427542535 -0.1999999999999951
vertex 125.70844603973478 -70.90344613680918 -0.19999999999999493
vertex 125.49250645859684 -70.72622910246885 -0.19999999999999496
endloop
endfacet
facet normal -1.1102230246251565e-16 0 1
outer loop
vertex 124.42281516767099 -70.51345427542535 -0.1999999999999951
vertex 125.49250645859684 -70.72622910246885 -0.19999999999999496
vertex 125.24614276766422 -70.59454496617141 -0.199999999999995
endloop
endfacet
facet normal -1.1102230246251565e-16 0 1
outer loop
vertex 124.42281516767099 -70.51345427542535 -0.1999999999999951
vertex 125.24614276766422 -70.59454496617141 -0.199999999999995
vertex 124.9788225854168 -70.51345427542535 -0.19999999999999502
endloop
endfacet
facet normal -1.1102230246251565e-16 0 1
outer loop
vertex 124.42281516767099 -70.51345427542535 -0.1999999999999951
vertex 124.9788225854168 -70.51345427542535 -0.19999999999999502
vertex 124.70081887654405 -70.48607329999999 -0.19999999999999504
endloop
endfacet
facet normal -1.1102230246251565e-16 0 1
outer loop
vertex 120.02289136767098 -86.93419327542539 -0.19999999999999563
vertex 119.7555711854237 -87.0152839661714 -0.19999999999999565
vertex 119.50920749449102 -87.14696810246888 -0.19999999999999568
endloop
endfacet
facet normal -1.1102230246251565e-16 0 1
outer loop
vertex 120.02289136767098 -86.93419327542539 -0.19999999999999563
vertex 119.50920749449102 -87.14696810246888 -0.19999999999999568
vertex 119.29326791335308 -87.32418513680918 -0.1999999999999957
endloop
endfacet
facet normal -1.1102230246251565e-16 0 1
outer loop
vertex 120.02289136767098 -86.93419327542539 -0.19999999999999563
vertex 119.29326791335308 -87.32418513680918 -0.1999999999999957
vertex 119.11605087901287 -87.54012471794698 -0.19999999999999574
endloop
endfacet
facet normal -1.1102230246251565e-16 0 1
outer loop
vertex 120.02289136767098 -86.93419327542539 -0.19999999999999563
vertex 119.11605087901287 -87.54012471794698 -0.19999999999999574
vertex 118.98436674271537 -87.78648840887976 -0.19999999999999576
endloop
endfacet
facet normal -1.1102230246251565e-16 0 1
outer loop
vertex 120.02289136767098 -86.93419327542539 -0.19999999999999563
vertex 118.98436674271537 -87.78648840887976 -0.19999999999999576
vertex 118.90327605196936 -88.053808591127 -0.19999999999999576
endloop
endfacet
facet normal -1.1102230246251565e-16 0 1
outer loop
vertex 120.02289136767098 -86.93419327542539 -0.19999999999999563
vertex 118.90327605196936 -88.053808591127 -0.19999999999999576
vertex 118.87589507654396 -88.3318123 -0.19999999999999576
endloop
endfacet
facet normal -1.1102230246251565e-16 0 1
outer loop
vertex 120.02289136767098 -86.93419327542539 -0.19999999999999563
vertex 118.87589507654396 -88.3318123 -0.19999999999999576
vertex 118.90327605196934 -88.60981600887298 -0.19999999999999576
endloop
endfacet
facet normal -1.1102230246251565e-16 0 1
outer loop
vertex 120.02289136767098 -86.93419327542539 -0.19999999999999563
vertex 118.90327605196934 -88.60981600887298 -0.19999999999999576
vertex 118.98436674271534 -88.87713619112024 -0.19999999999999576
endloop
endfacet
facet normal -1.1102230246251565e-16 0 1
outer loop
vertex 120.02289136767098 -86.93419327542539 -0.19999999999999563
vertex 118.98436674271534 -88.87713619112024 -0.19999999999999576
vertex 119.11605087901285 -89.12349988205291 -0.19999999999999574
endloop
endfacet
facet normal -1.1102230246251565e-16 0 1
outer loop
vertex 120.02289136767098 -86.93419327542539 -0.19999999999999563
vertex 119.11605087901285 -89.12349988205291 -0.19999999999999574
vertex 119.29326791335312 -89.33943946319083 -0.1999999999999957
endloop
endfacet
facet normal -1.1102230246251565e-16 0 1
outer loop
vertex 120.02289136767098 -86.93419327542539 -0.19999999999999563
vertex 119.29326791335312 -89.33943946319083 -0.1999999999999957
vertex 119.50920749449102 -89.51665649753116 -0.19999999999999568
endloop
endfacet
facet normal -1.1102230246251565e-16 0 1
outer loop
vertex 120.02289136767098 -86.93419327542539 -0.19999999999999563
vertex 119.50920749449102 -89.51665649753116 -0.19999999999999568
vertex 119.75557118542369 -89.64834063382858 -0.19999999999999565
endloop
endfacet
facet normal -1.1102230246251565e-16 0 1
outer loop
vertex 120.02289136767098 -86.93419327542539 -0.19999999999999563
vertex 119.75557118542369 -89.64834063382858 -0.19999999999999565
vertex 120.02289136767098 -89.7294313245746 -0.19999999999999563
endloop
endfacet
facet normal -1.1102230246251565e-16 0 1
outer loop
vertex 120.02289136767098 -86.93419327542539 -0.19999999999999563
vertex 120.02289136767098 -89.7294313245746 -0.19999999999999563
vertex 120.30089507654407 -89.75681229999999 -0.1999999999999956
endloop
endfacet
facet normal -1.1102230246251565e-16 0 1
outer loop
vertex 120.02289136767098 -86.93419327542539 -0.19999999999999563
vertex 120.30089507654407 -89.75681229999999 -0.1999999999999956
vertex 120.57889878541684 -89.7294313245746 -0.19999999999999557
endloop
endfacet
facet normal -1.1102230246251565e-16 0 1
outer loop
vertex 120.02289136767098 -86.93419327542539 -0.19999999999999563
vertex 120.57889878541684 -89.7294313245746 -0.19999999999999557
vertex 120.84621896766424 -89.64834063382858 -0.19999999999999551
endloop
endfacet
facet normal -1.1102230246251565e-16 0 1
outer loop
vertex 120.02289136767098 -86.93419327542539 -0.19999999999999563
vertex 120.84621896766424 -89.64834063382858 -0.19999999999999551
vertex 121.09258265859683 -89.51665649753116 -0.1999999999999955
endloop
endfacet
facet normal -1.1102230246251565e-16 0 1
outer loop
vertex 120.02289136767098 -86.93419327542539 -0.19999999999999563
vertex 121.09258265859683 -89.51665649753116 -0.1999999999999955
vertex 121.30852223973477 -89.33943946319083 -0.19999999999999546
endloop
endfacet
facet normal -1.1102230246251565e-16 0 1
outer loop
vertex 120.02289136767098 -86.93419327542539 -0.19999999999999563
vertex 121.30852223973477 -89.33943946319083 -0.19999999999999546
vertex 121.48573927407509 -89.12349988205291 -0.19999999999999546
endloop
endfacet
facet normal -1.1102230246251565e-16 0 1
outer loop
vertex 120.02289136767098 -86.93419327542539 -0.19999999999999563
vertex 121.48573927407509 -89.12349988205291 -0.19999999999999546
vertex 121.61742341037254 -88.87713619112024 -0.19999999999999543
endloop
endfacet
facet normal -1.1102230246251565e-16 0 1
outer loop
vertex 120.02289136767098 -86.93419327542539 -0.19999999999999563
vertex 121.61742341037254 -88.87713619112024 -0.19999999999999543
vertex 121.69851410111855 -88.60981600887298 -0.19999999999999543
endloop
endfacet
facet normal -1.1102230246251565e-16 0 1
outer loop
vertex 120.02289136767098 -86.93419327542539 -0.19999999999999563
vertex 121.69851410111855 -88.60981600887298 -0.19999999999999543
vertex 121.72589507654395 -88.3318123 -0.19999999999999543
endloop
endfacet
facet normal -1.1102230246251565e-16 0 1
outer loop
vertex 120.02289136767098 -86.93419327542539 -0.19999999999999563
vertex 121.72589507654395 -88.3318123 -0.19999999999999543
vertex 121.69851410111855 -88.053808591127 -0.19999999999999543
endloop
endfacet
facet normal -1.1102230246251565e-16 0 1
outer loop
vertex 120.02289136767098 -86.93419327542539 -0.19999999999999563
vertex 121.69851410111855 -88.053808591127 -0.19999999999999543
vertex 121.61742341037254 -87.78648840887976 -0.19999999999999543
endloop
endfacet
facet normal -1.1102230246251565e-16 0 1
outer loop
vertex 120.02289136767098 -86.93419327542539 -0.19999999999999563
vertex 121.61742341037254 -87.78648840887976 -0.19999999999999543
vertex 121.48573927407503 -87.54012471794698 -0.19999999999999546
endloop
endfacet
facet normal -1.1102230246251565e-16 0 1
outer loop
vertex 120.02289136767098 -86.93419327542539 -0.19999999999999563
vertex 121.48573927407503 -87.54012471794698 -0.19999999999999546
vertex 121.30852223973481 -87.32418513680918 -0.19999999999999546
endloop
endfacet
facet normal -1.1102230246251565e-16 0 1
outer loop
vertex 120.02289136767098 -86.93419327542539 -0.19999999999999563
vertex 121.30852223973481 -87.32418513680918 -0.19999999999999546
vertex 121.09258265859688 -87.14696810246888 -0.1999999999999955
endloop
endfacet
facet normal -1.1102230246251565e-16 0 1
outer loop
vertex 120.02289136767098 -86.93419327542539 -0.19999999999999563
vertex 121.09258265859688 -87.14696810246888 -0.1999999999999955
vertex 120.84621896766419 -87.0152839661714 -0.19999999999999551
endloop
endfacet
facet normal -1.1102230246251565e-16 0 1
outer loop
vertex 120.02289136767098 -86.93419327542539 -0.19999999999999563
vertex 120.84621896766419 -87.0152839661714 -0.19999999999999551
vertex 120.57889878541695 -86.93419327542539 -0.19999999999999557
endloop
endfacet
facet normal -1.1102230246251565e-16 0 1
outer loop
vertex 120.02289136767098 -86.93419327542539 -0.19999999999999563
vertex 120.57889878541695 -86.93419327542539 -0.19999999999999557
vertex 120.30089507654395 -86.9068123 -0.1999999999999956
endloop
endfacet
facet normal 0.9951847266721969 0.09801714032956006 0
outer loop
vertex 123.30319985196934 -72.18907700887296 -0.19999999999999524
vertex 123.27581887654395 -71.91107330000001 -0.19999999999999524
vertex 123.27581887654404 -71.9110733 1.8500000000000045
endloop
endfacet
facet normal 0.9951847266721969 0.09801714032956006 0
outer loop
vertex 123.30319985196934 -72.18907700887296 -0.19999999999999524
vertex 123.27581887654404 -71.9110733 1.8500000000000045
vertex 123.30319985196942 -72.18907700887299 1.8500000000000045
endloop
endfacet
facet normal 0.9951847266721956 -0.09801714032957413 0
outer loop
vertex 123.27581887654395 -71.91107330000001 -0.19999999999999524
vertex 123.30319985196935 -71.63306959112698 -0.19999999999999524
vertex 123.30319985196928 -71.63306959112701 1.8500000000000045
endloop
endfacet
facet normal 0.9951847266721956 -0.09801714032957413 0
outer loop
vertex 123.27581887654395 -71.91107330000001 -0.19999999999999524
vertex 123.30319985196928 -71.63306959112701 1.8500000000000045
vertex 123.27581887654404 -71.9110733 1.8500000000000045
endloop
endfacet
facet normal 0.9569403357322127 -0.2902846772544499 0
outer loop
vertex 123.30319985196935 -71.63306959112698 -0.19999999999999524
vertex 123.38429054271535 -71.36574940887976 -0.1999999999999952
vertex 123.38429054271535 -71.36574940887975 1.8500000000000045
endloop
endfacet
facet normal 0.9569403357322127 -0.2902846772544499 0
outer loop
vertex 123.30319985196935 -71.63306959112698 -0.19999999999999524
vertex 123.38429054271535 -71.36574940887975 1.8500000000000045
vertex 123.30319985196928 -71.63306959112701 1.8500000000000045
endloop
endfacet
facet normal 0.8819212643483552 -0.47139673682599736 0
outer loop
vertex 123.38429054271535 -71.36574940887976 -0.1999999999999952
vertex 123.51597467901284 -71.11938571794707 -0.1999999999999952
vertex 123.51597467901311 -71.11938571794721 1.8500000000000045
endloop
endfacet
facet normal 0.8819212643483552 -0.47139673682599736 0
outer loop
vertex 123.38429054271535 -71.36574940887976 -0.1999999999999952
vertex 123.51597467901311 -71.11938571794721 1.8500000000000045
vertex 123.38429054271535 -71.36574940887975 1.8500000000000045
endloop
endfacet
facet normal 0.7730104533627319 -0.6343932841636518 0
outer loop
vertex 123.51597467901284 -71.11938571794707 -0.1999999999999952
vertex 123.69319171335314 -70.90344613680918 -0.19999999999999518
vertex 123.69319171335269 -70.9034461368088 1.8500000000000048
endloop
endfacet
facet normal 0.7730104533627319 -0.6343932841636518 0
outer loop
vertex 123.51597467901284 -71.11938571794707 -0.1999999999999952
vertex 123.69319171335269 -70.9034461368088 1.8500000000000048
vertex 123.51597467901311 -71.11938571794721 1.8500000000000045
endloop
endfacet
facet normal 0.6343932841636208 -0.7730104533627572 0
outer loop
vertex 123.69319171335314 -70.90344613680918 -0.19999999999999518
vertex 123.909131294491 -70.72622910246885 -0.19999999999999515
vertex 123.90913129449137 -70.72622910246936 1.8500000000000056
endloop
endfacet
facet normal 0.6343932841636208 -0.7730104533627572 0
outer loop
vertex 123.69319171335314 -70.90344613680918 -0.19999999999999518
vertex 123.90913129449137 -70.72622910246936 1.8500000000000056
vertex 123.69319171335269 -70.9034461368088 1.8500000000000048
endloop
endfacet
facet normal 0.4713967368260224 -0.8819212643483417 0
outer loop
vertex 123.909131294491 -70.72622910246885 -0.19999999999999515
vertex 124.1554949854237 -70.59454496617141 -0.19999999999999513
vertex 124.15549498542367 -70.59454496617141 1.8500000000000056
endloop
endfacet
facet normal 0.4713967368260224 -0.8819212643483417 0
outer loop
vertex 123.909131294491 -70.72622910246885 -0.19999999999999515
vertex 124.15549498542367 -70.59454496617141 1.8500000000000056
vertex 123.90913129449137 -70.72622910246936 1.8500000000000056
endloop
endfacet
facet normal 0.29028467725446194 -0.9569403357322092 0
outer loop
vertex 124.1554949854237 -70.59454496617141 -0.19999999999999513
vertex 124.42281516767099 -70.51345427542535 -0.1999999999999951
vertex 124.42281516767099 -70.51345427542547 1.8500000000000056
endloop
endfacet
facet normal 0.29028467725446194 -0.9569403357322092 0
outer loop
vertex 124.1554949854237 -70.59454496617141 -0.19999999999999513
vertex 124.42281516767099 -70.51345427542547 1.8500000000000056
vertex 124.15549498542367 -70.59454496617141 1.8500000000000056
endloop
endfacet
facet normal 0.09801714032953157 -0.9951847266721998 0
outer loop
vertex 124.42281516767099 -70.51345427542535 -0.1999999999999951
vertex 124.70081887654405 -70.48607329999999 -0.19999999999999504
vertex 124.70081887654396 -70.48607330000024 1.8500000000000056
endloop
endfacet
facet normal 0.09801714032953157 -0.9951847266721998 0
outer loop
vertex 124.42281516767099 -70.51345427542535 -0.1999999999999951
vertex 124.70081887654396 -70.48607330000024 1.8500000000000056
vertex 124.42281516767099 -70.51345427542547 1.8500000000000056
endloop
endfacet
facet normal -0.09801714032953157 -0.9951847266721998 0
outer loop
vertex 124.70081887654405 -70.48607329999999 -0.19999999999999504
vertex 124.9788225854168 -70.51345427542535 -0.19999999999999502
vertex 124.97882258541695 -70.5134542754252 1.8500000000000056
endloop
endfacet
facet normal -0.09801714032953157 -0.9951847266721998 0
outer loop
vertex 124.70081887654405 -70.48607329999999 -0.19999999999999504
vertex 124.97882258541695 -70.5134542754252 1.8500000000000056
vertex 124.70081887654396 -70.48607330000024 1.8500000000000056
endloop
endfacet
facet normal -0.29028467725447643 -0.9569403357322047 0
outer loop
vertex 124.9788225854168 -70.51345427542535 -0.19999999999999502
vertex 125.24614276766422 -70.59454496617141 -0.199999999999995
vertex 125.2461427676642 -70.5945449661714 1.8500000000000056
endloop
endfacet
facet normal -0.29028467725447643 -0.9569403357322047 0
outer loop
vertex 124.9788225854168 -70.51345427542535 -0.19999999999999502
vertex 125.2461427676642 -70.5945449661714 1.8500000000000056
vertex 124.97882258541695 -70.5134542754252 1.8500000000000056
endloop
endfacet
facet normal -0.47139673682603656 -0.8819212643483343 0
outer loop
vertex 125.24614276766422 -70.59454496617141 -0.199999999999995
vertex 125.49250645859684 -70.72622910246885 -0.19999999999999496
vertex 125.49250645859686 -70.72622910246889 1.8500000000000059
endloop
endfacet
facet normal -0.47139673682603656 -0.8819212643483343 0
outer loop
vertex 125.24614276766422 -70.59454496617141 -0.199999999999995
vertex 125.49250645859686 -70.72622910246889 1.8500000000000059
vertex 125.2461427676642 -70.5945449661714 1.8500000000000056
endloop
endfacet
facet normal -0.6343932841636218 -0.7730104533627565 0
outer loop
vertex 125.49250645859684 -70.72622910246885 -0.19999999999999496
vertex 125.70844603973478 -70.90344613680918 -0.19999999999999493
vertex 125.70844603973475 -70.9034461368092 1.850000000000005
endloop
endfacet
facet normal -0.6343932841636218 -0.7730104533627565 0
outer loop
vertex 125.49250645859684 -70.72622910246885 -0.19999999999999496
vertex 125.70844603973475 -70.9034461368092 1.850000000000005
vertex 125.49250645859686 -70.72622910246889 1.8500000000000059
endloop
endfacet
facet normal -0.7730104533627572 -0.6343932841636208 0
outer loop
vertex 125.70844603973478 -70.90344613680918 -0.19999999999999493
vertex 125.88566307407507 -71.11938571794707 -0.1999999999999949
vertex 125.885663074075 -71.11938571794715 1.8500000000000059
endloop
endfacet
facet normal -0.7730104533627572 -0.6343932841636208 0
outer loop
vertex 125.70844603973478 -70.90344613680918 -0.19999999999999493
vertex 125.885663074075 -71.11938571794715 1.8500000000000059
vertex 125.70844603973475 -70.9034461368092 1.850000000000005
endloop
endfacet
facet normal -0.8819212643483568 -0.4713967368259944 0
outer loop
vertex 125.88566307407507 -71.11938571794707 -0.1999999999999949
vertex 126.01734721037253 -71.36574940887976 -0.1999999999999949
vertex 126.01734721037231 -71.36574940887988 1.850000000000005
endloop
endfacet
facet normal -0.8819212643483568 -0.4713967368259944 0
outer loop
vertex 125.88566307407507 -71.11938571794707 -0.1999999999999949
vertex 126.01734721037231 -71.36574940887988 1.850000000000005
vertex 125.885663074075 -71.11938571794715 1.8500000000000059
endloop
endfacet
facet normal -0.9569403357322049 -0.29028467725447593 0
outer loop
vertex 126.01734721037253 -71.36574940887976 -0.1999999999999949
vertex 126.09843790111856 -71.63306959112698 -0.19999999999999488
vertex 126.0984379011186 -71.633069591127 1.8500000000000059
endloop
endfacet
facet normal -0.9569403357322049 -0.29028467725447593 0
outer loop
vertex 126.01734721037253 -71.36574940887976 -0.1999999999999949
vertex 126.0984379011186 -71.633069591127 1.8500000000000059
vertex 126.01734721037231 -71.36574940887988 1.850000000000005
endloop
endfacet
facet normal -0.9951847266721984 -0.09801714032954582 0
outer loop
vertex 126.09843790111856 -71.63306959112698 -0.19999999999999488
vertex 126.12581887654395 -71.91107330000001 -0.19999999999999488
vertex 126.12581887654386 -71.91107330000003 1.8500000000000059
endloop
endfacet
facet normal -0.9951847266721984 -0.09801714032954582 0
outer loop
vertex 126.09843790111856 -71.63306959112698 -0.19999999999999488
vertex 126.12581887654386 -71.91107330000003 1.8500000000000059
vertex 126.0984379011186 -71.633069591127 1.8500000000000059
endloop
endfacet
facet normal -0.9951847266721984 0.09801714032954582 0
outer loop
vertex 126.12581887654395 -71.91107330000001 -0.19999999999999488
vertex 126.09843790111856 -72.18907700887296 -0.19999999999999488
vertex 126.0984379011185 -72.18907700887299 1.850000000000005
endloop
endfacet
facet normal -0.9951847266721984 0.09801714032954582 0
outer loop
vertex 126.12581887654395 -71.91107330000001 -0.19999999999999488
vertex 126.0984379011185 -72.18907700887299 1.850000000000005
vertex 126.12581887654386 -71.91107330000003 1.8500000000000059
endloop
endfacet
facet normal -0.9569403357322048 0.29028467725447593 0
outer loop
vertex 126.09843790111856 -72.18907700887296 -0.19999999999999488
vertex 126.01734721037253 -72.45639719112022 -0.1999999999999949
vertex 126.01734721037246 -72.45639719112022 1.850000000000005
endloop
endfacet
facet normal -0.9569403357322048 0.29028467725447593 0
outer loop
vertex 126.09843790111856 -72.18907700887296 -0.19999999999999488
vertex 126.01734721037246 -72.45639719112022 1.850000000000005
vertex 126.0984379011185 -72.18907700887299 1.850000000000005
endloop
endfacet
facet normal -0.8819212643483552 0.47139673682599736 0
outer loop
vertex 126.01734721037253 -72.45639719112022 -0.1999999999999949
vertex 125.8856630740751 -72.70276088205296 -0.1999999999999949
vertex 125.88566307407531 -72.70276088205306 1.850000000000005
endloop
endfacet
facet normal -0.8819212643483552 0.47139673682599736 0
outer loop
vertex 126.01734721037253 -72.45639719112022 -0.1999999999999949
vertex 125.88566307407531 -72.70276088205306 1.850000000000005
vertex 126.01734721037246 -72.45639719112022 1.850000000000005
endloop
endfacet
facet normal -0.7730104533627572 0.6343932841636208 0
outer loop
vertex 125.8856630740751 -72.70276088205296 -0.1999999999999949
vertex 125.70844603973475 -72.9187004631908 -0.19999999999999493
vertex 125.70844603973532 -72.91870046319129 1.8500000000000059
endloop
endfacet
facet normal -0.7730104533627572 0.6343932841636208 0
outer loop
vertex 125.8856630740751 -72.70276088205296 -0.1999999999999949
vertex 125.70844603973532 -72.91870046319129 1.8500000000000059
vertex 125.88566307407531 -72.70276088205306 1.850000000000005
endloop
endfacet
facet normal -0.6343932841636208 0.7730104533627572 0
outer loop
vertex 125.70844603973475 -72.9187004631908 -0.19999999999999493
vertex 125.49250645859692 -73.09591749753119 -0.19999999999999496
vertex 125.49250645859686 -73.09591749753113 1.8500000000000059
endloop
endfacet
facet normal -0.6343932841636208 0.7730104533627572 0
outer loop
vertex 125.70844603973475 -72.9187004631908 -0.19999999999999493
vertex 125.49250645859686 -73.09591749753113 1.8500000000000059
vertex 125.70844603973532 -72.91870046319129 1.8500000000000059
endloop
endfacet
facet normal -0.47139673682602246 0.881921264348342 0
outer loop
vertex 125.49250645859692 -73.09591749753119 -0.19999999999999496
vertex 125.2461427676642 -73.2276016338286 -0.199999999999995
vertex 125.24614276766391 -73.22760163382806 1.8500000000000048
endloop
endfacet
facet normal -0.47139673682602246 0.881921264348342 0
outer loop
vertex 125.49250645859692 -73.09591749753119 -0.19999999999999496
vertex 125.24614276766391 -73.22760163382806 1.8500000000000048
vertex 125.49250645859686 -73.09591749753113 1.8500000000000059
endloop
endfacet
facet normal -0.29028467725446194 0.956940335732209 0
outer loop
vertex 125.2461427676642 -73.2276016338286 -0.199999999999995
vertex 124.97882258541688 -73.3086923245746 -0.19999999999999502
vertex 124.97882258541695 -73.30869232457465 1.8500000000000056
endloop
endfacet
facet normal -0.29028467725446194 0.956940335732209 0
outer loop
vertex 125.2461427676642 -73.2276016338286 -0.199999999999995
vertex 124.97882258541695 -73.30869232457465 1.8500000000000056
vertex 125.24614276766391 -73.22760163382806 1.8500000000000048
endloop
endfacet
facet normal -0.09801714032953157 0.9951847266721998 0
outer loop
vertex 124.97882258541688 -73.3086923245746 -0.19999999999999502
vertex 124.70081887654408 -73.3360733 -0.19999999999999504
vertex 124.70081887654396 -73.33607330000014 1.8500000000000056
endloop
endfacet
facet normal -0.09801714032953157 0.9951847266721998 0
outer loop
vertex 124.97882258541688 -73.3086923245746 -0.19999999999999502
vertex 124.70081887654396 -73.33607330000014 1.8500000000000056
vertex 124.97882258541695 -73.30869232457465 1.8500000000000056
endloop
endfacet
facet normal 0.09801714032953157 0.9951847266721998 0
outer loop
vertex 124.70081887654408 -73.3360733 -0.19999999999999504
vertex 124.42281516767088 -73.3086923245746 -0.1999999999999951
vertex 124.42281516767098 -73.30869232457452 1.8500000000000056
endloop
endfacet
facet normal 0.09801714032953157 0.9951847266721998 0
outer loop
vertex 124.70081887654408 -73.3360733 -0.19999999999999504
vertex 124.42281516767098 -73.30869232457452 1.8500000000000056
vertex 124.70081887654396 -73.33607330000014 1.8500000000000056
endloop
endfacet
facet normal 0.29028467725447643 0.9569403357322047 0
outer loop
vertex 124.42281516767088 -73.3086923245746 -0.1999999999999951
vertex 124.15549498542369 -73.2276016338286 -0.19999999999999513
vertex 124.1554949854237 -73.22760163382854 1.8500000000000056
endloop
endfacet
facet normal 0.29028467725447643 0.9569403357322047 0
outer loop
vertex 124.42281516767088 -73.3086923245746 -0.1999999999999951
vertex 124.1554949854237 -73.22760163382854 1.8500000000000056
vertex 124.42281516767098 -73.30869232457452 1.8500000000000056
endloop
endfacet
facet normal 0.4713967368260361 0.8819212643483345 0
outer loop
vertex 124.15549498542369 -73.2276016338286 -0.19999999999999513
vertex 123.90913129449112 -73.09591749753119 -0.19999999999999515
vertex 123.90913129449105 -73.09591749753106 1.8500000000000056
endloop
endfacet
facet normal 0.4713967368260361 0.8819212643483345 0
outer loop
vertex 124.15549498542369 -73.2276016338286 -0.19999999999999513
vertex 123.90913129449105 -73.09591749753106 1.8500000000000056
vertex 124.1554949854237 -73.22760163382854 1.8500000000000056
endloop
endfacet
facet normal 0.6343932841636218 0.7730104533627565 0
outer loop
vertex 123.90913129449112 -73.09591749753119 -0.19999999999999515
vertex 123.69319171335309 -72.9187004631908 -0.19999999999999518
vertex 123.69319171335309 -72.91870046319086 1.8500000000000048
endloop
endfacet
facet normal 0.6343932841636218 0.7730104533627565 0
outer loop
vertex 123.90913129449112 -73.09591749753119 -0.19999999999999515
vertex 123.69319171335309 -72.91870046319086 1.8500000000000048
vertex 123.90913129449105 -73.09591749753106 1.8500000000000056
endloop
endfacet
facet normal 0.7730104533627382 0.6343932841636442 0
outer loop
vertex 123.69319171335309 -72.9187004631908 -0.19999999999999518
vertex 123.51597467901283 -72.70276088205296 -0.1999999999999952
vertex 123.51597467901291 -72.70276088205286 1.8500000000000054
endloop
endfacet
facet normal 0.7730104533627382 0.6343932841636442 0
outer loop
vertex 123.69319171335309 -72.9187004631908 -0.19999999999999518
vertex 123.51597467901291 -72.70276088205286 1.8500000000000054
vertex 123.69319171335309 -72.91870046319086 1.8500000000000048
endloop
endfacet
facet normal 0.8819212643483567 0.47139673682599437 0
outer loop
vertex 123.51597467901283 -72.70276088205296 -0.1999999999999952
vertex 123.38429054271535 -72.45639719112022 -0.1999999999999952
vertex 123.38429054271515 -72.45639719112036 1.8500000000000045
endloop
endfacet
facet normal 0.8819212643483567 0.47139673682599437 0
outer loop
vertex 123.51597467901283 -72.70276088205296 -0.1999999999999952
vertex 123.38429054271515 -72.45639719112036 1.8500000000000045
vertex 123.51597467901291 -72.70276088205286 1.8500000000000054
endloop
endfacet
facet normal 0.956940335732209 0.2902846772544619 0
outer loop
vertex 123.38429054271535 -72.45639719112022 -0.1999999999999952
vertex 123.30319985196934 -72.18907700887296 -0.19999999999999524
vertex 123.30319985196942 -72.18907700887299 1.8500000000000045
endloop
endfacet
facet normal 0.956940335732209 0.2902846772544619 0
outer loop
vertex 123.38429054271535 -72.45639719112022 -0.1999999999999952
vertex 123.30319985196942 -72.18907700887299 1.8500000000000045
vertex 123.38429054271515 -72.45639719112036 1.8500000000000045
endloop
endfacet
facet normal 0.9951847266721998 0.09801714032953157 0
outer loop
vertex 64.15008595196936 -50.65128320887302 -0.20000000000000248
vertex 64.12270497654397 -50.37327950000001 -0.20000000000000248
vertex 64.12270497654396 -50.37327950000001 1.8499999999999983
endloop
endfacet
facet normal 0.9951847266721998 0.09801714032953157 0
outer loop
vertex 64.15008595196936 -50.65128320887302 -0.20000000000000248
vertex 64.12270497654396 -50.37327950000001 1.8499999999999983
vertex 64.15008595196934 -50.651283208873 1.8499999999999983
endloop
endfacet
facet normal 0.9951847266721998 -0.09801714032953157 0
outer loop
vertex 64.12270497654397 -50.37327950000001 -0.20000000000000248
vertex 64.15008595196936 -50.095275791126966 -0.20000000000000248
vertex 64.15008595196929 -50.09527579112702 1.8499999999999983
endloop
endfacet
facet normal 0.9951847266721998 -0.09801714032953157 0
outer loop
vertex 64.12270497654397 -50.37327950000001 -0.20000000000000248
vertex 64.15008595196929 -50.09527579112702 1.8499999999999983
vertex 64.12270497654396 -50.37327950000001 1.8499999999999983
endloop
endfacet
facet normal 0.9569403357322045 -0.29028467725447693 0
outer loop
vertex 64.15008595196936 -50.095275791126966 -0.20000000000000248
vertex 64.23117664271535 -49.82795560887976 -0.20000000000000245
vertex 64.23117664271521 -49.827955608879705 1.8499999999999983
endloop
endfacet
facet normal 0.9569403357322045 -0.29028467725447693 0
outer loop
vertex 64.15008595196936 -50.095275791126966 -0.20000000000000248
vertex 64.23117664271521 -49.827955608879705 1.8499999999999983
vertex 64.15008595196929 -50.09527579112702 1.8499999999999983
endloop
endfacet
facet normal 0.8819212643483327 -0.4713967368260394 0
outer loop
vertex 64.23117664271535 -49.82795560887976 -0.20000000000000245
vertex 64.36286077901286 -49.581591917947016 -0.20000000000000245
vertex 64.3628607790125 -49.58159191794691 1.8499999999999974
endloop
endfacet
facet normal 0.8819212643483327 -0.4713967368260394 0
outer loop
vertex 64.23117664271535 -49.82795560887976 -0.20000000000000245
vertex 64.3628607790125 -49.58159191794691 1.8499999999999974
vertex 64.23117664271521 -49.827955608879705 1.8499999999999983
endloop
endfacet
facet normal 0.7730104533627572 -0.6343932841636208 0
outer loop
vertex 64.36286077901286 -49.581591917947016 -0.20000000000000245
vertex 64.54007781335304 -49.365652336809255 -0.20000000000000243
vertex 64.54007781335304 -49.36565233680911 1.8499999999999974
endloop
endfacet
facet normal 0.7730104533627572 -0.6343932841636208 0
outer loop
vertex 64.36286077901286 -49.581591917947016 -0.20000000000000245
vertex 64.54007781335304 -49.36565233680911 1.8499999999999974
vertex 64.3628607790125 -49.58159191794691 1.8499999999999974
endloop
endfacet
facet normal 0.6343932841636364 -0.7730104533627445 0
outer loop
vertex 64.54007781335304 -49.365652336809255 -0.20000000000000243
vertex 64.75601739449102 -49.18843530246888 -0.2000000000000024
vertex 64.75601739449118 -49.1884353024691 1.8499999999999983
endloop
endfacet
facet normal 0.6343932841636364 -0.7730104533627445 0
outer loop
vertex 64.54007781335304 -49.365652336809255 -0.20000000000000243
vertex 64.75601739449118 -49.1884353024691 1.8499999999999983
vertex 64.54007781335304 -49.36565233680911 1.8499999999999974
endloop
endfacet
facet normal 0.4713967368259944 -0.8819212643483568 0
outer loop
vertex 64.75601739449102 -49.18843530246888 -0.2000000000000024
vertex 65.00238108542372 -49.056751166171416 -0.20000000000000237
vertex 65.0023810854238 -49.05675116617162 1.8499999999999974
endloop
endfacet
facet normal 0.4713967368259944 -0.8819212643483568 0
outer loop
vertex 64.75601739449102 -49.18843530246888 -0.2000000000000024
vertex 65.0023810854238 -49.05675116617162 1.8499999999999974
vertex 64.75601739449118 -49.1884353024691 1.8499999999999983
endloop
endfacet
facet normal 0.29028467725447593 -0.9569403357322048 0
outer loop
vertex 65.00238108542372 -49.056751166171416 -0.20000000000000237
vertex 65.26970126767098 -48.9756604754254 -0.20000000000000234
vertex 65.26970126767101 -48.97566047542553 1.8499999999999974
endloop
endfacet
facet normal 0.29028467725447593 -0.9569403357322048 0
outer loop
vertex 65.00238108542372 -49.056751166171416 -0.20000000000000237
vertex 65.26970126767101 -48.97566047542553 1.8499999999999974
vertex 65.0023810854238 -49.05675116617162 1.8499999999999974
endloop
endfacet
facet normal 0.09801714032955285 -0.9951847266721976 0
outer loop
vertex 65.26970126767098 -48.9756604754254 -0.20000000000000234
vertex 65.54770497654401 -48.9482795 -0.2000000000000023
vertex 65.54770497654394 -48.9482795000001 1.8499999999999974
endloop
endfacet
facet normal 0.09801714032955285 -0.9951847266721976 0
outer loop
vertex 65.26970126767098 -48.9756604754254 -0.20000000000000234
vertex 65.54770497654394 -48.9482795000001 1.8499999999999974
vertex 65.26970126767101 -48.97566047542553 1.8499999999999974
endloop
endfacet
facet normal -0.09801714032954582 -0.9951847266721984 0
outer loop
vertex 65.54770497654401 -48.9482795 -0.2000000000000023
vertex 65.82570868541687 -48.9756604754254 -0.20000000000000226
vertex 65.82570868541694 -48.97566047542534 1.8499999999999976
endloop
endfacet
facet normal -0.09801714032954582 -0.9951847266721984 0
outer loop
vertex 65.54770497654401 -48.9482795 -0.2000000000000023
vertex 65.82570868541694 -48.97566047542534 1.8499999999999976
vertex 65.54770497654394 -48.9482795000001 1.8499999999999974
endloop
endfacet
facet normal -0.29028467725446194 -0.956940335732209 0
outer loop
vertex 65.82570868541687 -48.9756604754254 -0.20000000000000226
vertex 66.09302886766415 -49.056751166171416 -0.20000000000000223
vertex 66.09302886766419 -49.05675116617148 1.8499999999999985
endloop
endfacet
facet normal -0.29028467725446194 -0.956940335732209 0
outer loop
vertex 65.82570868541687 -48.9756604754254 -0.20000000000000226
vertex 66.09302886766419 -49.05675116617148 1.8499999999999985
vertex 65.82570868541694 -48.97566047542534 1.8499999999999976
endloop
endfacet
facet normal -0.4713967368259909 -0.8819212643483587 0
outer loop
vertex 66.09302886766415 -49.056751166171416 -0.20000000000000223
vertex 66.3393925585969 -49.18843530246888 -0.2000000000000022
vertex 66.3393925585966 -49.18843530246937 1.8499999999999976
endloop
endfacet
facet normal -0.4713967368259909 -0.8819212643483587 0
outer loop
vertex 66.09302886766415 -49.056751166171416 -0.20000000000000223
vertex 66.3393925585966 -49.18843530246937 1.8499999999999976
vertex 66.09302886766419 -49.05675116617148 1.8499999999999985
endloop
endfacet
facet normal -0.6343932841636364 -0.7730104533627444 0
outer loop
vertex 66.3393925585969 -49.18843530246888 -0.2000000000000022
vertex 66.55533213973476 -49.365652336809255 -0.20000000000000218
vertex 66.55533213973496 -49.36565233680894 1.8499999999999985
endloop
endfacet
facet normal -0.6343932841636364 -0.7730104533627444 0
outer loop
vertex 66.3393925585969 -49.18843530246888 -0.2000000000000022
vertex 66.55533213973496 -49.36565233680894 1.8499999999999985
vertex 66.3393925585966 -49.18843530246937 1.8499999999999976
endloop
endfacet
facet normal -0.7730104533627574 -0.6343932841636207 0
outer loop
vertex 66.55533213973476 -49.365652336809255 -0.20000000000000218
vertex 66.73254917407507 -49.581591917947016 -0.20000000000000215
vertex 66.73254917407495 -49.58159191794717 1.8499999999999976
endloop
endfacet
facet normal -0.7730104533627574 -0.6343932841636207 0
outer loop
vertex 66.55533213973476 -49.365652336809255 -0.20000000000000218
vertex 66.73254917407495 -49.58159191794717 1.8499999999999976
vertex 66.55533213973496 -49.36565233680894 1.8499999999999985
endloop
endfacet
facet normal -0.8819212643483343 -0.4713967368260364 0
outer loop
vertex 66.73254917407507 -49.581591917947016 -0.20000000000000215
vertex 66.86423331037255 -49.82795560887976 -0.20000000000000215
vertex 66.86423331037244 -49.827955608879805 1.8499999999999985
endloop
endfacet
facet normal -0.8819212643483343 -0.4713967368260364 0
outer loop
vertex 66.73254917407507 -49.581591917947016 -0.20000000000000215
vertex 66.86423331037244 -49.827955608879805 1.8499999999999985
vertex 66.73254917407495 -49.58159191794717 1.8499999999999976
endloop
endfacet
facet normal -0.9569403357322047 -0.29028467725447643 0
outer loop
vertex 66.86423331037255 -49.82795560887976 -0.20000000000000215
vertex 66.94532400111855 -50.095275791126966 -0.20000000000000212
vertex 66.94532400111856 -50.09527579112703 1.8499999999999985
endloop
endfacet
facet normal -0.9569403357322047 -0.29028467725447643 0
outer loop
vertex 66.86423331037255 -49.82795560887976 -0.20000000000000215
vertex 66.94532400111856 -50.09527579112703 1.8499999999999985
vertex 66.86423331037244 -49.827955608879805 1.8499999999999985
endloop
endfacet
facet normal -0.9951847266721998 -0.09801714032953157 0
outer loop
vertex 66.94532400111855 -50.095275791126966 -0.20000000000000212
vertex 66.97270497654395 -50.37327950000001 -0.20000000000000212
vertex 66.972704976544 -50.37327950000001 1.8499999999999985
endloop
endfacet
facet normal -0.9951847266721998 -0.09801714032953157 0
outer loop
vertex 66.94532400111855 -50.095275791126966 -0.20000000000000212
vertex 66.972704976544 -50.37327950000001 1.8499999999999985
vertex 66.94532400111856 -50.09527579112703 1.8499999999999985
endloop
endfacet
facet normal -0.9951847266721998 0.09801714032953157 0
outer loop
vertex 66.97270497654395 -50.37327950000001 -0.20000000000000212
vertex 66.94532400111856 -50.65128320887302 -0.20000000000000212
vertex 66.94532400111851 -50.65128320887299 1.8499999999999985
endloop
endfacet
facet normal -0.9951847266721998 0.09801714032953157 0
outer loop
vertex 66.97270497654395 -50.37327950000001 -0.20000000000000212
vertex 66.94532400111851 -50.65128320887299 1.8499999999999985
vertex 66.972704976544 -50.37327950000001 1.8499999999999985
endloop
endfacet
facet normal -0.9569403357322092 0.29028467725446194 0
outer loop
vertex 66.94532400111856 -50.65128320887302 -0.20000000000000212
vertex 66.86423331037257 -50.91860339112029 -0.20000000000000215
vertex 66.8642333103722 -50.91860339112017 1.8499999999999985
endloop
endfacet
facet normal -0.9569403357322092 0.29028467725446194 0
outer loop
vertex 66.94532400111856 -50.65128320887302 -0.20000000000000212
vertex 66.8642333103722 -50.91860339112017 1.8499999999999985
vertex 66.94532400111851 -50.65128320887299 1.8499999999999985
endloop
endfacet
facet normal -0.8819212643483403 0.4713967368260254 0
outer loop
vertex 66.86423331037257 -50.91860339112029 -0.20000000000000215
vertex 66.73254917407505 -51.16496708205292 -0.20000000000000215
vertex 66.73254917407498 -51.16496708205289 1.8499999999999976
endloop
endfacet
facet normal -0.8819212643483403 0.4713967368260254 0
outer loop
vertex 66.86423331037257 -50.91860339112029 -0.20000000000000215
vertex 66.73254917407498 -51.16496708205289 1.8499999999999976
vertex 66.8642333103722 -50.91860339112017 1.8499999999999985
endloop
endfacet
facet normal -0.7730104533627543 0.6343932841636244 0
outer loop
vertex 66.73254917407505 -51.16496708205292 -0.20000000000000215
vertex 66.5553321397348 -51.38090666319084 -0.20000000000000218
vertex 66.5553321397345 -51.38090666319061 1.8499999999999976
endloop
endfacet
facet normal -0.7730104533627543 0.6343932841636244 0
outer loop
vertex 66.73254917407505 -51.16496708205292 -0.20000000000000215
vertex 66.5553321397345 -51.38090666319061 1.8499999999999976
vertex 66.73254917407498 -51.16496708205289 1.8499999999999976
endloop
endfacet
facet normal -0.6343932841636208 0.7730104533627572 0
outer loop
vertex 66.5553321397348 -51.38090666319084 -0.20000000000000218
vertex 66.33939255859686 -51.55812369753112 -0.2000000000000022
vertex 66.33939255859707 -51.55812369753136 1.8499999999999985
endloop
endfacet
facet normal -0.6343932841636208 0.7730104533627572 0
outer loop
vertex 66.5553321397348 -51.38090666319084 -0.20000000000000218
vertex 66.33939255859707 -51.55812369753136 1.8499999999999985
vertex 66.5553321397345 -51.38090666319061 1.8499999999999976
endloop
endfacet
facet normal -0.4713967368259944 0.8819212643483568 0
outer loop
vertex 66.33939255859686 -51.55812369753112 -0.2000000000000022
vertex 66.0930288676642 -51.68980783382859 -0.20000000000000223
vertex 66.09302886766402 -51.68980783382826 1.8499999999999985
endloop
endfacet
facet normal -0.4713967368259944 0.8819212643483568 0
outer loop
vertex 66.33939255859686 -51.55812369753112 -0.2000000000000022
vertex 66.09302886766402 -51.68980783382826 1.8499999999999985
vertex 66.33939255859707 -51.55812369753136 1.8499999999999985
endloop
endfacet
facet normal -0.29028467725446194 0.9569403357322092 0
outer loop
vertex 66.0930288676642 -51.68980783382859 -0.20000000000000223
vertex 65.82570868541693 -51.77089852457461 -0.20000000000000226
vertex 65.82570868541696 -51.77089852457469 1.8499999999999985
endloop
endfacet
facet normal -0.29028467725446194 0.9569403357322092 0
outer loop
vertex 66.0930288676642 -51.68980783382859 -0.20000000000000223
vertex 65.82570868541696 -51.77089852457469 1.8499999999999985
vertex 66.09302886766402 -51.68980783382826 1.8499999999999985
endloop
endfacet
facet normal -0.09801714032955285 0.9951847266721976 0
outer loop
vertex 65.82570868541693 -51.77089852457461 -0.20000000000000226
vertex 65.54770497654395 -51.7982795 -0.2000000000000023
vertex 65.54770497654394 -51.79827949999997 1.8499999999999974
endloop
endfacet
facet normal -0.09801714032955285 0.9951847266721976 0
outer loop
vertex 65.82570868541693 -51.77089852457461 -0.20000000000000226
vertex 65.54770497654394 -51.79827949999997 1.8499999999999974
vertex 65.82570868541696 -51.77089852457469 1.8499999999999985
endloop
endfacet
facet normal 0.09801714032954578 0.9951847266721985 0
outer loop
vertex 65.54770497654395 -51.7982795 -0.2000000000000023
vertex 65.269701267671 -51.77089852457461 -0.20000000000000234
vertex 65.26970126767097 -51.77089852457454 1.8499999999999974
endloop
endfacet
facet normal 0.09801714032954578 0.9951847266721985 0
outer loop
vertex 65.54770497654395 -51.7982795 -0.2000000000000023
vertex 65.26970126767097 -51.77089852457454 1.8499999999999974
vertex 65.54770497654394 -51.79827949999997 1.8499999999999974
endloop
endfacet
facet normal 0.2902846772544549 0.956940335732211 0
outer loop
vertex 65.269701267671 -51.77089852457461 -0.20000000000000234
vertex 65.00238108542372 -51.68980783382859 -0.20000000000000237
vertex 65.00238108542375 -51.689807833828425 1.8499999999999983
endloop
endfacet
facet normal 0.2902846772544549 0.956940335732211 0
outer loop
vertex 65.269701267671 -51.77089852457461 -0.20000000000000234
vertex 65.00238108542375 -51.689807833828425 1.8499999999999983
vertex 65.26970126767097 -51.77089852457454 1.8499999999999974
endloop
endfacet
facet normal 0.4713967368259909 0.8819212643483587 0
outer loop
vertex 65.00238108542372 -51.68980783382859 -0.20000000000000237
vertex 64.75601739449102 -51.55812369753112 -0.2000000000000024
vertex 64.75601739449075 -51.55812369753163 1.8499999999999974
endloop
endfacet
facet normal 0.4713967368259909 0.8819212643483587 0
outer loop
vertex 65.00238108542372 -51.68980783382859 -0.20000000000000237
vertex 64.75601739449075 -51.55812369753163 1.8499999999999974
vertex 65.00238108542375 -51.689807833828425 1.8499999999999983
endloop
endfacet
facet normal 0.6343932841636364 0.7730104533627445 0
outer loop
vertex 64.75601739449102 -51.55812369753112 -0.2000000000000024
vertex 64.54007781335314 -51.38090666319084 -0.20000000000000243
vertex 64.54007781335329 -51.38090666319061 1.8499999999999983
endloop
endfacet
facet normal 0.6343932841636364 0.7730104533627445 0
outer loop
vertex 64.75601739449102 -51.55812369753112 -0.2000000000000024
vertex 64.54007781335329 -51.38090666319061 1.8499999999999983
vertex 64.75601739449075 -51.55812369753163 1.8499999999999974
endloop
endfacet
facet normal 0.7730104533627565 0.6343932841636218 0
outer loop
vertex 64.54007781335314 -51.38090666319084 -0.20000000000000243
vertex 64.36286077901282 -51.16496708205292 -0.20000000000000245
vertex 64.36286077901269 -51.16496708205306 1.8499999999999974
endloop
endfacet
facet normal 0.7730104533627565 0.6343932841636218 0
outer loop
vertex 64.54007781335314 -51.38090666319084 -0.20000000000000243
vertex 64.36286077901269 -51.16496708205306 1.8499999999999974
vertex 64.54007781335329 -51.38090666319061 1.8499999999999983
endloop
endfacet
facet normal 0.881921264348334 0.47139673682603717 0
outer loop
vertex 64.36286077901282 -51.16496708205292 -0.20000000000000245
vertex 64.23117664271538 -50.91860339112029 -0.20000000000000245
vertex 64.23117664271527 -50.918603391120314 1.8499999999999983
endloop
endfacet
facet normal 0.881921264348334 0.47139673682603717 0
outer loop
vertex 64.36286077901282 -51.16496708205292 -0.20000000000000245
vertex 64.23117664271527 -50.918603391120314 1.8499999999999983
vertex 64.36286077901269 -51.16496708205306 1.8499999999999974
endloop
endfacet
facet normal 0.9569403357322047 0.29028467725447643 0
outer loop
vertex 64.23117664271538 -50.91860339112029 -0.20000000000000245
vertex 64.15008595196936 -50.65128320887302 -0.20000000000000248
vertex 64.15008595196934 -50.651283208873 1.8499999999999983
endloop
endfacet
facet normal 0.9569403357322047 0.29028467725447643 0
outer loop
vertex 64.23117664271538 -50.91860339112029 -0.20000000000000245
vertex 64.15008595196934 -50.651283208873 1.8499999999999983
vertex 64.23117664271527 -50.918603391120314 1.8499999999999983
endloop
endfacet
facet normal 0.9951847266721984 0.09801714032954582 0
outer loop
vertex 118.90327605196934 -88.60981600887298 -0.19999999999999576
vertex 118.87589507654396 -88.3318123 -0.19999999999999576
vertex 118.87589507654394 -88.33181230000002 1.850000000000004
endloop
endfacet
facet normal 0.9951847266721984 0.09801714032954582 0
outer loop
vertex 118.90327605196934 -88.60981600887298 -0.19999999999999576
vertex 118.87589507654394 -88.33181230000002 1.850000000000004
vertex 118.90327605196933 -88.609816008873 1.850000000000004
endloop
endfacet
facet normal 0.9951847266721969 -0.09801714032956006 0
outer loop
vertex 118.87589507654396 -88.3318123 -0.19999999999999576
vertex 118.90327605196936 -88.053808591127 -0.19999999999999576
vertex 118.90327605196926 -88.05380859112701 1.850000000000004
endloop
endfacet
facet normal 0.9951847266721969 -0.09801714032956006 0
outer loop
vertex 118.87589507654396 -88.3318123 -0.19999999999999576
vertex 118.90327605196926 -88.05380859112701 1.850000000000004
vertex 118.87589507654394 -88.33181230000002 1.850000000000004
endloop
endfacet
facet normal 0.9569403357322133 -0.2902846772544479 0
outer loop
vertex 118.90327605196936 -88.053808591127 -0.19999999999999576
vertex 118.98436674271537 -87.78648840887976 -0.19999999999999576
vertex 118.9843667427153 -87.78648840887973 1.850000000000004
endloop
endfacet
facet normal 0.9569403357322133 -0.2902846772544479 0
outer loop
vertex 118.90327605196936 -88.053808591127 -0.19999999999999576
vertex 118.9843667427153 -87.78648840887973 1.850000000000004
vertex 118.90327605196926 -88.05380859112701 1.850000000000004
endloop
endfacet
facet normal 0.8819212643483584 -0.4713967368259914 0
outer loop
vertex 118.98436674271537 -87.78648840887976 -0.19999999999999576
vertex 119.11605087901287 -87.54012471794698 -0.19999999999999574
vertex 119.11605087901262 -87.54012471794695 1.850000000000004
endloop
endfacet
facet normal 0.8819212643483584 -0.4713967368259914 0
outer loop
vertex 118.98436674271537 -87.78648840887976 -0.19999999999999576
vertex 119.11605087901262 -87.54012471794695 1.850000000000004
vertex 118.9843667427153 -87.78648840887973 1.850000000000004
endloop
endfacet
facet normal 0.7730104533627319 -0.6343932841636518 0
outer loop
vertex 119.11605087901287 -87.54012471794698 -0.19999999999999574
vertex 119.29326791335308 -87.32418513680918 -0.1999999999999957
vertex 119.2932679133535 -87.32418513680949 1.850000000000005
endloop
endfacet
facet normal 0.7730104533627319 -0.6343932841636518 0
outer loop
vertex 119.11605087901287 -87.54012471794698 -0.19999999999999574
vertex 119.2932679133535 -87.32418513680949 1.850000000000005
vertex 119.11605087901262 -87.54012471794695 1.850000000000004
endloop
endfacet
facet normal 0.6343932841636054 -0.7730104533627699 0
outer loop
vertex 119.29326791335308 -87.32418513680918 -0.1999999999999957
vertex 119.50920749449102 -87.14696810246888 -0.19999999999999568
vertex 119.50920749449052 -87.14696810246826 1.850000000000004
endloop
endfacet
facet normal 0.6343932841636054 -0.7730104533627699 0
outer loop
vertex 119.29326791335308 -87.32418513680918 -0.1999999999999957
vertex 119.50920749449052 -87.14696810246826 1.850000000000004
vertex 119.2932679133535 -87.32418513680949 1.850000000000005
endloop
endfacet
facet normal 0.4713967368260365 -0.8819212643483344 0
outer loop
vertex 119.50920749449102 -87.14696810246888 -0.19999999999999568
vertex 119.7555711854237 -87.0152839661714 -0.19999999999999565
vertex 119.75557118542395 -87.01528396617192 1.850000000000005
endloop
endfacet
facet normal 0.4713967368260365 -0.8819212643483344 0
outer loop
vertex 119.50920749449102 -87.14696810246888 -0.19999999999999568
vertex 119.75557118542395 -87.01528396617192 1.850000000000005
vertex 119.50920749449052 -87.14696810246826 1.850000000000004
endloop
endfacet
facet normal 0.29028467725447593 -0.9569403357322048 0
outer loop
vertex 119.7555711854237 -87.0152839661714 -0.19999999999999565
vertex 120.02289136767098 -86.93419327542539 -0.19999999999999563
vertex 120.02289136767098 -86.93419327542546 1.850000000000005
endloop
endfacet
facet normal 0.29028467725447593 -0.9569403357322048 0
outer loop
vertex 119.7555711854237 -87.0152839661714 -0.19999999999999565
vertex 120.02289136767098 -86.93419327542546 1.850000000000005
vertex 119.75557118542395 -87.01528396617192 1.850000000000005
endloop
endfacet
facet normal 0.09801714032954582 -0.9951847266721984 0
outer loop
vertex 120.02289136767098 -86.93419327542539 -0.19999999999999563
vertex 120.30089507654395 -86.9068123 -0.1999999999999956
vertex 120.30089507654395 -86.90681230000014 1.8500000000000052
endloop
endfacet
facet normal 0.09801714032954582 -0.9951847266721984 0
outer loop
vertex 120.02289136767098 -86.93419327542539 -0.19999999999999563
vertex 120.30089507654395 -86.90681230000014 1.8500000000000052
vertex 120.02289136767098 -86.93419327542546 1.850000000000005
endloop
endfacet
facet normal -0.09801714032953164 -0.9951847266721997 0
outer loop
vertex 120.30089507654395 -86.9068123 -0.1999999999999956
vertex 120.57889878541695 -86.93419327542539 -0.19999999999999557
vertex 120.57889878541692 -86.93419327542533 1.8500000000000052
endloop
endfacet
facet normal -0.09801714032953164 -0.9951847266721997 0
outer loop
vertex 120.30089507654395 -86.9068123 -0.1999999999999956
vertex 120.57889878541692 -86.93419327542533 1.8500000000000052
vertex 120.30089507654395 -86.90681230000014 1.8500000000000052
endloop
endfacet
facet normal -0.29028467725447643 -0.9569403357322047 0
outer loop
vertex 120.57889878541695 -86.93419327542539 -0.19999999999999557
vertex 120.84621896766419 -87.0152839661714 -0.19999999999999551
vertex 120.84621896766424 -87.01528396617127 1.8500000000000043
endloop
endfacet
facet normal -0.29028467725447643 -0.9569403357322047 0
outer loop
vertex 120.57889878541695 -86.93419327542539 -0.19999999999999557
vertex 120.84621896766424 -87.01528396617127 1.8500000000000043
vertex 120.57889878541692 -86.93419327542533 1.8500000000000052
endloop
endfacet
facet normal -0.47139673682603717 -0.881921264348334 0
outer loop
vertex 120.84621896766419 -87.0152839661714 -0.19999999999999551
vertex 121.09258265859688 -87.14696810246888 -0.1999999999999955
vertex 121.09258265859688 -87.14696810246888 1.8500000000000052
endloop
endfacet
facet normal -0.47139673682603717 -0.881921264348334 0
outer loop
vertex 120.84621896766419 -87.0152839661714 -0.19999999999999551
vertex 121.09258265859688 -87.14696810246888 1.8500000000000052
vertex 120.84621896766424 -87.01528396617127 1.8500000000000043
endloop
endfacet
facet normal -0.6343932841636057 -0.7730104533627697 0
outer loop
vertex 121.09258265859688 -87.14696810246888 -0.1999999999999955
vertex 121.30852223973481 -87.32418513680918 -0.19999999999999546
vertex 121.30852223973491 -87.32418513680902 1.8500000000000043
endloop
endfacet
facet normal -0.6343932841636057 -0.7730104533627697 0
outer loop
vertex 121.09258265859688 -87.14696810246888 -0.1999999999999955
vertex 121.30852223973491 -87.32418513680902 1.8500000000000043
vertex 121.09258265859688 -87.14696810246888 1.8500000000000052
endloop
endfacet
facet normal -0.7730104533627445 -0.6343932841636364 0
outer loop
vertex 121.30852223973481 -87.32418513680918 -0.19999999999999546
vertex 121.48573927407503 -87.54012471794698 -0.19999999999999546
vertex 121.48573927407526 -87.54012471794692 1.8500000000000052
endloop
endfacet
facet normal -0.7730104533627445 -0.6343932841636364 0
outer loop
vertex 121.30852223973481 -87.32418513680918 -0.19999999999999546
vertex 121.48573927407526 -87.54012471794692 1.8500000000000052
vertex 121.30852223973491 -87.32418513680902 1.8500000000000043
endloop
endfacet
facet normal -0.8819212643483567 -0.47139673682599437 0
outer loop
vertex 121.48573927407503 -87.54012471794698 -0.19999999999999546
vertex 121.61742341037254 -87.78648840887976 -0.19999999999999543
vertex 121.61742341037227 -87.7864884088799 1.8500000000000043
endloop
endfacet
facet normal -0.8819212643483567 -0.47139673682599437 0
outer loop
vertex 121.48573927407503 -87.54012471794698 -0.19999999999999546
vertex 121.61742341037227 -87.7864884088799 1.8500000000000043
vertex 121.48573927407526 -87.54012471794692 1.8500000000000052
endloop
endfacet
facet normal -0.956940335732209 -0.2902846772544619 0
outer loop
vertex 121.61742341037254 -87.78648840887976 -0.19999999999999543
vertex 121.69851410111855 -88.053808591127 -0.19999999999999543
vertex 121.69851410111852 -88.05380859112702 1.8500000000000052
endloop
endfacet
facet normal -0.956940335732209 -0.2902846772544619 0
outer loop
vertex 121.61742341037254 -87.78648840887976 -0.19999999999999543
vertex 121.69851410111852 -88.05380859112702 1.8500000000000052
vertex 121.61742341037227 -87.7864884088799 1.8500000000000043
endloop
endfacet
facet normal -0.9951847266721984 -0.09801714032954582 0
outer loop
vertex 121.69851410111855 -88.053808591127 -0.19999999999999543
vertex 121.72589507654395 -88.3318123 -0.19999999999999543
vertex 121.7258950765441 -88.3318123 1.8500000000000043
endloop
endfacet
facet normal -0.9951847266721984 -0.09801714032954582 0
outer loop
vertex 121.69851410111855 -88.053808591127 -0.19999999999999543
vertex 121.7258950765441 -88.3318123 1.8500000000000043
vertex 121.69851410111852 -88.05380859112702 1.8500000000000052
endloop
endfacet
facet normal -0.9951847266721984 0.09801714032954582 0
outer loop
vertex 121.72589507654395 -88.3318123 -0.19999999999999543
vertex 121.69851410111855 -88.60981600887298 -0.19999999999999543
vertex 121.69851410111846 -88.60981600887297 1.8500000000000043
endloop
endfacet
facet normal -0.9951847266721984 0.09801714032954582 0
outer loop
vertex 121.72589507654395 -88.3318123 -0.19999999999999543
vertex 121.69851410111846 -88.60981600887297 1.8500000000000043
vertex 121.7258950765441 -88.3318123 1.8500000000000043
endloop
endfacet
facet normal -0.9569403357322048 0.29028467725447593 0
outer loop
vertex 121.69851410111855 -88.60981600887298 -0.19999999999999543
vertex 121.61742341037254 -88.87713619112024 -0.19999999999999543
vertex 121.61742341037245 -88.87713619112023 1.8500000000000043
endloop
endfacet
facet normal -0.9569403357322048 0.29028467725447593 0
outer loop
vertex 121.69851410111855 -88.60981600887298 -0.19999999999999543
vertex 121.61742341037245 -88.87713619112023 1.8500000000000043
vertex 121.69851410111846 -88.60981600887297 1.8500000000000043
endloop
endfacet
facet normal -0.8819212643483553 0.47139673682599736 0
outer loop
vertex 121.61742341037254 -88.87713619112024 -0.19999999999999543
vertex 121.48573927407509 -89.12349988205291 -0.19999999999999546
vertex 121.48573927407534 -89.12349988205307 1.8500000000000052
endloop
endfacet
facet normal -0.8819212643483553 0.47139673682599736 0
outer loop
vertex 121.61742341037254 -88.87713619112024 -0.19999999999999543
vertex 121.48573927407534 -89.12349988205307 1.8500000000000052
vertex 121.61742341037245 -88.87713619112023 1.8500000000000043
endloop
endfacet
facet normal -0.7730104533627319 0.6343932841636518 0
outer loop
vertex 121.48573927407509 -89.12349988205291 -0.19999999999999546
vertex 121.30852223973477 -89.33943946319083 -0.19999999999999546
vertex 121.30852223973429 -89.33943946319042 1.8500000000000052
endloop
endfacet
facet normal -0.7730104533627319 0.6343932841636518 0
outer loop
vertex 121.48573927407509 -89.12349988205291 -0.19999999999999546
vertex 121.30852223973429 -89.33943946319042 1.8500000000000052
vertex 121.48573927407534 -89.12349988205307 1.8500000000000052
endloop
endfacet
facet normal -0.6343932841636124 0.7730104533627642 0
outer loop
vertex 121.30852223973477 -89.33943946319083 -0.19999999999999546
vertex 121.09258265859683 -89.51665649753116 -0.1999999999999955
vertex 121.09258265859654 -89.51665649753072 1.8500000000000052
endloop
endfacet
facet normal -0.6343932841636124 0.7730104533627642 0
outer loop
vertex 121.30852223973477 -89.33943946319083 -0.19999999999999546
vertex 121.09258265859654 -89.51665649753072 1.8500000000000052
vertex 121.30852223973429 -89.33943946319042 1.8500000000000052
endloop
endfacet
facet normal -0.47139673682602534 0.8819212643483402 0
outer loop
vertex 121.09258265859683 -89.51665649753116 -0.1999999999999955
vertex 120.84621896766424 -89.64834063382858 -0.19999999999999551
vertex 120.84621896766421 -89.64834063382861 1.8500000000000043
endloop
endfacet
facet normal -0.47139673682602534 0.8819212643483402 0
outer loop
vertex 121.09258265859683 -89.51665649753116 -0.1999999999999955
vertex 120.84621896766421 -89.64834063382861 1.8500000000000043
vertex 121.09258265859654 -89.51665649753072 1.8500000000000052
endloop
endfacet
facet normal -0.29028467725447593 0.9569403357322048 0
outer loop
vertex 120.84621896766424 -89.64834063382858 -0.19999999999999551
vertex 120.57889878541684 -89.7294313245746 -0.19999999999999557
vertex 120.57889878541708 -89.72943132457513 1.8500000000000043
endloop
endfacet
facet normal -0.29028467725447593 0.9569403357322048 0
outer loop
vertex 120.84621896766424 -89.64834063382858 -0.19999999999999551
vertex 120.57889878541708 -89.72943132457513 1.8500000000000043
vertex 120.84621896766421 -89.64834063382861 1.8500000000000043
endloop
endfacet
facet normal -0.09801714032953157 0.9951847266721998 0
outer loop
vertex 120.57889878541684 -89.7294313245746 -0.19999999999999557
vertex 120.30089507654407 -89.75681229999999 -0.1999999999999956
vertex 120.30089507654395 -89.75681230000012 1.8500000000000052
endloop
endfacet
facet normal -0.09801714032953157 0.9951847266721998 0
outer loop
vertex 120.57889878541684 -89.7294313245746 -0.19999999999999557
vertex 120.30089507654395 -89.75681230000012 1.8500000000000052
vertex 120.57889878541708 -89.72943132457513 1.8500000000000043
endloop
endfacet
facet normal 0.09801714032953157 0.9951847266721998 0
outer loop
vertex 120.30089507654407 -89.75681229999999 -0.1999999999999956
vertex 120.02289136767098 -89.7294313245746 -0.19999999999999563
vertex 120.022891367671 -89.7294313245744 1.850000000000005
endloop
endfacet
facet normal 0.09801714032953157 0.9951847266721998 0
outer loop
vertex 120.30089507654407 -89.75681229999999 -0.1999999999999956
vertex 120.022891367671 -89.7294313245744 1.850000000000005
vertex 120.30089507654395 -89.75681230000012 1.8500000000000052
endloop
endfacet
facet normal 0.29028467725447643 0.9569403357322047 0
outer loop
vertex 120.02289136767098 -89.7294313245746 -0.19999999999999563
vertex 119.75557118542369 -89.64834063382858 -0.19999999999999565
vertex 119.7555711854237 -89.64834063382854 1.850000000000004
endloop
endfacet
facet normal 0.29028467725447643 0.9569403357322047 0
outer loop
vertex 120.02289136767098 -89.7294313245746 -0.19999999999999563
vertex 119.7555711854237 -89.64834063382854 1.850000000000004
vertex 120.022891367671 -89.7294313245744 1.850000000000005
endloop
endfacet
facet normal 0.47139673682603717 0.881921264348334 0
outer loop
vertex 119.75557118542369 -89.64834063382858 -0.19999999999999565
vertex 119.50920749449102 -89.51665649753116 -0.19999999999999568
vertex 119.509207494491 -89.51665649753116 1.850000000000005
endloop
endfacet
facet normal 0.47139673682603717 0.881921264348334 0
outer loop
vertex 119.75557118542369 -89.64834063382858 -0.19999999999999565
vertex 119.509207494491 -89.51665649753116 1.850000000000005
vertex 119.7555711854237 -89.64834063382854 1.850000000000004
endloop
endfacet
facet normal 0.6343932841636208 0.7730104533627573 0
outer loop
vertex 119.50920749449102 -89.51665649753116 -0.19999999999999568
vertex 119.29326791335312 -89.33943946319083 -0.1999999999999957
vertex 119.29326791335308 -89.33943946319089 1.850000000000004
endloop
endfacet
facet normal 0.6343932841636208 0.7730104533627573 0
outer loop
vertex 119.50920749449102 -89.51665649753116 -0.19999999999999568
vertex 119.29326791335308 -89.33943946319089 1.850000000000004
vertex 119.509207494491 -89.51665649753116 1.850000000000005
endloop
endfacet
facet normal 0.7730104533627445 0.6343932841636364 0
outer loop
vertex 119.29326791335312 -89.33943946319083 -0.1999999999999957
vertex 119.11605087901285 -89.12349988205291 -0.19999999999999574
vertex 119.11605087901296 -89.12349988205281 1.850000000000005
endloop
endfacet
facet normal 0.7730104533627445 0.6343932841636364 0
outer loop
vertex 119.29326791335312 -89.33943946319083 -0.1999999999999957
vertex 119.11605087901296 -89.12349988205281 1.850000000000005
vertex 119.29326791335308 -89.33943946319089 1.850000000000004
endloop
endfacet
facet normal 0.8819212643483568 0.4713967368259944 0
outer loop
vertex 119.11605087901285 -89.12349988205291 -0.19999999999999574
vertex 118.98436674271534 -88.87713619112024 -0.19999999999999576
vertex 118.98436674271508 -88.8771361911204 1.850000000000004
endloop
endfacet
facet normal 0.8819212643483568 0.4713967368259944 0
outer loop
vertex 119.11605087901285 -89.12349988205291 -0.19999999999999574
vertex 118.98436674271508 -88.8771361911204 1.850000000000004
vertex 119.11605087901296 -89.12349988205281 1.850000000000005
endloop
endfacet
facet normal 0.956940335732209 0.2902846772544619 0
outer loop
vertex 118.98436674271534 -88.87713619112024 -0.19999999999999576
vertex 118.90327605196934 -88.60981600887298 -0.19999999999999576
vertex 118.90327605196933 -88.609816008873 1.850000000000004
endloop
endfacet
facet normal 0.956940335732209 0.2902846772544619 0
outer loop
vertex 118.98436674271534 -88.87713619112024 -0.19999999999999576
vertex 118.90327605196933 -88.609816008873 1.850000000000004
vertex 118.98436674271508 -88.8771361911204 1.850000000000004
endloop
endfacet
facet normal 0.9951847266721984 0.09801714032954582 0
outer loop
vertex 64.15008595196933 -67.6512832088729 -0.20000000000000248
vertex 64.12270497654394 -67.37327949999991 -0.20000000000000248
vertex 64.12270497654413 -67.37327949999998 1.8499999999999983
endloop
endfacet
facet normal 0.9951847266721984 0.09801714032954582 0
outer loop
vertex 64.15008595196933 -67.6512832088729 -0.20000000000000248
vertex 64.12270497654413 -67.37327949999998 1.8499999999999983
vertex 64.15008595196952 -67.65128320887297 1.8499999999999983
endloop
endfacet
facet normal 0.9951847266721998 -0.09801714032953157 0
outer loop
vertex 64.12270497654394 -67.37327949999991 -0.20000000000000248
vertex 64.15008595196932 -67.09527579112714 -0.20000000000000248
vertex 64.15008595196896 -67.09527579112698 1.8499999999999983
endloop
endfacet
facet normal 0.9951847266721998 -0.09801714032953157 0
outer loop
vertex 64.12270497654394 -67.37327949999991 -0.20000000000000248
vertex 64.15008595196896 -67.09527579112698 1.8499999999999983
vertex 64.12270497654413 -67.37327949999998 1.8499999999999983
endloop
endfacet
facet normal 0.9569403357322002 -0.2902846772544909 0
outer loop
vertex 64.15008595196932 -67.09527579112714 -0.20000000000000248
vertex 64.23117664271538 -66.82795560887972 -0.20000000000000245
vertex 64.23117664271477 -66.82795560887955 1.8499999999999974
endloop
endfacet
facet normal 0.9569403357322002 -0.2902846772544909 0
outer loop
vertex 64.15008595196932 -67.09527579112714 -0.20000000000000248
vertex 64.23117664271477 -66.82795560887955 1.8499999999999974
vertex 64.15008595196896 -67.09527579112698 1.8499999999999983
endloop
endfacet
facet normal 0.8819212643483343 -0.47139673682603644 0
outer loop
vertex 64.23117664271538 -66.82795560887972 -0.20000000000000245
vertex 64.36286077901285 -66.58159191794705 -0.20000000000000245
vertex 64.36286077901252 -66.58159191794694 1.8499999999999983
endloop
endfacet
facet normal 0.8819212643483343 -0.47139673682603644 0
outer loop
vertex 64.23117664271538 -66.82795560887972 -0.20000000000000245
vertex 64.36286077901252 -66.58159191794694 1.8499999999999983
vertex 64.23117664271477 -66.82795560887955 1.8499999999999974
endloop
endfacet
facet normal 0.7730104533627572 -0.6343932841636208 0
outer loop
vertex 64.36286077901285 -66.58159191794705 -0.20000000000000245
vertex 64.54007781335312 -66.36565233680916 -0.20000000000000243
vertex 64.540077813353 -66.36565233680905 1.8499999999999974
endloop
endfacet
facet normal 0.7730104533627572 -0.6343932841636208 0
outer loop
vertex 64.36286077901285 -66.58159191794705 -0.20000000000000245
vertex 64.540077813353 -66.36565233680905 1.8499999999999974
vertex 64.36286077901252 -66.58159191794694 1.8499999999999983
endloop
endfacet
facet normal 0.6343932841636208 -0.7730104533627572 0
outer loop
vertex 64.54007781335312 -66.36565233680916 -0.20000000000000243
vertex 64.75601739449102 -66.18843530246887 -0.2000000000000024
vertex 64.75601739449147 -66.18843530246946 1.8499999999999983
endloop
endfacet
facet normal 0.6343932841636208 -0.7730104533627572 0
outer loop
vertex 64.54007781335312 -66.36565233680916 -0.20000000000000243
vertex 64.75601739449147 -66.18843530246946 1.8499999999999983
vertex 64.540077813353 -66.36565233680905 1.8499999999999974
endloop
endfacet
facet normal 0.4713967368260224 -0.8819212643483418 0
outer loop
vertex 64.75601739449102 -66.18843530246887 -0.2000000000000024
vertex 65.0023810854237 -66.05675116617141 -0.20000000000000237
vertex 65.00238108542375 -66.05675116617144 1.8499999999999983
endloop
endfacet
facet normal 0.4713967368260224 -0.8819212643483418 0
outer loop
vertex 64.75601739449102 -66.18843530246887 -0.2000000000000024
vertex 65.00238108542375 -66.05675116617144 1.8499999999999983
vertex 64.75601739449147 -66.18843530246946 1.8499999999999983
endloop
endfacet
facet normal 0.29028467725447593 -0.9569403357322048 0
outer loop
vertex 65.0023810854237 -66.05675116617141 -0.20000000000000237
vertex 65.26970126767088 -65.97566047542541 -0.20000000000000234
vertex 65.26970126767064 -65.97566047542442 1.8499999999999983
endloop
endfacet
facet normal 0.29028467725447593 -0.9569403357322048 0
outer loop
vertex 65.0023810854237 -66.05675116617141 -0.20000000000000237
vertex 65.26970126767064 -65.97566047542442 1.8499999999999983
vertex 65.00238108542375 -66.05675116617144 1.8499999999999983
endloop
endfacet
facet normal 0.09801714032953157 -0.9951847266721998 0
outer loop
vertex 65.26970126767088 -65.97566047542541 -0.20000000000000234
vertex 65.54770497654397 -65.94827950000001 -0.2000000000000023
vertex 65.54770497654393 -65.94827949999973 1.8499999999999983
endloop
endfacet
facet normal 0.09801714032953157 -0.9951847266721998 0
outer loop
vertex 65.26970126767088 -65.97566047542541 -0.20000000000000234
vertex 65.54770497654393 -65.94827949999973 1.8499999999999983
vertex 65.26970126767064 -65.97566047542442 1.8499999999999983
endloop
endfacet
facet normal -0.09801714032953157 -0.9951847266721998 0
outer loop
vertex 65.54770497654397 -65.94827950000001 -0.2000000000000023
vertex 65.82570868541698 -65.97566047542541 -0.20000000000000226
vertex 65.82570868541698 -65.97566047542485 1.8499999999999985
endloop
endfacet
facet normal -0.09801714032953157 -0.9951847266721998 0
outer loop
vertex 65.54770497654397 -65.94827950000001 -0.2000000000000023
vertex 65.82570868541698 -65.97566047542485 1.8499999999999985
vertex 65.54770497654393 -65.94827949999973 1.8499999999999983
endloop
endfacet
facet normal -0.2902846772544904 -0.9569403357322004 0
outer loop
vertex 65.82570868541698 -65.97566047542541 -0.20000000000000226
vertex 66.09302886766427 -66.05675116617141 -0.20000000000000223
vertex 66.09302886766437 -66.05675116617087 1.8499999999999976
endloop
endfacet
facet normal -0.2902846772544904 -0.9569403357322004 0
outer loop
vertex 65.82570868541698 -65.97566047542541 -0.20000000000000226
vertex 66.09302886766437 -66.05675116617087 1.8499999999999976
vertex 65.82570868541698 -65.97566047542485 1.8499999999999985
endloop
endfacet
facet normal -0.47139673682602595 -0.88192126434834 0
outer loop
vertex 66.09302886766427 -66.05675116617141 -0.20000000000000223
vertex 66.33939255859686 -66.18843530246887 -0.2000000000000022
vertex 66.33939255859698 -66.18843530246863 1.8499999999999985
endloop
endfacet
facet normal -0.47139673682602595 -0.88192126434834 0
outer loop
vertex 66.09302886766427 -66.05675116617141 -0.20000000000000223
vertex 66.33939255859698 -66.18843530246863 1.8499999999999985
vertex 66.09302886766437 -66.05675116617087 1.8499999999999976
endloop
endfacet
facet normal -0.6343932841636208 -0.7730104533627573 0
outer loop
vertex 66.33939255859686 -66.18843530246887 -0.2000000000000022
vertex 66.55533213973483 -66.36565233680916 -0.20000000000000218
vertex 66.55533213973494 -66.36565233680898 1.8499999999999976
endloop
endfacet
facet normal -0.6343932841636208 -0.7730104533627573 0
outer loop
vertex 66.33939255859686 -66.18843530246887 -0.2000000000000022
vertex 66.55533213973494 -66.36565233680898 1.8499999999999976
vertex 66.33939255859698 -66.18843530246863 1.8499999999999985
endloop
endfacet
facet normal -0.7730104533627641 -0.6343932841636125 0
outer loop
vertex 66.55533213973483 -66.36565233680916 -0.20000000000000218
vertex 66.73254917407509 -66.58159191794705 -0.20000000000000215
vertex 66.732549174075 -66.58159191794712 1.8499999999999976
endloop
endfacet
facet normal -0.7730104533627641 -0.6343932841636125 0
outer loop
vertex 66.55533213973483 -66.36565233680916 -0.20000000000000218
vertex 66.732549174075 -66.58159191794712 1.8499999999999976
vertex 66.55533213973494 -66.36565233680898 1.8499999999999976
endloop
endfacet
facet normal -0.88192126434834 -0.47139673682602595 0
outer loop
vertex 66.73254917407509 -66.58159191794705 -0.20000000000000215
vertex 66.86423331037254 -66.82795560887972 -0.20000000000000215
vertex 66.86423331037261 -66.82795560887972 1.8499999999999985
endloop
endfacet
facet normal -0.88192126434834 -0.47139673682602595 0
outer loop
vertex 66.73254917407509 -66.58159191794705 -0.20000000000000215
vertex 66.86423331037261 -66.82795560887972 1.8499999999999985
vertex 66.732549174075 -66.58159191794712 1.8499999999999976
endloop
endfacet
facet normal -0.9569403357321962 -0.2902846772545044 0
outer loop
vertex 66.86423331037254 -66.82795560887972 -0.20000000000000215
vertex 66.94532400111856 -67.09527579112714 -0.20000000000000212
vertex 66.94532400111873 -67.09527579112695 1.8499999999999976
endloop
endfacet
facet normal -0.9569403357321962 -0.2902846772545044 0
outer loop
vertex 66.86423331037254 -66.82795560887972 -0.20000000000000215
vertex 66.94532400111873 -67.09527579112695 1.8499999999999976
vertex 66.86423331037261 -66.82795560887972 1.8499999999999985
endloop
endfacet
facet normal -0.9951847266722011 -0.09801714032951742 0
outer loop
vertex 66.94532400111856 -67.09527579112714 -0.20000000000000212
vertex 66.97270497654395 -67.37327949999991 -0.20000000000000212
vertex 66.97270497654429 -67.37327949999997 1.8499999999999976
endloop
endfacet
facet normal -0.9951847266722011 -0.09801714032951742 0
outer loop
vertex 66.94532400111856 -67.09527579112714 -0.20000000000000212
vertex 66.97270497654429 -67.37327949999997 1.8499999999999976
vertex 66.94532400111873 -67.09527579112695 1.8499999999999976
endloop
endfacet
facet normal -0.9951847266722013 0.09801714032951732 0
outer loop
vertex 66.97270497654395 -67.37327949999991 -0.20000000000000212
vertex 66.94532400111855 -67.6512832088729 -0.20000000000000212
vertex 66.9453240011183 -67.65128320887297 1.8499999999999976
endloop
endfacet
facet normal -0.9951847266722013 0.09801714032951732 0
outer loop
vertex 66.97270497654395 -67.37327949999991 -0.20000000000000212
vertex 66.9453240011183 -67.65128320887297 1.8499999999999976
vertex 66.97270497654429 -67.37327949999997 1.8499999999999976
endloop
endfacet
facet normal -0.9569403357321961 0.2902846772545049 0
outer loop
vertex 66.94532400111855 -67.6512832088729 -0.20000000000000212
vertex 66.86423331037254 -67.91860339112023 -0.20000000000000215
vertex 66.86423331037169 -67.91860339111999 1.8499999999999985
endloop
endfacet
facet normal -0.9569403357321961 0.2902846772545049 0
outer loop
vertex 66.94532400111855 -67.6512832088729 -0.20000000000000212
vertex 66.86423331037169 -67.91860339111999 1.8499999999999985
vertex 66.9453240011183 -67.65128320887297 1.8499999999999976
endloop
endfacet
facet normal -0.8819212643483418 0.4713967368260224 0
outer loop
vertex 66.86423331037254 -67.91860339112023 -0.20000000000000215
vertex 66.73254917407505 -68.16496708205301 -0.20000000000000215
vertex 66.73254917407475 -68.16496708205278 1.8499999999999985
endloop
endfacet
facet normal -0.8819212643483418 0.4713967368260224 0
outer loop
vertex 66.86423331037254 -67.91860339112023 -0.20000000000000215
vertex 66.73254917407475 -68.16496708205278 1.8499999999999985
vertex 66.86423331037169 -67.91860339111999 1.8499999999999985
endloop
endfacet
facet normal -0.7730104533627572 0.6343932841636208 0
outer loop
vertex 66.73254917407505 -68.16496708205301 -0.20000000000000215
vertex 66.5553321397348 -68.38090666319084 -0.20000000000000218
vertex 66.55533213973422 -68.38090666319034 1.8499999999999976
endloop
endfacet
facet normal -0.7730104533627572 0.6343932841636208 0
outer loop
vertex 66.73254917407505 -68.16496708205301 -0.20000000000000215
vertex 66.55533213973422 -68.38090666319034 1.8499999999999976
vertex 66.73254917407475 -68.16496708205278 1.8499999999999985
endloop
endfacet
facet normal -0.6343932841636054 0.7730104533627699 0
outer loop
vertex 66.5553321397348 -68.38090666319084 -0.20000000000000218
vertex 66.3393925585969 -68.55812369753113 -0.2000000000000022
vertex 66.3393925585965 -68.55812369753068 1.8499999999999985
endloop
endfacet
facet normal -0.6343932841636054 0.7730104533627699 0
outer loop
vertex 66.5553321397348 -68.38090666319084 -0.20000000000000218
vertex 66.3393925585965 -68.55812369753068 1.8499999999999985
vertex 66.55533213973422 -68.38090666319034 1.8499999999999976
endloop
endfacet
facet normal -0.4713967368260084 0.8819212643483493 0
outer loop
vertex 66.3393925585969 -68.55812369753113 -0.2000000000000022
vertex 66.09302886766423 -68.68980783382855 -0.20000000000000223
vertex 66.09302886766382 -68.68980783382784 1.8499999999999976
endloop
endfacet
facet normal -0.4713967368260084 0.8819212643483493 0
outer loop
vertex 66.3393925585969 -68.55812369753113 -0.2000000000000022
vertex 66.09302886766382 -68.68980783382784 1.8499999999999976
vertex 66.3393925585965 -68.55812369753068 1.8499999999999985
endloop
endfacet
facet normal -0.29028467725448986 0.9569403357322005 0
outer loop
vertex 66.09302886766423 -68.68980783382855 -0.20000000000000223
vertex 65.82570868541693 -68.77089852457462 -0.20000000000000226
vertex 65.82570868541688 -68.7708985245745 1.8499999999999985
endloop
endfacet
facet normal -0.29028467725448986 0.9569403357322005 0
outer loop
vertex 66.09302886766423 -68.68980783382855 -0.20000000000000223
vertex 65.82570868541688 -68.7708985245745 1.8499999999999985
vertex 66.09302886766382 -68.68980783382784 1.8499999999999976
endloop
endfacet
facet normal -0.09801714032953164 0.9951847266721997 0
outer loop
vertex 65.82570868541693 -68.77089852457462 -0.20000000000000226
vertex 65.54770497654395 -68.79827949999999 -0.2000000000000023
vertex 65.54770497654394 -68.79827949999995 1.8499999999999983
endloop
endfacet
facet normal -0.09801714032953164 0.9951847266721997 0
outer loop
vertex 65.82570868541693 -68.77089852457462 -0.20000000000000226
vertex 65.54770497654394 -68.79827949999995 1.8499999999999983
vertex 65.82570868541688 -68.7708985245745 1.8499999999999985
endloop
endfacet
facet normal 0.09801714032953157 0.9951847266721998 0
outer loop
vertex 65.54770497654395 -68.79827949999999 -0.2000000000000023
vertex 65.26970126767104 -68.77089852457462 -0.20000000000000234
vertex 65.26970126767101 -68.77089852457415 1.8499999999999983
endloop
endfacet
facet normal 0.09801714032953157 0.9951847266721998 0
outer loop
vertex 65.54770497654395 -68.79827949999999 -0.2000000000000023
vertex 65.26970126767101 -68.77089852457415 1.8499999999999983
vertex 65.54770497654394 -68.79827949999995 1.8499999999999983
endloop
endfacet
facet normal 0.2902846772544904 0.9569403357322004 0
outer loop
vertex 65.26970126767104 -68.77089852457462 -0.20000000000000234
vertex 65.00238108542362 -68.68980783382855 -0.20000000000000237
vertex 65.00238108542385 -68.68980783382816 1.8499999999999974
endloop
endfacet
facet normal 0.2902846772544904 0.9569403357322004 0
outer loop
vertex 65.26970126767104 -68.77089852457462 -0.20000000000000234
vertex 65.00238108542385 -68.68980783382816 1.8499999999999974
vertex 65.26970126767101 -68.77089852457415 1.8499999999999983
endloop
endfacet
facet normal 0.47139673682602595 0.88192126434834 0
outer loop
vertex 65.00238108542362 -68.68980783382855 -0.20000000000000237
vertex 64.75601739449102 -68.55812369753113 -0.2000000000000024
vertex 64.75601739449107 -68.55812369753102 1.8499999999999974
endloop
endfacet
facet normal 0.47139673682602595 0.88192126434834 0
outer loop
vertex 65.00238108542362 -68.68980783382855 -0.20000000000000237
vertex 64.75601739449107 -68.55812369753102 1.8499999999999974
vertex 65.00238108542385 -68.68980783382816 1.8499999999999974
endloop
endfacet
facet normal 0.6343932841636213 0.7730104533627568 0
outer loop
vertex 64.75601739449102 -68.55812369753113 -0.2000000000000024
vertex 64.54007781335312 -68.38090666319084 -0.20000000000000243
vertex 64.54007781335329 -68.38090666319064 1.8499999999999974
endloop
endfacet
facet normal 0.6343932841636213 0.7730104533627568 0
outer loop
vertex 64.75601739449102 -68.55812369753113 -0.2000000000000024
vertex 64.54007781335329 -68.38090666319064 1.8499999999999974
vertex 64.75601739449107 -68.55812369753102 1.8499999999999974
endloop
endfacet
facet normal 0.7730104533627643 0.6343932841636123 0
outer loop
vertex 64.54007781335312 -68.38090666319084 -0.20000000000000243
vertex 64.36286077901288 -68.16496708205301 -0.20000000000000245
vertex 64.36286077901278 -68.16496708205298 1.8499999999999974
endloop
endfacet
facet normal 0.7730104533627643 0.6343932841636123 0
outer loop
vertex 64.54007781335312 -68.38090666319084 -0.20000000000000243
vertex 64.36286077901278 -68.16496708205298 1.8499999999999974
vertex 64.54007781335329 -68.38090666319064 1.8499999999999974
endloop
endfacet
facet normal 0.8819212643483437 0.4713967368260189 0
outer loop
vertex 64.36286077901288 -68.16496708205301 -0.20000000000000245
vertex 64.23117664271537 -67.91860339112023 -0.20000000000000245
vertex 64.23117664271544 -67.91860339112021 1.8499999999999983
endloop
endfacet
facet normal 0.8819212643483437 0.4713967368260189 0
outer loop
vertex 64.36286077901288 -68.16496708205301 -0.20000000000000245
vertex 64.23117664271544 -67.91860339112021 1.8499999999999983
vertex 64.36286077901278 -68.16496708205298 1.8499999999999974
endloop
endfacet
facet normal 0.9569403357322047 0.29028467725447643 0
outer loop
vertex 64.23117664271537 -67.91860339112023 -0.20000000000000245
vertex 64.15008595196933 -67.6512832088729 -0.20000000000000248
vertex 64.15008595196952 -67.65128320887297 1.8499999999999983
endloop
endfacet
facet normal 0.9569403357322047 0.29028467725447643 0
outer loop
vertex 64.23117664271537 -67.91860339112023 -0.20000000000000245
vertex 64.15008595196952 -67.65128320887297 1.8499999999999983
vertex 64.23117664271544 -67.91860339112021 1.8499999999999983
endloop
endfacet
facet normal 0 0 1
outer loop
vertex 64.96243401049557 -47.430923658790306 1.8499999999999974
vertex 64.39965467944866 -47.60164090246613 1.8499999999999974
vertex 63.88099427748513 -47.878870663092336 1.8499999999999974
endloop
endfacet
facet normal 0 0 1
outer loop
vertex 64.96243401049557 -47.430923658790306 1.8499999999999974
vertex 63.88099427748513 -47.878870663092336 1.8499999999999974
vertex 63.42638463298434 -48.25195915644047 1.8499999999999972
endloop
endfacet
facet normal 0 0 1
outer loop
vertex 64.96243401049557 -47.430923658790306 1.8499999999999974
vertex 63.42638463298434 -48.25195915644047 1.8499999999999972
vertex 63.05329613963633 -48.70656880094112 1.8499999999999972
endloop
endfacet
facet normal 0 0 1
outer loop
vertex 64.96243401049557 -47.430923658790306 1.8499999999999974
vertex 63.05329613963633 -48.70656880094112 1.8499999999999972
vertex 62.924099079310906 -48.94827950000003 1.8499999999999972
endloop
endfacet
facet normal 0 0 1
outer loop
vertex 64.96243401049557 -47.430923658790306 1.8499999999999974
vertex 62.924099079310906 -48.94827950000003 1.8499999999999972
vertex 65.54770497654394 -48.9482795000001 1.8499999999999974
endloop
endfacet
facet normal 0 0 1
outer loop
vertex 64.96243401049557 -47.430923658790306 1.8499999999999974
vertex 65.54770497654394 -48.9482795000001 1.8499999999999974
vertex 68.17131087377699 -48.94827950000003 1.8499999999999979
endloop
endfacet
facet normal 0 0 1
outer loop
vertex 64.96243401049557 -47.430923658790306 1.8499999999999974
vertex 68.17131087377699 -48.94827950000003 1.8499999999999979
vertex 68.04211381345155 -48.70656880094112 1.8499999999999979
endloop
endfacet
facet normal 0 0 1
outer loop
vertex 64.96243401049557 -47.430923658790306 1.8499999999999974
vertex 68.04211381345155 -48.70656880094112 1.8499999999999979
vertex 67.66902532010371 -48.25195915644047 1.8499999999999979
endloop
endfacet
facet normal 0 0 1
outer loop
vertex 64.96243401049557 -47.430923658790306 1.8499999999999974
vertex 67.66902532010371 -48.25195915644047 1.8499999999999979
vertex 67.21441567560271 -47.878870663092336 1.8499999999999976
endloop
endfacet
facet normal 0 0 1
outer loop
vertex 64.96243401049557 -47.430923658790306 1.8499999999999974
vertex 67.21441567560271 -47.878870663092336 1.8499999999999976
vertex 66.6957552736392 -47.60164090246613 1.8499999999999976
endloop
endfacet
facet normal 0 0 1
outer loop
vertex 64.96243401049557 -47.430923658790306 1.8499999999999974
vertex 66.6957552736392 -47.60164090246613 1.8499999999999976
vertex 66.13297594259232 -47.430923658790306 1.8499999999999976
endloop
endfacet
facet normal 0 0 1
outer loop
vertex 64.96243401049557 -47.430923658790306 1.8499999999999974
vertex 66.13297594259232 -47.430923658790306 1.8499999999999976
vertex 65.54770497654398 -47.3732795 1.8499999999999974
endloop
endfacet
facet normal -2.220446049250313e-16 0 1
outer loop
vertex 65.54770497654394 -48.9482795000001 1.8499999999999974
vertex 65.82570868541694 -48.97566047542534 1.8499999999999976
vertex 68.18594631005509 -48.97566047542547 1.8499999999999979
endloop
endfacet
facet normal -2.220446049250313e-16 0 1
outer loop
vertex 65.54770497654394 -48.9482795000001 1.8499999999999974
vertex 68.18594631005509 -48.97566047542547 1.8499999999999979
vertex 68.17131087377699 -48.94827950000003 1.8499999999999979
endloop
endfacet
facet normal -2.220446049250313e-16 0 1
outer loop
vertex 62.924099079310906 -48.94827950000003 1.8499999999999972
vertex 62.90946364303282 -48.97566047542547 1.8499999999999972
vertex 65.26970126767101 -48.97566047542553 1.8499999999999974
endloop
endfacet
facet normal -2.220446049250313e-16 0 1
outer loop
vertex 62.924099079310906 -48.94827950000003 1.8499999999999972
vertex 65.26970126767101 -48.97566047542553 1.8499999999999974
vertex 65.54770497654394 -48.9482795000001 1.8499999999999974
endloop
endfacet
facet normal -2.220446049250313e-16 0 1
outer loop
vertex 65.82570868541694 -48.97566047542534 1.8499999999999976
vertex 66.09302886766419 -49.05675116617148 1.8499999999999985
vertex 68.22929018728072 -49.0567511661714 1.8499999999999979
endloop
endfacet
facet normal -2.220446049250313e-16 0 1
outer loop
vertex 65.82570868541694 -48.97566047542534 1.8499999999999976
vertex 68.22929018728072 -49.0567511661714 1.8499999999999979
vertex 68.18594631005509 -48.97566047542547 1.8499999999999979
endloop
endfacet
facet normal -2.220446049250313e-16 0 1
outer loop
vertex 62.90946364303282 -48.97566047542547 1.8499999999999972
vertex 62.866119765807184 -49.0567511661714 1.8499999999999972
vertex 65.0023810854238 -49.05675116617162 1.8499999999999974
endloop
endfacet
facet normal -2.220446049250313e-16 0 1
outer loop
vertex 62.90946364303282 -48.97566047542547 1.8499999999999972
vertex 65.0023810854238 -49.05675116617162 1.8499999999999974
vertex 65.26970126767101 -48.97566047542553 1.8499999999999974
endloop
endfacet
facet normal -2.220446049250313e-16 0 1
outer loop
vertex 66.09302886766419 -49.05675116617148 1.8499999999999985
vertex 66.3393925585966 -49.18843530246937 1.8499999999999976
vertex 68.29967682455981 -49.1884353024689 1.8499999999999979
endloop
endfacet
facet normal -2.220446049250313e-16 0 1
outer loop
vertex 66.09302886766419 -49.05675116617148 1.8499999999999985
vertex 68.29967682455981 -49.1884353024689 1.8499999999999979
vertex 68.22929018728072 -49.0567511661714 1.8499999999999979
endloop
endfacet
facet normal -2.220446049250313e-16 0 1
outer loop
vertex 62.866119765807184 -49.0567511661714 1.8499999999999972
vertex 62.79573312852811 -49.1884353024689 1.8499999999999972
vertex 64.75601739449118 -49.1884353024691 1.8499999999999983
endloop
endfacet
facet normal -2.220446049250313e-16 0 1
outer loop
vertex 62.866119765807184 -49.0567511661714 1.8499999999999972
vertex 64.75601739449118 -49.1884353024691 1.8499999999999983
vertex 65.0023810854238 -49.05675116617162 1.8499999999999974
endloop
endfacet
facet normal -2.220446049250313e-16 0 1
outer loop
vertex 66.3393925585966 -49.18843530246937 1.8499999999999976
vertex 66.55533213973496 -49.36565233680894 1.8499999999999985
vertex 68.36194046604994 -49.36565233681069 1.8499999999999979
endloop
endfacet
facet normal -2.220446049250313e-16 0 1
outer loop
vertex 66.3393925585966 -49.18843530246937 1.8499999999999976
vertex 68.36194046604994 -49.36565233681069 1.8499999999999979
vertex 68.31934357407783 -49.225229202904764 1.8499999999999979
endloop
endfacet
facet normal -2.220446049250313e-16 0 1
outer loop
vertex 66.3393925585966 -49.18843530246937 1.8499999999999976
vertex 68.31934357407783 -49.225229202904764 1.8499999999999979
vertex 68.29967682455981 -49.1884353024689 1.8499999999999979
endloop
endfacet
facet normal -2.220446049250313e-16 0 1
outer loop
vertex 62.79573312852811 -49.1884353024689 1.8499999999999972
vertex 62.77606637901009 -49.225229202904764 1.8499999999999972
vertex 62.73346948703798 -49.36565233681069 1.8499999999999972
endloop
endfacet
facet normal -2.220446049250313e-16 0 1
outer loop
vertex 62.79573312852811 -49.1884353024689 1.8499999999999972
vertex 62.73346948703798 -49.36565233681069 1.8499999999999972
vertex 64.54007781335304 -49.36565233680911 1.8499999999999974
endloop
endfacet
facet normal -2.220446049250313e-16 0 1
outer loop
vertex 62.79573312852811 -49.1884353024689 1.8499999999999972
vertex 64.54007781335304 -49.36565233680911 1.8499999999999974
vertex 64.75601739449118 -49.1884353024691 1.8499999999999983
endloop
endfacet
facet normal -2.220446049250313e-16 0 1
outer loop
vertex 66.55533213973496 -49.36565233680894 1.8499999999999985
vertex 66.73254917407495 -49.58159191794717 1.8499999999999976
vertex 68.4274450218475 -49.58159191794802 1.8499999999999979
endloop
endfacet
facet normal -2.220446049250313e-16 0 1
outer loop
vertex 66.55533213973496 -49.36565233680894 1.8499999999999985
vertex 68.4274450218475 -49.58159191794802 1.8499999999999979
vertex 68.36194046604994 -49.36565233681069 1.8499999999999979
endloop
endfacet
facet normal -2.220446049250313e-16 0 1
outer loop
vertex 62.73346948703798 -49.36565233681069 1.8499999999999972
vertex 62.667964931240405 -49.58159191794802 1.8499999999999972
vertex 64.3628607790125 -49.58159191794691 1.8499999999999974
endloop
endfacet
facet normal -2.220446049250313e-16 0 1
outer loop
vertex 62.73346948703798 -49.36565233681069 1.8499999999999972
vertex 64.3628607790125 -49.58159191794691 1.8499999999999974
vertex 64.54007781335304 -49.36565233680911 1.8499999999999974
endloop
endfacet
facet normal -2.220446049250313e-16 0 1
outer loop
vertex 66.73254917407495 -49.58159191794717 1.8499999999999976
vertex 66.86423331037244 -49.827955608879805 1.8499999999999985
vertex 68.4939952612232 -49.82795560887861 1.8499999999999979
endloop
endfacet
facet normal -2.220446049250313e-16 0 1
outer loop
vertex 66.73254917407495 -49.58159191794717 1.8499999999999976
vertex 68.4939952612232 -49.82795560887861 1.8499999999999979
vertex 68.49006081775363 -49.78800853395157 1.8499999999999979
endloop
endfacet
facet normal -2.220446049250313e-16 0 1
outer loop
vertex 66.73254917407495 -49.58159191794717 1.8499999999999976
vertex 68.49006081775363 -49.78800853395157 1.8499999999999979
vertex 68.4274450218475 -49.58159191794802 1.8499999999999979
endloop
endfacet
facet normal -2.220446049250313e-16 0 1
outer loop
vertex 62.667964931240405 -49.58159191794802 1.8499999999999972
vertex 62.605349135334265 -49.78800853395157 1.8499999999999972
vertex 62.60141469186469 -49.82795560887861 1.8499999999999972
endloop
endfacet
facet normal -2.220446049250313e-16 0 1
outer loop
vertex 62.667964931240405 -49.58159191794802 1.8499999999999972
vertex 62.60141469186469 -49.82795560887861 1.8499999999999972
vertex 64.23117664271521 -49.827955608879705 1.8499999999999983
endloop
endfacet
facet normal -2.220446049250313e-16 0 1
outer loop
vertex 62.667964931240405 -49.58159191794802 1.8499999999999972
vertex 64.23117664271521 -49.827955608879705 1.8499999999999983
vertex 64.3628607790125 -49.58159191794691 1.8499999999999974
endloop
endfacet
facet normal -2.220446049250313e-16 0 1
outer loop
vertex 66.86423331037244 -49.827955608879805 1.8499999999999985
vertex 66.94532400111856 -50.09527579112703 1.8499999999999985
vertex 68.5203240011185 -50.09527579112643 1.8499999999999979
endloop
endfacet
facet normal -2.220446049250313e-16 0 1
outer loop
vertex 66.86423331037244 -49.827955608879805 1.8499999999999985
vertex 68.5203240011185 -50.09527579112643 1.8499999999999979
vertex 68.4939952612232 -49.82795560887861 1.8499999999999979
endloop
endfacet
facet normal -2.220446049250313e-16 0 1
outer loop
vertex 62.60141469186469 -49.82795560887861 1.8499999999999972
vertex 62.57508595196941 -50.09527579112643 1.8499999999999972
vertex 64.15008595196929 -50.09527579112702 1.8499999999999983
endloop
endfacet
facet normal -2.220446049250313e-16 0 1
outer loop
vertex 62.60141469186469 -49.82795560887861 1.8499999999999972
vertex 64.15008595196929 -50.09527579112702 1.8499999999999983
vertex 64.23117664271521 -49.827955608879705 1.8499999999999983
endloop
endfacet
facet normal -2.220446049250313e-16 0 1
outer loop
vertex 66.94532400111856 -50.09527579112703 1.8499999999999985
vertex 66.972704976544 -50.37327950000001 1.8499999999999985
vertex 68.54770497654395 -50.373279500000095 1.8499999999999979
endloop
endfacet
facet normal -2.220446049250313e-16 0 1
outer loop
vertex 66.94532400111856 -50.09527579112703 1.8499999999999985
vertex 68.54770497654395 -50.373279500000095 1.8499999999999979
vertex 68.5203240011185 -50.09527579112643 1.8499999999999979
endloop
endfacet
facet normal -2.220446049250313e-16 0 1
outer loop
vertex 62.57508595196941 -50.09527579112643 1.8499999999999972
vertex 62.547704976543955 -50.373279500000095 1.8499999999999972
vertex 64.12270497654396 -50.37327950000001 1.8499999999999983
endloop
endfacet
facet normal -2.220446049250313e-16 0 1
outer loop
vertex 62.57508595196941 -50.09527579112643 1.8499999999999972
vertex 64.12270497654396 -50.37327950000001 1.8499999999999983
vertex 64.15008595196929 -50.09527579112702 1.8499999999999983
endloop
endfacet
facet normal -2.220446049250313e-16 0 1
outer loop
vertex 66.972704976544 -50.37327950000001 1.8499999999999985
vertex 66.94532400111851 -50.65128320887299 1.8499999999999985
vertex 68.52032400111872 -50.6512832088714 1.8499999999999979
endloop
endfacet
facet normal -2.220446049250313e-16 0 1
outer loop
vertex 66.972704976544 -50.37327950000001 1.8499999999999985
vertex 68.52032400111872 -50.6512832088714 1.8499999999999979
vertex 68.54770497654395 -50.373279500000095 1.8499999999999979
endloop
endfacet
facet normal -2.220446049250313e-16 0 1
outer loop
vertex 62.547704976543955 -50.373279500000095 1.8499999999999972
vertex 62.575085951969186 -50.6512832088714 1.8499999999999972
vertex 64.15008595196934 -50.651283208873 1.8499999999999983
endloop
endfacet
facet normal -2.220446049250313e-16 0 1
outer loop
vertex 62.547704976543955 -50.373279500000095 1.8499999999999972
vertex 64.15008595196934 -50.651283208873 1.8499999999999983
vertex 64.12270497654396 -50.37327950000001 1.8499999999999983
endloop
endfacet
facet normal -2.220446049250313e-16 0 1
outer loop
vertex 66.94532400111851 -50.65128320887299 1.8499999999999985
vertex 66.8642333103722 -50.91860339112017 1.8499999999999985
vertex 68.49399526122325 -50.91860339112124 1.8499999999999979
endloop
endfacet
facet normal -2.220446049250313e-16 0 1
outer loop
vertex 66.94532400111851 -50.65128320887299 1.8499999999999985
vertex 68.49399526122325 -50.91860339112124 1.8499999999999979
vertex 68.52032400111872 -50.6512832088714 1.8499999999999979
endloop
endfacet
facet normal -2.220446049250313e-16 0 1
outer loop
vertex 62.575085951969186 -50.6512832088714 1.8499999999999972
vertex 62.60141469186466 -50.91860339112124 1.8499999999999972
vertex 64.23117664271527 -50.918603391120314 1.8499999999999983
endloop
endfacet
facet normal -2.220446049250313e-16 0 1
outer loop
vertex 62.575085951969186 -50.6512832088714 1.8499999999999972
vertex 64.23117664271527 -50.918603391120314 1.8499999999999983
vertex 64.15008595196934 -50.651283208873 1.8499999999999983
endloop
endfacet
facet normal -2.220446049250313e-16 0 1
outer loop
vertex 66.8642333103722 -50.91860339112017 1.8499999999999985
vertex 66.73254917407498 -51.16496708205289 1.8499999999999976
vertex 68.4274450218476 -51.16496708205175 1.8499999999999979
endloop
endfacet
facet normal -2.220446049250313e-16 0 1
outer loop
vertex 66.8642333103722 -50.91860339112017 1.8499999999999985
vertex 68.4274450218476 -51.16496708205175 1.8499999999999979
vertex 68.49006081775366 -50.95855046604839 1.8499999999999979
endloop
endfacet
facet normal -2.220446049250313e-16 0 1
outer loop
vertex 66.8642333103722 -50.91860339112017 1.8499999999999985
vertex 68.49006081775366 -50.95855046604839 1.8499999999999979
vertex 68.49399526122325 -50.91860339112124 1.8499999999999979
endloop
endfacet
facet normal -2.220446049250313e-16 0 1
outer loop
vertex 62.60141469186466 -50.91860339112124 1.8499999999999972
vertex 62.60534913533425 -50.95855046604839 1.8499999999999972
vertex 62.66796493124032 -51.16496708205175 1.8499999999999972
endloop
endfacet
facet normal -2.220446049250313e-16 0 1
outer loop
vertex 62.60141469186466 -50.91860339112124 1.8499999999999972
vertex 62.66796493124032 -51.16496708205175 1.8499999999999972
vertex 64.36286077901269 -51.16496708205306 1.8499999999999974
endloop
endfacet
facet normal -2.220446049250313e-16 0 1
outer loop
vertex 62.60141469186466 -50.91860339112124 1.8499999999999972
vertex 64.36286077901269 -51.16496708205306 1.8499999999999974
vertex 64.23117664271527 -50.918603391120314 1.8499999999999983
endloop
endfacet
facet normal -2.220446049250313e-16 0 1
outer loop
vertex 66.73254917407498 -51.16496708205289 1.8499999999999976
vertex 66.5553321397345 -51.38090666319061 1.8499999999999976
vertex 68.36194046604881 -51.38090666319315 1.8499999999999979
endloop
endfacet
facet normal -2.220446049250313e-16 0 1
outer loop
vertex 66.73254917407498 -51.16496708205289 1.8499999999999976
vertex 68.36194046604881 -51.38090666319315 1.8499999999999979
vertex 68.4274450218476 -51.16496708205175 1.8499999999999979
endloop
endfacet
facet normal -2.220446049250313e-16 0 1
outer loop
vertex 62.66796493124032 -51.16496708205175 1.8499999999999972
vertex 62.73346948703913 -51.38090666319315 1.8499999999999972
vertex 64.54007781335329 -51.38090666319061 1.8499999999999983
endloop
endfacet
facet normal -2.220446049250313e-16 0 1
outer loop
vertex 62.66796493124032 -51.16496708205175 1.8499999999999972
vertex 64.54007781335329 -51.38090666319061 1.8499999999999983
vertex 64.36286077901269 -51.16496708205306 1.8499999999999974
endloop
endfacet
facet normal -2.220446049250313e-16 0 1
outer loop
vertex 66.5553321397345 -51.38090666319061 1.8499999999999976
vertex 66.33939255859707 -51.55812369753136 1.8499999999999985
vertex 68.29967682456086 -51.55812369752921 1.8499999999999979
endloop
endfacet
facet normal -2.220446049250313e-16 0 1
outer loop
vertex 66.5553321397345 -51.38090666319061 1.8499999999999976
vertex 68.29967682456086 -51.55812369752921 1.8499999999999979
vertex 68.31934357407786 -51.52132979709528 1.8499999999999979
endloop
endfacet
facet normal -2.220446049250313e-16 0 1
outer loop
vertex 66.5553321397345 -51.38090666319061 1.8499999999999976
vertex 68.31934357407786 -51.52132979709528 1.8499999999999979
vertex 68.36194046604881 -51.38090666319315 1.8499999999999979
endloop
endfacet
facet normal -2.220446049250313e-16 0 1
outer loop
vertex 62.73346948703913 -51.38090666319315 1.8499999999999972
vertex 62.7760663790101 -51.52132979709528 1.8499999999999972
vertex 62.795733128527104 -51.55812369752921 1.8499999999999972
endloop
endfacet
facet normal -2.220446049250313e-16 0 1
outer loop
vertex 62.73346948703913 -51.38090666319315 1.8499999999999972
vertex 62.795733128527104 -51.55812369752921 1.8499999999999972
vertex 64.75601739449075 -51.55812369753163 1.8499999999999974
endloop
endfacet
facet normal -2.220446049250313e-16 0 1
outer loop
vertex 62.73346948703913 -51.38090666319315 1.8499999999999972
vertex 64.75601739449075 -51.55812369753163 1.8499999999999974
vertex 64.54007781335329 -51.38090666319061 1.8499999999999983
endloop
endfacet
facet normal -2.220446049250313e-16 0 1
outer loop
vertex 66.33939255859707 -51.55812369753136 1.8499999999999985
vertex 66.09302886766402 -51.68980783382826 1.8499999999999985
vertex 68.22929018728036 -51.68980783382935 1.8499999999999979
endloop
endfacet
facet normal -2.220446049250313e-16 0 1
outer loop
vertex 66.33939255859707 -51.55812369753136 1.8499999999999985
vertex 68.22929018728036 -51.68980783382935 1.8499999999999979
vertex 68.29967682456086 -51.55812369752921 1.8499999999999979
endloop
endfacet
facet normal -2.220446049250313e-16 0 1
outer loop
vertex 62.795733128527104 -51.55812369752921 1.8499999999999972
vertex 62.866119765807596 -51.68980783382935 1.8499999999999972
vertex 65.00238108542375 -51.689807833828425 1.8499999999999983
endloop
endfacet
facet normal -2.220446049250313e-16 0 1
outer loop
vertex 62.795733128527104 -51.55812369752921 1.8499999999999972
vertex 65.00238108542375 -51.689807833828425 1.8499999999999983
vertex 64.75601739449075 -51.55812369753163 1.8499999999999974
endloop
endfacet
facet normal -2.220446049250313e-16 0 1
outer loop
vertex 66.09302886766402 -51.68980783382826 1.8499999999999985
vertex 65.82570868541696 -51.77089852457469 1.8499999999999985
vertex 68.18594631005512 -51.77089852457452 1.8499999999999979
endloop
endfacet
facet normal -2.220446049250313e-16 0 1
outer loop
vertex 66.09302886766402 -51.68980783382826 1.8499999999999985
vertex 68.18594631005512 -51.77089852457452 1.8499999999999979
vertex 68.22929018728036 -51.68980783382935 1.8499999999999979
endloop
endfacet
facet normal -2.220446049250313e-16 0 1
outer loop
vertex 62.866119765807596 -51.68980783382935 1.8499999999999972
vertex 62.909463643032836 -51.77089852457452 1.8499999999999972
vertex 65.26970126767097 -51.77089852457454 1.8499999999999974
endloop
endfacet
facet normal -2.220446049250313e-16 0 1
outer loop
vertex 62.866119765807596 -51.68980783382935 1.8499999999999972
vertex 65.26970126767097 -51.77089852457454 1.8499999999999974
vertex 65.00238108542375 -51.689807833828425 1.8499999999999983
endloop
endfacet
facet normal -2.220446049250313e-16 0 1
outer loop
vertex 65.82570868541696 -51.77089852457469 1.8499999999999985
vertex 65.54770497654394 -51.79827949999997 1.8499999999999974
vertex 68.17131087377702 -51.798279499999964 1.8499999999999979
endloop
endfacet
facet normal -2.220446049250313e-16 0 1
outer loop
vertex 65.82570868541696 -51.77089852457469 1.8499999999999985
vertex 68.17131087377702 -51.798279499999964 1.8499999999999979
vertex 68.18594631005512 -51.77089852457452 1.8499999999999979
endloop
endfacet
facet normal -2.220446049250313e-16 0 1
outer loop
vertex 62.909463643032836 -51.77089852457452 1.8499999999999972
vertex 62.92409907931092 -51.798279499999964 1.8499999999999972
vertex 65.54770497654394 -51.79827949999997 1.8499999999999974
endloop
endfacet
facet normal -2.220446049250313e-16 0 1
outer loop
vertex 62.909463643032836 -51.77089852457452 1.8499999999999972
vertex 65.54770497654394 -51.79827949999997 1.8499999999999974
vertex 65.26970126767097 -51.77089852457454 1.8499999999999974
endloop
endfacet
facet normal -8.463336858604048e-17 -4.523747798227009e-17 1
outer loop
vertex 65.54770497654394 -51.79827949999997 1.8499999999999974
vertex 62.92409907931092 -51.798279499999964 1.8499999999999972
vertex 63.05329613963636 -52.039990199058856 1.8499999999999972
endloop
endfacet
facet normal -8.463336858604048e-17 -4.523747798227009e-17 1
outer loop
vertex 65.54770497654394 -51.79827949999997 1.8499999999999974
vertex 63.05329613963636 -52.039990199058856 1.8499999999999972
vertex 63.42638463298431 -52.494599843559655 1.8499999999999972
endloop
endfacet
facet normal -8.463336858604048e-17 -4.523747798227009e-17 1
outer loop
vertex 65.54770497654394 -51.79827949999997 1.8499999999999974
vertex 63.42638463298431 -52.494599843559655 1.8499999999999972
vertex 63.880994277485115 -52.86768833690763 1.8499999999999974
endloop
endfacet
facet normal -8.463336858604048e-17 -4.523747798227009e-17 1
outer loop
vertex 65.54770497654394 -51.79827949999997 1.8499999999999974
vertex 63.880994277485115 -52.86768833690763 1.8499999999999974
vertex 64.39965467944863 -53.14491809753383 1.8499999999999974
endloop
endfacet
facet normal -8.463336858604048e-17 -4.523747798227009e-17 1
outer loop
vertex 65.54770497654394 -51.79827949999997 1.8499999999999974
vertex 64.39965467944863 -53.14491809753383 1.8499999999999974
vertex 64.96243401049563 -53.3156353412097 1.8499999999999974
endloop
endfacet
facet normal -8.463336858604048e-17 -4.523747798227009e-17 1
outer loop
vertex 65.54770497654394 -51.79827949999997 1.8499999999999974
vertex 64.96243401049563 -53.3156353412097 1.8499999999999974
vertex 65.54770497654395 -53.3732795 1.8499999999999974
endloop
endfacet
facet normal -8.463336858604048e-17 -4.523747798227009e-17 1
outer loop
vertex 65.54770497654394 -51.79827949999997 1.8499999999999974
vertex 65.54770497654395 -53.3732795 1.8499999999999974
vertex 66.13297594259234 -53.3156353412097 1.8499999999999976
endloop
endfacet
facet normal -8.463336858604048e-17 -4.523747798227009e-17 1
outer loop
vertex 65.54770497654394 -51.79827949999997 1.8499999999999974
vertex 66.13297594259234 -53.3156353412097 1.8499999999999976
vertex 66.69575527363925 -53.14491809753383 1.8499999999999976
endloop
endfacet
facet normal -8.463336858604048e-17 -4.523747798227009e-17 1
outer loop
vertex 65.54770497654394 -51.79827949999997 1.8499999999999974
vertex 66.69575527363925 -53.14491809753383 1.8499999999999976
vertex 67.2144156756028 -52.86768833690763 1.8499999999999976
endloop
endfacet
facet normal -8.463336858604048e-17 -4.523747798227009e-17 1
outer loop
vertex 65.54770497654394 -51.79827949999997 1.8499999999999974
vertex 67.2144156756028 -52.86768833690763 1.8499999999999976
vertex 67.66902532010361 -52.494599843559655 1.8499999999999979
endloop
endfacet
facet normal -8.463336858604048e-17 -4.523747798227009e-17 1
outer loop
vertex 65.54770497654394 -51.79827949999997 1.8499999999999974
vertex 67.66902532010361 -52.494599843559655 1.8499999999999979
vertex 68.04211381345158 -52.039990199058856 1.8499999999999979
endloop
endfacet
facet normal -8.463336858604048e-17 -4.523747798227009e-17 1
outer loop
vertex 65.54770497654394 -51.79827949999997 1.8499999999999974
vertex 68.04211381345158 -52.039990199058856 1.8499999999999979
vertex 68.17131087377702 -51.798279499999964 1.8499999999999979
endloop
endfacet
facet normal 0 0 1
outer loop
vertex 64.96243401049557 -64.4309236587903 1.8499999999999974
vertex 64.39965467944873 -64.6016409024661 1.8499999999999974
vertex 63.880994277485044 -64.87887066309241 1.8499999999999974
endloop
endfacet
facet normal 0 0 1
outer loop
vertex 64.96243401049557 -64.4309236587903 1.8499999999999974
vertex 63.880994277485044 -64.87887066309241 1.8499999999999974
vertex 63.42638463298428 -65.25195915644038 1.8499999999999972
endloop
endfacet
facet normal 0 0 1
outer loop
vertex 64.96243401049557 -64.4309236587903 1.8499999999999974
vertex 63.42638463298428 -65.25195915644038 1.8499999999999972
vertex 63.053296139636316 -65.70656880094117 1.8499999999999972
endloop
endfacet
facet normal 0 0 1
outer loop
vertex 64.96243401049557 -64.4309236587903 1.8499999999999974
vertex 63.053296139636316 -65.70656880094117 1.8499999999999972
vertex 62.92409907931115 -65.94827949999959 1.8499999999999972
endloop
endfacet
facet normal 0 0 1
outer loop
vertex 64.96243401049557 -64.4309236587903 1.8499999999999974
vertex 62.92409907931115 -65.94827949999959 1.8499999999999972
vertex 65.54770497654393 -65.94827949999973 1.8499999999999983
endloop
endfacet
facet normal 0 0 1
outer loop
vertex 64.96243401049557 -64.4309236587903 1.8499999999999974
vertex 65.54770497654393 -65.94827949999973 1.8499999999999983
vertex 68.17131087377678 -65.94827949999959 1.8499999999999979
endloop
endfacet
facet normal 0 0 1
outer loop
vertex 64.96243401049557 -64.4309236587903 1.8499999999999974
vertex 68.17131087377678 -65.94827949999959 1.8499999999999979
vertex 68.04211381345158 -65.70656880094117 1.8499999999999979
endloop
endfacet
facet normal 0 0 1
outer loop
vertex 64.96243401049557 -64.4309236587903 1.8499999999999974
vertex 68.04211381345158 -65.70656880094117 1.8499999999999979
vertex 67.66902532010363 -65.25195915644038 1.8499999999999979
endloop
endfacet
facet normal 0 0 1
outer loop
vertex 64.96243401049557 -64.4309236587903 1.8499999999999974
vertex 67.66902532010363 -65.25195915644038 1.8499999999999979
vertex 67.21441567560278 -64.87887066309241 1.8499999999999976
endloop
endfacet
facet normal 0 0 1
outer loop
vertex 64.96243401049557 -64.4309236587903 1.8499999999999974
vertex 67.21441567560278 -64.87887066309241 1.8499999999999976
vertex 66.69575527363916 -64.6016409024661 1.8499999999999976
endloop
endfacet
facet normal 0 0 1
outer loop
vertex 64.96243401049557 -64.4309236587903 1.8499999999999974
vertex 66.69575527363916 -64.6016409024661 1.8499999999999976
vertex 66.1329759425924 -64.4309236587903 1.8499999999999976
endloop
endfacet
facet normal 0 0 1
outer loop
vertex 64.96243401049557 -64.4309236587903 1.8499999999999974
vertex 66.1329759425924 -64.4309236587903 1.8499999999999976
vertex 65.54770497654395 -64.3732795 1.8499999999999974
endloop
endfacet
facet normal -2.220446049250313e-16 0 1
outer loop
vertex 65.54770497654393 -65.94827949999973 1.8499999999999983
vertex 65.82570868541698 -65.97566047542485 1.8499999999999985
vertex 68.18594631005477 -65.97566047542485 1.8499999999999979
endloop
endfacet
facet normal -2.220446049250313e-16 0 1
outer loop
vertex 65.54770497654393 -65.94827949999973 1.8499999999999983
vertex 68.18594631005477 -65.97566047542485 1.8499999999999979
vertex 68.17131087377678 -65.94827949999959 1.8499999999999979
endloop
endfacet
facet normal -2.220446049250313e-16 0 1
outer loop
vertex 62.92409907931115 -65.94827949999959 1.8499999999999972
vertex 62.90946364303315 -65.97566047542485 1.8499999999999972
vertex 65.26970126767064 -65.97566047542442 1.8499999999999983
endloop
endfacet
facet normal -2.220446049250313e-16 0 1
outer loop
vertex 62.92409907931115 -65.94827949999959 1.8499999999999972
vertex 65.26970126767064 -65.97566047542442 1.8499999999999983
vertex 65.54770497654393 -65.94827949999973 1.8499999999999983
endloop
endfacet
facet normal -2.220446049250313e-16 0 1
outer loop
vertex 65.82570868541698 -65.97566047542485 1.8499999999999985
vertex 66.09302886766437 -66.05675116617087 1.8499999999999976
vertex 68.22929018728027 -66.0567511661705 1.8499999999999979
endloop
endfacet
facet normal -2.220446049250313e-16 0 1
outer loop
vertex 65.82570868541698 -65.97566047542485 1.8499999999999985
vertex 68.22929018728027 -66.0567511661705 1.8499999999999979
vertex 68.18594631005477 -65.97566047542485 1.8499999999999979
endloop
endfacet
facet normal -2.220446049250313e-16 0 1
outer loop
vertex 62.90946364303315 -65.97566047542485 1.8499999999999972
vertex 62.86611976580765 -66.0567511661705 1.8499999999999972
vertex 65.00238108542375 -66.05675116617144 1.8499999999999983
endloop
endfacet
facet normal -2.220446049250313e-16 0 1
outer loop
vertex 62.90946364303315 -65.97566047542485 1.8499999999999972
vertex 65.00238108542375 -66.05675116617144 1.8499999999999983
vertex 65.26970126767064 -65.97566047542442 1.8499999999999983
endloop
endfacet
facet normal -2.220446049250313e-16 0 1
outer loop
vertex 66.09302886766437 -66.05675116617087 1.8499999999999976
vertex 66.33939255859698 -66.18843530246863 1.8499999999999985
vertex 68.29967682455961 -66.18843530246848 1.8499999999999979
endloop
endfacet
facet normal -2.220446049250313e-16 0 1
outer loop
vertex 66.09302886766437 -66.05675116617087 1.8499999999999976
vertex 68.29967682455961 -66.18843530246848 1.8499999999999979
vertex 68.22929018728027 -66.0567511661705 1.8499999999999979
endloop
endfacet
facet normal -2.220446049250313e-16 0 1
outer loop
vertex 62.86611976580765 -66.0567511661705 1.8499999999999972
vertex 62.795733128528326 -66.18843530246848 1.8499999999999972
vertex 64.75601739449147 -66.18843530246946 1.8499999999999983
endloop
endfacet
facet normal -2.220446049250313e-16 0 1
outer loop
vertex 62.86611976580765 -66.0567511661705 1.8499999999999972
vertex 64.75601739449147 -66.18843530246946 1.8499999999999983
vertex 65.00238108542375 -66.05675116617144 1.8499999999999983
endloop
endfacet
facet normal -2.220446049250313e-16 0 1
outer loop
vertex 66.33939255859698 -66.18843530246863 1.8499999999999985
vertex 66.55533213973494 -66.36565233680898 1.8499999999999976
vertex 68.36194046605057 -66.36565233681264 1.8499999999999979
endloop
endfacet
facet normal -2.220446049250313e-16 0 1
outer loop
vertex 66.33939255859698 -66.18843530246863 1.8499999999999985
vertex 68.36194046605057 -66.36565233681264 1.8499999999999979
vertex 68.31934357407786 -66.22522920290474 1.8499999999999979
endloop
endfacet
facet normal -2.220446049250313e-16 0 1
outer loop
vertex 66.33939255859698 -66.18843530246863 1.8499999999999985
vertex 68.31934357407786 -66.22522920290474 1.8499999999999979
vertex 68.29967682455961 -66.18843530246848 1.8499999999999979
endloop
endfacet
facet normal -2.220446049250313e-16 0 1
outer loop
vertex 62.795733128528326 -66.18843530246848 1.8499999999999972
vertex 62.776066379010075 -66.22522920290474 1.8499999999999972
vertex 62.73346948703737 -66.36565233681264 1.8499999999999972
endloop
endfacet
facet normal -2.220446049250313e-16 0 1
outer loop
vertex 62.795733128528326 -66.18843530246848 1.8499999999999972
vertex 62.73346948703737 -66.36565233681264 1.8499999999999972
vertex 64.540077813353 -66.36565233680905 1.8499999999999974
endloop
endfacet
facet normal -2.220446049250313e-16 0 1
outer loop
vertex 62.795733128528326 -66.18843530246848 1.8499999999999972
vertex 64.540077813353 -66.36565233680905 1.8499999999999974
vertex 64.75601739449147 -66.18843530246946 1.8499999999999983
endloop
endfacet
facet normal -2.220446049250313e-16 0 1
outer loop
vertex 66.55533213973494 -66.36565233680898 1.8499999999999976
vertex 66.732549174075 -66.58159191794712 1.8499999999999976
vertex 68.42744502184739 -66.58159191794755 1.8499999999999979
endloop
endfacet
facet normal -2.220446049250313e-16 0 1
outer loop
vertex 66.55533213973494 -66.36565233680898 1.8499999999999976
vertex 68.42744502184739 -66.58159191794755 1.8499999999999979
vertex 68.36194046605057 -66.36565233681264 1.8499999999999979
endloop
endfacet
facet normal -2.220446049250313e-16 0 1
outer loop
vertex 62.73346948703737 -66.36565233681264 1.8499999999999972
vertex 62.66796493124053 -66.58159191794755 1.8499999999999972
vertex 64.36286077901252 -66.58159191794694 1.8499999999999983
endloop
endfacet
facet normal -2.220446049250313e-16 0 1
outer loop
vertex 62.73346948703737 -66.36565233681264 1.8499999999999972
vertex 64.36286077901252 -66.58159191794694 1.8499999999999983
vertex 64.540077813353 -66.36565233680905 1.8499999999999974
endloop
endfacet
facet normal -2.220446049250313e-16 0 1
outer loop
vertex 66.732549174075 -66.58159191794712 1.8499999999999976
vertex 66.86423331037261 -66.82795560887972 1.8499999999999985
vertex 68.49399526122346 -66.82795560888101 1.8499999999999979
endloop
endfacet
facet normal -2.220446049250313e-16 0 1
outer loop
vertex 66.732549174075 -66.58159191794712 1.8499999999999976
vertex 68.49399526122346 -66.82795560888101 1.8499999999999979
vertex 68.49006081775364 -66.78800853395157 1.8499999999999979
endloop
endfacet
facet normal -2.220446049250313e-16 0 1
outer loop
vertex 66.732549174075 -66.58159191794712 1.8499999999999976
vertex 68.49006081775364 -66.78800853395157 1.8499999999999979
vertex 68.42744502184739 -66.58159191794755 1.8499999999999979
endloop
endfacet
facet normal -2.220446049250313e-16 0 1
outer loop
vertex 62.66796493124053 -66.58159191794755 1.8499999999999972
vertex 62.605349135334265 -66.78800853395157 1.8499999999999972
vertex 62.60141469186445 -66.82795560888101 1.8499999999999972
endloop
endfacet
facet normal -2.220446049250313e-16 0 1
outer loop
vertex 62.66796493124053 -66.58159191794755 1.8499999999999972
vertex 62.60141469186445 -66.82795560888101 1.8499999999999972
vertex 64.23117664271477 -66.82795560887955 1.8499999999999974
endloop
endfacet
facet normal -2.220446049250313e-16 0 1
outer loop
vertex 62.66796493124053 -66.58159191794755 1.8499999999999972
vertex 64.23117664271477 -66.82795560887955 1.8499999999999974
vertex 64.36286077901252 -66.58159191794694 1.8499999999999983
endloop
endfacet
facet normal -2.220446049250313e-16 0 1
outer loop
vertex 66.86423331037261 -66.82795560887972 1.8499999999999985
vertex 66.94532400111873 -67.09527579112695 1.8499999999999976
vertex 68.52032400111842 -67.0952757911256 1.8499999999999979
endloop
endfacet
facet normal -2.220446049250313e-16 0 1
outer loop
vertex 66.86423331037261 -66.82795560887972 1.8499999999999985
vertex 68.52032400111842 -67.0952757911256 1.8499999999999979
vertex 68.49399526122346 -66.82795560888101 1.8499999999999979
endloop
endfacet
facet normal -2.220446049250313e-16 0 1
outer loop
vertex 62.60141469186445 -66.82795560888101 1.8499999999999972
vertex 62.575085951969484 -67.0952757911256 1.8499999999999972
vertex 64.15008595196896 -67.09527579112698 1.8499999999999983
endloop
endfacet
facet normal -2.220446049250313e-16 0 1
outer loop
vertex 62.60141469186445 -66.82795560888101 1.8499999999999972
vertex 64.15008595196896 -67.09527579112698 1.8499999999999983
vertex 64.23117664271477 -66.82795560887955 1.8499999999999974
endloop
endfacet
facet normal -2.220446049250313e-16 0 1
outer loop
vertex 66.94532400111873 -67.09527579112695 1.8499999999999976
vertex 66.97270497654429 -67.37327949999997 1.8499999999999976
vertex 68.54770497654395 -67.37327950000001 1.8499999999999979
endloop
endfacet
facet normal -2.220446049250313e-16 0 1
outer loop
vertex 66.94532400111873 -67.09527579112695 1.8499999999999976
vertex 68.54770497654395 -67.37327950000001 1.8499999999999979
vertex 68.52032400111842 -67.0952757911256 1.8499999999999979
endloop
endfacet
facet normal -2.220446049250313e-16 0 1
outer loop
vertex 62.575085951969484 -67.0952757911256 1.8499999999999972
vertex 62.547704976543955 -67.37327950000001 1.8499999999999972
vertex 64.12270497654413 -67.37327949999998 1.8499999999999983
endloop
endfacet
facet normal -2.220446049250313e-16 0 1
outer loop
vertex 62.575085951969484 -67.0952757911256 1.8499999999999972
vertex 64.12270497654413 -67.37327949999998 1.8499999999999983
vertex 64.15008595196896 -67.09527579112698 1.8499999999999983
endloop
endfacet
facet normal -2.220446049250313e-16 0 1
outer loop
vertex 66.97270497654429 -67.37327949999997 1.8499999999999976
vertex 66.9453240011183 -67.65128320887297 1.8499999999999976
vertex 68.52032400111885 -67.65128320886984 1.8499999999999979
endloop
endfacet
facet normal -2.220446049250313e-16 0 1
outer loop
vertex 66.97270497654429 -67.37327949999997 1.8499999999999976
vertex 68.52032400111885 -67.65128320886984 1.8499999999999979
vertex 68.54770497654395 -67.37327950000001 1.8499999999999979
endloop
endfacet
facet normal -2.220446049250313e-16 0 1
outer loop
vertex 62.547704976543955 -67.37327950000001 1.8499999999999972
vertex 62.575085951969044 -67.65128320886984 1.8499999999999972
vertex 64.15008595196952 -67.65128320887297 1.8499999999999983
endloop
endfacet
facet normal -2.220446049250313e-16 0 1
outer loop
vertex 62.547704976543955 -67.37327950000001 1.8499999999999972
vertex 64.15008595196952 -67.65128320887297 1.8499999999999983
vertex 64.12270497654413 -67.37327949999998 1.8499999999999983
endloop
endfacet
facet normal -2.220446049250313e-16 0 1
outer loop
vertex 66.9453240011183 -67.65128320887297 1.8499999999999976
vertex 66.86423331037169 -67.91860339111999 1.8499999999999985
vertex 68.49399526122308 -67.91860339112267 1.8499999999999979
endloop
endfacet
facet normal -2.220446049250313e-16 0 1
outer loop
vertex 66.9453240011183 -67.65128320887297 1.8499999999999976
vertex 68.49399526122308 -67.91860339112267 1.8499999999999979
vertex 68.52032400111885 -67.65128320886984 1.8499999999999979
endloop
endfacet
facet normal -2.220446049250313e-16 0 1
outer loop
vertex 62.575085951969044 -67.65128320886984 1.8499999999999972
vertex 62.60141469186482 -67.91860339112267 1.8499999999999972
vertex 64.23117664271544 -67.91860339112021 1.8499999999999983
endloop
endfacet
facet normal -2.220446049250313e-16 0 1
outer loop
vertex 62.575085951969044 -67.65128320886984 1.8499999999999972
vertex 64.23117664271544 -67.91860339112021 1.8499999999999983
vertex 64.15008595196952 -67.65128320887297 1.8499999999999983
endloop
endfacet
facet normal -2.220446049250313e-16 0 1
outer loop
vertex 66.86423331037169 -67.91860339111999 1.8499999999999985
vertex 66.73254917407475 -68.16496708205278 1.8499999999999985
vertex 68.42744502184784 -68.16496708205081 1.8499999999999979
endloop
endfacet
facet normal -2.220446049250313e-16 0 1
outer loop
vertex 66.86423331037169 -67.91860339111999 1.8499999999999985
vertex 68.42744502184784 -68.16496708205081 1.8499999999999979
vertex 68.49006081775363 -67.9585504660483 1.8499999999999979
endloop
endfacet
facet normal -2.220446049250313e-16 0 1
outer loop
vertex 66.86423331037169 -67.91860339111999 1.8499999999999985
vertex 68.49006081775363 -67.9585504660483 1.8499999999999979
vertex 68.49399526122308 -67.91860339112267 1.8499999999999979
endloop
endfacet
facet normal -2.220446049250313e-16 0 1
outer loop
vertex 62.60141469186482 -67.91860339112267 1.8499999999999972
vertex 62.60534913533425 -67.9585504660483 1.8499999999999972
vertex 62.667964931240064 -68.16496708205081 1.8499999999999972
endloop
endfacet
facet normal -2.220446049250313e-16 0 1
outer loop
vertex 62.60141469186482 -67.91860339112267 1.8499999999999972
vertex 62.667964931240064 -68.16496708205081 1.8499999999999972
vertex 64.36286077901278 -68.16496708205298 1.8499999999999974
endloop
endfacet
facet normal -2.220446049250313e-16 0 1
outer loop
vertex 62.60141469186482 -67.91860339112267 1.8499999999999972
vertex 64.36286077901278 -68.16496708205298 1.8499999999999974
vertex 64.23117664271544 -67.91860339112021 1.8499999999999983
endloop
endfacet
facet normal -2.220446049250313e-16 0 1
outer loop
vertex 66.73254917407475 -68.16496708205278 1.8499999999999985
vertex 66.55533213973422 -68.38090666319034 1.8499999999999976
vertex 68.36194046604943 -68.38090666319103 1.8499999999999979
endloop
endfacet
facet normal -2.220446049250313e-16 0 1
outer loop
vertex 66.73254917407475 -68.16496708205278 1.8499999999999985
vertex 68.36194046604943 -68.38090666319103 1.8499999999999979
vertex 68.42744502184784 -68.16496708205081 1.8499999999999979
endloop
endfacet
facet normal -2.220446049250313e-16 0 1
outer loop
vertex 62.667964931240064 -68.16496708205081 1.8499999999999972
vertex 62.733469487038505 -68.38090666319103 1.8499999999999972
vertex 64.54007781335329 -68.38090666319064 1.8499999999999974
endloop
endfacet
facet normal -2.220446049250313e-16 0 1
outer loop
vertex 62.667964931240064 -68.16496708205081 1.8499999999999972
vertex 64.54007781335329 -68.38090666319064 1.8499999999999974
vertex 64.36286077901278 -68.16496708205298 1.8499999999999974
endloop
endfacet
facet normal -2.220446049250313e-16 0 1
outer loop
vertex 66.55533213973422 -68.38090666319034 1.8499999999999976
vertex 66.3393925585965 -68.55812369753068 1.8499999999999985
vertex 68.29967682456052 -68.55812369752981 1.8499999999999979
endloop
endfacet
facet normal -2.220446049250313e-16 0 1
outer loop
vertex 66.55533213973422 -68.38090666319034 1.8499999999999976
vertex 68.29967682456052 -68.55812369752981 1.8499999999999979
vertex 68.31934357407786 -68.52132979709523 1.8499999999999979
endloop
endfacet
facet normal -2.220446049250313e-16 0 1
outer loop
vertex 66.55533213973422 -68.38090666319034 1.8499999999999976
vertex 68.31934357407786 -68.52132979709523 1.8499999999999979
vertex 68.36194046604943 -68.38090666319103 1.8499999999999979
endloop
endfacet
facet normal -2.220446049250313e-16 0 1
outer loop
vertex 62.733469487038505 -68.38090666319103 1.8499999999999972
vertex 62.77606637901009 -68.52132979709523 1.8499999999999972
vertex 62.79573312852743 -68.55812369752981 1.8499999999999972
endloop
endfacet
facet normal -2.220446049250313e-16 0 1
outer loop
vertex 62.733469487038505 -68.38090666319103 1.8499999999999972
vertex 62.79573312852743 -68.55812369752981 1.8499999999999972
vertex 64.75601739449107 -68.55812369753102 1.8499999999999974
endloop
endfacet
facet normal -2.220446049250313e-16 0 1
outer loop
vertex 62.733469487038505 -68.38090666319103 1.8499999999999972
vertex 64.75601739449107 -68.55812369753102 1.8499999999999974
vertex 64.54007781335329 -68.38090666319064 1.8499999999999974
endloop
endfacet
facet normal -2.220446049250313e-16 0 1
outer loop
vertex 66.3393925585965 -68.55812369753068 1.8499999999999985
vertex 66.09302886766382 -68.68980783382784 1.8499999999999976
vertex 68.22929018728124 -68.68980783382767 1.8499999999999979
endloop
endfacet
facet normal -2.220446049250313e-16 0 1
outer loop
vertex 66.3393925585965 -68.55812369753068 1.8499999999999985
vertex 68.22929018728124 -68.68980783382767 1.8499999999999979
vertex 68.29967682456052 -68.55812369752981 1.8499999999999979
endloop
endfacet
facet normal -2.220446049250313e-16 0 1
outer loop
vertex 62.79573312852743 -68.55812369752981 1.8499999999999972
vertex 62.866119765806715 -68.68980783382767 1.8499999999999972
vertex 65.00238108542385 -68.68980783382816 1.8499999999999974
endloop
endfacet
facet normal -2.220446049250313e-16 0 1
outer loop
vertex 62.79573312852743 -68.55812369752981 1.8499999999999972
vertex 65.00238108542385 -68.68980783382816 1.8499999999999974
vertex 64.75601739449107 -68.55812369753102 1.8499999999999974
endloop
endfacet
facet normal -2.220446049250313e-16 0 1
outer loop
vertex 66.09302886766382 -68.68980783382784 1.8499999999999976
vertex 65.82570868541688 -68.7708985245745 1.8499999999999985
vertex 68.18594631005507 -68.77089852457458 1.8499999999999979
endloop
endfacet
facet normal -2.220446049250313e-16 0 1
outer loop
vertex 66.09302886766382 -68.68980783382784 1.8499999999999976
vertex 68.18594631005507 -68.77089852457458 1.8499999999999979
vertex 68.22929018728124 -68.68980783382767 1.8499999999999979
endloop
endfacet
facet normal -2.220446049250313e-16 0 1
outer loop
vertex 62.866119765806715 -68.68980783382767 1.8499999999999972
vertex 62.90946364303288 -68.77089852457458 1.8499999999999972
vertex 65.26970126767101 -68.77089852457415 1.8499999999999983
endloop
endfacet
facet normal -2.220446049250313e-16 0 1
outer loop
vertex 62.866119765806715 -68.68980783382767 1.8499999999999972
vertex 65.26970126767101 -68.77089852457415 1.8499999999999983
vertex 65.00238108542385 -68.68980783382816 1.8499999999999974
endloop
endfacet
facet normal -2.220446049250313e-16 0 1
outer loop
vertex 65.82570868541688 -68.7708985245745 1.8499999999999985
vertex 65.54770497654394 -68.79827949999995 1.8499999999999983
vertex 68.17131087377713 -68.79827949999974 1.8499999999999979
endloop
endfacet
facet normal -2.220446049250313e-16 0 1
outer loop
vertex 65.82570868541688 -68.7708985245745 1.8499999999999985
vertex 68.17131087377713 -68.79827949999974 1.8499999999999979
vertex 68.18594631005507 -68.77089852457458 1.8499999999999979
endloop
endfacet
facet normal -2.220446049250313e-16 0 1
outer loop
vertex 62.90946364303288 -68.77089852457458 1.8499999999999972
vertex 62.92409907931082 -68.79827949999974 1.8499999999999972
vertex 65.54770497654394 -68.79827949999995 1.8499999999999983
endloop
endfacet
facet normal -2.220446049250313e-16 0 1
outer loop
vertex 62.90946364303288 -68.77089852457458 1.8499999999999972
vertex 65.54770497654394 -68.79827949999995 1.8499999999999983
vertex 65.26970126767101 -68.77089852457415 1.8499999999999983
endloop
endfacet
facet normal -4.2316684293020417e-16 -2.2618738991133914e-16 1
outer loop
vertex 65.54770497654394 -68.79827949999995 1.8499999999999983
vertex 62.92409907931082 -68.79827949999974 1.8499999999999972
vertex 63.053296139636416 -69.03999019905893 1.8499999999999972
endloop
endfacet
facet normal -4.2316684293020417e-16 -2.2618738991133914e-16 1
outer loop
vertex 65.54770497654394 -68.79827949999995 1.8499999999999983
vertex 63.053296139636416 -69.03999019905893 1.8499999999999972
vertex 63.42638463298424 -69.49459984355958 1.8499999999999972
endloop
endfacet
facet normal -4.2316684293020417e-16 -2.2618738991133914e-16 1
outer loop
vertex 65.54770497654394 -68.79827949999995 1.8499999999999983
vertex 63.42638463298424 -69.49459984355958 1.8499999999999972
vertex 63.880994277485186 -69.86768833690766 1.8499999999999974
endloop
endfacet
facet normal -4.2316684293020417e-16 -2.2618738991133914e-16 1
outer loop
vertex 65.54770497654394 -68.79827949999995 1.8499999999999983
vertex 63.880994277485186 -69.86768833690766 1.8499999999999974
vertex 64.39965467944862 -70.14491809753383 1.8499999999999974
endloop
endfacet
facet normal -4.2316684293020417e-16 -2.2618738991133914e-16 1
outer loop
vertex 65.54770497654394 -68.79827949999995 1.8499999999999983
vertex 64.39965467944862 -70.14491809753383 1.8499999999999974
vertex 64.9624340104956 -70.31563534120968 1.8499999999999974
endloop
endfacet
facet normal -4.2316684293020417e-16 -2.2618738991133914e-16 1
outer loop
vertex 65.54770497654394 -68.79827949999995 1.8499999999999983
vertex 64.9624340104956 -70.31563534120968 1.8499999999999974
vertex 65.54770497654397 -70.3732795 1.8499999999999974
endloop
endfacet
facet normal -4.2316684293020417e-16 -2.2618738991133914e-16 1
outer loop
vertex 65.54770497654394 -68.79827949999995 1.8499999999999983
vertex 65.54770497654397 -70.3732795 1.8499999999999974
vertex 66.13297594259241 -70.31563534120968 1.8499999999999976
endloop
endfacet
facet normal -4.2316684293020417e-16 -2.2618738991133914e-16 1
outer loop
vertex 65.54770497654394 -68.79827949999995 1.8499999999999983
vertex 66.13297594259241 -70.31563534120968 1.8499999999999976
vertex 66.69575527363924 -70.14491809753383 1.8499999999999976
endloop
endfacet
facet normal -4.2316684293020417e-16 -2.2618738991133914e-16 1
outer loop
vertex 65.54770497654394 -68.79827949999995 1.8499999999999983
vertex 66.69575527363924 -70.14491809753383 1.8499999999999976
vertex 67.2144156756028 -69.86768833690766 1.8499999999999976
endloop
endfacet
facet normal -4.2316684293020417e-16 -2.2618738991133914e-16 1
outer loop
vertex 65.54770497654394 -68.79827949999995 1.8499999999999983
vertex 67.2144156756028 -69.86768833690766 1.8499999999999976
vertex 67.6690253201036 -69.49459984355958 1.8499999999999979
endloop
endfacet
facet normal -4.2316684293020417e-16 -2.2618738991133914e-16 1
outer loop
vertex 65.54770497654394 -68.79827949999995 1.8499999999999983
vertex 67.6690253201036 -69.49459984355958 1.8499999999999979
vertex 68.04211381345152 -69.03999019905893 1.8499999999999979
endloop
endfacet
facet normal -4.2316684293020417e-16 -2.2618738991133914e-16 1
outer loop
vertex 65.54770497654394 -68.79827949999995 1.8499999999999983
vertex 68.04211381345152 -69.03999019905893 1.8499999999999979
vertex 68.17131087377713 -68.79827949999974 1.8499999999999979
endloop
endfacet
facet normal -9.12300249516095e-16 1.7067937188868845e-15 1
outer loop
vertex 124.11554791049556 -68.96871745879031 1.8500000000000048
vertex 123.55276857944867 -69.13943470246612 1.8500000000000045
vertex 123.03410817748518 -69.41666446309237 1.8500000000000045
endloop
endfacet
facet normal -9.12300249516095e-16 1.7067937188868845e-15 1
outer loop
vertex 124.11554791049556 -68.96871745879031 1.8500000000000048
vertex 123.03410817748518 -69.41666446309237 1.8500000000000045
vertex 122.5794985329843 -69.78975295644027 1.8500000000000045
endloop
endfacet
facet normal -9.12300249516095e-16 1.7067937188868845e-15 1
outer loop
vertex 124.11554791049556 -68.96871745879031 1.8500000000000048
vertex 122.5794985329843 -69.78975295644027 1.8500000000000045
vertex 122.20641003963625 -70.24436260094119 1.8500000000000045
endloop
endfacet
facet normal -9.12300249516095e-16 1.7067937188868845e-15 1
outer loop
vertex 124.11554791049556 -68.96871745879031 1.8500000000000048
vertex 122.20641003963625 -70.24436260094119 1.8500000000000045
vertex 122.0772129793109 -70.48607330000002 1.8500000000000045
endloop
endfacet
facet normal -9.12300249516095e-16 1.7067937188868845e-15 1
outer loop
vertex 124.11554791049556 -68.96871745879031 1.8500000000000048
vertex 122.0772129793109 -70.48607330000002 1.8500000000000045
vertex 124.70081887654396 -70.48607330000024 1.8500000000000056
endloop
endfacet
facet normal -9.12300249516095e-16 1.7067937188868845e-15 1
outer loop
vertex 124.11554791049556 -68.96871745879031 1.8500000000000048
vertex 124.70081887654396 -70.48607330000024 1.8500000000000056
vertex 127.32442477377697 -70.48607330000002 1.8500000000000052
endloop
endfacet
facet normal -9.12300249516095e-16 1.7067937188868845e-15 1
outer loop
vertex 124.11554791049556 -68.96871745879031 1.8500000000000048
vertex 127.32442477377697 -70.48607330000002 1.8500000000000052
vertex 127.19522771345157 -70.24436260094119 1.850000000000005
endloop
endfacet
facet normal -9.12300249516095e-16 1.7067937188868845e-15 1
outer loop
vertex 124.11554791049556 -68.96871745879031 1.8500000000000048
vertex 127.19522771345157 -70.24436260094119 1.850000000000005
vertex 126.82213922010351 -69.78975295644027 1.850000000000005
endloop
endfacet
facet normal -9.12300249516095e-16 1.7067937188868845e-15 1
outer loop
vertex 124.11554791049556 -68.96871745879031 1.8500000000000048
vertex 126.82213922010351 -69.78975295644027 1.850000000000005
vertex 126.36752957560279 -69.41666446309237 1.850000000000005
endloop
endfacet
facet normal -9.12300249516095e-16 1.7067937188868845e-15 1
outer loop
vertex 124.11554791049556 -68.96871745879031 1.8500000000000048
vertex 126.36752957560279 -69.41666446309237 1.850000000000005
vertex 125.8488691736392 -69.13943470246612 1.850000000000005
endloop
endfacet
facet normal -9.12300249516095e-16 1.7067937188868845e-15 1
outer loop
vertex 124.11554791049556 -68.96871745879031 1.8500000000000048
vertex 125.8488691736392 -69.13943470246612 1.850000000000005
vertex 125.28608984259233 -68.96871745879031 1.8500000000000048
endloop
endfacet
facet normal -9.12300249516095e-16 1.7067937188868845e-15 1
outer loop
vertex 124.11554791049556 -68.96871745879031 1.8500000000000048
vertex 125.28608984259233 -68.96871745879031 1.8500000000000048
vertex 124.7008188765439 -68.9110733 1.8500000000000048
endloop
endfacet
facet normal -2.220446049250313e-16 0 1
outer loop
vertex 124.70081887654396 -70.48607330000024 1.8500000000000056
vertex 124.97882258541695 -70.5134542754252 1.8500000000000056
vertex 127.3390602100552 -70.5134542754257 1.8500000000000052
endloop
endfacet
facet normal -2.220446049250313e-16 0 1
outer loop
vertex 124.70081887654396 -70.48607330000024 1.8500000000000056
vertex 127.3390602100552 -70.5134542754257 1.8500000000000052
vertex 127.32442477377697 -70.48607330000002 1.8500000000000052
endloop
endfacet
facet normal -2.220446049250313e-16 0 1
outer loop
vertex 122.0772129793109 -70.48607330000002 1.8500000000000045
vertex 122.06257754303269 -70.5134542754257 1.8500000000000045
vertex 124.42281516767099 -70.51345427542547 1.8500000000000056
endloop
endfacet
facet normal -2.220446049250313e-16 0 1
outer loop
vertex 122.0772129793109 -70.48607330000002 1.8500000000000045
vertex 124.42281516767099 -70.51345427542547 1.8500000000000056
vertex 124.70081887654396 -70.48607330000024 1.8500000000000056
endloop
endfacet
facet normal -2.220446049250313e-16 0 1
outer loop
vertex 124.97882258541695 -70.5134542754252 1.8500000000000056
vertex 125.2461427676642 -70.5945449661714 1.8500000000000056
vertex 127.38240408728083 -70.59454496617164 1.8500000000000052
endloop
endfacet
facet normal -2.220446049250313e-16 0 1
outer loop
vertex 124.97882258541695 -70.5134542754252 1.8500000000000056
vertex 127.38240408728083 -70.59454496617164 1.8500000000000052
vertex 127.3390602100552 -70.5134542754257 1.8500000000000052
endloop
endfacet
facet normal -2.220446049250313e-16 0 1
outer loop
vertex 122.06257754303269 -70.5134542754257 1.8500000000000045
vertex 122.01923366580705 -70.59454496617164 1.8500000000000045
vertex 124.15549498542367 -70.59454496617141 1.8500000000000056
endloop
endfacet
facet normal -2.220446049250313e-16 0 1
outer loop
vertex 122.06257754303269 -70.5134542754257 1.8500000000000045
vertex 124.15549498542367 -70.59454496617141 1.8500000000000056
vertex 124.42281516767099 -70.51345427542547 1.8500000000000056
endloop
endfacet
facet normal -2.220446049250313e-16 0 1
outer loop
vertex 125.2461427676642 -70.5945449661714 1.8500000000000056
vertex 125.49250645859686 -70.72622910246889 1.8500000000000059
vertex 127.45279072455895 -70.72622910246733 1.8500000000000052
endloop
endfacet
facet normal -2.220446049250313e-16 0 1
outer loop
vertex 125.2461427676642 -70.5945449661714 1.8500000000000056
vertex 127.45279072455895 -70.72622910246733 1.8500000000000052
vertex 127.38240408728083 -70.59454496617164 1.8500000000000052
endloop
endfacet
facet normal -2.220446049250313e-16 0 1
outer loop
vertex 122.01923366580705 -70.59454496617164 1.8500000000000045
vertex 121.94884702852897 -70.72622910246733 1.8500000000000045
vertex 123.90913129449137 -70.72622910246936 1.8500000000000056
endloop
endfacet
facet normal -2.220446049250313e-16 0 1
outer loop
vertex 122.01923366580705 -70.59454496617164 1.8500000000000045
vertex 123.90913129449137 -70.72622910246936 1.8500000000000056
vertex 124.15549498542367 -70.59454496617141 1.8500000000000056
endloop
endfacet
facet normal -2.220446049250313e-16 0 1
outer loop
vertex 125.49250645859686 -70.72622910246889 1.8500000000000059
vertex 125.70844603973475 -70.9034461368092 1.850000000000005
vertex 127.51505436605075 -70.90344613681339 1.8500000000000052
endloop
endfacet
facet normal -2.220446049250313e-16 0 1
outer loop
vertex 125.49250645859686 -70.72622910246889 1.8500000000000059
vertex 127.51505436605075 -70.90344613681339 1.8500000000000052
vertex 127.47245747407783 -70.76302300290477 1.8500000000000052
endloop
endfacet
facet normal -2.220446049250313e-16 0 1
outer loop
vertex 125.49250645859686 -70.72622910246889 1.8500000000000059
vertex 127.47245747407783 -70.76302300290477 1.8500000000000052
vertex 127.45279072455895 -70.72622910246733 1.8500000000000052
endloop
endfacet
facet normal -2.220446049250313e-16 0 1
outer loop
vertex 121.94884702852897 -70.72622910246733 1.8500000000000045
vertex 121.9291802790101 -70.76302300290477 1.8500000000000045
vertex 121.88658338703716 -70.90344613681339 1.8500000000000045
endloop
endfacet
facet normal -2.220446049250313e-16 0 1
outer loop
vertex 121.94884702852897 -70.72622910246733 1.8500000000000045
vertex 121.88658338703716 -70.90344613681339 1.8500000000000045
vertex 123.69319171335269 -70.9034461368088 1.8500000000000048
endloop
endfacet
facet normal -2.220446049250313e-16 0 1
outer loop
vertex 121.94884702852897 -70.72622910246733 1.8500000000000045
vertex 123.69319171335269 -70.9034461368088 1.8500000000000048
vertex 123.90913129449137 -70.72622910246936 1.8500000000000056
endloop
endfacet
facet normal -2.220446049250313e-16 0 1
outer loop
vertex 125.70844603973475 -70.9034461368092 1.850000000000005
vertex 125.885663074075 -71.11938571794715 1.8500000000000059
vertex 127.58055892184606 -71.11938571794326 1.8500000000000052
endloop
endfacet
facet normal -2.220446049250313e-16 0 1
outer loop
vertex 125.70844603973475 -70.9034461368092 1.850000000000005
vertex 127.58055892184606 -71.11938571794326 1.8500000000000052
vertex 127.51505436605075 -70.90344613681339 1.8500000000000052
endloop
endfacet
facet normal -2.220446049250313e-16 0 1
outer loop
vertex 121.88658338703716 -70.90344613681339 1.8500000000000045
vertex 121.82107883124185 -71.11938571794326 1.8500000000000043
vertex 123.51597467901311 -71.11938571794721 1.8500000000000045
endloop
endfacet
facet normal -2.220446049250313e-16 0 1
outer loop
vertex 121.88658338703716 -70.90344613681339 1.8500000000000045
vertex 123.51597467901311 -71.11938571794721 1.8500000000000045
vertex 123.69319171335269 -70.9034461368088 1.8500000000000048
endloop
endfacet
facet normal -2.220446049250313e-16 0 1
outer loop
vertex 125.885663074075 -71.11938571794715 1.8500000000000059
vertex 126.01734721037231 -71.36574940887988 1.850000000000005
vertex 127.64710916122348 -71.36574940888136 1.8500000000000052
endloop
endfacet
facet normal -2.220446049250313e-16 0 1
outer loop
vertex 125.885663074075 -71.11938571794715 1.8500000000000059
vertex 127.64710916122348 -71.36574940888136 1.8500000000000052
vertex 127.64317471775364 -71.32580233395161 1.8500000000000052
endloop
endfacet
facet normal -2.220446049250313e-16 0 1
outer loop
vertex 125.885663074075 -71.11938571794715 1.8500000000000059
vertex 127.64317471775364 -71.32580233395161 1.8500000000000052
vertex 127.58055892184606 -71.11938571794326 1.8500000000000052
endloop
endfacet
facet normal -2.220446049250313e-16 0 1
outer loop
vertex 121.82107883124185 -71.11938571794326 1.8500000000000043
vertex 121.75846303533424 -71.32580233395161 1.8500000000000043
vertex 121.75452859186441 -71.36574940888136 1.8500000000000043
endloop
endfacet
facet normal -2.220446049250313e-16 0 1
outer loop
vertex 121.82107883124185 -71.11938571794326 1.8500000000000043
vertex 121.75452859186441 -71.36574940888136 1.8500000000000043
vertex 123.38429054271535 -71.36574940887975 1.8500000000000045
endloop
endfacet
facet normal -2.220446049250313e-16 0 1
outer loop
vertex 121.82107883124185 -71.11938571794326 1.8500000000000043
vertex 123.38429054271535 -71.36574940887975 1.8500000000000045
vertex 123.51597467901311 -71.11938571794721 1.8500000000000045
endloop
endfacet
facet normal -2.220446049250313e-16 0 1
outer loop
vertex 126.01734721037231 -71.36574940887988 1.850000000000005
vertex 126.0984379011186 -71.633069591127 1.8500000000000059
vertex 127.67343790111858 -71.63306959112724 1.8500000000000052
endloop
endfacet
facet normal -2.220446049250313e-16 0 1
outer loop
vertex 126.01734721037231 -71.36574940887988 1.850000000000005
vertex 127.67343790111858 -71.63306959112724 1.8500000000000052
vertex 127.64710916122348 -71.36574940888136 1.8500000000000052
endloop
endfacet
facet normal -2.220446049250313e-16 0 1
outer loop
vertex 121.75452859186441 -71.36574940888136 1.8500000000000043
vertex 121.72819985196932 -71.63306959112724 1.8500000000000043
vertex 123.30319985196928 -71.63306959112701 1.8500000000000045
endloop
endfacet
facet normal -2.220446049250313e-16 0 1
outer loop
vertex 121.75452859186441 -71.36574940888136 1.8500000000000043
vertex 123.30319985196928 -71.63306959112701 1.8500000000000045
vertex 123.38429054271535 -71.36574940887975 1.8500000000000045
endloop
endfacet
facet normal -2.220446049250313e-16 0 1
outer loop
vertex 126.0984379011186 -71.633069591127 1.8500000000000059
vertex 126.12581887654386 -71.91107330000003 1.8500000000000059
vertex 127.70081887654395 -71.9110733 1.8500000000000052
endloop
endfacet
facet normal -2.220446049250313e-16 0 1
outer loop
vertex 126.0984379011186 -71.633069591127 1.8500000000000059
vertex 127.70081887654395 -71.9110733 1.8500000000000052
vertex 127.67343790111858 -71.63306959112724 1.8500000000000052
endloop
endfacet
facet normal -2.220446049250313e-16 0 1
outer loop
vertex 121.72819985196932 -71.63306959112724 1.8500000000000043
vertex 121.70081887654395 -71.9110733 1.8500000000000043
vertex 123.27581887654404 -71.9110733 1.8500000000000045
endloop
endfacet
facet normal -2.220446049250313e-16 0 1
outer loop
vertex 121.72819985196932 -71.63306959112724 1.8500000000000043
vertex 123.27581887654404 -71.9110733 1.8500000000000045
vertex 123.30319985196928 -71.63306959112701 1.8500000000000045
endloop
endfacet
facet normal -2.220446049250313e-16 0 1
outer loop
vertex 126.12581887654386 -71.91107330000003 1.8500000000000059
vertex 126.0984379011185 -72.18907700887299 1.850000000000005
vertex 127.67343790111855 -72.18907700887293 1.8500000000000052
endloop
endfacet
facet normal -2.220446049250313e-16 0 1
outer loop
vertex 126.12581887654386 -71.91107330000003 1.8500000000000059
vertex 127.67343790111855 -72.18907700887293 1.8500000000000052
vertex 127.70081887654395 -71.9110733 1.8500000000000052
endloop
endfacet
facet normal -2.220446049250313e-16 0 1
outer loop
vertex 121.70081887654395 -71.9110733 1.8500000000000043
vertex 121.72819985196935 -72.18907700887293 1.8500000000000043
vertex 123.30319985196942 -72.18907700887299 1.8500000000000045
endloop
endfacet
facet normal -2.220446049250313e-16 0 1
outer loop
vertex 121.70081887654395 -71.9110733 1.8500000000000043
vertex 123.30319985196942 -72.18907700887299 1.8500000000000045
vertex 123.27581887654404 -71.9110733 1.8500000000000045
endloop
endfacet
facet normal -2.220446049250313e-16 0 1
outer loop
vertex 126.0984379011185 -72.18907700887299 1.850000000000005
vertex 126.01734721037246 -72.45639719112022 1.850000000000005
vertex 127.64710916122317 -72.45639719112188 1.8500000000000052
endloop
endfacet
facet normal -2.220446049250313e-16 0 1
outer loop
vertex 126.0984379011185 -72.18907700887299 1.850000000000005
vertex 127.64710916122317 -72.45639719112188 1.8500000000000052
vertex 127.67343790111855 -72.18907700887293 1.8500000000000052
endloop
endfacet
facet normal -2.220446049250313e-16 0 1
outer loop
vertex 121.72819985196935 -72.18907700887293 1.8500000000000043
vertex 121.75452859186476 -72.45639719112188 1.8500000000000043
vertex 123.38429054271515 -72.45639719112036 1.8500000000000045
endloop
endfacet
facet normal -2.220446049250313e-16 0 1
outer loop
vertex 121.72819985196935 -72.18907700887293 1.8500000000000043
vertex 123.38429054271515 -72.45639719112036 1.8500000000000045
vertex 123.30319985196942 -72.18907700887299 1.8500000000000045
endloop
endfacet
facet normal -2.220446049250313e-16 0 1
outer loop
vertex 126.01734721037246 -72.45639719112022 1.850000000000005
vertex 125.88566307407531 -72.70276088205306 1.850000000000005
vertex 127.58055892184657 -72.70276088205503 1.8500000000000052
endloop
endfacet
facet normal -2.220446049250313e-16 0 1
outer loop
vertex 126.01734721037246 -72.45639719112022 1.850000000000005
vertex 127.58055892184657 -72.70276088205503 1.8500000000000052
vertex 127.64317471775364 -72.49634426604841 1.8500000000000052
endloop
endfacet
facet normal -2.220446049250313e-16 0 1
outer loop
vertex 126.01734721037246 -72.45639719112022 1.850000000000005
vertex 127.64317471775364 -72.49634426604841 1.8500000000000052
vertex 127.64710916122317 -72.45639719112188 1.8500000000000052
endloop
endfacet
facet normal -2.220446049250313e-16 0 1
outer loop
vertex 121.75452859186476 -72.45639719112188 1.8500000000000043
vertex 121.75846303533427 -72.49634426604841 1.8500000000000043
vertex 121.82107883124132 -72.70276088205503 1.8500000000000043
endloop
endfacet
facet normal -2.220446049250313e-16 0 1
outer loop
vertex 121.75452859186476 -72.45639719112188 1.8500000000000043
vertex 121.82107883124132 -72.70276088205503 1.8500000000000043
vertex 123.51597467901291 -72.70276088205286 1.8500000000000054
endloop
endfacet
facet normal -2.220446049250313e-16 0 1
outer loop
vertex 121.75452859186476 -72.45639719112188 1.8500000000000043
vertex 123.51597467901291 -72.70276088205286 1.8500000000000054
vertex 123.38429054271515 -72.45639719112036 1.8500000000000045
endloop
endfacet
facet normal -2.220446049250313e-16 0 1
outer loop
vertex 125.88566307407531 -72.70276088205306 1.850000000000005
vertex 125.70844603973532 -72.91870046319129 1.8500000000000059
vertex 127.51505436605018 -72.9187004631885 1.8500000000000052
endloop
endfacet
facet normal -2.220446049250313e-16 0 1
outer loop
vertex 125.88566307407531 -72.70276088205306 1.850000000000005
vertex 127.51505436605018 -72.9187004631885 1.8500000000000052
vertex 127.58055892184657 -72.70276088205503 1.8500000000000052
endloop
endfacet
facet normal -2.220446049250313e-16 0 1
outer loop
vertex 121.82107883124132 -72.70276088205503 1.8500000000000043
vertex 121.88658338703772 -72.9187004631885 1.8500000000000045
vertex 123.69319171335309 -72.91870046319086 1.8500000000000048
endloop
endfacet
facet normal -2.220446049250313e-16 0 1
outer loop
vertex 121.82107883124132 -72.70276088205503 1.8500000000000043
vertex 123.69319171335309 -72.91870046319086 1.8500000000000048
vertex 123.51597467901291 -72.70276088205286 1.8500000000000054
endloop
endfacet
facet normal -2.220446049250313e-16 0 1
outer loop
vertex 125.70844603973532 -72.91870046319129 1.8500000000000059
vertex 125.49250645859686 -73.09591749753113 1.8500000000000059
vertex 127.45279072456083 -73.09591749752916 1.8500000000000052
endloop
endfacet
facet normal -2.220446049250313e-16 0 1
outer loop
vertex 125.70844603973532 -72.91870046319129 1.8500000000000059
vertex 127.45279072456083 -73.09591749752916 1.8500000000000052
vertex 127.47245747407783 -73.05912359709521 1.8500000000000052
endloop
endfacet
facet normal -2.220446049250313e-16 0 1
outer loop
vertex 125.70844603973532 -72.91870046319129 1.8500000000000059
vertex 127.47245747407783 -73.05912359709521 1.8500000000000052
vertex 127.51505436605018 -72.9187004631885 1.8500000000000052
endloop
endfacet
facet normal -2.220446049250313e-16 0 1
outer loop
vertex 121.88658338703772 -72.9187004631885 1.8500000000000045
vertex 121.92918027901007 -73.05912359709521 1.8500000000000045
vertex 121.94884702852707 -73.09591749752916 1.8500000000000045
endloop
endfacet
facet normal -2.220446049250313e-16 0 1
outer loop
vertex 121.88658338703772 -72.9187004631885 1.8500000000000045
vertex 121.94884702852707 -73.09591749752916 1.8500000000000045
vertex 123.90913129449105 -73.09591749753106 1.8500000000000056
endloop
endfacet
facet normal -2.220446049250313e-16 0 1
outer loop
vertex 121.88658338703772 -72.9187004631885 1.8500000000000045
vertex 123.90913129449105 -73.09591749753106 1.8500000000000056
vertex 123.69319171335309 -72.91870046319086 1.8500000000000048
endloop
endfacet
facet normal -2.220446049250313e-16 0 1
outer loop
vertex 125.49250645859686 -73.09591749753113 1.8500000000000059
vertex 125.24614276766391 -73.22760163382806 1.8500000000000048
vertex 127.38240408728018 -73.2276016338296 1.8500000000000052
endloop
endfacet
facet normal -2.220446049250313e-16 0 1
outer loop
vertex 125.49250645859686 -73.09591749753113 1.8500000000000059
vertex 127.38240408728018 -73.2276016338296 1.8500000000000052
vertex 127.45279072456083 -73.09591749752916 1.8500000000000052
endloop
endfacet
facet normal -2.220446049250313e-16 0 1
outer loop
vertex 121.94884702852707 -73.09591749752916 1.8500000000000045
vertex 122.01923366580772 -73.2276016338296 1.8500000000000045
vertex 124.1554949854237 -73.22760163382854 1.8500000000000056
endloop
endfacet
facet normal -2.220446049250313e-16 0 1
outer loop
vertex 121.94884702852707 -73.09591749752916 1.8500000000000045
vertex 124.1554949854237 -73.22760163382854 1.8500000000000056
vertex 123.90913129449105 -73.09591749753106 1.8500000000000056
endloop
endfacet
facet normal -2.220446049250313e-16 0 1
outer loop
vertex 125.24614276766391 -73.22760163382806 1.8500000000000048
vertex 124.97882258541695 -73.30869232457465 1.8500000000000056
vertex 127.33906021005495 -73.30869232457476 1.8500000000000052
endloop
endfacet
facet normal -2.220446049250313e-16 0 1
outer loop
vertex 125.24614276766391 -73.22760163382806 1.8500000000000048
vertex 127.33906021005495 -73.30869232457476 1.8500000000000052
vertex 127.38240408728018 -73.2276016338296 1.8500000000000052
endloop
endfacet
facet normal -2.220446049250313e-16 0 1
outer loop
vertex 122.01923366580772 -73.2276016338296 1.8500000000000045
vertex 122.06257754303296 -73.30869232457476 1.8500000000000045
vertex 124.42281516767098 -73.30869232457452 1.8500000000000056
endloop
endfacet
facet normal -2.220446049250313e-16 0 1
outer loop
vertex 122.01923366580772 -73.2276016338296 1.8500000000000045
vertex 124.42281516767098 -73.30869232457452 1.8500000000000056
vertex 124.1554949854237 -73.22760163382854 1.8500000000000056
endloop
endfacet
facet normal -2.220446049250313e-16 0 1
outer loop
vertex 124.97882258541695 -73.30869232457465 1.8500000000000056
vertex 124.70081887654396 -73.33607330000014 1.8500000000000056
vertex 127.32442477377697 -73.3360733 1.8500000000000052
endloop
endfacet
facet normal -2.220446049250313e-16 0 1
outer loop
vertex 124.97882258541695 -73.30869232457465 1.8500000000000056
vertex 127.32442477377697 -73.3360733 1.8500000000000052
vertex 127.33906021005495 -73.30869232457476 1.8500000000000052
endloop
endfacet
facet normal -2.220446049250313e-16 0 1
outer loop
vertex 122.06257754303296 -73.30869232457476 1.8500000000000045
vertex 122.07721297931093 -73.3360733 1.8500000000000045
vertex 124.70081887654396 -73.33607330000014 1.8500000000000056
endloop
endfacet
facet normal -2.220446049250313e-16 0 1
outer loop
vertex 122.06257754303296 -73.30869232457476 1.8500000000000045
vertex 124.70081887654396 -73.33607330000014 1.8500000000000056
vertex 124.42281516767098 -73.30869232457452 1.8500000000000056
endloop
endfacet
facet normal -4.231668429302118e-16 -2.26187389911354e-16 1
outer loop
vertex 124.70081887654396 -73.33607330000014 1.8500000000000056
vertex 122.07721297931093 -73.3360733 1.8500000000000045
vertex 122.20641003963632 -73.57778399905881 1.8500000000000045
endloop
endfacet
facet normal -4.231668429302118e-16 -2.26187389911354e-16 1
outer loop
vertex 124.70081887654396 -73.33607330000014 1.8500000000000056
vertex 122.20641003963632 -73.57778399905881 1.8500000000000045
vertex 122.5794985329843 -74.03239364355966 1.8500000000000045
endloop
endfacet
facet normal -4.231668429302118e-16 -2.26187389911354e-16 1
outer loop
vertex 124.70081887654396 -73.33607330000014 1.8500000000000056
vertex 122.5794985329843 -74.03239364355966 1.8500000000000045
vertex 123.03410817748511 -74.40548213690761 1.8500000000000045
endloop
endfacet
facet normal -4.231668429302118e-16 -2.26187389911354e-16 1
outer loop
vertex 124.70081887654396 -73.33607330000014 1.8500000000000056
vertex 123.03410817748511 -74.40548213690761 1.8500000000000045
vertex 123.55276857944874 -74.68271189753388 1.8500000000000045
endloop
endfacet
facet normal -4.231668429302118e-16 -2.26187389911354e-16 1
outer loop
vertex 124.70081887654396 -73.33607330000014 1.8500000000000056
vertex 123.55276857944874 -74.68271189753388 1.8500000000000045
vertex 124.11554791049548 -74.85342914120967 1.8500000000000048
endloop
endfacet
facet normal -4.231668429302118e-16 -2.26187389911354e-16 1
outer loop
vertex 124.70081887654396 -73.33607330000014 1.8500000000000056
vertex 124.11554791049548 -74.85342914120967 1.8500000000000048
vertex 124.70081887654402 -74.9110733 1.8500000000000048
endloop
endfacet
facet normal -4.231668429302118e-16 -2.26187389911354e-16 1
outer loop
vertex 124.70081887654396 -73.33607330000014 1.8500000000000056
vertex 124.70081887654402 -74.9110733 1.8500000000000048
vertex 125.2860898425924 -74.85342914120967 1.8500000000000048
endloop
endfacet
facet normal -4.231668429302118e-16 -2.26187389911354e-16 1
outer loop
vertex 124.70081887654396 -73.33607330000014 1.8500000000000056
vertex 125.2860898425924 -74.85342914120967 1.8500000000000048
vertex 125.84886917363914 -74.68271189753388 1.850000000000005
endloop
endfacet
facet normal -4.231668429302118e-16 -2.26187389911354e-16 1
outer loop
vertex 124.70081887654396 -73.33607330000014 1.8500000000000056
vertex 125.84886917363914 -74.68271189753388 1.850000000000005
vertex 126.36752957560282 -74.40548213690761 1.850000000000005
endloop
endfacet
facet normal -4.231668429302118e-16 -2.26187389911354e-16 1
outer loop
vertex 124.70081887654396 -73.33607330000014 1.8500000000000056
vertex 126.36752957560282 -74.40548213690761 1.850000000000005
vertex 126.82213922010357 -74.03239364355966 1.850000000000005
endloop
endfacet
facet normal -4.231668429302118e-16 -2.26187389911354e-16 1
outer loop
vertex 124.70081887654396 -73.33607330000014 1.8500000000000056
vertex 126.82213922010357 -74.03239364355966 1.850000000000005
vertex 127.19522771345157 -73.57778399905881 1.850000000000005
endloop
endfacet
facet normal -4.231668429302118e-16 -2.26187389911354e-16 1
outer loop
vertex 124.70081887654396 -73.33607330000014 1.8500000000000056
vertex 127.19522771345157 -73.57778399905881 1.850000000000005
vertex 127.32442477377697 -73.3360733 1.8500000000000052
endloop
endfacet
facet normal 0 0 1
outer loop
vertex 119.7156241104955 -85.38945645879029 1.850000000000004
vertex 119.15284477944876 -85.56017370246612 1.850000000000004
vertex 118.63418437748518 -85.83740346309234 1.850000000000004
endloop
endfacet
facet normal 0 0 1
outer loop
vertex 119.7156241104955 -85.38945645879029 1.850000000000004
vertex 118.63418437748518 -85.83740346309234 1.850000000000004
vertex 118.17957473298432 -86.21049195644032 1.8500000000000039
endloop
endfacet
facet normal 0 0 1
outer loop
vertex 119.7156241104955 -85.38945645879029 1.850000000000004
vertex 118.17957473298432 -86.21049195644032 1.8500000000000039
vertex 117.80648623963629 -86.66510160094117 1.8500000000000039
endloop
endfacet
facet normal 0 0 1
outer loop
vertex 119.7156241104955 -85.38945645879029 1.850000000000004
vertex 117.80648623963629 -86.66510160094117 1.8500000000000039
vertex 117.67728917931089 -86.90681230000003 1.8500000000000039
endloop
endfacet
facet normal 0 0 1
outer loop
vertex 119.7156241104955 -85.38945645879029 1.850000000000004
vertex 117.67728917931089 -86.90681230000003 1.8500000000000039
vertex 120.30089507654395 -86.90681230000014 1.8500000000000052
endloop
endfacet
facet normal 0 0 1
outer loop
vertex 119.7156241104955 -85.38945645879029 1.850000000000004
vertex 120.30089507654395 -86.90681230000014 1.8500000000000052
vertex 122.92450097377699 -86.90681230000003 1.8500000000000045
endloop
endfacet
facet normal 0 0 1
outer loop
vertex 119.7156241104955 -85.38945645879029 1.850000000000004
vertex 122.92450097377699 -86.90681230000003 1.8500000000000045
vertex 122.79530391345159 -86.66510160094117 1.8500000000000045
endloop
endfacet
facet normal 0 0 1
outer loop
vertex 119.7156241104955 -85.38945645879029 1.850000000000004
vertex 122.79530391345159 -86.66510160094117 1.8500000000000045
vertex 122.42221542010357 -86.21049195644032 1.8500000000000045
endloop
endfacet
facet normal 0 0 1
outer loop
vertex 119.7156241104955 -85.38945645879029 1.850000000000004
vertex 122.42221542010357 -86.21049195644032 1.8500000000000045
vertex 121.96760577560275 -85.83740346309234 1.8500000000000045
endloop
endfacet
facet normal 0 0 1
outer loop
vertex 119.7156241104955 -85.38945645879029 1.850000000000004
vertex 121.96760577560275 -85.83740346309234 1.8500000000000045
vertex 121.44894537363922 -85.56017370246612 1.8500000000000043
endloop
endfacet
facet normal 0 0 1
outer loop
vertex 119.7156241104955 -85.38945645879029 1.850000000000004
vertex 121.44894537363922 -85.56017370246612 1.8500000000000043
vertex 120.88616604259232 -85.38945645879029 1.8500000000000043
endloop
endfacet
facet normal 0 0 1
outer loop
vertex 119.7156241104955 -85.38945645879029 1.850000000000004
vertex 120.88616604259232 -85.38945645879029 1.8500000000000043
vertex 120.30089507654395 -85.33181229999998 1.8500000000000043
endloop
endfacet
facet normal -2.220446049250313e-16 0 1
outer loop
vertex 120.30089507654395 -86.90681230000014 1.8500000000000052
vertex 120.57889878541692 -86.93419327542533 1.8500000000000052
vertex 122.93913641005511 -86.93419327542554 1.8500000000000045
endloop
endfacet
facet normal -2.220446049250313e-16 0 1
outer loop
vertex 120.30089507654395 -86.90681230000014 1.8500000000000052
vertex 122.93913641005511 -86.93419327542554 1.8500000000000045
vertex 122.92450097377699 -86.90681230000003 1.8500000000000045
endloop
endfacet
facet normal -2.220446049250313e-16 0 1
outer loop
vertex 117.67728917931089 -86.90681230000003 1.8500000000000039
vertex 117.66265374303276 -86.93419327542554 1.8500000000000039
vertex 120.02289136767098 -86.93419327542546 1.850000000000005
endloop
endfacet
facet normal -2.220446049250313e-16 0 1
outer loop
vertex 117.67728917931089 -86.90681230000003 1.8500000000000039
vertex 120.02289136767098 -86.93419327542546 1.850000000000005
vertex 120.30089507654395 -86.90681230000014 1.8500000000000052
endloop
endfacet
facet normal -2.220446049250313e-16 0 1
outer loop
vertex 120.57889878541692 -86.93419327542533 1.8500000000000052
vertex 120.84621896766424 -87.01528396617127 1.8500000000000043
vertex 122.98248028728034 -87.0152839661707 1.8500000000000045
endloop
endfacet
facet normal -2.220446049250313e-16 0 1
outer loop
vertex 120.57889878541692 -86.93419327542533 1.8500000000000052
vertex 122.98248028728034 -87.0152839661707 1.8500000000000045
vertex 122.93913641005511 -86.93419327542554 1.8500000000000045
endloop
endfacet
facet normal -2.220446049250313e-16 0 1
outer loop
vertex 117.66265374303276 -86.93419327542554 1.8500000000000039
vertex 117.61930986580754 -87.0152839661707 1.8500000000000039
vertex 119.75557118542395 -87.01528396617192 1.850000000000005
endloop
endfacet
facet normal -2.220446049250313e-16 0 1
outer loop
vertex 117.66265374303276 -86.93419327542554 1.8500000000000039
vertex 119.75557118542395 -87.01528396617192 1.850000000000005
vertex 120.02289136767098 -86.93419327542546 1.850000000000005
endloop
endfacet
facet normal -2.220446049250313e-16 0 1
outer loop
vertex 120.84621896766424 -87.01528396617127 1.8500000000000043
vertex 121.09258265859688 -87.14696810246888 1.8500000000000052
vertex 123.05286692456173 -87.14696810247254 1.8500000000000045
endloop
endfacet
facet normal -2.220446049250313e-16 0 1
outer loop
vertex 120.84621896766424 -87.01528396617127 1.8500000000000043
vertex 123.05286692456173 -87.14696810247254 1.8500000000000045
vertex 122.98248028728034 -87.0152839661707 1.8500000000000045
endloop
endfacet
facet normal -2.220446049250313e-16 0 1
outer loop
vertex 117.61930986580754 -87.0152839661707 1.8500000000000039
vertex 117.54892322852615 -87.14696810247254 1.8500000000000039
vertex 119.50920749449052 -87.14696810246826 1.850000000000004
endloop
endfacet
facet normal -2.220446049250313e-16 0 1
outer loop
vertex 117.61930986580754 -87.0152839661707 1.8500000000000039
vertex 119.50920749449052 -87.14696810246826 1.850000000000004
vertex 119.75557118542395 -87.01528396617192 1.850000000000005
endloop
endfacet
facet normal -2.220446049250313e-16 0 1
outer loop
vertex 121.09258265859688 -87.14696810246888 1.8500000000000052
vertex 121.30852223973491 -87.32418513680902 1.8500000000000043
vertex 123.11513056604804 -87.32418513680446 1.8500000000000045
endloop
endfacet
facet normal -2.220446049250313e-16 0 1
outer loop
vertex 121.09258265859688 -87.14696810246888 1.8500000000000052
vertex 123.11513056604804 -87.32418513680446 1.8500000000000045
vertex 123.07253367407779 -87.18376200290471 1.8500000000000045
endloop
endfacet
facet normal -2.220446049250313e-16 0 1
outer loop
vertex 121.09258265859688 -87.14696810246888 1.8500000000000052
vertex 123.07253367407779 -87.18376200290471 1.8500000000000045
vertex 123.05286692456173 -87.14696810247254 1.8500000000000045
endloop
endfacet
facet normal -2.220446049250313e-16 0 1
outer loop
vertex 117.54892322852615 -87.14696810247254 1.8500000000000039
vertex 117.5292564790101 -87.18376200290471 1.8500000000000039
vertex 117.48665958703987 -87.32418513680446 1.8500000000000039
endloop
endfacet
facet normal -2.220446049250313e-16 0 1
outer loop
vertex 117.54892322852615 -87.14696810247254 1.8500000000000039
vertex 117.48665958703987 -87.32418513680446 1.8500000000000039
vertex 119.2932679133535 -87.32418513680949 1.850000000000005
endloop
endfacet
facet normal -2.220446049250313e-16 0 1
outer loop
vertex 117.54892322852615 -87.14696810247254 1.8500000000000039
vertex 119.2932679133535 -87.32418513680949 1.850000000000005
vertex 119.50920749449052 -87.14696810246826 1.850000000000004
endloop
endfacet
facet normal -2.220446049250313e-16 0 1
outer loop
vertex 121.30852223973491 -87.32418513680902 1.8500000000000043
vertex 121.48573927407526 -87.54012471794692 1.8500000000000052
vertex 123.18063512184816 -87.54012471795023 1.8500000000000045
endloop
endfacet
facet normal -2.220446049250313e-16 0 1
outer loop
vertex 121.30852223973491 -87.32418513680902 1.8500000000000043
vertex 123.18063512184816 -87.54012471795023 1.8500000000000045
vertex 123.11513056604804 -87.32418513680446 1.8500000000000045
endloop
endfacet
facet normal -2.220446049250313e-16 0 1
outer loop
vertex 117.48665958703987 -87.32418513680446 1.8500000000000039
vertex 117.42115503123975 -87.54012471795023 1.8500000000000039
vertex 119.11605087901262 -87.54012471794695 1.850000000000004
endloop
endfacet
facet normal -2.220446049250313e-16 0 1
outer loop
vertex 117.48665958703987 -87.32418513680446 1.8500000000000039
vertex 119.11605087901262 -87.54012471794695 1.850000000000004
vertex 119.2932679133535 -87.32418513680949 1.850000000000005
endloop
endfacet
facet normal -2.220446049250313e-16 0 1
outer loop
vertex 121.48573927407526 -87.54012471794692 1.8500000000000052
vertex 121.61742341037227 -87.7864884088799 1.8500000000000043
vertex 123.24718536122325 -87.78648840887894 1.8500000000000045
endloop
endfacet
facet normal -2.220446049250313e-16 0 1
outer loop
vertex 121.48573927407526 -87.54012471794692 1.8500000000000052
vertex 123.24718536122325 -87.78648840887894 1.8500000000000045
vertex 123.24325091775366 -87.74654133395171 1.8500000000000045
endloop
endfacet
facet normal -2.220446049250313e-16 0 1
outer loop
vertex 121.48573927407526 -87.54012471794692 1.8500000000000052
vertex 123.24325091775366 -87.74654133395171 1.8500000000000045
vertex 123.18063512184816 -87.54012471795023 1.8500000000000045
endloop
endfacet
facet normal -2.220446049250313e-16 0 1
outer loop
vertex 117.42115503123975 -87.54012471795023 1.8500000000000039
vertex 117.35853923533426 -87.74654133395171 1.8500000000000039
vertex 117.35460479186466 -87.78648840887894 1.8500000000000039
endloop
endfacet
facet normal -2.220446049250313e-16 0 1
outer loop
vertex 117.42115503123975 -87.54012471795023 1.8500000000000039
vertex 117.35460479186466 -87.78648840887894 1.8500000000000039
vertex 118.9843667427153 -87.78648840887973 1.850000000000004
endloop
endfacet
facet normal -2.220446049250313e-16 0 1
outer loop
vertex 117.42115503123975 -87.54012471795023 1.8500000000000039
vertex 118.9843667427153 -87.78648840887973 1.850000000000004
vertex 119.11605087901262 -87.54012471794695 1.850000000000004
endloop
endfacet
facet normal -2.220446049250313e-16 0 1
outer loop
vertex 121.61742341037227 -87.7864884088799 1.8500000000000043
vertex 121.69851410111852 -88.05380859112702 1.8500000000000052
vertex 123.27351410111856 -88.0538085911271 1.8500000000000045
endloop
endfacet
facet normal -2.220446049250313e-16 0 1
outer loop
vertex 121.61742341037227 -87.7864884088799 1.8500000000000043
vertex 123.27351410111856 -88.0538085911271 1.8500000000000045
vertex 123.24718536122325 -87.78648840887894 1.8500000000000045
endloop
endfacet
facet normal -2.220446049250313e-16 0 1
outer loop
vertex 117.35460479186466 -87.78648840887894 1.8500000000000039
vertex 117.32827605196934 -88.0538085911271 1.8500000000000039
vertex 118.90327605196926 -88.05380859112701 1.850000000000004
endloop
endfacet
facet normal -2.220446049250313e-16 0 1
outer loop
vertex 117.35460479186466 -87.78648840887894 1.8500000000000039
vertex 118.90327605196926 -88.05380859112701 1.850000000000004
vertex 118.9843667427153 -87.78648840887973 1.850000000000004
endloop
endfacet
facet normal -2.220446049250313e-16 0 1
outer loop
vertex 121.69851410111852 -88.05380859112702 1.8500000000000052
vertex 121.7258950765441 -88.3318123 1.8500000000000043
vertex 123.30089507654395 -88.33181229999995 1.8500000000000045
endloop
endfacet
facet normal -2.220446049250313e-16 0 1
outer loop
vertex 121.69851410111852 -88.05380859112702 1.8500000000000052
vertex 123.30089507654395 -88.33181229999995 1.8500000000000045
vertex 123.27351410111856 -88.0538085911271 1.8500000000000045
endloop
endfacet
facet normal -2.220446049250313e-16 0 1
outer loop
vertex 117.32827605196934 -88.0538085911271 1.8500000000000039
vertex 117.30089507654395 -88.33181229999995 1.8500000000000039
vertex 118.87589507654394 -88.33181230000002 1.850000000000004
endloop
endfacet
facet normal -2.220446049250313e-16 0 1
outer loop
vertex 117.32827605196934 -88.0538085911271 1.8500000000000039
vertex 118.87589507654394 -88.33181230000002 1.850000000000004
vertex 118.90327605196926 -88.05380859112701 1.850000000000004
endloop
endfacet
facet normal -2.220446049250313e-16 0 1
outer loop
vertex 121.7258950765441 -88.3318123 1.8500000000000043
vertex 121.69851410111846 -88.60981600887297 1.8500000000000043
vertex 123.27351410111855 -88.60981600887301 1.8500000000000045
endloop
endfacet
facet normal -2.220446049250313e-16 0 1
outer loop
vertex 121.7258950765441 -88.3318123 1.8500000000000043
vertex 123.27351410111855 -88.60981600887301 1.8500000000000045
vertex 123.30089507654395 -88.33181229999995 1.8500000000000045
endloop
endfacet
facet normal -2.220446049250313e-16 0 1
outer loop
vertex 117.30089507654395 -88.33181229999995 1.8500000000000039
vertex 117.32827605196935 -88.60981600887301 1.8500000000000039
vertex 118.90327605196933 -88.609816008873 1.850000000000004
endloop
endfacet
facet normal -2.220446049250313e-16 0 1
outer loop
vertex 117.30089507654395 -88.33181229999995 1.8500000000000039
vertex 118.90327605196933 -88.609816008873 1.850000000000004
vertex 118.87589507654394 -88.33181230000002 1.850000000000004
endloop
endfacet
facet normal -2.220446049250313e-16 0 1
outer loop
vertex 121.69851410111846 -88.60981600887297 1.8500000000000043
vertex 121.61742341037245 -88.87713619112023 1.8500000000000043
vertex 123.24718536122315 -88.87713619112206 1.8500000000000045
endloop
endfacet
facet normal -2.220446049250313e-16 0 1
outer loop
vertex 121.69851410111846 -88.60981600887297 1.8500000000000043
vertex 123.24718536122315 -88.87713619112206 1.8500000000000045
vertex 123.27351410111855 -88.60981600887301 1.8500000000000045
endloop
endfacet
facet normal -2.220446049250313e-16 0 1
outer loop
vertex 117.32827605196935 -88.60981600887301 1.8500000000000039
vertex 117.35460479186476 -88.87713619112206 1.8500000000000039
vertex 118.98436674271508 -88.8771361911204 1.850000000000004
endloop
endfacet
facet normal -2.220446049250313e-16 0 1
outer loop
vertex 117.32827605196935 -88.60981600887301 1.8500000000000039
vertex 118.98436674271508 -88.8771361911204 1.850000000000004
vertex 118.90327605196933 -88.609816008873 1.850000000000004
endloop
endfacet
facet normal -2.220446049250313e-16 0 1
outer loop
vertex 121.61742341037245 -88.87713619112023 1.8500000000000043
vertex 121.48573927407534 -89.12349988205307 1.8500000000000052
vertex 123.18063512184847 -89.12349988204883 1.8500000000000045
endloop
endfacet
facet normal -2.220446049250313e-16 0 1
outer loop
vertex 121.61742341037245 -88.87713619112023 1.8500000000000043
vertex 123.18063512184847 -89.12349988204883 1.8500000000000045
vertex 123.24325091775364 -88.91708326604841 1.8500000000000045
endloop
endfacet
facet normal -2.220446049250313e-16 0 1
outer loop
vertex 121.61742341037245 -88.87713619112023 1.8500000000000043
vertex 123.24325091775364 -88.91708326604841 1.8500000000000045
vertex 123.24718536122315 -88.87713619112206 1.8500000000000045
endloop
endfacet
facet normal -2.220446049250313e-16 0 1
outer loop
vertex 117.35460479186476 -88.87713619112206 1.8500000000000039
vertex 117.35853923533426 -88.91708326604841 1.8500000000000039
vertex 117.42115503123945 -89.12349988204883 1.8500000000000039
endloop
endfacet
facet normal -2.220446049250313e-16 0 1
outer loop
vertex 117.35460479186476 -88.87713619112206 1.8500000000000039
vertex 117.42115503123945 -89.12349988204883 1.8500000000000039
vertex 119.11605087901296 -89.12349988205281 1.850000000000005
endloop
endfacet
facet normal -2.220446049250313e-16 0 1
outer loop
vertex 117.35460479186476 -88.87713619112206 1.8500000000000039
vertex 119.11605087901296 -89.12349988205281 1.850000000000005
vertex 118.98436674271508 -88.8771361911204 1.850000000000004
endloop
endfacet
facet normal -2.220446049250313e-16 0 1
outer loop
vertex 121.48573927407534 -89.12349988205307 1.8500000000000052
vertex 121.30852223973429 -89.33943946319042 1.8500000000000052
vertex 123.11513056604949 -89.3394394631908 1.8500000000000045
endloop
endfacet
facet normal -2.220446049250313e-16 0 1
outer loop
vertex 121.48573927407534 -89.12349988205307 1.8500000000000052
vertex 123.11513056604949 -89.3394394631908 1.8500000000000045
vertex 123.18063512184847 -89.12349988204883 1.8500000000000045
endloop
endfacet
facet normal -2.220446049250313e-16 0 1
outer loop
vertex 117.42115503123945 -89.12349988204883 1.8500000000000039
vertex 117.48665958703842 -89.3394394631908 1.8500000000000039
vertex 119.29326791335308 -89.33943946319089 1.850000000000004
endloop
endfacet
facet normal -2.220446049250313e-16 0 1
outer loop
vertex 117.42115503123945 -89.12349988204883 1.8500000000000039
vertex 119.29326791335308 -89.33943946319089 1.850000000000004
vertex 119.11605087901296 -89.12349988205281 1.850000000000005
endloop
endfacet
facet normal -2.220446049250313e-16 0 1
outer loop
vertex 121.30852223973429 -89.33943946319042 1.8500000000000052
vertex 121.09258265859654 -89.51665649753072 1.8500000000000052
vertex 123.05286692455908 -89.51665649753247 1.8500000000000045
endloop
endfacet
facet normal -2.220446049250313e-16 0 1
outer loop
vertex 121.30852223973429 -89.33943946319042 1.8500000000000052
vertex 123.05286692455908 -89.51665649753247 1.8500000000000045
vertex 123.07253367407782 -89.4798625970953 1.8500000000000045
endloop
endfacet
facet normal -2.220446049250313e-16 0 1
outer loop
vertex 121.30852223973429 -89.33943946319042 1.8500000000000052
vertex 123.07253367407782 -89.4798625970953 1.8500000000000045
vertex 123.11513056604949 -89.3394394631908 1.8500000000000045
endloop
endfacet
facet normal -2.220446049250313e-16 0 1
outer loop
vertex 117.48665958703842 -89.3394394631908 1.8500000000000039
vertex 117.52925647901012 -89.4798625970953 1.8500000000000039
vertex 117.54892322852884 -89.51665649753247 1.8500000000000039
endloop
endfacet
facet normal -2.220446049250313e-16 0 1
outer loop
vertex 117.48665958703842 -89.3394394631908 1.8500000000000039
vertex 117.54892322852884 -89.51665649753247 1.8500000000000039
vertex 119.509207494491 -89.51665649753116 1.850000000000005
endloop
endfacet
facet normal -2.220446049250313e-16 0 1
outer loop
vertex 117.48665958703842 -89.3394394631908 1.8500000000000039
vertex 119.509207494491 -89.51665649753116 1.850000000000005
vertex 119.29326791335308 -89.33943946319089 1.850000000000004
endloop
endfacet
facet normal -2.220446049250313e-16 0 1
outer loop
vertex 121.09258265859654 -89.51665649753072 1.8500000000000052
vertex 120.84621896766421 -89.64834063382861 1.8500000000000043
vertex 122.98248028728004 -89.64834063382987 1.8500000000000045
endloop
endfacet
facet normal -2.220446049250313e-16 0 1
outer loop
vertex 121.09258265859654 -89.51665649753072 1.8500000000000052
vertex 122.98248028728004 -89.64834063382987 1.8500000000000045
vertex 123.05286692455908 -89.51665649753247 1.8500000000000045
endloop
endfacet
facet normal -2.220446049250313e-16 0 1
outer loop
vertex 117.54892322852884 -89.51665649753247 1.8500000000000039
vertex 117.61930986580785 -89.64834063382987 1.8500000000000039
vertex 119.7555711854237 -89.64834063382854 1.850000000000004
endloop
endfacet
facet normal -2.220446049250313e-16 0 1
outer loop
vertex 117.54892322852884 -89.51665649753247 1.8500000000000039
vertex 119.7555711854237 -89.64834063382854 1.850000000000004
vertex 119.509207494491 -89.51665649753116 1.850000000000005
endloop
endfacet
facet normal -2.220446049250313e-16 0 1
outer loop
vertex 120.84621896766421 -89.64834063382861 1.8500000000000043
vertex 120.57889878541708 -89.72943132457513 1.8500000000000043
vertex 122.93913641005508 -89.72943132457452 1.8500000000000045
endloop
endfacet
facet normal -2.220446049250313e-16 0 1
outer loop
vertex 120.84621896766421 -89.64834063382861 1.8500000000000043
vertex 122.93913641005508 -89.72943132457452 1.8500000000000045
vertex 122.98248028728004 -89.64834063382987 1.8500000000000045
endloop
endfacet
facet normal -2.220446049250313e-16 0 1
outer loop
vertex 117.61930986580785 -89.64834063382987 1.8500000000000039
vertex 117.66265374303282 -89.72943132457452 1.8500000000000039
vertex 120.022891367671 -89.7294313245744 1.850000000000005
endloop
endfacet
facet normal -2.220446049250313e-16 0 1
outer loop
vertex 117.61930986580785 -89.64834063382987 1.8500000000000039
vertex 120.022891367671 -89.7294313245744 1.850000000000005
vertex 119.7555711854237 -89.64834063382854 1.850000000000004
endloop
endfacet
facet normal -2.220446049250313e-16 0 1
outer loop
vertex 120.57889878541708 -89.72943132457513 1.8500000000000043
vertex 120.30089507654395 -89.75681230000012 1.8500000000000052
vertex 122.92450097377699 -89.75681229999995 1.8500000000000045
endloop
endfacet
facet normal -2.220446049250313e-16 0 1
outer loop
vertex 120.57889878541708 -89.72943132457513 1.8500000000000043
vertex 122.92450097377699 -89.75681229999995 1.8500000000000045
vertex 122.93913641005508 -89.72943132457452 1.8500000000000045
endloop
endfacet
facet normal -2.220446049250313e-16 0 1
outer loop
vertex 117.66265374303282 -89.72943132457452 1.8500000000000039
vertex 117.67728917931089 -89.75681229999995 1.8500000000000039
vertex 120.30089507654395 -89.75681230000012 1.8500000000000052
endloop
endfacet
facet normal -2.220446049250313e-16 0 1
outer loop
vertex 117.66265374303282 -89.72943132457452 1.8500000000000039
vertex 120.30089507654395 -89.75681230000012 1.8500000000000052
vertex 120.022891367671 -89.7294313245744 1.850000000000005
endloop
endfacet
facet normal -5.078002115162516e-16 -2.7142486789362753e-16 1
outer loop
vertex 120.30089507654395 -89.75681230000012 1.8500000000000052
vertex 117.67728917931089 -89.75681229999995 1.8500000000000039
vertex 117.80648623963626 -89.99852299905871 1.8500000000000039
endloop
endfacet
facet normal -5.078002115162516e-16 -2.7142486789362753e-16 1
outer loop
vertex 120.30089507654395 -89.75681230000012 1.8500000000000052
vertex 117.80648623963626 -89.99852299905871 1.8500000000000039
vertex 118.17957473298438 -90.4531326435597 1.8500000000000039
endloop
endfacet
facet normal -5.078002115162516e-16 -2.7142486789362753e-16 1
outer loop
vertex 120.30089507654395 -89.75681230000012 1.8500000000000052
vertex 118.17957473298438 -90.4531326435597 1.8500000000000039
vertex 118.63418437748516 -90.82622113690765 1.850000000000004
endloop
endfacet
facet normal -5.078002115162516e-16 -2.7142486789362753e-16 1
outer loop
vertex 120.30089507654395 -89.75681230000012 1.8500000000000052
vertex 118.63418437748516 -90.82622113690765 1.850000000000004
vertex 119.1528447794486 -91.10345089753383 1.850000000000004
endloop
endfacet
facet normal -5.078002115162516e-16 -2.7142486789362753e-16 1
outer loop
vertex 120.30089507654395 -89.75681230000012 1.8500000000000052
vertex 119.1528447794486 -91.10345089753383 1.850000000000004
vertex 119.71562411049561 -91.27416814120969 1.850000000000004
endloop
endfacet
facet normal -5.078002115162516e-16 -2.7142486789362753e-16 1
outer loop
vertex 120.30089507654395 -89.75681230000012 1.8500000000000052
vertex 119.71562411049561 -91.27416814120969 1.850000000000004
vertex 120.30089507654394 -91.3318123 1.8500000000000043
endloop
endfacet
facet normal -5.078002115162516e-16 -2.7142486789362753e-16 1
outer loop
vertex 120.30089507654395 -89.75681230000012 1.8500000000000052
vertex 120.30089507654394 -91.3318123 1.8500000000000043
vertex 120.88616604259232 -91.27416814120969 1.8500000000000043
endloop
endfacet
facet normal -5.078002115162516e-16 -2.7142486789362753e-16 1
outer loop
vertex 120.30089507654395 -89.75681230000012 1.8500000000000052
vertex 120.88616604259232 -91.27416814120969 1.8500000000000043
vertex 121.44894537363913 -91.10345089753383 1.8500000000000043
endloop
endfacet
facet normal -5.078002115162516e-16 -2.7142486789362753e-16 1
outer loop
vertex 120.30089507654395 -89.75681230000012 1.8500000000000052
vertex 121.44894537363913 -91.10345089753383 1.8500000000000043
vertex 121.9676057756028 -90.82622113690765 1.8500000000000045
endloop
endfacet
facet normal -5.078002115162516e-16 -2.7142486789362753e-16 1
outer loop
vertex 120.30089507654395 -89.75681230000012 1.8500000000000052
vertex 121.9676057756028 -90.82622113690765 1.8500000000000045
vertex 122.42221542010358 -90.4531326435597 1.8500000000000045
endloop
endfacet
facet normal -5.078002115162516e-16 -2.7142486789362753e-16 1
outer loop
vertex 120.30089507654395 -89.75681230000012 1.8500000000000052
vertex 122.42221542010358 -90.4531326435597 1.8500000000000045
vertex 122.79530391345162 -89.99852299905871 1.8500000000000045
endloop
endfacet
facet normal -5.078002115162516e-16 -2.7142486789362753e-16 1
outer loop
vertex 120.30089507654395 -89.75681230000012 1.8500000000000052
vertex 122.79530391345162 -89.99852299905871 1.8500000000000045
vertex 122.92450097377699 -89.75681229999995 1.8500000000000045
endloop
endfacet
endsolid csg.js
